type,entity,text
batting,A Ashish Reddy,"IPL batting stats for A Ashish Reddy: 280 total runs, 193 balls faced, 15 dismissals, strike rate 145.08, batting average 18.67."
batting,A Badoni,"IPL batting stats for A Badoni: 1178 total runs, 836 balls faced, 46 dismissals, strike rate 140.91, batting average 25.61."
batting,A Chandila,"IPL batting stats for A Chandila: 4 total runs, 7 balls faced, 0 dismissals, strike rate 57.14, batting average Not available."
batting,A Chopra,"IPL batting stats for A Chopra: 53 total runs, 71 balls faced, 6 dismissals, strike rate 74.65, batting average 8.83."
batting,A Choudhary,"IPL batting stats for A Choudhary: 25 total runs, 20 balls faced, 1 dismissals, strike rate 125.00, batting average 25.00."
batting,A Dananjaya,"IPL batting stats for A Dananjaya: 4 total runs, 5 balls faced, 0 dismissals, strike rate 80.00, batting average Not available."
batting,A Flintoff,"IPL batting stats for A Flintoff: 62 total runs, 53 balls faced, 2 dismissals, strike rate 116.98, batting average 31.00."
batting,A Kamboj,"IPL batting stats for A Kamboj: 74 total runs, 52 balls faced, 3 dismissals, strike rate 142.31, batting average 24.67."
batting,A Kumble,"IPL batting stats for A Kumble: 35 total runs, 47 balls faced, 3 dismissals, strike rate 74.47, batting average 11.67."
batting,A Manohar,"IPL batting stats for A Manohar: 292 total runs, 235 balls faced, 19 dismissals, strike rate 124.26, batting average 15.37."
batting,A Mhatre,"IPL batting stats for A Mhatre: 441 total runs, 240 balls faced, 13 dismissals, strike rate 183.75, batting average 33.92."
batting,A Mishra,"IPL batting stats for A Mishra: 381 total runs, 419 balls faced, 32 dismissals, strike rate 90.93, batting average 11.91."
batting,A Mithun,"IPL batting stats for A Mithun: 34 total runs, 26 balls faced, 5 dismissals, strike rate 130.77, batting average 6.80."
batting,A Mukund,"IPL batting stats for A Mukund: 19 total runs, 22 balls faced, 2 dismissals, strike rate 86.36, batting average 9.50."
batting,A Nehra,"IPL batting stats for A Nehra: 41 total runs, 62 balls faced, 7 dismissals, strike rate 66.13, batting average 5.86."
batting,A Nortje,"IPL batting stats for A Nortje: 49 total runs, 50 balls faced, 7 dismissals, strike rate 98.00, batting average 7.00."
batting,A Raghuvanshi,"IPL batting stats for A Raghuvanshi: 885 total runs, 608 balls faced, 26 dismissals, strike rate 145.56, batting average 34.04."
batting,A Singh,"IPL batting stats for A Singh: 2 total runs, 10 balls faced, 4 dismissals, strike rate 20.00, batting average 0.50."
batting,A Symonds,"IPL batting stats for A Symonds: 974 total runs, 750 balls faced, 27 dismissals, strike rate 129.87, batting average 36.07."
batting,A Tomar,"IPL batting stats for A Tomar: 4 total runs, 8 balls faced, 1 dismissals, strike rate 50.00, batting average 4.00."
batting,A Uniyal,"IPL batting stats for A Uniyal: 4 total runs, 7 balls faced, 1 dismissals, strike rate 57.14, batting average 4.00."
batting,A Zampa,"IPL batting stats for A Zampa: 15 total runs, 24 balls faced, 5 dismissals, strike rate 62.50, batting average 3.00."
batting,AA Bilakhia,"IPL batting stats for AA Bilakhia: 69 total runs, 85 balls faced, 5 dismissals, strike rate 81.18, batting average 13.80."
batting,AA Chavan,"IPL batting stats for AA Chavan: 12 total runs, 11 balls faced, 2 dismissals, strike rate 109.09, batting average 6.00."
batting,AA Jhunjhunwala,"IPL batting stats for AA Jhunjhunwala: 217 total runs, 210 balls faced, 13 dismissals, strike rate 103.33, batting average 16.69."
batting,AA Kulkarni,"IPL batting stats for AA Kulkarni: 26 total runs, 33 balls faced, 4 dismissals, strike rate 78.79, batting average 6.50."
batting,AA Noffke,"IPL batting stats for AA Noffke: 9 total runs, 10 balls faced, 1 dismissals, strike rate 90.00, batting average 9.00."
batting,AB Agarkar,"IPL batting stats for AB Agarkar: 179 total runs, 154 balls faced, 10 dismissals, strike rate 116.23, batting average 17.90."
batting,AB Barath,"IPL batting stats for AB Barath: 42 total runs, 42 balls faced, 2 dismissals, strike rate 100.00, batting average 21.00."
batting,AB Dinda,"IPL batting stats for AB Dinda: 26 total runs, 48 balls faced, 10 dismissals, strike rate 54.17, batting average 2.60."
batting,AB McDonald,"IPL batting stats for AB McDonald: 123 total runs, 100 balls faced, 5 dismissals, strike rate 123.00, batting average 24.60."
batting,AB de Villiers,"IPL batting stats for AB de Villiers: 5162 total runs, 3403 balls faced, 130 dismissals, strike rate 151.69, batting average 39.71."
batting,AC Blizzard,"IPL batting stats for AC Blizzard: 120 total runs, 90 balls faced, 7 dismissals, strike rate 133.33, batting average 17.14."
batting,AC Gilchrist,"IPL batting stats for AC Gilchrist: 2069 total runs, 1495 balls faced, 76 dismissals, strike rate 138.39, batting average 27.22."
batting,AC Thomas,"IPL batting stats for AC Thomas: 20 total runs, 19 balls faced, 2 dismissals, strike rate 105.26, batting average 10.00."
batting,AC Voges,"IPL batting stats for AC Voges: 181 total runs, 143 balls faced, 4 dismissals, strike rate 126.57, batting average 45.25."
batting,AD Hales,"IPL batting stats for AD Hales: 148 total runs, 118 balls faced, 6 dismissals, strike rate 125.42, batting average 24.67."
batting,AD Mascarenhas,"IPL batting stats for AD Mascarenhas: 79 total runs, 78 balls faced, 9 dismissals, strike rate 101.28, batting average 8.78."
batting,AD Mathews,"IPL batting stats for AD Mathews: 724 total runs, 575 balls faced, 31 dismissals, strike rate 125.91, batting average 23.35."
batting,AD Nath,"IPL batting stats for AD Nath: 90 total runs, 98 balls faced, 10 dismissals, strike rate 91.84, batting average 9.00."
batting,AD Russell,"IPL batting stats for AD Russell: 2651 total runs, 1522 balls faced, 94 dismissals, strike rate 174.18, batting average 28.20."
batting,AF Milne,"IPL batting stats for AF Milne: 25 total runs, 31 balls faced, 4 dismissals, strike rate 80.65, batting average 6.25."
batting,AG Murtaza,"IPL batting stats for AG Murtaza: 10 total runs, 14 balls faced, 1 dismissals, strike rate 71.43, batting average 10.00."
batting,AG Paunikar,"IPL batting stats for AG Paunikar: 49 total runs, 58 balls faced, 5 dismissals, strike rate 84.48, batting average 9.80."
batting,AJ Finch,"IPL batting stats for AJ Finch: 2091 total runs, 1631 balls faced, 84 dismissals, strike rate 128.20, batting average 24.89."
batting,AJ Hosein,"IPL batting stats for AJ Hosein: 21 total runs, 13 balls faced, 0 dismissals, strike rate 161.54, batting average Not available."
batting,AJ Turner,"IPL batting stats for AJ Turner: 24 total runs, 28 balls faced, 5 dismissals, strike rate 85.71, batting average 4.80."
batting,AJ Tye,"IPL batting stats for AJ Tye: 91 total runs, 76 balls faced, 9 dismissals, strike rate 119.74, batting average 10.11."
batting,AK Markram,"IPL batting stats for AK Markram: 1671 total runs, 1233 balls faced, 55 dismissals, strike rate 135.52, batting average 30.38."
batting,AL Menaria,"IPL batting stats for AL Menaria: 401 total runs, 356 balls faced, 21 dismissals, strike rate 112.64, batting average 19.10."
batting,AM Ghazanfar,"IPL batting stats for AM Ghazanfar: 2 total runs, 3 balls faced, 0 dismissals, strike rate 66.67, batting average Not available."
batting,AM Nayar,"IPL batting stats for AM Nayar: 672 total runs, 577 balls faced, 38 dismissals, strike rate 116.46, batting average 17.68."
batting,AM Rahane,"IPL batting stats for AM Rahane: 5367 total runs, 4273 balls faced, 178 dismissals, strike rate 125.60, batting average 30.15."
batting,AN Ahmed,"IPL batting stats for AN Ahmed: 36 total runs, 26 balls faced, 1 dismissals, strike rate 138.46, batting average 36.00."
batting,AN Ghosh,"IPL batting stats for AN Ghosh: 7 total runs, 8 balls faced, 2 dismissals, strike rate 87.50, batting average 3.50."
batting,AP Dole,"IPL batting stats for AP Dole: 34 total runs, 22 balls faced, 2 dismissals, strike rate 154.55, batting average 17.00."
batting,AP Majumdar,"IPL batting stats for AP Majumdar: 87 total runs, 76 balls faced, 4 dismissals, strike rate 114.47, batting average 21.75."
batting,AP Tare,"IPL batting stats for AP Tare: 339 total runs, 273 balls faced, 24 dismissals, strike rate 124.18, batting average 14.12."
batting,AR Bawne,"IPL batting stats for AR Bawne: 12 total runs, 12 balls faced, 0 dismissals, strike rate 100.00, batting average Not available."
batting,AR Patel,"IPL batting stats for AR Patel: 2089 total runs, 1562 balls faced, 97 dismissals, strike rate 133.74, batting average 21.54."
batting,AS Joseph,"IPL batting stats for AS Joseph: 27 total runs, 32 balls faced, 1 dismissals, strike rate 84.38, batting average 27.00."
batting,AS Rajpoot,"IPL batting stats for AS Rajpoot: 26 total runs, 41 balls faced, 5 dismissals, strike rate 63.41, batting average 5.20."
batting,AS Raut,"IPL batting stats for AS Raut: 194 total runs, 167 balls faced, 9 dismissals, strike rate 116.17, batting average 21.56."
batting,AS Roy,"IPL batting stats for AS Roy: 78 total runs, 64 balls faced, 8 dismissals, strike rate 121.88, batting average 9.75."
batting,AS Yadav,"IPL batting stats for AS Yadav: 49 total runs, 39 balls faced, 5 dismissals, strike rate 125.64, batting average 9.80."
batting,AT Carey,"IPL batting stats for AT Carey: 32 total runs, 29 balls faced, 2 dismissals, strike rate 110.34, batting average 16.00."
batting,AT Rayudu,"IPL batting stats for AT Rayudu: 4348 total runs, 3409 balls faced, 155 dismissals, strike rate 127.54, batting average 28.05."
batting,AU Rashid,"IPL batting stats for AU Rashid: 22 total runs, 16 balls faced, 2 dismissals, strike rate 137.50, batting average 11.00."
batting,AUK Pathan,"IPL batting stats for AUK Pathan: 39 total runs, 23 balls faced, 5 dismissals, strike rate 169.57, batting average 7.80."
batting,Abdul Basith,"IPL batting stats for Abdul Basith: 1 total runs, 1 balls faced, 0 dismissals, strike rate 100.00, batting average Not available."
batting,Abdul Samad,"IPL batting stats for Abdul Samad: 857 total runs, 576 balls faced, 44 dismissals, strike rate 148.78, batting average 19.48."
batting,Abdur Razzak,"IPL batting stats for Abdur Razzak: 0 total runs, 2 balls faced, 0 dismissals, strike rate 0.00, batting average Not available."
batting,Abhishek Sharma,"IPL batting stats for Abhishek Sharma: 2379 total runs, 1389 balls faced, 81 dismissals, strike rate 171.27, batting average 29.37."
batting,Abishek Porel,"IPL batting stats for Abishek Porel: 769 total runs, 529 balls faced, 30 dismissals, strike rate 145.37, batting average 25.63."
batting,Akash Deep,"IPL batting stats for Akash Deep: 25 total runs, 14 balls faced, 3 dismissals, strike rate 178.57, batting average 8.33."
batting,Akash Madhwal,"IPL batting stats for Akash Madhwal: 8 total runs, 14 balls faced, 0 dismissals, strike rate 57.14, batting average Not available."
batting,Akshat Raghuwanshi,"IPL batting stats for Akshat Raghuwanshi: 29 total runs, 25 balls faced, 2 dismissals, strike rate 116.00, batting average 14.50."
batting,Aman Hakim Khan,"IPL batting stats for Aman Hakim Khan: 115 total runs, 104 balls faced, 9 dismissals, strike rate 110.58, batting average 12.78."
batting,Aniket Verma,"IPL batting stats for Aniket Verma: 315 total runs, 196 balls faced, 15 dismissals, strike rate 160.71, batting average 21.00."
batting,Anirudh Singh,"IPL batting stats for Anirudh Singh: 63 total runs, 66 balls faced, 4 dismissals, strike rate 95.45, batting average 15.75."
batting,Ankit Sharma,"IPL batting stats for Ankit Sharma: 87 total runs, 67 balls faced, 7 dismissals, strike rate 129.85, batting average 12.43."
batting,Ankit Soni,"IPL batting stats for Ankit Soni: 7 total runs, 9 balls faced, 2 dismissals, strike rate 77.78, batting average 3.50."
batting,Anmolpreet Singh,"IPL batting stats for Anmolpreet Singh: 139 total runs, 115 balls faced, 9 dismissals, strike rate 120.87, batting average 15.44."
batting,Anuj Rawat,"IPL batting stats for Anuj Rawat: 318 total runs, 267 balls faced, 16 dismissals, strike rate 119.10, batting average 19.88."
batting,Anureet Singh,"IPL batting stats for Anureet Singh: 36 total runs, 47 balls faced, 4 dismissals, strike rate 76.60, batting average 9.00."
batting,Arjun Tendulkar,"IPL batting stats for Arjun Tendulkar: 18 total runs, 14 balls faced, 1 dismissals, strike rate 128.57, batting average 18.00."
batting,Arshad Khan,"IPL batting stats for Arshad Khan: 142 total runs, 95 balls faced, 6 dismissals, strike rate 149.47, batting average 23.67."
batting,Arshad Khan (2),"IPL batting stats for Arshad Khan (2): 5 total runs, 4 balls faced, 1 dismissals, strike rate 125.00, batting average 5.00."
batting,Arshdeep Singh,"IPL batting stats for Arshdeep Singh: 32 total runs, 47 balls faced, 6 dismissals, strike rate 68.09, batting average 5.33."
batting,Ashok Sharma,"IPL batting stats for Ashok Sharma: 1 total runs, 4 balls faced, 0 dismissals, strike rate 25.00, batting average Not available."
batting,Ashutosh Sharma,"IPL batting stats for Ashutosh Sharma: 564 total runs, 334 balls faced, 19 dismissals, strike rate 168.86, batting average 29.68."
batting,Ashwani Kumar,"IPL batting stats for Ashwani Kumar: 1 total runs, 6 balls faced, 0 dismissals, strike rate 16.67, batting average Not available."
batting,Atharva Taide,"IPL batting stats for Atharva Taide: 260 total runs, 177 balls faced, 10 dismissals, strike rate 146.89, batting average 26.00."
batting,Auqib Nabi,"IPL batting stats for Auqib Nabi: 14 total runs, 4 balls faced, 1 dismissals, strike rate 350.00, batting average 14.00."
batting,Avesh Khan,"IPL batting stats for Avesh Khan: 68 total runs, 43 balls faced, 4 dismissals, strike rate 158.14, batting average 17.00."
batting,Azhar Mahmood,"IPL batting stats for Azhar Mahmood: 388 total runs, 303 balls faced, 19 dismissals, strike rate 128.05, batting average 20.42."
batting,Azmatullah Omarzai,"IPL batting stats for Azmatullah Omarzai: 151 total runs, 101 balls faced, 10 dismissals, strike rate 149.50, batting average 15.10."
batting,B Akhil,"IPL batting stats for B Akhil: 76 total runs, 55 balls faced, 6 dismissals, strike rate 138.18, batting average 12.67."
batting,B Chipli,"IPL batting stats for B Chipli: 280 total runs, 251 balls faced, 15 dismissals, strike rate 111.55, batting average 18.67."
batting,B Indrajith,"IPL batting stats for B Indrajith: 21 total runs, 30 balls faced, 3 dismissals, strike rate 70.00, batting average 7.00."
batting,B Kumar,"IPL batting stats for B Kumar: 354 total runs, 377 balls faced, 38 dismissals, strike rate 93.90, batting average 9.32."
batting,B Laughlin,"IPL batting stats for B Laughlin: 5 total runs, 13 balls faced, 2 dismissals, strike rate 38.46, batting average 2.50."
batting,B Lee,"IPL batting stats for B Lee: 124 total runs, 97 balls faced, 10 dismissals, strike rate 127.84, batting average 12.40."
batting,B Sai Sudharsan,"IPL batting stats for B Sai Sudharsan: 2515 total runs, 1686 balls faced, 52 dismissals, strike rate 149.17, batting average 48.37."
batting,B Stanlake,"IPL batting stats for B Stanlake: 5 total runs, 2 balls faced, 0 dismissals, strike rate 250.00, batting average Not available."
batting,B Sumanth,"IPL batting stats for B Sumanth: 35 total runs, 37 balls faced, 1 dismissals, strike rate 94.59, batting average 35.00."
batting,BA Bhatt,"IPL batting stats for BA Bhatt: 6 total runs, 7 balls faced, 1 dismissals, strike rate 85.71, batting average 6.00."
batting,BA Stokes,"IPL batting stats for BA Stokes: 935 total runs, 698 balls faced, 38 dismissals, strike rate 133.95, batting average 24.61."
batting,BAW Mendis,"IPL batting stats for BAW Mendis: 3 total runs, 6 balls faced, 2 dismissals, strike rate 50.00, batting average 1.50."
batting,BB McCullum,"IPL batting stats for BB McCullum: 2880 total runs, 2186 balls faced, 104 dismissals, strike rate 131.75, batting average 27.69."
batting,BB Samantray,"IPL batting stats for BB Samantray: 125 total runs, 113 balls faced, 5 dismissals, strike rate 110.62, batting average 25.00."
batting,BB Sran,"IPL batting stats for BB Sran: 10 total runs, 14 balls faced, 1 dismissals, strike rate 71.43, batting average 10.00."
batting,BCJ Cutting,"IPL batting stats for BCJ Cutting: 238 total runs, 141 balls faced, 11 dismissals, strike rate 168.79, batting average 21.64."
batting,BE Hendricks,"IPL batting stats for BE Hendricks: 1 total runs, 3 balls faced, 1 dismissals, strike rate 33.33, batting average 1.00."
batting,BJ Haddin,"IPL batting stats for BJ Haddin: 18 total runs, 11 balls faced, 1 dismissals, strike rate 163.64, batting average 18.00."
batting,BJ Hodge,"IPL batting stats for BJ Hodge: 1400 total runs, 1118 balls faced, 42 dismissals, strike rate 125.22, batting average 33.33."
batting,BJ Rohrer,"IPL batting stats for BJ Rohrer: 193 total runs, 140 balls faced, 6 dismissals, strike rate 137.86, batting average 32.17."
batting,BKG Mendis,"IPL batting stats for BKG Mendis: 20 total runs, 10 balls faced, 1 dismissals, strike rate 200.00, batting average 20.00."
batting,BMAJ Mendis,"IPL batting stats for BMAJ Mendis: 23 total runs, 27 balls faced, 3 dismissals, strike rate 85.19, batting average 7.67."
batting,BR Dunk,"IPL batting stats for BR Dunk: 40 total runs, 35 balls faced, 3 dismissals, strike rate 114.29, batting average 13.33."
batting,BR Sharath,"IPL batting stats for BR Sharath: 2 total runs, 5 balls faced, 1 dismissals, strike rate 40.00, batting average 2.00."
batting,Basil Thampi,"IPL batting stats for Basil Thampi: 32 total runs, 35 balls faced, 1 dismissals, strike rate 91.43, batting average 32.00."
batting,Bipul Sharma,"IPL batting stats for Bipul Sharma: 187 total runs, 123 balls faced, 8 dismissals, strike rate 152.03, batting average 23.38."
batting,Brijesh Sharma,"IPL batting stats for Brijesh Sharma: 2 total runs, 4 balls faced, 0 dismissals, strike rate 50.00, batting average Not available."
batting,C Bosch,"IPL batting stats for C Bosch: 97 total runs, 63 balls faced, 3 dismissals, strike rate 153.97, batting average 32.33."
batting,C Connolly,"IPL batting stats for C Connolly: 491 total runs, 301 balls faced, 11 dismissals, strike rate 163.12, batting average 44.64."
batting,C Green,"IPL batting stats for C Green: 1029 total runs, 681 balls faced, 27 dismissals, strike rate 151.10, batting average 38.11."
batting,C Madan,"IPL batting stats for C Madan: 15 total runs, 19 balls faced, 1 dismissals, strike rate 78.95, batting average 15.00."
batting,C Munro,"IPL batting stats for C Munro: 177 total runs, 141 balls faced, 12 dismissals, strike rate 125.53, batting average 14.75."
batting,C Nanda,"IPL batting stats for C Nanda: 0 total runs, 1 balls faced, 1 dismissals, strike rate 0.00, batting average 0.00."
batting,C Sakariya,"IPL batting stats for C Sakariya: 20 total runs, 31 balls faced, 6 dismissals, strike rate 64.52, batting average 3.33."
batting,C de Grandhomme,"IPL batting stats for C de Grandhomme: 303 total runs, 225 balls faced, 16 dismissals, strike rate 134.67, batting average 18.94."
batting,CA Ingram,"IPL batting stats for CA Ingram: 205 total runs, 180 balls faced, 12 dismissals, strike rate 113.89, batting average 17.08."
batting,CA Lynn,"IPL batting stats for CA Lynn: 1329 total runs, 945 balls faced, 39 dismissals, strike rate 140.63, batting average 34.08."
batting,CA Pujara,"IPL batting stats for CA Pujara: 390 total runs, 391 balls faced, 19 dismissals, strike rate 99.74, batting average 20.53."
batting,CH Gayle,"IPL batting stats for CH Gayle: 4965 total runs, 3333 balls faced, 125 dismissals, strike rate 148.96, batting average 39.72."
batting,CH Morris,"IPL batting stats for CH Morris: 618 total runs, 398 balls faced, 28 dismissals, strike rate 155.28, batting average 22.07."
batting,CJ Anderson,"IPL batting stats for CJ Anderson: 538 total runs, 423 balls faced, 22 dismissals, strike rate 127.19, batting average 24.45."
batting,CJ Ferguson,"IPL batting stats for CJ Ferguson: 98 total runs, 117 balls faced, 6 dismissals, strike rate 83.76, batting average 16.33."
batting,CJ Jordan,"IPL batting stats for CJ Jordan: 81 total runs, 77 balls faced, 10 dismissals, strike rate 105.19, batting average 8.10."
batting,CJ McKay,"IPL batting stats for CJ McKay: 8 total runs, 15 balls faced, 1 dismissals, strike rate 53.33, batting average 8.00."
batting,CK Kapugedera,"IPL batting stats for CK Kapugedera: 16 total runs, 23 balls faced, 3 dismissals, strike rate 69.57, batting average 5.33."
batting,CK Langeveldt,"IPL batting stats for CK Langeveldt: 8 total runs, 9 balls faced, 2 dismissals, strike rate 88.89, batting average 4.00."
batting,CL White,"IPL batting stats for CL White: 954 total runs, 755 balls faced, 36 dismissals, strike rate 126.36, batting average 26.50."
batting,CM Gautam,"IPL batting stats for CM Gautam: 169 total runs, 150 balls faced, 10 dismissals, strike rate 112.67, batting average 16.90."
batting,CR Brathwaite,"IPL batting stats for CR Brathwaite: 181 total runs, 111 balls faced, 13 dismissals, strike rate 163.06, batting average 13.92."
batting,CR Woakes,"IPL batting stats for CR Woakes: 78 total runs, 77 balls faced, 6 dismissals, strike rate 101.30, batting average 13.00."
batting,CRD Fernando,"IPL batting stats for CRD Fernando: 4 total runs, 3 balls faced, 0 dismissals, strike rate 133.33, batting average Not available."
batting,CV Varun,"IPL batting stats for CV Varun: 31 total runs, 53 balls faced, 6 dismissals, strike rate 58.49, batting average 5.17."
batting,D Brevis,"IPL batting stats for D Brevis: 606 total runs, 415 balls faced, 24 dismissals, strike rate 146.02, batting average 25.25."
batting,D Ferreira,"IPL batting stats for D Ferreira: 326 total runs, 191 balls faced, 12 dismissals, strike rate 170.68, batting average 27.17."
batting,D Kalyankrishna,"IPL batting stats for D Kalyankrishna: 3 total runs, 8 balls faced, 1 dismissals, strike rate 37.50, batting average 3.00."
batting,D Padikkal,"IPL batting stats for D Padikkal: 2270 total runs, 1705 balls faced, 85 dismissals, strike rate 133.14, batting average 26.71."
batting,D Pretorius,"IPL batting stats for D Pretorius: 44 total runs, 28 balls faced, 4 dismissals, strike rate 157.14, batting average 11.00."
batting,D Salunkhe,"IPL batting stats for D Salunkhe: 33 total runs, 24 balls faced, 2 dismissals, strike rate 137.50, batting average 16.50."
batting,D Wiese,"IPL batting stats for D Wiese: 148 total runs, 101 balls faced, 5 dismissals, strike rate 146.53, batting average 29.60."
batting,D du Preez,"IPL batting stats for D du Preez: 10 total runs, 13 balls faced, 1 dismissals, strike rate 76.92, batting average 10.00."
batting,DA Miller,"IPL batting stats for DA Miller: 3288 total runs, 2357 balls faced, 92 dismissals, strike rate 139.50, batting average 35.74."
batting,DA Payne,"IPL batting stats for DA Payne: 6 total runs, 5 balls faced, 0 dismissals, strike rate 120.00, batting average Not available."
batting,DA Warner,"IPL batting stats for DA Warner: 6565 total runs, 4697 balls faced, 162 dismissals, strike rate 139.77, batting average 40.52."
batting,DAJ Bracewell,"IPL batting stats for DAJ Bracewell: 12 total runs, 9 balls faced, 0 dismissals, strike rate 133.33, batting average Not available."
batting,DB Das,"IPL batting stats for DB Das: 304 total runs, 261 balls faced, 14 dismissals, strike rate 116.48, batting average 21.71."
batting,DB Ravi Teja,"IPL batting stats for DB Ravi Teja: 375 total runs, 317 balls faced, 19 dismissals, strike rate 118.30, batting average 19.74."
batting,DE Bollinger,"IPL batting stats for DE Bollinger: 21 total runs, 23 balls faced, 1 dismissals, strike rate 91.30, batting average 21.00."
batting,DG Nalkande,"IPL batting stats for DG Nalkande: 12 total runs, 12 balls faced, 2 dismissals, strike rate 100.00, batting average 6.00."
batting,DH Yagnik,"IPL batting stats for DH Yagnik: 170 total runs, 137 balls faced, 10 dismissals, strike rate 124.09, batting average 17.00."
batting,DJ Bravo,"IPL batting stats for DJ Bravo: 1560 total runs, 1204 balls faced, 69 dismissals, strike rate 129.57, batting average 22.61."
batting,DJ Harris,"IPL batting stats for DJ Harris: 111 total runs, 101 balls faced, 4 dismissals, strike rate 109.90, batting average 27.75."
batting,DJ Hooda,"IPL batting stats for DJ Hooda: 1496 total runs, 1172 balls faced, 85 dismissals, strike rate 127.65, batting average 17.60."
batting,DJ Hussey,"IPL batting stats for DJ Hussey: 1322 total runs, 1075 balls faced, 49 dismissals, strike rate 122.98, batting average 26.98."
batting,DJ Jacobs,"IPL batting stats for DJ Jacobs: 92 total runs, 98 balls faced, 7 dismissals, strike rate 93.88, batting average 13.14."
batting,DJ Malan,"IPL batting stats for DJ Malan: 26 total runs, 26 balls faced, 1 dismissals, strike rate 100.00, batting average 26.00."
batting,DJ Mitchell,"IPL batting stats for DJ Mitchell: 351 total runs, 267 balls faced, 13 dismissals, strike rate 131.46, batting average 27.00."
batting,DJ Muthuswami,"IPL batting stats for DJ Muthuswami: 1 total runs, 3 balls faced, 1 dismissals, strike rate 33.33, batting average 1.00."
batting,DJ Thornely,"IPL batting stats for DJ Thornely: 39 total runs, 53 balls faced, 3 dismissals, strike rate 73.58, batting average 13.00."
batting,DJ Willey,"IPL batting stats for DJ Willey: 53 total runs, 62 balls faced, 2 dismissals, strike rate 85.48, batting average 26.50."
batting,DJG Sammy,"IPL batting stats for DJG Sammy: 295 total runs, 241 balls faced, 15 dismissals, strike rate 122.41, batting average 19.67."
batting,DJM Short,"IPL batting stats for DJM Short: 115 total runs, 99 balls faced, 7 dismissals, strike rate 116.16, batting average 16.43."
batting,DL Chahar,"IPL batting stats for DL Chahar: 142 total runs, 103 balls faced, 10 dismissals, strike rate 137.86, batting average 14.20."
batting,DL Vettori,"IPL batting stats for DL Vettori: 121 total runs, 113 balls faced, 8 dismissals, strike rate 107.08, batting average 15.12."
batting,DM Bravo,"IPL batting stats for DM Bravo: 6 total runs, 5 balls faced, 0 dismissals, strike rate 120.00, batting average Not available."
batting,DNT Zoysa,"IPL batting stats for DNT Zoysa: 11 total runs, 9 balls faced, 1 dismissals, strike rate 122.22, batting average 11.00."
batting,DP Conway,"IPL batting stats for DP Conway: 1080 total runs, 773 balls faced, 25 dismissals, strike rate 139.72, batting average 43.20."
batting,DP Nannes,"IPL batting stats for DP Nannes: 4 total runs, 13 balls faced, 1 dismissals, strike rate 30.77, batting average 4.00."
batting,DP Vijaykumar,"IPL batting stats for DP Vijaykumar: 1 total runs, 1 balls faced, 0 dismissals, strike rate 100.00, batting average Not available."
batting,DPMD Jayawardene,"IPL batting stats for DPMD Jayawardene: 1802 total runs, 1462 balls faced, 63 dismissals, strike rate 123.26, batting average 28.60."
batting,DR Martyn,"IPL batting stats for DR Martyn: 19 total runs, 24 balls faced, 1 dismissals, strike rate 79.17, batting average 19.00."
batting,DR Sams,"IPL batting stats for DR Sams: 44 total runs, 44 balls faced, 9 dismissals, strike rate 100.00, batting average 4.89."
batting,DR Shorey,"IPL batting stats for DR Shorey: 13 total runs, 17 balls faced, 2 dismissals, strike rate 76.47, batting average 6.50."
batting,DR Smith,"IPL batting stats for DR Smith: 2385 total runs, 1764 balls faced, 84 dismissals, strike rate 135.20, batting average 28.39."
batting,DS Kulkarni,"IPL batting stats for DS Kulkarni: 104 total runs, 108 balls faced, 9 dismissals, strike rate 96.30, batting average 11.56."
batting,DS Lehmann,"IPL batting stats for DS Lehmann: 18 total runs, 18 balls faced, 2 dismissals, strike rate 100.00, batting average 9.00."
batting,DS Rathi,"IPL batting stats for DS Rathi: 3 total runs, 8 balls faced, 1 dismissals, strike rate 37.50, batting average 3.00."
batting,DT Christian,"IPL batting stats for DT Christian: 460 total runs, 398 balls faced, 31 dismissals, strike rate 115.58, batting average 14.84."
batting,DT Patil,"IPL batting stats for DT Patil: 13 total runs, 13 balls faced, 2 dismissals, strike rate 100.00, batting average 6.50."
batting,DV Malewar,"IPL batting stats for DV Malewar: 2 total runs, 5 balls faced, 2 dismissals, strike rate 40.00, batting average 1.00."
batting,DW Steyn,"IPL batting stats for DW Steyn: 167 total runs, 160 balls faced, 22 dismissals, strike rate 104.38, batting average 7.59."
batting,Dhruv Jurel,"IPL batting stats for Dhruv Jurel: 1195 total runs, 775 balls faced, 38 dismissals, strike rate 154.19, batting average 31.45."
batting,E Lewis,"IPL batting stats for E Lewis: 654 total runs, 477 balls faced, 24 dismissals, strike rate 137.11, batting average 27.25."
batting,E Malinga,"IPL batting stats for E Malinga: 7 total runs, 17 balls faced, 1 dismissals, strike rate 41.18, batting average 7.00."
batting,EJG Morgan,"IPL batting stats for EJG Morgan: 1405 total runs, 1146 balls faced, 62 dismissals, strike rate 122.60, batting average 22.66."
batting,ER Dwivedi,"IPL batting stats for ER Dwivedi: 24 total runs, 14 balls faced, 2 dismissals, strike rate 171.43, batting average 12.00."
batting,F Behardien,"IPL batting stats for F Behardien: 14 total runs, 13 balls faced, 2 dismissals, strike rate 107.69, batting average 7.00."
batting,F du Plessis,"IPL batting stats for F du Plessis: 4773 total runs, 3515 balls faced, 136 dismissals, strike rate 135.79, batting average 35.10."
batting,FA Allen,"IPL batting stats for FA Allen: 14 total runs, 19 balls faced, 2 dismissals, strike rate 73.68, batting average 7.00."
batting,FH Allen,"IPL batting stats for FH Allen: 349 total runs, 163 balls faced, 10 dismissals, strike rate 214.11, batting average 34.90."
batting,FH Edwards,"IPL batting stats for FH Edwards: 4 total runs, 5 balls faced, 1 dismissals, strike rate 80.00, batting average 4.00."
batting,FY Fazal,"IPL batting stats for FY Fazal: 183 total runs, 173 balls faced, 10 dismissals, strike rate 105.78, batting average 18.30."
batting,Fazalhaq Farooqi,"IPL batting stats for Fazalhaq Farooqi: 5 total runs, 15 balls faced, 0 dismissals, strike rate 33.33, batting average Not available."
batting,G Coetzee,"IPL batting stats for G Coetzee: 31 total runs, 33 balls faced, 6 dismissals, strike rate 93.94, batting average 5.17."
batting,G Gambhir,"IPL batting stats for G Gambhir: 4217 total runs, 3404 balls faced, 136 dismissals, strike rate 123.88, batting average 31.01."
batting,GB Hogg,"IPL batting stats for GB Hogg: 22 total runs, 22 balls faced, 3 dismissals, strike rate 100.00, batting average 7.33."
batting,GC Smith,"IPL batting stats for GC Smith: 739 total runs, 668 balls faced, 26 dismissals, strike rate 110.63, batting average 28.42."
batting,GC Viljoen,"IPL batting stats for GC Viljoen: 3 total runs, 7 balls faced, 2 dismissals, strike rate 42.86, batting average 1.50."
batting,GD McGrath,"IPL batting stats for GD McGrath: 4 total runs, 5 balls faced, 1 dismissals, strike rate 80.00, batting average 4.00."
batting,GD Phillips,"IPL batting stats for GD Phillips: 132 total runs, 109 balls faced, 11 dismissals, strike rate 121.10, batting average 12.00."
batting,GF Linde,"IPL batting stats for GF Linde: 31 total runs, 21 balls faced, 3 dismissals, strike rate 147.62, batting average 10.33."
batting,GH Vihari,"IPL batting stats for GH Vihari: 284 total runs, 321 balls faced, 20 dismissals, strike rate 88.47, batting average 14.20."
batting,GHS Garton,"IPL batting stats for GHS Garton: 2 total runs, 4 balls faced, 1 dismissals, strike rate 50.00, batting average 2.00."
batting,GJ Bailey,"IPL batting stats for GJ Bailey: 663 total runs, 544 balls faced, 27 dismissals, strike rate 121.88, batting average 24.56."
batting,GJ Maxwell,"IPL batting stats for GJ Maxwell: 2819 total runs, 1817 balls faced, 118 dismissals, strike rate 155.15, batting average 23.89."
batting,GR Napier,"IPL batting stats for GR Napier: 15 total runs, 16 balls faced, 1 dismissals, strike rate 93.75, batting average 15.00."
batting,Gulbadin Naib,"IPL batting stats for Gulbadin Naib: 19 total runs, 15 balls faced, 1 dismissals, strike rate 126.67, batting average 19.00."
batting,Gurkeerat Singh,"IPL batting stats for Gurkeerat Singh: 511 total runs, 422 balls faced, 24 dismissals, strike rate 121.09, batting average 21.29."
batting,H Das,"IPL batting stats for H Das: 2 total runs, 5 balls faced, 1 dismissals, strike rate 40.00, batting average 2.00."
batting,H Klaasen,"IPL batting stats for H Klaasen: 2104 total runs, 1262 balls faced, 50 dismissals, strike rate 166.72, batting average 42.08."
batting,HC Brook,"IPL batting stats for HC Brook: 190 total runs, 154 balls faced, 9 dismissals, strike rate 123.38, batting average 21.11."
batting,HE van der Dussen,"IPL batting stats for HE van der Dussen: 22 total runs, 24 balls faced, 2 dismissals, strike rate 91.67, batting average 11.00."
batting,HF Gurney,"IPL batting stats for HF Gurney: 1 total runs, 5 balls faced, 0 dismissals, strike rate 20.00, batting average Not available."
batting,HH Gibbs,"IPL batting stats for HH Gibbs: 886 total runs, 807 balls faced, 32 dismissals, strike rate 109.79, batting average 27.69."
batting,HH Pandya,"IPL batting stats for HH Pandya: 2955 total runs, 2020 balls faced, 106 dismissals, strike rate 146.29, batting average 27.88."
batting,HM Amla,"IPL batting stats for HM Amla: 577 total runs, 407 balls faced, 13 dismissals, strike rate 141.77, batting average 44.38."
batting,HR Shokeen,"IPL batting stats for HR Shokeen: 66 total runs, 65 balls faced, 3 dismissals, strike rate 101.54, batting average 22.00."
batting,HV Patel,"IPL batting stats for HV Patel: 280 total runs, 238 balls faced, 32 dismissals, strike rate 117.65, batting average 8.75."
batting,Harbhajan Singh,"IPL batting stats for Harbhajan Singh: 833 total runs, 604 balls faced, 55 dismissals, strike rate 137.91, batting average 15.15."
batting,Harmeet Singh,"IPL batting stats for Harmeet Singh: 18 total runs, 12 balls faced, 4 dismissals, strike rate 150.00, batting average 4.50."
batting,Harpreet Brar,"IPL batting stats for Harpreet Brar: 249 total runs, 206 balls faced, 12 dismissals, strike rate 120.87, batting average 20.75."
batting,Harpreet Singh,"IPL batting stats for Harpreet Singh: 123 total runs, 119 balls faced, 7 dismissals, strike rate 103.36, batting average 17.57."
batting,Harsh Dubey,"IPL batting stats for Harsh Dubey: 13 total runs, 9 balls faced, 2 dismissals, strike rate 144.44, batting average 6.50."
batting,Harshit Rana,"IPL batting stats for Harshit Rana: 59 total runs, 56 balls faced, 6 dismissals, strike rate 105.36, batting average 9.83."
batting,Himmat Singh,"IPL batting stats for Himmat Singh: 92 total runs, 69 balls faced, 3 dismissals, strike rate 133.33, batting average 30.67."
batting,I Malhotra,"IPL batting stats for I Malhotra: 7 total runs, 4 balls faced, 0 dismissals, strike rate 175.00, batting average Not available."
batting,I Sharma,"IPL batting stats for I Sharma: 57 total runs, 69 balls faced, 6 dismissals, strike rate 82.61, batting average 9.50."
batting,I Udana,"IPL batting stats for I Udana: 15 total runs, 11 balls faced, 3 dismissals, strike rate 136.36, batting average 5.00."
batting,IC Pandey,"IPL batting stats for IC Pandey: 0 total runs, 2 balls faced, 1 dismissals, strike rate 0.00, batting average 0.00."
batting,IK Pathan,"IPL batting stats for IK Pathan: 1139 total runs, 946 balls faced, 53 dismissals, strike rate 120.40, batting average 21.49."
batting,IR Jaggi,"IPL batting stats for IR Jaggi: 76 total runs, 97 balls faced, 5 dismissals, strike rate 78.35, batting average 15.20."
batting,IS Sodhi,"IPL batting stats for IS Sodhi: 7 total runs, 17 balls faced, 2 dismissals, strike rate 41.18, batting average 3.50."
batting,Imran Tahir,"IPL batting stats for Imran Tahir: 33 total runs, 37 balls faced, 4 dismissals, strike rate 89.19, batting average 8.25."
batting,Iqbal Abdulla,"IPL batting stats for Iqbal Abdulla: 88 total runs, 84 balls faced, 2 dismissals, strike rate 104.76, batting average 44.00."
batting,Ishan Kishan,"IPL batting stats for Ishan Kishan: 3600 total runs, 2508 balls faced, 118 dismissals, strike rate 143.54, batting average 30.51."
batting,J Arunkumar,"IPL batting stats for J Arunkumar: 23 total runs, 23 balls faced, 3 dismissals, strike rate 100.00, batting average 7.67."
batting,J Botha,"IPL batting stats for J Botha: 409 total runs, 359 balls faced, 20 dismissals, strike rate 113.93, batting average 20.45."
batting,J Fraser-McGurk,"IPL batting stats for J Fraser-McGurk: 385 total runs, 193 balls faced, 15 dismissals, strike rate 199.48, batting average 25.67."
batting,J Overton,"IPL batting stats for J Overton: 151 total runs, 93 balls faced, 5 dismissals, strike rate 162.37, batting average 30.20."
batting,J Suchith,"IPL batting stats for J Suchith: 70 total runs, 61 balls faced, 4 dismissals, strike rate 114.75, batting average 17.50."
batting,J Syed Mohammad,"IPL batting stats for J Syed Mohammad: 29 total runs, 26 balls faced, 2 dismissals, strike rate 111.54, batting average 14.50."
batting,J Theron,"IPL batting stats for J Theron: 10 total runs, 12 balls faced, 2 dismissals, strike rate 83.33, batting average 5.00."
batting,J Yadav,"IPL batting stats for J Yadav: 40 total runs, 36 balls faced, 4 dismissals, strike rate 111.11, batting average 10.00."
batting,JA Morkel,"IPL batting stats for JA Morkel: 974 total runs, 686 balls faced, 40 dismissals, strike rate 141.98, batting average 24.35."
batting,JA Richardson,"IPL batting stats for JA Richardson: 17 total runs, 26 balls faced, 3 dismissals, strike rate 65.38, batting average 5.67."
batting,JC Archer,"IPL batting stats for JC Archer: 326 total runs, 225 balls faced, 25 dismissals, strike rate 144.89, batting average 13.04."
batting,JC Buttler,"IPL batting stats for JC Buttler: 4646 total runs, 3103 balls faced, 117 dismissals, strike rate 149.73, batting average 39.71."
batting,JD Ryder,"IPL batting stats for JD Ryder: 604 total runs, 458 balls faced, 28 dismissals, strike rate 131.88, batting average 21.57."
batting,JD Unadkat,"IPL batting stats for JD Unadkat: 201 total runs, 169 balls faced, 16 dismissals, strike rate 118.93, batting average 12.56."
batting,JDP Oram,"IPL batting stats for JDP Oram: 106 total runs, 108 balls faced, 8 dismissals, strike rate 98.15, batting average 13.25."
batting,JDS Neesham,"IPL batting stats for JDS Neesham: 92 total runs, 93 balls faced, 9 dismissals, strike rate 98.92, batting average 10.22."
batting,JE Root,"IPL batting stats for JE Root: 10 total runs, 15 balls faced, 1 dismissals, strike rate 66.67, batting average 10.00."
batting,JE Taylor,"IPL batting stats for JE Taylor: 3 total runs, 3 balls faced, 1 dismissals, strike rate 100.00, batting average 3.00."
batting,JEC Franklin,"IPL batting stats for JEC Franklin: 327 total runs, 301 balls faced, 11 dismissals, strike rate 108.64, batting average 29.73."
batting,JG Bethell,"IPL batting stats for JG Bethell: 163 total runs, 116 balls faced, 9 dismissals, strike rate 140.52, batting average 18.11."
batting,JH Kallis,"IPL batting stats for JH Kallis: 2427 total runs, 2222 balls faced, 85 dismissals, strike rate 109.23, batting average 28.55."
batting,JJ Bumrah,"IPL batting stats for JJ Bumrah: 75 total runs, 86 balls faced, 8 dismissals, strike rate 87.21, batting average 9.38."
batting,JJ Roy,"IPL batting stats for JJ Roy: 614 total runs, 443 balls faced, 19 dismissals, strike rate 138.60, batting average 32.32."
batting,JJ van der Wath,"IPL batting stats for JJ van der Wath: 18 total runs, 16 balls faced, 2 dismissals, strike rate 112.50, batting average 9.00."
batting,JL Denly,"IPL batting stats for JL Denly: 0 total runs, 1 balls faced, 1 dismissals, strike rate 0.00, batting average 0.00."
batting,JL Pattinson,"IPL batting stats for JL Pattinson: 15 total runs, 13 balls faced, 1 dismissals, strike rate 115.38, batting average 15.00."
batting,JM Bairstow,"IPL batting stats for JM Bairstow: 1674 total runs, 1146 balls faced, 48 dismissals, strike rate 146.07, batting average 34.88."
batting,JM Kemp,"IPL batting stats for JM Kemp: 26 total runs, 24 balls faced, 2 dismissals, strike rate 108.33, batting average 13.00."
batting,JM Sharma,"IPL batting stats for JM Sharma: 1107 total runs, 726 balls faced, 48 dismissals, strike rate 152.48, batting average 23.06."
batting,JO Holder,"IPL batting stats for JO Holder: 324 total runs, 263 balls faced, 26 dismissals, strike rate 123.19, batting average 12.46."
batting,JP Behrendorff,"IPL batting stats for JP Behrendorff: 6 total runs, 9 balls faced, 0 dismissals, strike rate 66.67, batting average Not available."
batting,JP Duminy,"IPL batting stats for JP Duminy: 2029 total runs, 1636 balls faced, 51 dismissals, strike rate 124.02, batting average 39.78."
batting,JP Faulkner,"IPL batting stats for JP Faulkner: 527 total runs, 389 balls faced, 25 dismissals, strike rate 135.48, batting average 21.08."
batting,JP Inglis,"IPL batting stats for JP Inglis: 544 total runs, 314 balls faced, 14 dismissals, strike rate 173.25, batting average 38.86."
batting,JPR Scantlebury-Searles,"IPL batting stats for JPR Scantlebury-Searles: 8 total runs, 6 balls faced, 1 dismissals, strike rate 133.33, batting average 8.00."
batting,JR Hazlewood,"IPL batting stats for JR Hazlewood: 19 total runs, 30 balls faced, 1 dismissals, strike rate 63.33, batting average 19.00."
batting,JR Hopes,"IPL batting stats for JR Hopes: 417 total runs, 306 balls faced, 16 dismissals, strike rate 136.27, batting average 26.06."
batting,JR Philippe,"IPL batting stats for JR Philippe: 78 total runs, 77 balls faced, 4 dismissals, strike rate 101.30, batting average 19.50."
batting,Jaskaran Singh,"IPL batting stats for Jaskaran Singh: 8 total runs, 11 balls faced, 1 dismissals, strike rate 72.73, batting average 8.00."
batting,Joginder Sharma,"IPL batting stats for Joginder Sharma: 36 total runs, 30 balls faced, 4 dismissals, strike rate 120.00, batting average 9.00."
batting,K Goel,"IPL batting stats for K Goel: 218 total runs, 231 balls faced, 15 dismissals, strike rate 94.37, batting average 14.53."
batting,K Gowtham,"IPL batting stats for K Gowtham: 247 total runs, 148 balls faced, 18 dismissals, strike rate 166.89, batting average 13.72."
batting,K Kartikeya,"IPL batting stats for K Kartikeya: 12 total runs, 17 balls faced, 4 dismissals, strike rate 70.59, batting average 3.00."
batting,K Rabada,"IPL batting stats for K Rabada: 262 total runs, 239 balls faced, 20 dismissals, strike rate 109.62, batting average 13.10."
batting,K Upadhyay,"IPL batting stats for K Upadhyay: 12 total runs, 9 balls faced, 0 dismissals, strike rate 133.33, batting average Not available."
batting,K Yadav,"IPL batting stats for K Yadav: 0 total runs, 4 balls faced, 0 dismissals, strike rate 0.00, batting average Not available."
batting,KA Jamieson,"IPL batting stats for KA Jamieson: 77 total runs, 73 balls faced, 5 dismissals, strike rate 105.48, batting average 15.40."
batting,KA Maharaj,"IPL batting stats for KA Maharaj: 1 total runs, 2 balls faced, 1 dismissals, strike rate 50.00, batting average 1.00."
batting,KA Pollard,"IPL batting stats for KA Pollard: 3412 total runs, 2316 balls faced, 119 dismissals, strike rate 147.32, batting average 28.67."
batting,KAJ Roach,"IPL batting stats for KAJ Roach: 10 total runs, 9 balls faced, 1 dismissals, strike rate 111.11, batting average 10.00."
batting,KB Arun Karthik,"IPL batting stats for KB Arun Karthik: 51 total runs, 51 balls faced, 5 dismissals, strike rate 100.00, batting average 10.20."
batting,KC Cariappa,"IPL batting stats for KC Cariappa: 24 total runs, 21 balls faced, 3 dismissals, strike rate 114.29, batting average 8.00."
batting,KC Sangakkara,"IPL batting stats for KC Sangakkara: 1687 total runs, 1392 balls faced, 65 dismissals, strike rate 121.19, batting average 25.95."
batting,KD Karthik,"IPL batting stats for KD Karthik: 4842 total runs, 3577 balls faced, 184 dismissals, strike rate 135.36, batting average 26.32."
batting,KH Pandya,"IPL batting stats for KH Pandya: 1982 total runs, 1481 balls faced, 87 dismissals, strike rate 133.83, batting average 22.78."
batting,KJ Abbott,"IPL batting stats for KJ Abbott: 13 total runs, 8 balls faced, 1 dismissals, strike rate 162.50, batting average 13.00."
batting,KK Ahmed,"IPL batting stats for KK Ahmed: 2 total runs, 9 balls faced, 5 dismissals, strike rate 22.22, batting average 0.40."
batting,KK Cooper,"IPL batting stats for KK Cooper: 116 total runs, 68 balls faced, 9 dismissals, strike rate 170.59, batting average 12.89."
batting,KK Nair,"IPL batting stats for KK Nair: 1712 total runs, 1304 balls faced, 73 dismissals, strike rate 131.29, batting average 23.45."
batting,KL Nagarkoti,"IPL batting stats for KL Nagarkoti: 22 total runs, 33 balls faced, 4 dismissals, strike rate 66.67, batting average 5.50."
batting,KL Rahul,"IPL batting stats for KL Rahul: 5815 total runs, 4179 balls faced, 126 dismissals, strike rate 139.15, batting average 46.15."
batting,KM Asif,"IPL batting stats for KM Asif: 0 total runs, 2 balls faced, 1 dismissals, strike rate 0.00, batting average 0.00."
batting,KM Jadhav,"IPL batting stats for KM Jadhav: 1208 total runs, 981 balls faced, 54 dismissals, strike rate 123.14, batting average 22.37."
batting,KMA Paul,"IPL batting stats for KMA Paul: 18 total runs, 24 balls faced, 5 dismissals, strike rate 75.00, batting average 3.60."
batting,KMDN Kulasekara,"IPL batting stats for KMDN Kulasekara: 5 total runs, 3 balls faced, 0 dismissals, strike rate 166.67, batting average Not available."
batting,KP Appanna,"IPL batting stats for KP Appanna: 2 total runs, 4 balls faced, 1 dismissals, strike rate 50.00, batting average 2.00."
batting,KP Pietersen,"IPL batting stats for KP Pietersen: 1001 total runs, 743 balls faced, 28 dismissals, strike rate 134.72, batting average 35.75."
batting,KR Mayers,"IPL batting stats for KR Mayers: 379 total runs, 263 balls faced, 13 dismissals, strike rate 144.11, batting average 29.15."
batting,KR Sen,"IPL batting stats for KR Sen: 0 total runs, 3 balls faced, 0 dismissals, strike rate 0.00, batting average Not available."
batting,KS Bharat,"IPL batting stats for KS Bharat: 199 total runs, 163 balls faced, 7 dismissals, strike rate 122.09, batting average 28.43."
batting,KS Rathore,"IPL batting stats for KS Rathore: 0 total runs, 5 balls faced, 1 dismissals, strike rate 0.00, batting average 0.00."
batting,KS Sharma,"IPL batting stats for KS Sharma: 16 total runs, 25 balls faced, 3 dismissals, strike rate 64.00, batting average 5.33."
batting,KS Williamson,"IPL batting stats for KS Williamson: 2128 total runs, 1694 balls faced, 60 dismissals, strike rate 125.62, batting average 35.47."
batting,KT Maphaka,"IPL batting stats for KT Maphaka: 8 total runs, 2 balls faced, 0 dismissals, strike rate 400.00, batting average Not available."
batting,KV Sharma,"IPL batting stats for KV Sharma: 352 total runs, 295 balls faced, 26 dismissals, strike rate 119.32, batting average 13.54."
batting,KW Richardson,"IPL batting stats for KW Richardson: 36 total runs, 39 balls faced, 3 dismissals, strike rate 92.31, batting average 12.00."
batting,Kamran Akmal,"IPL batting stats for Kamran Akmal: 128 total runs, 78 balls faced, 5 dismissals, strike rate 164.10, batting average 25.60."
batting,Kamran Khan,"IPL batting stats for Kamran Khan: 3 total runs, 5 balls faced, 1 dismissals, strike rate 60.00, batting average 3.00."
batting,Karanveer Singh,"IPL batting stats for Karanveer Singh: 12 total runs, 17 balls faced, 1 dismissals, strike rate 70.59, batting average 12.00."
batting,Kartik Sharma,"IPL batting stats for Kartik Sharma: 295 total runs, 216 balls faced, 9 dismissals, strike rate 136.57, batting average 32.78."
batting,Kartik Tyagi,"IPL batting stats for Kartik Tyagi: 24 total runs, 26 balls faced, 7 dismissals, strike rate 92.31, batting average 3.43."
batting,Krish Bhagat,"IPL batting stats for Krish Bhagat: 10 total runs, 21 balls faced, 1 dismissals, strike rate 47.62, batting average 10.00."
batting,Kuldeep Yadav,"IPL batting stats for Kuldeep Yadav: 210 total runs, 253 balls faced, 18 dismissals, strike rate 83.00, batting average 11.67."
batting,Kumar Kushagra,"IPL batting stats for Kumar Kushagra: 21 total runs, 21 balls faced, 4 dismissals, strike rate 100.00, batting average 5.25."
batting,L Ablish,"IPL batting stats for L Ablish: 0 total runs, 2 balls faced, 0 dismissals, strike rate 0.00, batting average Not available."
batting,L Balaji,"IPL batting stats for L Balaji: 36 total runs, 49 balls faced, 8 dismissals, strike rate 73.47, batting average 4.50."
batting,L Ngidi,"IPL batting stats for L Ngidi: 4 total runs, 9 balls faced, 2 dismissals, strike rate 44.44, batting average 2.00."
batting,L Ronchi,"IPL batting stats for L Ronchi: 34 total runs, 34 balls faced, 5 dismissals, strike rate 100.00, batting average 6.80."
batting,L Wood,"IPL batting stats for L Wood: 9 total runs, 3 balls faced, 0 dismissals, strike rate 300.00, batting average Not available."
batting,LA Carseldine,"IPL batting stats for LA Carseldine: 81 total runs, 68 balls faced, 4 dismissals, strike rate 119.12, batting average 20.25."
batting,LA Pomersbach,"IPL batting stats for LA Pomersbach: 302 total runs, 246 balls faced, 11 dismissals, strike rate 122.76, batting average 27.45."
batting,LB Williams,"IPL batting stats for LB Williams: 1 total runs, 2 balls faced, 0 dismissals, strike rate 50.00, batting average Not available."
batting,LE Plunkett,"IPL batting stats for LE Plunkett: 1 total runs, 3 balls faced, 1 dismissals, strike rate 33.33, batting average 1.00."
batting,LG Pretorius,"IPL batting stats for LG Pretorius: 7 total runs, 8 balls faced, 2 dismissals, strike rate 87.50, batting average 3.50."
batting,LH Ferguson,"IPL batting stats for LH Ferguson: 72 total runs, 47 balls faced, 3 dismissals, strike rate 153.19, batting average 24.00."
batting,LJ Wright,"IPL batting stats for LJ Wright: 106 total runs, 60 balls faced, 5 dismissals, strike rate 176.67, batting average 21.20."
batting,LMP Simmons,"IPL batting stats for LMP Simmons: 1079 total runs, 852 balls faced, 27 dismissals, strike rate 126.64, batting average 39.96."
batting,LPC Silva,"IPL batting stats for LPC Silva: 40 total runs, 26 balls faced, 2 dismissals, strike rate 153.85, batting average 20.00."
batting,LR Shukla,"IPL batting stats for LR Shukla: 405 total runs, 350 balls faced, 27 dismissals, strike rate 115.71, batting average 15.00."
batting,LRPL Taylor,"IPL batting stats for LRPL Taylor: 1017 total runs, 822 balls faced, 40 dismissals, strike rate 123.72, batting average 25.42."
batting,LS Livingstone,"IPL batting stats for LS Livingstone: 1066 total runs, 687 balls faced, 42 dismissals, strike rate 155.17, batting average 25.38."
batting,Lalit Yadav,"IPL batting stats for Lalit Yadav: 305 total runs, 290 balls faced, 16 dismissals, strike rate 105.17, batting average 19.06."
batting,Liton Das,"IPL batting stats for Liton Das: 4 total runs, 4 balls faced, 1 dismissals, strike rate 100.00, batting average 4.00."
batting,M Ashwin,"IPL batting stats for M Ashwin: 35 total runs, 50 balls faced, 9 dismissals, strike rate 70.00, batting average 3.89."
batting,M Jansen,"IPL batting stats for M Jansen: 192 total runs, 174 balls faced, 15 dismissals, strike rate 110.34, batting average 12.80."
batting,M Kaif,"IPL batting stats for M Kaif: 259 total runs, 250 balls faced, 18 dismissals, strike rate 103.60, batting average 14.39."
batting,M Kartik,"IPL batting stats for M Kartik: 113 total runs, 108 balls faced, 7 dismissals, strike rate 104.63, batting average 16.14."
batting,M Klinger,"IPL batting stats for M Klinger: 73 total runs, 77 balls faced, 4 dismissals, strike rate 94.81, batting average 18.25."
batting,M Manhas,"IPL batting stats for M Manhas: 514 total runs, 470 balls faced, 23 dismissals, strike rate 109.36, batting average 22.35."
batting,M Markande,"IPL batting stats for M Markande: 48 total runs, 42 balls faced, 3 dismissals, strike rate 114.29, batting average 16.00."
batting,M Morkel,"IPL batting stats for M Morkel: 126 total runs, 90 balls faced, 11 dismissals, strike rate 140.00, batting average 11.45."
batting,M Muralitharan,"IPL batting stats for M Muralitharan: 20 total runs, 30 balls faced, 6 dismissals, strike rate 66.67, batting average 3.33."
batting,M Ntini,"IPL batting stats for M Ntini: 11 total runs, 18 balls faced, 1 dismissals, strike rate 61.11, batting average 11.00."
batting,M Prasidh Krishna,"IPL batting stats for M Prasidh Krishna: 15 total runs, 31 balls faced, 3 dismissals, strike rate 48.39, batting average 5.00."
batting,M Rawat,"IPL batting stats for M Rawat: 55 total runs, 69 balls faced, 5 dismissals, strike rate 79.71, batting average 11.00."
batting,M Shahrukh Khan,"IPL batting stats for M Shahrukh Khan: 775 total runs, 524 balls faced, 38 dismissals, strike rate 147.90, batting average 20.39."
batting,M Theekshana,"IPL batting stats for M Theekshana: 17 total runs, 34 balls faced, 3 dismissals, strike rate 50.00, batting average 5.67."
batting,M Tiwari,"IPL batting stats for M Tiwari: 21 total runs, 12 balls faced, 1 dismissals, strike rate 175.00, batting average 21.00."
batting,M Vijay,"IPL batting stats for M Vijay: 2619 total runs, 2149 balls faced, 101 dismissals, strike rate 121.87, batting average 25.93."
batting,M Vohra,"IPL batting stats for M Vohra: 1083 total runs, 829 balls faced, 49 dismissals, strike rate 130.64, batting average 22.10."
batting,M de Lange,"IPL batting stats for M de Lange: 1 total runs, 2 balls faced, 1 dismissals, strike rate 50.00, batting average 1.00."
batting,MA Agarwal,"IPL batting stats for MA Agarwal: 2756 total runs, 2064 balls faced, 120 dismissals, strike rate 133.53, batting average 22.97."
batting,MA Khote,"IPL batting stats for MA Khote: 24 total runs, 22 balls faced, 2 dismissals, strike rate 109.09, batting average 12.00."
batting,MA Starc,"IPL batting stats for MA Starc: 111 total runs, 121 balls faced, 12 dismissals, strike rate 91.74, batting average 9.25."
batting,MA Wood,"IPL batting stats for MA Wood: 12 total runs, 8 balls faced, 2 dismissals, strike rate 150.00, batting average 6.00."
batting,MC Henriques,"IPL batting stats for MC Henriques: 1000 total runs, 788 balls faced, 36 dismissals, strike rate 126.90, batting average 27.78."
batting,MC Juneja,"IPL batting stats for MC Juneja: 125 total runs, 128 balls faced, 7 dismissals, strike rate 97.66, batting average 17.86."
batting,MD Choudhary,"IPL batting stats for MD Choudhary: 170 total runs, 120 balls faced, 6 dismissals, strike rate 141.67, batting average 28.33."
batting,MD Mishra,"IPL batting stats for MD Mishra: 237 total runs, 208 balls faced, 16 dismissals, strike rate 113.94, batting average 14.81."
batting,MD Shanaka,"IPL batting stats for MD Shanaka: 89 total runs, 72 balls faced, 7 dismissals, strike rate 123.61, batting average 12.71."
batting,MDKJ Perera,"IPL batting stats for MDKJ Perera: 14 total runs, 13 balls faced, 2 dismissals, strike rate 107.69, batting average 7.00."
batting,MEK Hussey,"IPL batting stats for MEK Hussey: 1977 total runs, 1612 balls faced, 51 dismissals, strike rate 122.64, batting average 38.76."
batting,MF Maharoof,"IPL batting stats for MF Maharoof: 177 total runs, 123 balls faced, 10 dismissals, strike rate 143.90, batting average 17.70."
batting,MG Bracewell,"IPL batting stats for MG Bracewell: 58 total runs, 47 balls faced, 2 dismissals, strike rate 123.40, batting average 29.00."
batting,MG Johnson,"IPL batting stats for MG Johnson: 167 total runs, 164 balls faced, 13 dismissals, strike rate 101.83, batting average 12.85."
batting,MJ Clarke,"IPL batting stats for MJ Clarke: 98 total runs, 94 balls faced, 6 dismissals, strike rate 104.26, batting average 16.33."
batting,MJ Guptill,"IPL batting stats for MJ Guptill: 270 total runs, 196 balls faced, 12 dismissals, strike rate 137.76, batting average 22.50."
batting,MJ Henry,"IPL batting stats for MJ Henry: 7 total runs, 10 balls faced, 2 dismissals, strike rate 70.00, batting average 3.50."
batting,MJ Lumb,"IPL batting stats for MJ Lumb: 278 total runs, 194 balls faced, 12 dismissals, strike rate 143.30, batting average 23.17."
batting,MJ McClenaghan,"IPL batting stats for MJ McClenaghan: 85 total runs, 70 balls faced, 13 dismissals, strike rate 121.43, batting average 6.54."
batting,MJ Owen,"IPL batting stats for MJ Owen: 0 total runs, 2 balls faced, 1 dismissals, strike rate 0.00, batting average 0.00."
batting,MJ Santner,"IPL batting stats for MJ Santner: 136 total runs, 123 balls faced, 8 dismissals, strike rate 110.57, batting average 17.00."
batting,MJ Suthar,"IPL batting stats for MJ Suthar: 1 total runs, 2 balls faced, 1 dismissals, strike rate 50.00, batting average 1.00."
batting,MK Lomror,"IPL batting stats for MK Lomror: 527 total runs, 373 balls faced, 29 dismissals, strike rate 141.29, batting average 18.17."
batting,MK Pandey,"IPL batting stats for MK Pandey: 4012 total runs, 3293 balls faced, 136 dismissals, strike rate 121.83, batting average 29.50."
batting,MK Tiwary,"IPL batting stats for MK Tiwary: 1695 total runs, 1449 balls faced, 59 dismissals, strike rate 116.98, batting average 28.73."
batting,ML Hayden,"IPL batting stats for ML Hayden: 1107 total runs, 805 balls faced, 30 dismissals, strike rate 137.52, batting average 36.90."
batting,MM Ali,"IPL batting stats for MM Ali: 1167 total runs, 835 balls faced, 53 dismissals, strike rate 139.76, batting average 22.02."
batting,MM Patel,"IPL batting stats for MM Patel: 39 total runs, 41 balls faced, 6 dismissals, strike rate 95.12, batting average 6.50."
batting,MM Sharma,"IPL batting stats for MM Sharma: 125 total runs, 136 balls faced, 18 dismissals, strike rate 91.91, batting average 6.94."
batting,MN Samuels,"IPL batting stats for MN Samuels: 161 total runs, 172 balls faced, 13 dismissals, strike rate 93.60, batting average 12.38."
batting,MN van Wyk,"IPL batting stats for MN van Wyk: 167 total runs, 132 balls faced, 3 dismissals, strike rate 126.52, batting average 55.67."
batting,MP Breetzke,"IPL batting stats for MP Breetzke: 14 total runs, 12 balls faced, 1 dismissals, strike rate 116.67, batting average 14.00."
batting,MP Stoinis,"IPL batting stats for MP Stoinis: 2242 total runs, 1520 balls faced, 78 dismissals, strike rate 147.50, batting average 28.74."
batting,MP Yadav,"IPL batting stats for MP Yadav: 5 total runs, 5 balls faced, 1 dismissals, strike rate 100.00, batting average 5.00."
batting,MR Marsh,"IPL batting stats for MR Marsh: 1855 total runs, 1249 balls faced, 60 dismissals, strike rate 148.52, batting average 30.92."
batting,MS Bhandage,"IPL batting stats for MS Bhandage: 1 total runs, 4 balls faced, 1 dismissals, strike rate 25.00, batting average 1.00."
batting,MS Bisla,"IPL batting stats for MS Bisla: 798 total runs, 702 balls faced, 38 dismissals, strike rate 113.68, batting average 21.00."
batting,MS Dhoni,"IPL batting stats for MS Dhoni: 5439 total runs, 3957 balls faced, 142 dismissals, strike rate 137.45, batting average 38.30."
batting,MS Gony,"IPL batting stats for MS Gony: 99 total runs, 71 balls faced, 10 dismissals, strike rate 139.44, batting average 9.90."
batting,MS Wade,"IPL batting stats for MS Wade: 183 total runs, 177 balls faced, 14 dismissals, strike rate 103.39, batting average 13.07."
batting,MV Boucher,"IPL batting stats for MV Boucher: 394 total runs, 309 balls faced, 14 dismissals, strike rate 127.51, batting average 28.14."
batting,MW Short,"IPL batting stats for MW Short: 177 total runs, 143 balls faced, 9 dismissals, strike rate 123.78, batting average 19.67."
batting,Mandeep Singh,"IPL batting stats for Mandeep Singh: 1706 total runs, 1388 balls faced, 82 dismissals, strike rate 122.91, batting average 20.80."
batting,Mashrafe Mortaza,"IPL batting stats for Mashrafe Mortaza: 2 total runs, 2 balls faced, 0 dismissals, strike rate 100.00, batting average Not available."
batting,Mayank Dagar,"IPL batting stats for Mayank Dagar: 0 total runs, 1 balls faced, 1 dismissals, strike rate 0.00, batting average 0.00."
batting,Misbah-ul-Haq,"IPL batting stats for Misbah-ul-Haq: 117 total runs, 81 balls faced, 7 dismissals, strike rate 144.44, batting average 16.71."
batting,Mohammad Ashraful,"IPL batting stats for Mohammad Ashraful: 2 total runs, 10 balls faced, 1 dismissals, strike rate 20.00, batting average 2.00."
batting,Mohammad Asif,"IPL batting stats for Mohammad Asif: 3 total runs, 6 balls faced, 2 dismissals, strike rate 50.00, batting average 1.50."
batting,Mohammad Hafeez,"IPL batting stats for Mohammad Hafeez: 64 total runs, 83 balls faced, 7 dismissals, strike rate 77.11, batting average 9.14."
batting,Mohammad Nabi,"IPL batting stats for Mohammad Nabi: 215 total runs, 150 balls faced, 16 dismissals, strike rate 143.33, batting average 13.44."
batting,Mohammed Shami,"IPL batting stats for Mohammed Shami: 115 total runs, 111 balls faced, 19 dismissals, strike rate 103.60, batting average 6.05."
batting,Mohammed Siraj,"IPL batting stats for Mohammed Siraj: 117 total runs, 139 balls faced, 12 dismissals, strike rate 84.17, batting average 9.75."
batting,Mohit Rathee,"IPL batting stats for Mohit Rathee: 1 total runs, 2 balls faced, 0 dismissals, strike rate 50.00, batting average Not available."
batting,Mohsin Khan,"IPL batting stats for Mohsin Khan: 25 total runs, 28 balls faced, 5 dismissals, strike rate 89.29, batting average 5.00."
batting,Mujeeb Ur Rahman,"IPL batting stats for Mujeeb Ur Rahman: 12 total runs, 15 balls faced, 3 dismissals, strike rate 80.00, batting average 4.00."
batting,Mukesh Choudhary,"IPL batting stats for Mukesh Choudhary: 8 total runs, 8 balls faced, 1 dismissals, strike rate 100.00, batting average 8.00."
batting,Mukesh Kumar,"IPL batting stats for Mukesh Kumar: 10 total runs, 18 balls faced, 1 dismissals, strike rate 55.56, batting average 10.00."
batting,Musheer Khan,"IPL batting stats for Musheer Khan: 0 total runs, 3 balls faced, 1 dismissals, strike rate 0.00, batting average 0.00."
batting,Mustafizur Rahman,"IPL batting stats for Mustafizur Rahman: 13 total runs, 24 balls faced, 2 dismissals, strike rate 54.17, batting average 6.50."
batting,N Burger,"IPL batting stats for N Burger: 14 total runs, 9 balls faced, 1 dismissals, strike rate 155.56, batting average 14.00."
batting,N Jagadeesan,"IPL batting stats for N Jagadeesan: 162 total runs, 147 balls faced, 9 dismissals, strike rate 110.20, batting average 18.00."
batting,N Pooran,"IPL batting stats for N Pooran: 2527 total runs, 1540 balls faced, 80 dismissals, strike rate 164.09, batting average 31.59."
batting,N Rana,"IPL batting stats for N Rana: 3078 total runs, 2235 balls faced, 112 dismissals, strike rate 137.72, batting average 27.48."
batting,N Saini,"IPL batting stats for N Saini: 140 total runs, 141 balls faced, 10 dismissals, strike rate 99.29, batting average 14.00."
batting,N Sindhu,"IPL batting stats for N Sindhu: 63 total runs, 50 balls faced, 5 dismissals, strike rate 126.00, batting average 12.60."
batting,N Wadhera,"IPL batting stats for N Wadhera: 784 total runs, 560 balls faced, 33 dismissals, strike rate 140.00, batting average 23.76."
batting,ND Doshi,"IPL batting stats for ND Doshi: 0 total runs, 13 balls faced, 1 dismissals, strike rate 0.00, batting average 0.00."
batting,NJ Maddinson,"IPL batting stats for NJ Maddinson: 20 total runs, 21 balls faced, 3 dismissals, strike rate 95.24, batting average 6.67."
batting,NJ Rimmington,"IPL batting stats for NJ Rimmington: 1 total runs, 1 balls faced, 0 dismissals, strike rate 100.00, batting average Not available."
batting,NK Patel,"IPL batting stats for NK Patel: 121 total runs, 119 balls faced, 4 dismissals, strike rate 101.68, batting average 30.25."
batting,NL McCullum,"IPL batting stats for NL McCullum: 26 total runs, 22 balls faced, 1 dismissals, strike rate 118.18, batting average 26.00."
batting,NLTC Perera,"IPL batting stats for NLTC Perera: 422 total runs, 307 balls faced, 22 dismissals, strike rate 137.46, batting average 19.18."
batting,NM Coulter-Nile,"IPL batting stats for NM Coulter-Nile: 82 total runs, 72 balls faced, 11 dismissals, strike rate 113.89, batting average 7.45."
batting,NS Naik,"IPL batting stats for NS Naik: 31 total runs, 50 balls faced, 4 dismissals, strike rate 62.00, batting average 7.75."
batting,NT Ellis,"IPL batting stats for NT Ellis: 19 total runs, 25 balls faced, 4 dismissals, strike rate 76.00, batting average 4.75."
batting,NV Ojha,"IPL batting stats for NV Ojha: 1554 total runs, 1313 balls faced, 75 dismissals, strike rate 118.35, batting average 20.72."
batting,Naman Dhir,"IPL batting stats for Naman Dhir: 710 total runs, 433 balls faced, 26 dismissals, strike rate 163.97, batting average 27.31."
batting,Navdeep Saini,"IPL batting stats for Navdeep Saini: 33 total runs, 37 balls faced, 4 dismissals, strike rate 89.19, batting average 8.25."
batting,Naveen-ul-Haq,"IPL batting stats for Naveen-ul-Haq: 18 total runs, 25 balls faced, 1 dismissals, strike rate 72.00, batting average 18.00."
batting,Nithish Kumar Reddy,"IPL batting stats for Nithish Kumar Reddy: 787 total runs, 541 balls faced, 27 dismissals, strike rate 145.47, batting average 29.15."
batting,Noor Ahmad,"IPL batting stats for Noor Ahmad: 31 total runs, 58 balls faced, 11 dismissals, strike rate 53.45, batting average 2.82."
batting,OA Shah,"IPL batting stats for OA Shah: 506 total runs, 389 balls faced, 15 dismissals, strike rate 130.08, batting average 33.73."
batting,OC McCoy,"IPL batting stats for OC McCoy: 8 total runs, 5 balls faced, 1 dismissals, strike rate 160.00, batting average 8.00."
batting,OF Smith,"IPL batting stats for OF Smith: 51 total runs, 44 balls faced, 3 dismissals, strike rate 115.91, batting average 17.00."
batting,P Awana,"IPL batting stats for P Awana: 5 total runs, 14 balls faced, 2 dismissals, strike rate 35.71, batting average 2.50."
batting,P Chopra,"IPL batting stats for P Chopra: 8 total runs, 6 balls faced, 1 dismissals, strike rate 133.33, batting average 8.00."
batting,P Dogra,"IPL batting stats for P Dogra: 127 total runs, 138 balls faced, 11 dismissals, strike rate 92.03, batting average 11.55."
batting,P Dubey,"IPL batting stats for P Dubey: 23 total runs, 33 balls faced, 1 dismissals, strike rate 69.70, batting average 23.00."
batting,P Kumar,"IPL batting stats for P Kumar: 340 total runs, 314 balls faced, 38 dismissals, strike rate 108.28, batting average 8.95."
batting,P Negi,"IPL batting stats for P Negi: 365 total runs, 289 balls faced, 26 dismissals, strike rate 126.30, batting average 14.04."
batting,P Nissanka,"IPL batting stats for P Nissanka: 278 total runs, 175 balls faced, 10 dismissals, strike rate 158.86, batting average 27.80."
batting,P Parameswaran,"IPL batting stats for P Parameswaran: 1 total runs, 2 balls faced, 0 dismissals, strike rate 50.00, batting average Not available."
batting,P Ray Barman,"IPL batting stats for P Ray Barman: 19 total runs, 24 balls faced, 1 dismissals, strike rate 79.17, batting average 19.00."
batting,P Sahu,"IPL batting stats for P Sahu: 19 total runs, 13 balls faced, 1 dismissals, strike rate 146.15, batting average 19.00."
batting,P Simran Singh,"IPL batting stats for P Simran Singh: 1865 total runs, 1189 balls faced, 63 dismissals, strike rate 156.85, batting average 29.60."
batting,PA Patel,"IPL batting stats for PA Patel: 2848 total runs, 2358 balls faced, 126 dismissals, strike rate 120.78, batting average 22.60."
batting,PA Reddy,"IPL batting stats for PA Reddy: 164 total runs, 160 balls faced, 10 dismissals, strike rate 102.50, batting average 16.40."
batting,PBB Rajapaksa,"IPL batting stats for PBB Rajapaksa: 277 total runs, 191 balls faced, 13 dismissals, strike rate 145.03, batting average 21.31."
batting,PC Valthaty,"IPL batting stats for PC Valthaty: 505 total runs, 418 balls faced, 22 dismissals, strike rate 120.81, batting average 22.95."
batting,PD Collingwood,"IPL batting stats for PD Collingwood: 203 total runs, 156 balls faced, 5 dismissals, strike rate 130.13, batting average 40.60."
batting,PD Salt,"IPL batting stats for PD Salt: 1258 total runs, 721 balls faced, 37 dismissals, strike rate 174.48, batting average 34.00."
batting,PHKD Mendis,"IPL batting stats for PHKD Mendis: 92 total runs, 69 balls faced, 4 dismissals, strike rate 133.33, batting average 23.00."
batting,PJ Cummins,"IPL batting stats for PJ Cummins: 642 total runs, 421 balls faced, 33 dismissals, strike rate 152.49, batting average 19.45."
batting,PJ Sangwan,"IPL batting stats for PJ Sangwan: 26 total runs, 44 balls faced, 8 dismissals, strike rate 59.09, batting average 3.25."
batting,PK Garg,"IPL batting stats for PK Garg: 273 total runs, 241 balls faced, 18 dismissals, strike rate 113.28, batting average 15.17."
batting,PM Sarvesh Kumar,"IPL batting stats for PM Sarvesh Kumar: 1 total runs, 2 balls faced, 0 dismissals, strike rate 50.00, batting average Not available."
batting,PN Mankad,"IPL batting stats for PN Mankad: 97 total runs, 73 balls faced, 3 dismissals, strike rate 132.88, batting average 32.33."
batting,PP Chawla,"IPL batting stats for PP Chawla: 624 total runs, 563 balls faced, 56 dismissals, strike rate 110.83, batting average 11.14."
batting,PP Hinge,"IPL batting stats for PP Hinge: 3 total runs, 9 balls faced, 1 dismissals, strike rate 33.33, batting average 3.00."
batting,PP Ojha,"IPL batting stats for PP Ojha: 16 total runs, 45 balls faced, 12 dismissals, strike rate 35.56, batting average 1.33."
batting,PP Shaw,"IPL batting stats for PP Shaw: 1892 total runs, 1283 balls faced, 79 dismissals, strike rate 147.47, batting average 23.95."
batting,PR Shah,"IPL batting stats for PR Shah: 92 total runs, 91 balls faced, 8 dismissals, strike rate 101.10, batting average 11.50."
batting,PR Veer,"IPL batting stats for PR Veer: 90 total runs, 67 balls faced, 2 dismissals, strike rate 134.33, batting average 45.00."
batting,PSP Handscomb,"IPL batting stats for PSP Handscomb: 6 total runs, 12 balls faced, 1 dismissals, strike rate 50.00, batting average 6.00."
batting,PV Tambe,"IPL batting stats for PV Tambe: 18 total runs, 39 balls faced, 2 dismissals, strike rate 46.15, batting average 9.00."
batting,PVD Chameera,"IPL batting stats for PVD Chameera: 53 total runs, 45 balls faced, 4 dismissals, strike rate 117.78, batting average 13.25."
batting,PVSN Raju,"IPL batting stats for PVSN Raju: 1 total runs, 1 balls faced, 0 dismissals, strike rate 100.00, batting average Not available."
batting,PWA Mulder,"IPL batting stats for PWA Mulder: 9 total runs, 11 balls faced, 1 dismissals, strike rate 81.82, batting average 9.00."
batting,PWH de Silva,"IPL batting stats for PWH de Silva: 81 total runs, 88 balls faced, 15 dismissals, strike rate 92.05, batting average 5.40."
batting,Pankaj Singh,"IPL batting stats for Pankaj Singh: 7 total runs, 12 balls faced, 2 dismissals, strike rate 58.33, batting average 3.50."
batting,Parvez Rasool,"IPL batting stats for Parvez Rasool: 17 total runs, 20 balls faced, 2 dismissals, strike rate 85.00, batting average 8.50."
batting,Prince Yadav,"IPL batting stats for Prince Yadav: 5 total runs, 11 balls faced, 0 dismissals, strike rate 45.45, batting average Not available."
batting,Priyansh Arya,"IPL batting stats for Priyansh Arya: 909 total runs, 471 balls faced, 31 dismissals, strike rate 192.99, batting average 29.32."
batting,Q de Kock,"IPL batting stats for Q de Kock: 3441 total runs, 2550 balls faced, 110 dismissals, strike rate 134.94, batting average 31.28."
batting,R Ashwin,"IPL batting stats for R Ashwin: 833 total runs, 705 balls faced, 64 dismissals, strike rate 118.16, batting average 13.02."
batting,R Bhatia,"IPL batting stats for R Bhatia: 342 total runs, 284 balls faced, 30 dismissals, strike rate 120.42, batting average 11.40."
batting,R Bishnoi,"IPL batting stats for R Bishnoi: 19 total runs, 17 balls faced, 3 dismissals, strike rate 111.76, batting average 6.33."
batting,R Dhawan,"IPL batting stats for R Dhawan: 210 total runs, 187 balls faced, 11 dismissals, strike rate 112.30, batting average 19.09."
batting,R Dravid,"IPL batting stats for R Dravid: 2174 total runs, 1882 balls faced, 77 dismissals, strike rate 115.52, batting average 28.23."
batting,R McLaren,"IPL batting stats for R McLaren: 159 total runs, 171 balls faced, 8 dismissals, strike rate 92.98, batting average 19.88."
batting,R Minz,"IPL batting stats for R Minz: 12 total runs, 19 balls faced, 3 dismissals, strike rate 63.16, batting average 4.00."
batting,R Ninan,"IPL batting stats for R Ninan: 3 total runs, 6 balls faced, 1 dismissals, strike rate 50.00, batting average 3.00."
batting,R Parag,"IPL batting stats for R Parag: 1875 total runs, 1300 balls faced, 73 dismissals, strike rate 144.23, batting average 25.68."
batting,R Powell,"IPL batting stats for R Powell: 555 total runs, 390 balls faced, 25 dismissals, strike rate 142.31, batting average 22.20."
batting,R Rampaul,"IPL batting stats for R Rampaul: 51 total runs, 50 balls faced, 5 dismissals, strike rate 102.00, batting average 10.20."
batting,R Ravindra,"IPL batting stats for R Ravindra: 413 total runs, 287 balls faced, 17 dismissals, strike rate 143.90, batting average 24.29."
batting,R Sai Kishore,"IPL batting stats for R Sai Kishore: 18 total runs, 16 balls faced, 4 dismissals, strike rate 112.50, batting average 4.50."
batting,R Sanjay Yadav,"IPL batting stats for R Sanjay Yadav: 0 total runs, 2 balls faced, 1 dismissals, strike rate 0.00, batting average 0.00."
batting,R Sathish,"IPL batting stats for R Sathish: 270 total runs, 231 balls faced, 17 dismissals, strike rate 116.88, batting average 15.88."
batting,R Sharma,"IPL batting stats for R Sharma: 66 total runs, 75 balls faced, 14 dismissals, strike rate 88.00, batting average 4.71."
batting,R Shepherd,"IPL batting stats for R Shepherd: 268 total runs, 153 balls faced, 11 dismissals, strike rate 175.16, batting average 24.36."
batting,R Shukla,"IPL batting stats for R Shukla: 19 total runs, 23 balls faced, 1 dismissals, strike rate 82.61, batting average 19.00."
batting,R Smaran,"IPL batting stats for R Smaran: 19 total runs, 25 balls faced, 3 dismissals, strike rate 76.00, batting average 6.33."
batting,R Tewatia,"IPL batting stats for R Tewatia: 1302 total runs, 943 balls faced, 55 dismissals, strike rate 138.07, batting average 23.67."
batting,R Vinay Kumar,"IPL batting stats for R Vinay Kumar: 310 total runs, 274 balls faced, 28 dismissals, strike rate 113.14, batting average 11.07."
batting,RA Bawa,"IPL batting stats for RA Bawa: 35 total runs, 32 balls faced, 3 dismissals, strike rate 109.38, batting average 11.67."
batting,RA Jadeja,"IPL batting stats for RA Jadeja: 3526 total runs, 2699 balls faced, 121 dismissals, strike rate 130.64, batting average 29.14."
batting,RA Tripathi,"IPL batting stats for RA Tripathi: 2291 total runs, 1662 balls faced, 88 dismissals, strike rate 137.85, batting average 26.03."
batting,RD Chahar,"IPL batting stats for RD Chahar: 129 total runs, 124 balls faced, 16 dismissals, strike rate 104.03, batting average 8.06."
batting,RD Gaikwad,"IPL batting stats for RD Gaikwad: 2839 total runs, 2093 balls faced, 74 dismissals, strike rate 135.64, batting average 38.36."
batting,RD Rickelton,"IPL batting stats for RD Rickelton: 836 total runs, 497 balls faced, 24 dismissals, strike rate 168.21, batting average 34.83."
batting,RE Levi,"IPL batting stats for RE Levi: 83 total runs, 73 balls faced, 6 dismissals, strike rate 113.70, batting average 13.83."
batting,RE van der Merwe,"IPL batting stats for RE van der Merwe: 159 total runs, 141 balls faced, 11 dismissals, strike rate 112.77, batting average 14.45."
batting,RG More,"IPL batting stats for RG More: 2 total runs, 2 balls faced, 0 dismissals, strike rate 100.00, batting average Not available."
batting,RG Sharma,"IPL batting stats for RG Sharma: 7329 total runs, 5514 balls faced, 246 dismissals, strike rate 132.92, batting average 29.79."
batting,RJ Gleeson,"IPL batting stats for RJ Gleeson: 2 total runs, 2 balls faced, 0 dismissals, strike rate 100.00, batting average Not available."
batting,RJ Harris,"IPL batting stats for RJ Harris: 117 total runs, 112 balls faced, 12 dismissals, strike rate 104.46, batting average 9.75."
batting,RJ Peterson,"IPL batting stats for RJ Peterson: 32 total runs, 30 balls faced, 3 dismissals, strike rate 106.67, batting average 10.67."
batting,RJ Quiney,"IPL batting stats for RJ Quiney: 103 total runs, 102 balls faced, 7 dismissals, strike rate 100.98, batting average 14.71."
batting,RJW Topley,"IPL batting stats for RJW Topley: 3 total runs, 6 balls faced, 0 dismissals, strike rate 50.00, batting average Not available."
batting,RK Bhui,"IPL batting stats for RK Bhui: 10 total runs, 26 balls faced, 4 dismissals, strike rate 38.46, batting average 2.50."
batting,RK Singh,"IPL batting stats for RK Singh: 1394 total runs, 955 balls faced, 41 dismissals, strike rate 145.97, batting average 34.00."
batting,RM Patidar,"IPL batting stats for RM Patidar: 1612 total runs, 980 balls faced, 48 dismissals, strike rate 164.49, batting average 33.58."
batting,RN ten Doeschate,"IPL batting stats for RN ten Doeschate: 326 total runs, 235 balls faced, 14 dismissals, strike rate 138.72, batting average 23.29."
batting,RP Meredith,"IPL batting stats for RP Meredith: 0 total runs, 3 balls faced, 0 dismissals, strike rate 0.00, batting average Not available."
batting,RP Singh,"IPL batting stats for RP Singh: 52 total runs, 76 balls faced, 15 dismissals, strike rate 68.42, batting average 3.47."
batting,RR Bhatkal,"IPL batting stats for RR Bhatkal: 0 total runs, 2 balls faced, 1 dismissals, strike rate 0.00, batting average 0.00."
batting,RR Pant,"IPL batting stats for RR Pant: 3865 total runs, 2633 balls faced, 115 dismissals, strike rate 146.79, batting average 33.61."
batting,RR Powar,"IPL batting stats for RR Powar: 67 total runs, 64 balls faced, 3 dismissals, strike rate 104.69, batting average 22.33."
batting,RR Raje,"IPL batting stats for RR Raje: 20 total runs, 18 balls faced, 1 dismissals, strike rate 111.11, batting average 20.00."
batting,RR Rossouw,"IPL batting stats for RR Rossouw: 473 total runs, 308 balls faced, 20 dismissals, strike rate 153.57, batting average 23.65."
batting,RR Sarwan,"IPL batting stats for RR Sarwan: 73 total runs, 75 balls faced, 4 dismissals, strike rate 97.33, batting average 18.25."
batting,RS Bopara,"IPL batting stats for RS Bopara: 531 total runs, 453 balls faced, 18 dismissals, strike rate 117.22, batting average 29.50."
batting,RS Gavaskar,"IPL batting stats for RS Gavaskar: 2 total runs, 8 balls faced, 1 dismissals, strike rate 25.00, batting average 2.00."
batting,RS Sodhi,"IPL batting stats for RS Sodhi: 4 total runs, 2 balls faced, 0 dismissals, strike rate 200.00, batting average Not available."
batting,RT Ponting,"IPL batting stats for RT Ponting: 91 total runs, 128 balls faced, 9 dismissals, strike rate 71.09, batting average 10.11."
batting,RV Gomez,"IPL batting stats for RV Gomez: 50 total runs, 51 balls faced, 5 dismissals, strike rate 98.04, batting average 10.00."
batting,RV Patel,"IPL batting stats for RV Patel: 80 total runs, 73 balls faced, 5 dismissals, strike rate 109.59, batting average 16.00."
batting,RV Uthappa,"IPL batting stats for RV Uthappa: 4952 total runs, 3799 balls faced, 180 dismissals, strike rate 130.35, batting average 27.51."
batting,Rahmanullah Gurbaz,"IPL batting stats for Rahmanullah Gurbaz: 363 total runs, 269 balls faced, 17 dismissals, strike rate 134.94, batting average 21.35."
batting,Ramandeep Singh,"IPL batting stats for Ramandeep Singh: 299 total runs, 205 balls faced, 16 dismissals, strike rate 145.85, batting average 18.69."
batting,Rashid Khan,"IPL batting stats for Rashid Khan: 635 total runs, 406 balls faced, 46 dismissals, strike rate 156.40, batting average 13.80."
batting,Rasikh Salam,"IPL batting stats for Rasikh Salam: 43 total runs, 42 balls faced, 5 dismissals, strike rate 102.38, batting average 8.60."
batting,Ravi Bishnoi,"IPL batting stats for Ravi Bishnoi: 45 total runs, 69 balls faced, 12 dismissals, strike rate 65.22, batting average 3.75."
batting,Ravi Singh,"IPL batting stats for Ravi Singh: 4 total runs, 2 balls faced, 1 dismissals, strike rate 200.00, batting average 4.00."
batting,S Anirudha,"IPL batting stats for S Anirudha: 136 total runs, 113 balls faced, 8 dismissals, strike rate 120.35, batting average 17.00."
batting,S Aravind,"IPL batting stats for S Aravind: 59 total runs, 57 balls faced, 4 dismissals, strike rate 103.51, batting average 14.75."
batting,S Arora,"IPL batting stats for S Arora: 121 total runs, 77 balls faced, 6 dismissals, strike rate 157.14, batting average 20.17."
batting,S Badree,"IPL batting stats for S Badree: 13 total runs, 23 balls faced, 5 dismissals, strike rate 56.52, batting average 2.60."
batting,S Badrinath,"IPL batting stats for S Badrinath: 1441 total runs, 1212 balls faced, 47 dismissals, strike rate 118.89, batting average 30.66."
batting,S Chanderpaul,"IPL batting stats for S Chanderpaul: 25 total runs, 31 balls faced, 3 dismissals, strike rate 80.65, batting average 8.33."
batting,S Dhawan,"IPL batting stats for S Dhawan: 6769 total runs, 5324 balls faced, 193 dismissals, strike rate 127.14, batting average 35.07."
batting,S Dube,"IPL batting stats for S Dube: 2129 total runs, 1464 balls faced, 68 dismissals, strike rate 145.42, batting average 31.31."
batting,S Gopal,"IPL batting stats for S Gopal: 180 total runs, 169 balls faced, 14 dismissals, strike rate 106.51, batting average 12.86."
batting,S Kaul,"IPL batting stats for S Kaul: 20 total runs, 36 balls faced, 4 dismissals, strike rate 55.56, batting average 5.00."
batting,S Kaushik,"IPL batting stats for S Kaushik: 0 total runs, 1 balls faced, 1 dismissals, strike rate 0.00, batting average 0.00."
batting,S Ladda,"IPL batting stats for S Ladda: 0 total runs, 9 balls faced, 1 dismissals, strike rate 0.00, batting average 0.00."
batting,S Lamichhane,"IPL batting stats for S Lamichhane: 0 total runs, 1 balls faced, 1 dismissals, strike rate 0.00, batting average 0.00."
batting,S Nadeem,"IPL batting stats for S Nadeem: 39 total runs, 87 balls faced, 14 dismissals, strike rate 44.83, batting average 2.79."
batting,S Narwal,"IPL batting stats for S Narwal: 37 total runs, 27 balls faced, 3 dismissals, strike rate 137.04, batting average 12.33."
batting,S Rana,"IPL batting stats for S Rana: 91 total runs, 81 balls faced, 4 dismissals, strike rate 112.35, batting average 22.75."
batting,S Randiv,"IPL batting stats for S Randiv: 2 total runs, 4 balls faced, 1 dismissals, strike rate 50.00, batting average 2.00."
batting,S Sohal,"IPL batting stats for S Sohal: 368 total runs, 292 balls faced, 20 dismissals, strike rate 126.03, batting average 18.40."
batting,S Sreesanth,"IPL batting stats for S Sreesanth: 34 total runs, 55 balls faced, 4 dismissals, strike rate 61.82, batting average 8.50."
batting,S Sriram,"IPL batting stats for S Sriram: 31 total runs, 36 balls faced, 2 dismissals, strike rate 86.11, batting average 15.50."
batting,S Tyagi,"IPL batting stats for S Tyagi: 3 total runs, 4 balls faced, 1 dismissals, strike rate 75.00, batting average 3.00."
batting,S Vidyut,"IPL batting stats for S Vidyut: 145 total runs, 109 balls faced, 8 dismissals, strike rate 133.03, batting average 18.12."
batting,SA Abbott,"IPL batting stats for SA Abbott: 22 total runs, 18 balls faced, 3 dismissals, strike rate 122.22, batting average 7.33."
batting,SA Asnodkar,"IPL batting stats for SA Asnodkar: 423 total runs, 339 balls faced, 20 dismissals, strike rate 124.78, batting average 21.15."
batting,SA Yadav,"IPL batting stats for SA Yadav: 4581 total runs, 3083 balls faced, 136 dismissals, strike rate 148.59, batting average 33.68."
batting,SB Bangar,"IPL batting stats for SB Bangar: 49 total runs, 58 balls faced, 7 dismissals, strike rate 84.48, batting average 7.00."
batting,SB Dubey,"IPL batting stats for SB Dubey: 220 total runs, 143 balls faced, 10 dismissals, strike rate 153.85, batting average 22.00."
batting,SB Jakati,"IPL batting stats for SB Jakati: 28 total runs, 29 balls faced, 1 dismissals, strike rate 96.55, batting average 28.00."
batting,SB Joshi,"IPL batting stats for SB Joshi: 6 total runs, 14 balls faced, 2 dismissals, strike rate 42.86, batting average 3.00."
batting,SB Styris,"IPL batting stats for SB Styris: 131 total runs, 133 balls faced, 7 dismissals, strike rate 98.50, batting average 18.71."
batting,SB Wagh,"IPL batting stats for SB Wagh: 2 total runs, 3 balls faced, 2 dismissals, strike rate 66.67, batting average 1.00."
batting,SC Ganguly,"IPL batting stats for SC Ganguly: 1349 total runs, 1263 balls faced, 53 dismissals, strike rate 106.81, batting average 25.45."
batting,SD Chitnis,"IPL batting stats for SD Chitnis: 99 total runs, 89 balls faced, 7 dismissals, strike rate 111.24, batting average 14.14."
batting,SD Hope,"IPL batting stats for SD Hope: 183 total runs, 122 balls faced, 8 dismissals, strike rate 150.00, batting average 22.88."
batting,SD Lad,"IPL batting stats for SD Lad: 15 total runs, 13 balls faced, 1 dismissals, strike rate 115.38, batting average 15.00."
batting,SE Bond,"IPL batting stats for SE Bond: 1 total runs, 2 balls faced, 1 dismissals, strike rate 50.00, batting average 1.00."
batting,SE Marsh,"IPL batting stats for SE Marsh: 2477 total runs, 1866 balls faced, 62 dismissals, strike rate 132.74, batting average 39.95."
batting,SE Rutherford,"IPL batting stats for SE Rutherford: 520 total runs, 364 balls faced, 21 dismissals, strike rate 142.86, batting average 24.76."
batting,SH Johnson,"IPL batting stats for SH Johnson: 8 total runs, 12 balls faced, 1 dismissals, strike rate 66.67, batting average 8.00."
batting,SJ Srivastava,"IPL batting stats for SJ Srivastava: 5 total runs, 5 balls faced, 1 dismissals, strike rate 100.00, batting average 5.00."
batting,SK Raina,"IPL batting stats for SK Raina: 5528 total runs, 4043 balls faced, 170 dismissals, strike rate 136.73, batting average 32.52."
batting,SK Rasheed,"IPL batting stats for SK Rasheed: 71 total runs, 63 balls faced, 5 dismissals, strike rate 112.70, batting average 14.20."
batting,SK Trivedi,"IPL batting stats for SK Trivedi: 42 total runs, 59 balls faced, 7 dismissals, strike rate 71.19, batting average 6.00."
batting,SK Warne,"IPL batting stats for SK Warne: 198 total runs, 214 balls faced, 20 dismissals, strike rate 92.52, batting average 9.90."
batting,SL Malinga,"IPL batting stats for SL Malinga: 88 total runs, 99 balls faced, 16 dismissals, strike rate 88.89, batting average 5.50."
batting,SM Curran,"IPL batting stats for SM Curran: 997 total runs, 731 balls faced, 40 dismissals, strike rate 136.39, batting average 24.92."
batting,SM Harwood,"IPL batting stats for SM Harwood: 9 total runs, 14 balls faced, 0 dismissals, strike rate 64.29, batting average Not available."
batting,SM Katich,"IPL batting stats for SM Katich: 241 total runs, 186 balls faced, 10 dismissals, strike rate 129.57, batting average 24.10."
batting,SM Pollock,"IPL batting stats for SM Pollock: 147 total runs, 111 balls faced, 8 dismissals, strike rate 132.43, batting average 18.38."
batting,SMSM Senanayake,"IPL batting stats for SMSM Senanayake: 10 total runs, 17 balls faced, 1 dismissals, strike rate 58.82, batting average 10.00."
batting,SN Khan,"IPL batting stats for SN Khan: 746 total runs, 543 balls faced, 33 dismissals, strike rate 137.38, batting average 22.61."
batting,SN Thakur,"IPL batting stats for SN Thakur: 349 total runs, 263 balls faced, 30 dismissals, strike rate 132.70, batting average 11.63."
batting,SO Hetmyer,"IPL batting stats for SO Hetmyer: 1560 total runs, 1045 balls faced, 57 dismissals, strike rate 149.28, batting average 27.37."
batting,SP Fleming,"IPL batting stats for SP Fleming: 196 total runs, 165 balls faced, 9 dismissals, strike rate 118.79, batting average 21.78."
batting,SP Goswami,"IPL batting stats for SP Goswami: 293 total runs, 295 balls faced, 20 dismissals, strike rate 99.32, batting average 14.65."
batting,SP Jackson,"IPL batting stats for SP Jackson: 61 total runs, 57 balls faced, 6 dismissals, strike rate 107.02, batting average 10.17."
batting,SP Narine,"IPL batting stats for SP Narine: 1820 total runs, 1101 balls faced, 104 dismissals, strike rate 165.30, batting average 17.50."
batting,SPD Smith,"IPL batting stats for SPD Smith: 2485 total runs, 1940 balls faced, 72 dismissals, strike rate 128.09, batting average 34.51."
batting,SR Dubey,"IPL batting stats for SR Dubey: 4 total runs, 2 balls faced, 0 dismissals, strike rate 200.00, batting average Not available."
batting,SR Tendulkar,"IPL batting stats for SR Tendulkar: 2334 total runs, 1948 balls faced, 69 dismissals, strike rate 119.82, batting average 33.83."
batting,SR Watson,"IPL batting stats for SR Watson: 3874 total runs, 2809 balls faced, 125 dismissals, strike rate 137.91, batting average 30.99."
batting,SS Cottrell,"IPL batting stats for SS Cottrell: 0 total runs, 2 balls faced, 1 dismissals, strike rate 0.00, batting average 0.00."
batting,SS Iyer,"IPL batting stats for SS Iyer: 4229 total runs, 3093 balls faced, 118 dismissals, strike rate 136.73, batting average 35.84."
batting,SS Mishra,"IPL batting stats for SS Mishra: 1 total runs, 3 balls faced, 0 dismissals, strike rate 33.33, batting average Not available."
batting,SS Prabhudessai,"IPL batting stats for SS Prabhudessai: 126 total runs, 106 balls faced, 10 dismissals, strike rate 118.87, batting average 12.60."
batting,SS Shaikh,"IPL batting stats for SS Shaikh: 6 total runs, 7 balls faced, 1 dismissals, strike rate 85.71, batting average 6.00."
batting,SS Tiwary,"IPL batting stats for SS Tiwary: 1494 total runs, 1244 balls faced, 52 dismissals, strike rate 120.10, batting average 28.73."
batting,ST Jayasuriya,"IPL batting stats for ST Jayasuriya: 768 total runs, 532 balls faced, 28 dismissals, strike rate 144.36, batting average 27.43."
batting,STR Binny,"IPL batting stats for STR Binny: 880 total runs, 683 balls faced, 46 dismissals, strike rate 128.84, batting average 19.13."
batting,SU Parakh,"IPL batting stats for SU Parakh: 46 total runs, 33 balls faced, 4 dismissals, strike rate 139.39, batting average 11.50."
batting,SV Samson,"IPL batting stats for SV Samson: 5181 total runs, 3671 balls faced, 164 dismissals, strike rate 141.13, batting average 31.59."
batting,SW Billings,"IPL batting stats for SW Billings: 503 total runs, 388 balls faced, 26 dismissals, strike rate 129.64, batting average 19.35."
batting,SW Tait,"IPL batting stats for SW Tait: 23 total runs, 26 balls faced, 3 dismissals, strike rate 88.46, batting average 7.67."
batting,SZ Mulani,"IPL batting stats for SZ Mulani: 1 total runs, 1 balls faced, 0 dismissals, strike rate 100.00, batting average Not available."
batting,Sachin Baby,"IPL batting stats for Sachin Baby: 144 total runs, 118 balls faced, 9 dismissals, strike rate 122.03, batting average 16.00."
batting,Sakib Hussain,"IPL batting stats for Sakib Hussain: 5 total runs, 7 balls faced, 0 dismissals, strike rate 71.43, batting average Not available."
batting,Salil Arora,"IPL batting stats for Salil Arora: 35 total runs, 21 balls faced, 1 dismissals, strike rate 166.67, batting average 35.00."
batting,Salman Butt,"IPL batting stats for Salman Butt: 193 total runs, 161 balls faced, 7 dismissals, strike rate 119.88, batting average 27.57."
batting,Sameer Rizvi,"IPL batting stats for Sameer Rizvi: 424 total runs, 293 balls faced, 14 dismissals, strike rate 144.71, batting average 30.29."
batting,Sandeep Sharma,"IPL batting stats for Sandeep Sharma: 60 total runs, 75 balls faced, 6 dismissals, strike rate 80.00, batting average 10.00."
batting,Sanvir Singh,"IPL batting stats for Sanvir Singh: 25 total runs, 21 balls faced, 2 dismissals, strike rate 119.05, batting average 12.50."
batting,Saurav Chauhan,"IPL batting stats for Saurav Chauhan: 18 total runs, 15 balls faced, 3 dismissals, strike rate 120.00, batting average 6.00."
batting,Sediqullah Atal,"IPL batting stats for Sediqullah Atal: 22 total runs, 16 balls faced, 1 dismissals, strike rate 137.50, batting average 22.00."
batting,Shahbaz Ahmed,"IPL batting stats for Shahbaz Ahmed: 603 total runs, 489 balls faced, 29 dismissals, strike rate 123.31, batting average 20.79."
batting,Shahid Afridi,"IPL batting stats for Shahid Afridi: 81 total runs, 46 balls faced, 8 dismissals, strike rate 176.09, batting average 10.12."
batting,Shakib Al Hasan,"IPL batting stats for Shakib Al Hasan: 793 total runs, 637 balls faced, 40 dismissals, strike rate 124.49, batting average 19.82."
batting,Shashank Singh,"IPL batting stats for Shashank Singh: 905 total runs, 560 balls faced, 25 dismissals, strike rate 161.61, batting average 36.20."
batting,Shivam Mavi,"IPL batting stats for Shivam Mavi: 51 total runs, 56 balls faced, 9 dismissals, strike rate 91.07, batting average 5.67."
batting,Shivam Sharma,"IPL batting stats for Shivam Sharma: 5 total runs, 3 balls faced, 1 dismissals, strike rate 166.67, batting average 5.00."
batting,Shivam Singh,"IPL batting stats for Shivam Singh: 2 total runs, 3 balls faced, 0 dismissals, strike rate 66.67, batting average Not available."
batting,Shivang Kumar,"IPL batting stats for Shivang Kumar: 53 total runs, 46 balls faced, 6 dismissals, strike rate 115.22, batting average 8.83."
batting,Shoaib Ahmed,"IPL batting stats for Shoaib Ahmed: 1 total runs, 6 balls faced, 2 dismissals, strike rate 16.67, batting average 0.50."
batting,Shoaib Akhtar,"IPL batting stats for Shoaib Akhtar: 2 total runs, 7 balls faced, 1 dismissals, strike rate 28.57, batting average 2.00."
batting,Shoaib Malik,"IPL batting stats for Shoaib Malik: 52 total runs, 47 balls faced, 4 dismissals, strike rate 110.64, batting average 13.00."
batting,Shubman Gill,"IPL batting stats for Shubman Gill: 4598 total runs, 3236 balls faced, 114 dismissals, strike rate 142.09, batting average 40.33."
batting,Sikandar Raza,"IPL batting stats for Sikandar Raza: 182 total runs, 136 balls faced, 7 dismissals, strike rate 133.82, batting average 26.00."
batting,Simarjeet Singh,"IPL batting stats for Simarjeet Singh: 10 total runs, 15 balls faced, 3 dismissals, strike rate 66.67, batting average 3.33."
batting,Sohail Tanvir,"IPL batting stats for Sohail Tanvir: 36 total runs, 29 balls faced, 3 dismissals, strike rate 124.14, batting average 12.00."
batting,Sumit Kumar,"IPL batting stats for Sumit Kumar: 18 total runs, 24 balls faced, 2 dismissals, strike rate 75.00, batting average 9.00."
batting,Sunny Gupta,"IPL batting stats for Sunny Gupta: 0 total runs, 1 balls faced, 1 dismissals, strike rate 0.00, batting average 0.00."
batting,Sunny Singh,"IPL batting stats for Sunny Singh: 43 total runs, 31 balls faced, 4 dismissals, strike rate 138.71, batting average 10.75."
batting,Suryansh Shedge,"IPL batting stats for Suryansh Shedge: 165 total runs, 101 balls faced, 7 dismissals, strike rate 163.37, batting average 23.57."
batting,Swapnil Singh,"IPL batting stats for Swapnil Singh: 51 total runs, 45 balls faced, 5 dismissals, strike rate 113.33, batting average 10.20."
batting,T Banton,"IPL batting stats for T Banton: 18 total runs, 20 balls faced, 2 dismissals, strike rate 90.00, batting average 9.00."
batting,T Dahiya,"IPL batting stats for T Dahiya: 12 total runs, 15 balls faced, 2 dismissals, strike rate 80.00, batting average 6.00."
batting,T Henderson,"IPL batting stats for T Henderson: 11 total runs, 16 balls faced, 2 dismissals, strike rate 68.75, batting average 5.50."
batting,T Kohler-Cadmore,"IPL batting stats for T Kohler-Cadmore: 48 total runs, 54 balls faced, 3 dismissals, strike rate 88.89, batting average 16.00."
batting,T Kohli,"IPL batting stats for T Kohli: 11 total runs, 19 balls faced, 3 dismissals, strike rate 57.89, batting average 3.67."
batting,T Natarajan,"IPL batting stats for T Natarajan: 4 total runs, 7 balls faced, 0 dismissals, strike rate 57.14, batting average Not available."
batting,T Shamsi,"IPL batting stats for T Shamsi: 2 total runs, 4 balls faced, 0 dismissals, strike rate 50.00, batting average Not available."
batting,T Stubbs,"IPL batting stats for T Stubbs: 980 total runs, 648 balls faced, 25 dismissals, strike rate 151.23, batting average 39.20."
batting,T Taibu,"IPL batting stats for T Taibu: 31 total runs, 26 balls faced, 3 dismissals, strike rate 119.23, batting average 10.33."
batting,T Thushara,"IPL batting stats for T Thushara: 12 total runs, 18 balls faced, 2 dismissals, strike rate 66.67, batting average 6.00."
batting,TA Boult,"IPL batting stats for TA Boult: 93 total runs, 85 balls faced, 10 dismissals, strike rate 109.41, batting average 9.30."
batting,TD Paine,"IPL batting stats for TD Paine: 10 total runs, 26 balls faced, 2 dismissals, strike rate 38.46, batting average 5.00."
batting,TG Southee,"IPL batting stats for TG Southee: 120 total runs, 107 balls faced, 13 dismissals, strike rate 112.15, batting average 9.23."
batting,TH David,"IPL batting stats for TH David: 1151 total runs, 650 balls faced, 35 dismissals, strike rate 177.08, batting average 32.89."
batting,TK Curran,"IPL batting stats for TK Curran: 127 total runs, 107 balls faced, 5 dismissals, strike rate 118.69, batting average 25.40."
batting,TL Seifert,"IPL batting stats for TL Seifert: 45 total runs, 41 balls faced, 6 dismissals, strike rate 109.76, batting average 7.50."
batting,TL Suman,"IPL batting stats for TL Suman: 676 total runs, 575 balls faced, 32 dismissals, strike rate 117.57, batting average 21.12."
batting,TM Dilshan,"IPL batting stats for TM Dilshan: 1153 total runs, 1007 balls faced, 43 dismissals, strike rate 114.50, batting average 26.81."
batting,TM Head,"IPL batting stats for TM Head: 1556 total runs, 915 balls faced, 48 dismissals, strike rate 170.05, batting average 32.42."
batting,TM Srivastava,"IPL batting stats for TM Srivastava: 8 total runs, 11 balls faced, 1 dismissals, strike rate 72.73, batting average 8.00."
batting,TR Birt,"IPL batting stats for TR Birt: 75 total runs, 58 balls faced, 5 dismissals, strike rate 129.31, batting average 15.00."
batting,TS Mills,"IPL batting stats for TS Mills: 8 total runs, 14 balls faced, 4 dismissals, strike rate 57.14, batting average 2.00."
batting,TU Deshpande,"IPL batting stats for TU Deshpande: 54 total runs, 36 balls faced, 4 dismissals, strike rate 150.00, batting average 13.50."
batting,Tanush Kotian,"IPL batting stats for Tanush Kotian: 24 total runs, 31 balls faced, 1 dismissals, strike rate 77.42, batting average 24.00."
batting,Tilak Varma,"IPL batting stats for Tilak Varma: 1858 total runs, 1284 balls faced, 52 dismissals, strike rate 144.70, batting average 35.73."
batting,U Kaul,"IPL batting stats for U Kaul: 0 total runs, 1 balls faced, 0 dismissals, strike rate 0.00, batting average Not available."
batting,UA Birla,"IPL batting stats for UA Birla: 7 total runs, 14 balls faced, 1 dismissals, strike rate 50.00, batting average 7.00."
batting,UBT Chand,"IPL batting stats for UBT Chand: 300 total runs, 300 balls faced, 20 dismissals, strike rate 100.00, batting average 15.00."
batting,UT Khawaja,"IPL batting stats for UT Khawaja: 127 total runs, 100 balls faced, 6 dismissals, strike rate 127.00, batting average 21.17."
batting,UT Yadav,"IPL batting stats for UT Yadav: 208 total runs, 201 balls faced, 21 dismissals, strike rate 103.48, batting average 9.90."
batting,Umar Gul,"IPL batting stats for Umar Gul: 39 total runs, 19 balls faced, 3 dismissals, strike rate 205.26, batting average 13.00."
batting,Umran Malik,"IPL batting stats for Umran Malik: 23 total runs, 16 balls faced, 2 dismissals, strike rate 143.75, batting average 11.50."
batting,Urvil Patel,"IPL batting stats for Urvil Patel: 197 total runs, 96 balls faced, 10 dismissals, strike rate 205.21, batting average 19.70."
batting,V Kohli,"IPL batting stats for V Kohli: 9336 total runs, 6926 balls faced, 231 dismissals, strike rate 134.80, batting average 40.42."
batting,V Nigam,"IPL batting stats for V Nigam: 157 total runs, 89 balls faced, 8 dismissals, strike rate 176.40, batting average 19.62."
batting,V Pratap Singh,"IPL batting stats for V Pratap Singh: 0 total runs, 1 balls faced, 1 dismissals, strike rate 0.00, batting average 0.00."
batting,V Sehwag,"IPL batting stats for V Sehwag: 2728 total runs, 1755 balls faced, 99 dismissals, strike rate 155.44, batting average 27.56."
batting,V Shankar,"IPL batting stats for V Shankar: 1233 total runs, 950 balls faced, 47 dismissals, strike rate 129.79, batting average 26.23."
batting,V Suryavanshi,"IPL batting stats for V Suryavanshi: 1028 total runs, 449 balls faced, 23 dismissals, strike rate 228.95, batting average 44.70."
batting,V Viyaskanth,"IPL batting stats for V Viyaskanth: 7 total runs, 5 balls faced, 0 dismissals, strike rate 140.00, batting average Not available."
batting,VG Arora,"IPL batting stats for VG Arora: 10 total runs, 27 balls faced, 4 dismissals, strike rate 37.04, batting average 2.50."
batting,VH Zol,"IPL batting stats for VH Zol: 29 total runs, 26 balls faced, 2 dismissals, strike rate 111.54, batting average 14.50."
batting,VR Aaron,"IPL batting stats for VR Aaron: 50 total runs, 72 balls faced, 5 dismissals, strike rate 69.44, batting average 10.00."
batting,VR Iyer,"IPL batting stats for VR Iyer: 1677 total runs, 1181 balls faced, 53 dismissals, strike rate 142.00, batting average 31.64."
batting,VRV Singh,"IPL batting stats for VRV Singh: 4 total runs, 3 balls faced, 2 dismissals, strike rate 133.33, batting average 2.00."
batting,VS Malik,"IPL batting stats for VS Malik: 7 total runs, 7 balls faced, 1 dismissals, strike rate 100.00, batting average 7.00."
batting,VS Yeligati,"IPL batting stats for VS Yeligati: 2 total runs, 2 balls faced, 1 dismissals, strike rate 100.00, batting average 2.00."
batting,VVS Laxman,"IPL batting stats for VVS Laxman: 282 total runs, 267 balls faced, 19 dismissals, strike rate 105.62, batting average 14.84."
batting,VY Mahesh,"IPL batting stats for VY Mahesh: 15 total runs, 27 balls faced, 2 dismissals, strike rate 55.56, batting average 7.50."
batting,Vijaykumar Vyshak,"IPL batting stats for Vijaykumar Vyshak: 16 total runs, 16 balls faced, 2 dismissals, strike rate 100.00, batting average 8.00."
batting,Virat Singh,"IPL batting stats for Virat Singh: 15 total runs, 26 balls faced, 2 dismissals, strike rate 57.69, batting average 7.50."
batting,Vishnu Vinod,"IPL batting stats for Vishnu Vinod: 71 total runs, 65 balls faced, 6 dismissals, strike rate 109.23, batting average 11.83."
batting,Vivrant Sharma,"IPL batting stats for Vivrant Sharma: 69 total runs, 47 balls faced, 1 dismissals, strike rate 146.81, batting average 69.00."
batting,W Jaffer,"IPL batting stats for W Jaffer: 130 total runs, 121 balls faced, 8 dismissals, strike rate 107.44, batting average 16.25."
batting,WA Mota,"IPL batting stats for WA Mota: 56 total runs, 75 balls faced, 6 dismissals, strike rate 74.67, batting average 9.33."
batting,WD Parnell,"IPL batting stats for WD Parnell: 65 total runs, 80 balls faced, 10 dismissals, strike rate 81.25, batting average 6.50."
batting,WG Jacks,"IPL batting stats for WG Jacks: 602 total runs, 379 balls faced, 22 dismissals, strike rate 158.84, batting average 27.36."
batting,WP Saha,"IPL batting stats for WP Saha: 2934 total runs, 2300 balls faced, 121 dismissals, strike rate 127.57, batting average 24.25."
batting,WPUJC Vaas,"IPL batting stats for WPUJC Vaas: 81 total runs, 73 balls faced, 8 dismissals, strike rate 110.96, batting average 10.12."
batting,Washington Sundar,"IPL batting stats for Washington Sundar: 888 total runs, 656 balls faced, 43 dismissals, strike rate 135.37, batting average 20.65."
batting,X Thalaivan Sargunam,"IPL batting stats for X Thalaivan Sargunam: 10 total runs, 17 balls faced, 1 dismissals, strike rate 58.82, batting average 10.00."
batting,XC Bartlett,"IPL batting stats for XC Bartlett: 40 total runs, 28 balls faced, 2 dismissals, strike rate 142.86, batting average 20.00."
batting,Y Gnaneswara Rao,"IPL batting stats for Y Gnaneswara Rao: 19 total runs, 17 balls faced, 1 dismissals, strike rate 111.76, batting average 19.00."
batting,Y Nagar,"IPL batting stats for Y Nagar: 285 total runs, 259 balls faced, 14 dismissals, strike rate 110.04, batting average 20.36."
batting,Y Prithvi Raj,"IPL batting stats for Y Prithvi Raj: 0 total runs, 1 balls faced, 0 dismissals, strike rate 0.00, batting average Not available."
batting,Y Venugopal Rao,"IPL batting stats for Y Venugopal Rao: 985 total runs, 836 balls faced, 44 dismissals, strike rate 117.82, batting average 22.39."
batting,YA Abdulla,"IPL batting stats for YA Abdulla: 0 total runs, 1 balls faced, 0 dismissals, strike rate 0.00, batting average Not available."
batting,YBK Jaiswal,"IPL batting stats for YBK Jaiswal: 2593 total runs, 1697 balls faced, 77 dismissals, strike rate 152.80, batting average 33.68."
batting,YK Pathan,"IPL batting stats for YK Pathan: 3204 total runs, 2241 balls faced, 110 dismissals, strike rate 142.97, batting average 29.13."
batting,YS Chahal,"IPL batting stats for YS Chahal: 37 total runs, 86 balls faced, 7 dismissals, strike rate 43.02, batting average 5.29."
batting,YV Dhull,"IPL batting stats for YV Dhull: 16 total runs, 23 balls faced, 3 dismissals, strike rate 69.57, batting average 5.33."
batting,YV Takawale,"IPL batting stats for YV Takawale: 192 total runs, 178 balls faced, 8 dismissals, strike rate 107.87, batting average 24.00."
batting,Yash Dayal,"IPL batting stats for Yash Dayal: 4 total runs, 9 balls faced, 3 dismissals, strike rate 44.44, batting average 1.33."
batting,Yashpal Singh,"IPL batting stats for Yashpal Singh: 47 total runs, 66 balls faced, 4 dismissals, strike rate 71.21, batting average 11.75."
batting,Younis Khan,"IPL batting stats for Younis Khan: 3 total runs, 7 balls faced, 1 dismissals, strike rate 42.86, batting average 3.00."
batting,Yudhvir Singh,"IPL batting stats for Yudhvir Singh: 22 total runs, 16 balls faced, 4 dismissals, strike rate 137.50, batting average 5.50."
batting,Yuvraj Singh,"IPL batting stats for Yuvraj Singh: 2750 total runs, 2120 balls faced, 111 dismissals, strike rate 129.72, batting average 24.77."
batting,Z Khan,"IPL batting stats for Z Khan: 117 total runs, 141 balls faced, 14 dismissals, strike rate 82.98, batting average 8.36."
bowling,A Ashish Reddy,"IPL bowling stats for A Ashish Reddy: 18 wickets, 43.4 overs bowled, 396 runs conceded, economy rate 9.07, bowling average 22.00."
bowling,A Badoni,"IPL bowling stats for A Badoni: 4 wickets, 6.5 overs bowled, 63 runs conceded, economy rate 9.22, bowling average 15.75."
bowling,A Chandila,"IPL bowling stats for A Chandila: 11 wickets, 39.0 overs bowled, 242 runs conceded, economy rate 6.21, bowling average 22.00."
bowling,A Choudhary,"IPL bowling stats for A Choudhary: 5 wickets, 16.5 overs bowled, 144 runs conceded, economy rate 8.55, bowling average 28.80."
bowling,A Dananjaya,"IPL bowling stats for A Dananjaya: 0 wickets, 4.0 overs bowled, 47 runs conceded, economy rate 11.75, bowling average Not available."
bowling,A Flintoff,"IPL bowling stats for A Flintoff: 2 wickets, 11.0 overs bowled, 105 runs conceded, economy rate 9.55, bowling average 52.50."
bowling,A Kamboj,"IPL bowling stats for A Kamboj: 31 wickets, 81.5 overs bowled, 816 runs conceded, economy rate 9.97, bowling average 26.32."
bowling,A Kumble,"IPL bowling stats for A Kumble: 45 wickets, 160.5 overs bowled, 1058 runs conceded, economy rate 6.58, bowling average 23.51."
bowling,A Mishra,"IPL bowling stats for A Mishra: 174 wickets, 561.5 overs bowled, 4145 runs conceded, economy rate 7.38, bowling average 23.82."
bowling,A Mithun,"IPL bowling stats for A Mithun: 7 wickets, 48.0 overs bowled, 472 runs conceded, economy rate 9.83, bowling average 67.43."
bowling,A Nehra,"IPL bowling stats for A Nehra: 106 wickets, 318.0 overs bowled, 2495 runs conceded, economy rate 7.85, bowling average 23.54."
bowling,A Nel,"IPL bowling stats for A Nel: 1 wickets, 3.0 overs bowled, 31 runs conceded, economy rate 10.33, bowling average 31.00."
bowling,A Nortje,"IPL bowling stats for A Nortje: 61 wickets, 186.4 overs bowled, 1696 runs conceded, economy rate 9.09, bowling average 27.80."
bowling,A Singh,"IPL bowling stats for A Singh: 28 wickets, 78.5 overs bowled, 620 runs conceded, economy rate 7.86, bowling average 22.14."
bowling,A Symonds,"IPL bowling stats for A Symonds: 20 wickets, 87.5 overs bowled, 674 runs conceded, economy rate 7.67, bowling average 33.70."
bowling,A Uniyal,"IPL bowling stats for A Uniyal: 2 wickets, 6.0 overs bowled, 66 runs conceded, economy rate 11.00, bowling average 33.00."
bowling,A Zampa,"IPL bowling stats for A Zampa: 31 wickets, 77.5 overs bowled, 652 runs conceded, economy rate 8.38, bowling average 21.03."
bowling,AA Chavan,"IPL bowling stats for AA Chavan: 8 wickets, 41.2 overs bowled, 326 runs conceded, economy rate 7.89, bowling average 40.75."
bowling,AA Jhunjhunwala,"IPL bowling stats for AA Jhunjhunwala: 1 wickets, 14.1 overs bowled, 129 runs conceded, economy rate 9.11, bowling average 129.00."
bowling,AA Kazi,"IPL bowling stats for AA Kazi: 0 wickets, 2.0 overs bowled, 21 runs conceded, economy rate 10.50, bowling average Not available."
bowling,AA Noffke,"IPL bowling stats for AA Noffke: 1 wickets, 4.0 overs bowled, 40 runs conceded, economy rate 10.00, bowling average 40.00."
bowling,AB Agarkar,"IPL bowling stats for AB Agarkar: 29 wickets, 130.2 overs bowled, 1151 runs conceded, economy rate 8.83, bowling average 39.69."
bowling,AB Dinda,"IPL bowling stats for AB Dinda: 69 wickets, 252.4 overs bowled, 2073 runs conceded, economy rate 8.20, bowling average 30.04."
bowling,AB McDonald,"IPL bowling stats for AB McDonald: 11 wickets, 31.0 overs bowled, 261 runs conceded, economy rate 8.42, bowling average 23.73."
bowling,AC Gilchrist,"IPL bowling stats for AC Gilchrist: 1 wickets, 0.1 overs bowled, 0 runs conceded, economy rate 0.00, bowling average 0.00."
bowling,AC Thomas,"IPL bowling stats for AC Thomas: 14 wickets, 52.3 overs bowled, 406 runs conceded, economy rate 7.73, bowling average 29.00."
bowling,AC Voges,"IPL bowling stats for AC Voges: 0 wickets, 9.0 overs bowled, 76 runs conceded, economy rate 8.44, bowling average Not available."
bowling,AD Mascarenhas,"IPL bowling stats for AD Mascarenhas: 19 wickets, 51.2 overs bowled, 356 runs conceded, economy rate 6.94, bowling average 18.74."
bowling,AD Mathews,"IPL bowling stats for AD Mathews: 27 wickets, 131.5 overs bowled, 1079 runs conceded, economy rate 8.18, bowling average 39.96."
bowling,AD Russell,"IPL bowling stats for AD Russell: 123 wickets, 301.0 overs bowled, 2863 runs conceded, economy rate 9.51, bowling average 23.28."
bowling,AF Milne,"IPL bowling stats for AF Milne: 7 wickets, 37.5 overs bowled, 368 runs conceded, economy rate 9.73, bowling average 52.57."
bowling,AG Murtaza,"IPL bowling stats for AG Murtaza: 9 wickets, 44.0 overs bowled, 313 runs conceded, economy rate 7.11, bowling average 34.78."
bowling,AJ Finch,"IPL bowling stats for AJ Finch: 1 wickets, 7.1 overs bowled, 67 runs conceded, economy rate 9.35, bowling average 67.00."
bowling,AJ Hosein,"IPL bowling stats for AJ Hosein: 9 wickets, 28.4 overs bowled, 238 runs conceded, economy rate 8.30, bowling average 26.44."
bowling,AJ Tye,"IPL bowling stats for AJ Tye: 42 wickets, 114.0 overs bowled, 979 runs conceded, economy rate 8.59, bowling average 23.31."
bowling,AK Markram,"IPL bowling stats for AK Markram: 6 wickets, 37.1 overs bowled, 357 runs conceded, economy rate 9.61, bowling average 59.50."
bowling,AL Menaria,"IPL bowling stats for AL Menaria: 3 wickets, 18.2 overs bowled, 144 runs conceded, economy rate 7.85, bowling average 48.00."
bowling,AM Ghazanfar,"IPL bowling stats for AM Ghazanfar: 15 wickets, 38.5 overs bowled, 389 runs conceded, economy rate 10.02, bowling average 25.93."
bowling,AM Nayar,"IPL bowling stats for AM Nayar: 9 wickets, 38.1 overs bowled, 322 runs conceded, economy rate 8.44, bowling average 35.78."
bowling,AM Rahane,"IPL bowling stats for AM Rahane: 1 wickets, 1.0 overs bowled, 5 runs conceded, economy rate 5.00, bowling average 5.00."
bowling,AM Salvi,"IPL bowling stats for AM Salvi: 7 wickets, 25.0 overs bowled, 200 runs conceded, economy rate 8.00, bowling average 28.57."
bowling,AN Ahmed,"IPL bowling stats for AN Ahmed: 12 wickets, 57.2 overs bowled, 498 runs conceded, economy rate 8.69, bowling average 41.50."
bowling,AP Dole,"IPL bowling stats for AP Dole: 5 wickets, 11.0 overs bowled, 112 runs conceded, economy rate 10.18, bowling average 22.40."
bowling,AR Patel,"IPL bowling stats for AR Patel: 139 wickets, 596.3 overs bowled, 4431 runs conceded, economy rate 7.43, bowling average 31.88."
bowling,AS Joseph,"IPL bowling stats for AS Joseph: 21 wickets, 72.2 overs bowled, 691 runs conceded, economy rate 9.55, bowling average 32.90."
bowling,AS Rajpoot,"IPL bowling stats for AS Rajpoot: 24 wickets, 88.1 overs bowled, 814 runs conceded, economy rate 9.23, bowling average 33.92."
bowling,AS Raut,"IPL bowling stats for AS Raut: 0 wickets, 5.0 overs bowled, 44 runs conceded, economy rate 8.80, bowling average Not available."
bowling,AS Roy,"IPL bowling stats for AS Roy: 15 wickets, 53.5 overs bowled, 479 runs conceded, economy rate 8.90, bowling average 31.93."
bowling,AU Rashid,"IPL bowling stats for AU Rashid: 2 wickets, 10.0 overs bowled, 91 runs conceded, economy rate 9.10, bowling average 45.50."
bowling,AUK Pathan,"IPL bowling stats for AUK Pathan: 0 wickets, 6.3 overs bowled, 63 runs conceded, economy rate 9.69, bowling average Not available."
bowling,Abdul Samad,"IPL bowling stats for Abdul Samad: 2 wickets, 9.3 overs bowled, 125 runs conceded, economy rate 13.16, bowling average 62.50."
bowling,Abdur Razzak,"IPL bowling stats for Abdur Razzak: 0 wickets, 2.0 overs bowled, 29 runs conceded, economy rate 14.50, bowling average Not available."
bowling,Abhinandan Singh,"IPL bowling stats for Abhinandan Singh: 3 wickets, 9.4 overs bowled, 122 runs conceded, economy rate 12.62, bowling average 40.67."
bowling,Abhishek Sharma,"IPL bowling stats for Abhishek Sharma: 11 wickets, 60.5 overs bowled, 550 runs conceded, economy rate 9.04, bowling average 50.00."
bowling,Akash Deep,"IPL bowling stats for Akash Deep: 10 wickets, 46.2 overs bowled, 548 runs conceded, economy rate 11.83, bowling average 54.80."
bowling,Akash Madhwal,"IPL bowling stats for Akash Madhwal: 23 wickets, 58.4 overs bowled, 590 runs conceded, economy rate 10.06, bowling average 25.65."
bowling,Akash Singh,"IPL bowling stats for Akash Singh: 13 wickets, 41.1 overs bowled, 406 runs conceded, economy rate 9.86, bowling average 31.23."
bowling,Aman Hakim Khan,"IPL bowling stats for Aman Hakim Khan: 0 wickets, 1.0 overs bowled, 13 runs conceded, economy rate 13.00, bowling average Not available."
bowling,Anand Rajan,"IPL bowling stats for Anand Rajan: 8 wickets, 24.5 overs bowled, 201 runs conceded, economy rate 8.09, bowling average 25.12."
bowling,Ankit Sharma,"IPL bowling stats for Ankit Sharma: 12 wickets, 61.1 overs bowled, 450 runs conceded, economy rate 7.36, bowling average 37.50."
bowling,Ankit Soni,"IPL bowling stats for Ankit Soni: 2 wickets, 18.1 overs bowled, 144 runs conceded, economy rate 7.93, bowling average 72.00."
bowling,Anureet Singh,"IPL bowling stats for Anureet Singh: 18 wickets, 68.4 overs bowled, 623 runs conceded, economy rate 9.07, bowling average 34.61."
bowling,Arjun Tendulkar,"IPL bowling stats for Arjun Tendulkar: 4 wickets, 16.1 overs bowled, 150 runs conceded, economy rate 9.28, bowling average 37.50."
bowling,Arshad Khan,"IPL bowling stats for Arshad Khan: 18 wickets, 60.4 overs bowled, 669 runs conceded, economy rate 11.03, bowling average 37.17."
bowling,Arshad Khan (2),"IPL bowling stats for Arshad Khan (2): 0 wickets, 2.0 overs bowled, 24 runs conceded, economy rate 12.00, bowling average Not available."
bowling,Arshdeep Singh,"IPL bowling stats for Arshdeep Singh: 111 wickets, 338.4 overs bowled, 3111 runs conceded, economy rate 9.19, bowling average 28.03."
bowling,Ashok Sharma,"IPL bowling stats for Ashok Sharma: 6 wickets, 21.0 overs bowled, 228 runs conceded, economy rate 10.86, bowling average 38.00."
bowling,Ashwani Kumar,"IPL bowling stats for Ashwani Kumar: 17 wickets, 30.3 overs bowled, 334 runs conceded, economy rate 10.95, bowling average 19.65."
bowling,Atharva Taide,"IPL bowling stats for Atharva Taide: 0 wickets, 0.1 overs bowled, 4 runs conceded, economy rate 24.00, bowling average Not available."
bowling,Auqib Nabi,"IPL bowling stats for Auqib Nabi: 0 wickets, 13.0 overs bowled, 149 runs conceded, economy rate 11.46, bowling average Not available."
bowling,Avesh Khan,"IPL bowling stats for Avesh Khan: 93 wickets, 294.3 overs bowled, 2734 runs conceded, economy rate 9.28, bowling average 29.40."
bowling,Azhar Mahmood,"IPL bowling stats for Azhar Mahmood: 29 wickets, 89.3 overs bowled, 700 runs conceded, economy rate 7.82, bowling average 24.14."
bowling,Azmatullah Omarzai,"IPL bowling stats for Azmatullah Omarzai: 15 wickets, 59.0 overs bowled, 568 runs conceded, economy rate 9.63, bowling average 37.87."
bowling,B Akhil,"IPL bowling stats for B Akhil: 6 wickets, 31.2 overs bowled, 242 runs conceded, economy rate 7.72, bowling average 40.33."
bowling,B Chipli,"IPL bowling stats for B Chipli: 0 wickets, 1.0 overs bowled, 20 runs conceded, economy rate 20.00, bowling average Not available."
bowling,B Geeves,"IPL bowling stats for B Geeves: 1 wickets, 8.0 overs bowled, 91 runs conceded, economy rate 11.38, bowling average 91.00."
bowling,B Kumar,"IPL bowling stats for B Kumar: 226 wickets, 766.4 overs bowled, 5913 runs conceded, economy rate 7.71, bowling average 26.16."
bowling,B Laughlin,"IPL bowling stats for B Laughlin: 10 wickets, 28.0 overs bowled, 282 runs conceded, economy rate 10.07, bowling average 28.20."
bowling,B Lee,"IPL bowling stats for B Lee: 25 wickets, 145.5 overs bowled, 1095 runs conceded, economy rate 7.51, bowling average 43.80."
bowling,B Muzarabani,"IPL bowling stats for B Muzarabani: 4 wickets, 7.0 overs bowled, 75 runs conceded, economy rate 10.71, bowling average 18.75."
bowling,B Stanlake,"IPL bowling stats for B Stanlake: 7 wickets, 24.0 overs bowled, 200 runs conceded, economy rate 8.33, bowling average 28.57."
bowling,BA Bhatt,"IPL bowling stats for BA Bhatt: 12 wickets, 49.2 overs bowled, 397 runs conceded, economy rate 8.05, bowling average 33.08."
bowling,BA Stokes,"IPL bowling stats for BA Stokes: 28 wickets, 114.5 overs bowled, 992 runs conceded, economy rate 8.64, bowling average 35.43."
bowling,BAW Mendis,"IPL bowling stats for BAW Mendis: 8 wickets, 40.0 overs bowled, 285 runs conceded, economy rate 7.12, bowling average 35.62."
bowling,BB Sran,"IPL bowling stats for BB Sran: 18 wickets, 80.3 overs bowled, 757 runs conceded, economy rate 9.40, bowling average 42.06."
bowling,BCJ Cutting,"IPL bowling stats for BCJ Cutting: 10 wickets, 46.5 overs bowled, 429 runs conceded, economy rate 9.16, bowling average 42.90."
bowling,BE Hendricks,"IPL bowling stats for BE Hendricks: 9 wickets, 25.0 overs bowled, 235 runs conceded, economy rate 9.40, bowling average 26.11."
bowling,BJ Dwarshuis,"IPL bowling stats for BJ Dwarshuis: 1 wickets, 4.0 overs bowled, 51 runs conceded, economy rate 12.75, bowling average 51.00."
bowling,BJ Hodge,"IPL bowling stats for BJ Hodge: 17 wickets, 39.0 overs bowled, 303 runs conceded, economy rate 7.77, bowling average 17.82."
bowling,BJ Rohrer,"IPL bowling stats for BJ Rohrer: 0 wickets, 1.0 overs bowled, 12 runs conceded, economy rate 12.00, bowling average Not available."
bowling,BMAJ Mendis,"IPL bowling stats for BMAJ Mendis: 1 wickets, 5.0 overs bowled, 36 runs conceded, economy rate 7.20, bowling average 36.00."
bowling,BW Hilfenhaus,"IPL bowling stats for BW Hilfenhaus: 22 wickets, 62.0 overs bowled, 479 runs conceded, economy rate 7.73, bowling average 21.77."
bowling,Basil Thampi,"IPL bowling stats for Basil Thampi: 22 wickets, 86.5 overs bowled, 846 runs conceded, economy rate 9.74, bowling average 38.45."
bowling,Bipul Sharma,"IPL bowling stats for Bipul Sharma: 17 wickets, 71.0 overs bowled, 572 runs conceded, economy rate 8.06, bowling average 33.65."
bowling,Brijesh Sharma,"IPL bowling stats for Brijesh Sharma: 14 wickets, 45.3 overs bowled, 450 runs conceded, economy rate 9.89, bowling average 32.14."
bowling,C Bosch,"IPL bowling stats for C Bosch: 13 wickets, 27.1 overs bowled, 250 runs conceded, economy rate 9.20, bowling average 19.23."
bowling,C Ganapathy,"IPL bowling stats for C Ganapathy: 0 wickets, 1.0 overs bowled, 13 runs conceded, economy rate 13.00, bowling average Not available."
bowling,C Green,"IPL bowling stats for C Green: 23 wickets, 95.1 overs bowled, 898 runs conceded, economy rate 9.44, bowling average 39.04."
bowling,C Munro,"IPL bowling stats for C Munro: 0 wickets, 2.0 overs bowled, 15 runs conceded, economy rate 7.50, bowling average Not available."
bowling,C Nanda,"IPL bowling stats for C Nanda: 2 wickets, 8.0 overs bowled, 57 runs conceded, economy rate 7.12, bowling average 28.50."
bowling,C Sakariya,"IPL bowling stats for C Sakariya: 20 wickets, 74.0 overs bowled, 638 runs conceded, economy rate 8.62, bowling average 31.90."
bowling,C de Grandhomme,"IPL bowling stats for C de Grandhomme: 6 wickets, 36.0 overs bowled, 319 runs conceded, economy rate 8.86, bowling average 53.17."
bowling,CH Gayle,"IPL bowling stats for CH Gayle: 18 wickets, 92.2 overs bowled, 729 runs conceded, economy rate 7.90, bowling average 40.50."
bowling,CH Morris,"IPL bowling stats for CH Morris: 95 wickets, 286.4 overs bowled, 2295 runs conceded, economy rate 8.01, bowling average 24.16."
bowling,CJ Anderson,"IPL bowling stats for CJ Anderson: 11 wickets, 49.3 overs bowled, 518 runs conceded, economy rate 10.46, bowling average 47.09."
bowling,CJ Dala,"IPL bowling stats for CJ Dala: 0 wickets, 3.0 overs bowled, 34 runs conceded, economy rate 11.33, bowling average Not available."
bowling,CJ Green,"IPL bowling stats for CJ Green: 0 wickets, 2.5 overs bowled, 24 runs conceded, economy rate 8.47, bowling average Not available."
bowling,CJ Jordan,"IPL bowling stats for CJ Jordan: 30 wickets, 111.2 overs bowled, 1070 runs conceded, economy rate 9.61, bowling average 35.67."
bowling,CJ McKay,"IPL bowling stats for CJ McKay: 1 wickets, 7.0 overs bowled, 60 runs conceded, economy rate 8.57, bowling average 60.00."
bowling,CK Kapugedera,"IPL bowling stats for CK Kapugedera: 0 wickets, 2.5 overs bowled, 49 runs conceded, economy rate 17.29, bowling average Not available."
bowling,CK Langeveldt,"IPL bowling stats for CK Langeveldt: 13 wickets, 26.0 overs bowled, 187 runs conceded, economy rate 7.19, bowling average 14.38."
bowling,CL White,"IPL bowling stats for CL White: 1 wickets, 7.0 overs bowled, 86 runs conceded, economy rate 12.29, bowling average 86.00."
bowling,CR Brathwaite,"IPL bowling stats for CR Brathwaite: 13 wickets, 42.2 overs bowled, 379 runs conceded, economy rate 8.95, bowling average 29.15."
bowling,CR Woakes,"IPL bowling stats for CR Woakes: 30 wickets, 73.2 overs bowled, 658 runs conceded, economy rate 8.97, bowling average 21.93."
bowling,CRD Fernando,"IPL bowling stats for CRD Fernando: 17 wickets, 39.0 overs bowled, 298 runs conceded, economy rate 7.64, bowling average 17.53."
bowling,CV Varun,"IPL bowling stats for CV Varun: 111 wickets, 355.4 overs bowled, 2745 runs conceded, economy rate 7.72, bowling average 24.73."
bowling,D Brevis,"IPL bowling stats for D Brevis: 1 wickets, 0.3 overs bowled, 8 runs conceded, economy rate 16.00, bowling average 8.00."
bowling,D Ferreira,"IPL bowling stats for D Ferreira: 1 wickets, 3.0 overs bowled, 41 runs conceded, economy rate 13.67, bowling average 41.00."
bowling,D Jansen,"IPL bowling stats for D Jansen: 1 wickets, 4.0 overs bowled, 53 runs conceded, economy rate 13.25, bowling average 53.00."
bowling,D Kalyankrishna,"IPL bowling stats for D Kalyankrishna: 2 wickets, 8.0 overs bowled, 87 runs conceded, economy rate 10.88, bowling average 43.50."
bowling,D Madushanka,"IPL bowling stats for D Madushanka: 1 wickets, 4.0 overs bowled, 36 runs conceded, economy rate 9.00, bowling average 36.00."
bowling,D Pretorius,"IPL bowling stats for D Pretorius: 6 wickets, 25.0 overs bowled, 238 runs conceded, economy rate 9.52, bowling average 39.67."
bowling,D Salunkhe,"IPL bowling stats for D Salunkhe: 1 wickets, 7.5 overs bowled, 78 runs conceded, economy rate 9.96, bowling average 78.00."
bowling,D Wiese,"IPL bowling stats for D Wiese: 16 wickets, 49.2 overs bowled, 440 runs conceded, economy rate 8.92, bowling average 27.50."
bowling,D du Preez,"IPL bowling stats for D du Preez: 4 wickets, 7.0 overs bowled, 56 runs conceded, economy rate 8.00, bowling average 14.00."
bowling,DA Payne,"IPL bowling stats for DA Payne: 2 wickets, 5.0 overs bowled, 70 runs conceded, economy rate 14.00, bowling average 35.00."
bowling,DA Warner,"IPL bowling stats for DA Warner: 0 wickets, 0.1 overs bowled, 2 runs conceded, economy rate 12.00, bowling average Not available."
bowling,DAJ Bracewell,"IPL bowling stats for DAJ Bracewell: 3 wickets, 4.0 overs bowled, 32 runs conceded, economy rate 8.00, bowling average 10.67."
bowling,DB Ravi Teja,"IPL bowling stats for DB Ravi Teja: 1 wickets, 3.0 overs bowled, 28 runs conceded, economy rate 9.33, bowling average 28.00."
bowling,DE Bollinger,"IPL bowling stats for DE Bollinger: 37 wickets, 96.0 overs bowled, 693 runs conceded, economy rate 7.22, bowling average 18.73."
bowling,DG Nalkande,"IPL bowling stats for DG Nalkande: 6 wickets, 14.0 overs bowled, 148 runs conceded, economy rate 10.57, bowling average 24.67."
bowling,DJ Bravo,"IPL bowling stats for DJ Bravo: 183 wickets, 520.0 overs bowled, 4360 runs conceded, economy rate 8.38, bowling average 23.83."
bowling,DJ Harris,"IPL bowling stats for DJ Harris: 0 wickets, 3.0 overs bowled, 26 runs conceded, economy rate 8.67, bowling average Not available."
bowling,DJ Hooda,"IPL bowling stats for DJ Hooda: 10 wickets, 63.1 overs bowled, 546 runs conceded, economy rate 8.64, bowling average 54.60."
bowling,DJ Hussey,"IPL bowling stats for DJ Hussey: 8 wickets, 52.5 overs bowled, 474 runs conceded, economy rate 8.97, bowling average 59.25."
bowling,DJ Mitchell,"IPL bowling stats for DJ Mitchell: 1 wickets, 8.0 overs bowled, 97 runs conceded, economy rate 12.12, bowling average 97.00."
bowling,DJ Muthuswami,"IPL bowling stats for DJ Muthuswami: 4 wickets, 14.0 overs bowled, 101 runs conceded, economy rate 7.21, bowling average 25.25."
bowling,DJ Thornely,"IPL bowling stats for DJ Thornely: 3 wickets, 7.0 overs bowled, 40 runs conceded, economy rate 5.71, bowling average 13.33."
bowling,DJ Willey,"IPL bowling stats for DJ Willey: 6 wickets, 36.0 overs bowled, 272 runs conceded, economy rate 7.56, bowling average 45.33."
bowling,DJG Sammy,"IPL bowling stats for DJG Sammy: 11 wickets, 39.2 overs bowled, 350 runs conceded, economy rate 8.90, bowling average 31.82."
bowling,DJM Short,"IPL bowling stats for DJM Short: 1 wickets, 3.0 overs bowled, 19 runs conceded, economy rate 6.33, bowling average 19.00."
bowling,DL Chahar,"IPL bowling stats for DL Chahar: 96 wickets, 344.4 overs bowled, 2862 runs conceded, economy rate 8.30, bowling average 29.81."
bowling,DL Vettori,"IPL bowling stats for DL Vettori: 28 wickets, 129.3 overs bowled, 879 runs conceded, economy rate 6.79, bowling average 31.39."
bowling,DNT Zoysa,"IPL bowling stats for DNT Zoysa: 2 wickets, 11.0 overs bowled, 99 runs conceded, economy rate 9.00, bowling average 49.50."
bowling,DP Nannes,"IPL bowling stats for DP Nannes: 28 wickets, 107.4 overs bowled, 785 runs conceded, economy rate 7.29, bowling average 28.04."
bowling,DP Vijaykumar,"IPL bowling stats for DP Vijaykumar: 4 wickets, 25.2 overs bowled, 199 runs conceded, economy rate 7.86, bowling average 49.75."
bowling,DR Sams,"IPL bowling stats for DR Sams: 14 wickets, 60.0 overs bowled, 523 runs conceded, economy rate 8.72, bowling average 37.36."
bowling,DR Smith,"IPL bowling stats for DR Smith: 26 wickets, 89.5 overs bowled, 810 runs conceded, economy rate 9.02, bowling average 31.15."
bowling,DS Kulkarni,"IPL bowling stats for DS Kulkarni: 86 wickets, 297.5 overs bowled, 2474 runs conceded, economy rate 8.31, bowling average 28.77."
bowling,DS Rathi,"IPL bowling stats for DS Rathi: 19 wickets, 91.0 overs bowled, 826 runs conceded, economy rate 9.08, bowling average 43.47."
bowling,DT Christian,"IPL bowling stats for DT Christian: 38 wickets, 147.1 overs bowled, 1192 runs conceded, economy rate 8.10, bowling average 31.37."
bowling,DW Steyn,"IPL bowling stats for DW Steyn: 97 wickets, 362.4 overs bowled, 2508 runs conceded, economy rate 6.92, bowling average 25.86."
bowling,E Malinga,"IPL bowling stats for E Malinga: 33 wickets, 81.0 overs bowled, 745 runs conceded, economy rate 9.20, bowling average 22.58."
bowling,F du Plessis,"IPL bowling stats for F du Plessis: 0 wickets, 1.0 overs bowled, 16 runs conceded, economy rate 16.00, bowling average Not available."
bowling,FA Allen,"IPL bowling stats for FA Allen: 2 wickets, 15.0 overs bowled, 136 runs conceded, economy rate 9.07, bowling average 68.00."
bowling,FH Edwards,"IPL bowling stats for FH Edwards: 5 wickets, 23.2 overs bowled, 154 runs conceded, economy rate 6.60, bowling average 30.80."
bowling,FY Fazal,"IPL bowling stats for FY Fazal: 0 wickets, 2.0 overs bowled, 20 runs conceded, economy rate 10.00, bowling average Not available."
bowling,Fazalhaq Farooqi,"IPL bowling stats for Fazalhaq Farooqi: 6 wickets, 42.2 overs bowled, 437 runs conceded, economy rate 10.32, bowling average 72.83."
bowling,G Coetzee,"IPL bowling stats for G Coetzee: 15 wickets, 45.3 overs bowled, 472 runs conceded, economy rate 10.37, bowling average 31.47."
bowling,GB Hogg,"IPL bowling stats for GB Hogg: 23 wickets, 76.2 overs bowled, 570 runs conceded, economy rate 7.47, bowling average 24.78."
bowling,GC Viljoen,"IPL bowling stats for GC Viljoen: 7 wickets, 23.0 overs bowled, 222 runs conceded, economy rate 9.65, bowling average 31.71."
bowling,GD McGrath,"IPL bowling stats for GD McGrath: 12 wickets, 54.0 overs bowled, 357 runs conceded, economy rate 6.61, bowling average 29.75."
bowling,GD Phillips,"IPL bowling stats for GD Phillips: 2 wickets, 5.0 overs bowled, 40 runs conceded, economy rate 8.00, bowling average 20.00."
bowling,GF Linde,"IPL bowling stats for GF Linde: 1 wickets, 6.1 overs bowled, 55 runs conceded, economy rate 8.92, bowling average 55.00."
bowling,GH Vihari,"IPL bowling stats for GH Vihari: 1 wickets, 7.0 overs bowled, 47 runs conceded, economy rate 6.71, bowling average 47.00."
bowling,GHS Garton,"IPL bowling stats for GHS Garton: 3 wickets, 15.0 overs bowled, 135 runs conceded, economy rate 9.00, bowling average 45.00."
bowling,GJ Maxwell,"IPL bowling stats for GJ Maxwell: 41 wickets, 170.2 overs bowled, 1413 runs conceded, economy rate 8.30, bowling average 34.46."
bowling,GR Napier,"IPL bowling stats for GR Napier: 1 wickets, 4.0 overs bowled, 27 runs conceded, economy rate 6.75, bowling average 27.00."
bowling,GS Sandhu,"IPL bowling stats for GS Sandhu: 1 wickets, 8.0 overs bowled, 82 runs conceded, economy rate 10.25, bowling average 82.00."
bowling,Gagandeep Singh,"IPL bowling stats for Gagandeep Singh: 3 wickets, 14.0 overs bowled, 141 runs conceded, economy rate 10.07, bowling average 47.00."
bowling,Gulbadin Naib,"IPL bowling stats for Gulbadin Naib: 0 wickets, 1.0 overs bowled, 12 runs conceded, economy rate 12.00, bowling average Not available."
bowling,Gurjapneet Singh,"IPL bowling stats for Gurjapneet Singh: 4 wickets, 25.1 overs bowled, 233 runs conceded, economy rate 9.26, bowling average 58.25."
bowling,Gurkeerat Singh,"IPL bowling stats for Gurkeerat Singh: 5 wickets, 13.0 overs bowled, 97 runs conceded, economy rate 7.46, bowling average 19.40."
bowling,Gurnoor Brar,"IPL bowling stats for Gurnoor Brar: 0 wickets, 3.0 overs bowled, 42 runs conceded, economy rate 14.00, bowling average Not available."
bowling,H Sharma,"IPL bowling stats for H Sharma: 0 wickets, 5.0 overs bowled, 57 runs conceded, economy rate 11.40, bowling average Not available."
bowling,HF Gurney,"IPL bowling stats for HF Gurney: 7 wickets, 27.0 overs bowled, 238 runs conceded, economy rate 8.81, bowling average 34.00."
bowling,HH Pandya,"IPL bowling stats for HH Pandya: 82 wickets, 294.0 overs bowled, 2751 runs conceded, economy rate 9.36, bowling average 33.55."
bowling,HR Shokeen,"IPL bowling stats for HR Shokeen: 5 wickets, 34.0 overs bowled, 314 runs conceded, economy rate 9.24, bowling average 62.80."
bowling,HV Patel,"IPL bowling stats for HV Patel: 151 wickets, 417.4 overs bowled, 3727 runs conceded, economy rate 8.92, bowling average 24.68."
bowling,Harbhajan Singh,"IPL bowling stats for Harbhajan Singh: 150 wickets, 569.2 overs bowled, 4030 runs conceded, economy rate 7.08, bowling average 26.87."
bowling,Harmeet Singh,"IPL bowling stats for Harmeet Singh: 27 wickets, 91.3 overs bowled, 731 runs conceded, economy rate 7.99, bowling average 27.07."
bowling,Harpreet Brar,"IPL bowling stats for Harpreet Brar: 37 wickets, 143.1 overs bowled, 1145 runs conceded, economy rate 8.00, bowling average 30.95."
bowling,Harsh Dubey,"IPL bowling stats for Harsh Dubey: 13 wickets, 32.0 overs bowled, 326 runs conceded, economy rate 10.19, bowling average 25.08."
bowling,Harshit Rana,"IPL bowling stats for Harshit Rana: 40 wickets, 108.1 overs bowled, 1029 runs conceded, economy rate 9.51, bowling average 25.72."
bowling,I Malhotra,"IPL bowling stats for I Malhotra: 0 wickets, 1.0 overs bowled, 23 runs conceded, economy rate 23.00, bowling average Not available."
bowling,I Sharma,"IPL bowling stats for I Sharma: 96 wickets, 403.1 overs bowled, 3377 runs conceded, economy rate 8.38, bowling average 35.18."
bowling,I Udana,"IPL bowling stats for I Udana: 8 wickets, 29.0 overs bowled, 282 runs conceded, economy rate 9.72, bowling average 35.25."
bowling,IC Pandey,"IPL bowling stats for IC Pandey: 18 wickets, 77.0 overs bowled, 591 runs conceded, economy rate 7.68, bowling average 32.83."
bowling,IC Porel,"IPL bowling stats for IC Porel: 1 wickets, 4.0 overs bowled, 39 runs conceded, economy rate 9.75, bowling average 39.00."
bowling,IK Pathan,"IPL bowling stats for IK Pathan: 80 wickets, 340.3 overs bowled, 2649 runs conceded, economy rate 7.78, bowling average 33.11."
bowling,IS Sodhi,"IPL bowling stats for IS Sodhi: 9 wickets, 30.1 overs bowled, 202 runs conceded, economy rate 6.70, bowling average 22.44."
bowling,Imran Tahir,"IPL bowling stats for Imran Tahir: 82 wickets, 219.2 overs bowled, 1703 runs conceded, economy rate 7.76, bowling average 20.77."
bowling,Iqbal Abdulla,"IPL bowling stats for Iqbal Abdulla: 40 wickets, 153.2 overs bowled, 1109 runs conceded, economy rate 7.23, bowling average 27.72."
bowling,Ishan Kishan,"IPL bowling stats for Ishan Kishan: 0 wickets, 0.1 overs bowled, 4 runs conceded, economy rate 24.00, bowling average Not available."
bowling,J Botha,"IPL bowling stats for J Botha: 25 wickets, 115.4 overs bowled, 800 runs conceded, economy rate 6.92, bowling average 32.00."
bowling,J Little,"IPL bowling stats for J Little: 11 wickets, 38.0 overs bowled, 339 runs conceded, economy rate 8.92, bowling average 30.82."
bowling,J Overton,"IPL bowling stats for J Overton: 14 wickets, 34.0 overs bowled, 332 runs conceded, economy rate 9.76, bowling average 23.71."
bowling,J Suchith,"IPL bowling stats for J Suchith: 19 wickets, 70.0 overs bowled, 602 runs conceded, economy rate 8.60, bowling average 31.68."
bowling,J Syed Mohammad,"IPL bowling stats for J Syed Mohammad: 8 wickets, 32.0 overs bowled, 283 runs conceded, economy rate 8.84, bowling average 35.38."
bowling,J Theron,"IPL bowling stats for J Theron: 9 wickets, 36.0 overs bowled, 293 runs conceded, economy rate 8.14, bowling average 32.56."
bowling,J Yadav,"IPL bowling stats for J Yadav: 8 wickets, 65.0 overs bowled, 445 runs conceded, economy rate 6.85, bowling average 55.62."
bowling,JA Duffy,"IPL bowling stats for JA Duffy: 9 wickets, 24.0 overs bowled, 263 runs conceded, economy rate 10.96, bowling average 29.22."
bowling,JA Morkel,"IPL bowling stats for JA Morkel: 85 wickets, 287.1 overs bowled, 2359 runs conceded, economy rate 8.21, bowling average 27.75."
bowling,JA Richardson,"IPL bowling stats for JA Richardson: 3 wickets, 15.0 overs bowled, 157 runs conceded, economy rate 10.47, bowling average 52.33."
bowling,JC Archer,"IPL bowling stats for JC Archer: 84 wickets, 263.0 overs bowled, 2161 runs conceded, economy rate 8.22, bowling average 25.73."
bowling,JD Ryder,"IPL bowling stats for JD Ryder: 8 wickets, 39.2 overs bowled, 303 runs conceded, economy rate 7.70, bowling average 37.88."
bowling,JD Unadkat,"IPL bowling stats for JD Unadkat: 114 wickets, 391.5 overs bowled, 3504 runs conceded, economy rate 8.94, bowling average 30.74."
bowling,JDP Oram,"IPL bowling stats for JDP Oram: 9 wickets, 39.3 overs bowled, 349 runs conceded, economy rate 8.84, bowling average 38.78."
bowling,JDS Neesham,"IPL bowling stats for JDS Neesham: 8 wickets, 36.0 overs bowled, 334 runs conceded, economy rate 9.28, bowling average 41.75."
bowling,JE Root,"IPL bowling stats for JE Root: 0 wickets, 2.0 overs bowled, 14 runs conceded, economy rate 7.00, bowling average Not available."
bowling,JE Taylor,"IPL bowling stats for JE Taylor: 6 wickets, 19.3 overs bowled, 157 runs conceded, economy rate 8.05, bowling average 26.17."
bowling,JEC Franklin,"IPL bowling stats for JEC Franklin: 9 wickets, 25.1 overs bowled, 220 runs conceded, economy rate 8.74, bowling average 24.44."
bowling,JH Kallis,"IPL bowling stats for JH Kallis: 65 wickets, 290.2 overs bowled, 2293 runs conceded, economy rate 7.90, bowling average 35.28."
bowling,JJ Bumrah,"IPL bowling stats for JJ Bumrah: 187 wickets, 605.1 overs bowled, 4441 runs conceded, economy rate 7.34, bowling average 23.75."
bowling,JJ van der Wath,"IPL bowling stats for JJ van der Wath: 3 wickets, 12.0 overs bowled, 129 runs conceded, economy rate 10.75, bowling average 43.00."
bowling,JL Pattinson,"IPL bowling stats for JL Pattinson: 11 wickets, 35.3 overs bowled, 320 runs conceded, economy rate 9.01, bowling average 29.09."
bowling,JM Kemp,"IPL bowling stats for JM Kemp: 3 wickets, 7.2 overs bowled, 54 runs conceded, economy rate 7.36, bowling average 18.00."
bowling,JO Holder,"IPL bowling stats for JO Holder: 70 wickets, 204.1 overs bowled, 1751 runs conceded, economy rate 8.58, bowling average 25.01."
bowling,JP Behrendorff,"IPL bowling stats for JP Behrendorff: 19 wickets, 61.0 overs bowled, 552 runs conceded, economy rate 9.05, bowling average 29.05."
bowling,JP Duminy,"IPL bowling stats for JP Duminy: 23 wickets, 113.0 overs bowled, 834 runs conceded, economy rate 7.38, bowling average 36.26."
bowling,JP Faulkner,"IPL bowling stats for JP Faulkner: 59 wickets, 204.3 overs bowled, 1778 runs conceded, economy rate 8.69, bowling average 30.14."
bowling,JPR Scantlebury-Searles,"IPL bowling stats for JPR Scantlebury-Searles: 2 wickets, 7.0 overs bowled, 89 runs conceded, economy rate 12.71, bowling average 44.50."
bowling,JR Hazlewood,"IPL bowling stats for JR Hazlewood: 72 wickets, 196.0 overs bowled, 1690 runs conceded, economy rate 8.62, bowling average 23.47."
bowling,JR Hopes,"IPL bowling stats for JR Hopes: 14 wickets, 60.0 overs bowled, 548 runs conceded, economy rate 9.13, bowling average 39.14."
bowling,JW Hastings,"IPL bowling stats for JW Hastings: 3 wickets, 9.4 overs bowled, 66 runs conceded, economy rate 6.83, bowling average 22.00."
bowling,Jalaj S Saxena,"IPL bowling stats for Jalaj S Saxena: 0 wickets, 3.0 overs bowled, 27 runs conceded, economy rate 9.00, bowling average Not available."
bowling,Jaskaran Singh,"IPL bowling stats for Jaskaran Singh: 6 wickets, 17.0 overs bowled, 171 runs conceded, economy rate 10.06, bowling average 28.50."
bowling,Joginder Sharma,"IPL bowling stats for Joginder Sharma: 12 wickets, 42.4 overs bowled, 419 runs conceded, economy rate 9.82, bowling average 34.92."
bowling,K Goel,"IPL bowling stats for K Goel: 0 wickets, 11.0 overs bowled, 93 runs conceded, economy rate 8.45, bowling average Not available."
bowling,K Gowtham,"IPL bowling stats for K Gowtham: 21 wickets, 98.0 overs bowled, 808 runs conceded, economy rate 8.24, bowling average 38.48."
bowling,K Kartikeya,"IPL bowling stats for K Kartikeya: 12 wickets, 47.0 overs bowled, 407 runs conceded, economy rate 8.66, bowling average 33.92."
bowling,K Khejroliya,"IPL bowling stats for K Khejroliya: 6 wickets, 25.1 overs bowled, 277 runs conceded, economy rate 11.01, bowling average 46.17."
bowling,K Rabada,"IPL bowling stats for K Rabada: 148 wickets, 381.4 overs bowled, 3358 runs conceded, economy rate 8.80, bowling average 22.69."
bowling,K Santokie,"IPL bowling stats for K Santokie: 3 wickets, 8.0 overs bowled, 90 runs conceded, economy rate 11.25, bowling average 30.00."
bowling,K Upadhyay,"IPL bowling stats for K Upadhyay: 0 wickets, 9.0 overs bowled, 81 runs conceded, economy rate 9.00, bowling average Not available."
bowling,K Yadav,"IPL bowling stats for K Yadav: 2 wickets, 9.0 overs bowled, 84 runs conceded, economy rate 9.33, bowling average 42.00."
bowling,KA Jamieson,"IPL bowling stats for KA Jamieson: 16 wickets, 50.0 overs bowled, 506 runs conceded, economy rate 10.12, bowling average 31.62."
bowling,KA Maharaj,"IPL bowling stats for KA Maharaj: 2 wickets, 6.0 overs bowled, 39 runs conceded, economy rate 6.50, bowling average 19.50."
bowling,KA Pollard,"IPL bowling stats for KA Pollard: 69 wickets, 248.0 overs bowled, 2180 runs conceded, economy rate 8.79, bowling average 31.59."
bowling,KAJ Roach,"IPL bowling stats for KAJ Roach: 0 wickets, 8.0 overs bowled, 80 runs conceded, economy rate 10.00, bowling average Not available."
bowling,KC Cariappa,"IPL bowling stats for KC Cariappa: 8 wickets, 36.0 overs bowled, 348 runs conceded, economy rate 9.67, bowling average 43.50."
bowling,KH Pandya,"IPL bowling stats for KH Pandya: 107 wickets, 450.1 overs bowled, 3410 runs conceded, economy rate 7.57, bowling average 31.87."
bowling,KJ Abbott,"IPL bowling stats for KJ Abbott: 2 wickets, 16.0 overs bowled, 177 runs conceded, economy rate 11.06, bowling average 88.50."
bowling,KK Ahmed,"IPL bowling stats for KK Ahmed: 91 wickets, 276.1 overs bowled, 2474 runs conceded, economy rate 8.96, bowling average 27.19."
bowling,KK Cooper,"IPL bowling stats for KK Cooper: 33 wickets, 96.0 overs bowled, 757 runs conceded, economy rate 7.89, bowling average 22.94."
bowling,KL Nagarkoti,"IPL bowling stats for KL Nagarkoti: 5 wickets, 30.0 overs bowled, 285 runs conceded, economy rate 9.50, bowling average 57.00."
bowling,KM Asif,"IPL bowling stats for KM Asif: 7 wickets, 22.1 overs bowled, 231 runs conceded, economy rate 10.42, bowling average 33.00."
bowling,KMA Paul,"IPL bowling stats for KMA Paul: 9 wickets, 27.1 overs bowled, 237 runs conceded, economy rate 8.72, bowling average 26.33."
bowling,KMDN Kulasekara,"IPL bowling stats for KMDN Kulasekara: 5 wickets, 17.0 overs bowled, 120 runs conceded, economy rate 7.06, bowling average 24.00."
bowling,KP Appanna,"IPL bowling stats for KP Appanna: 9 wickets, 36.0 overs bowled, 286 runs conceded, economy rate 7.94, bowling average 31.78."
bowling,KP Pietersen,"IPL bowling stats for KP Pietersen: 7 wickets, 29.0 overs bowled, 215 runs conceded, economy rate 7.41, bowling average 30.71."
bowling,KR Mayers,"IPL bowling stats for KR Mayers: 0 wickets, 7.0 overs bowled, 59 runs conceded, economy rate 8.43, bowling average Not available."
bowling,KR Sen,"IPL bowling stats for KR Sen: 14 wickets, 40.1 overs bowled, 387 runs conceded, economy rate 9.63, bowling average 27.64."
bowling,KS Williamson,"IPL bowling stats for KS Williamson: 0 wickets, 3.0 overs bowled, 31 runs conceded, economy rate 10.33, bowling average Not available."
bowling,KT Maphaka,"IPL bowling stats for KT Maphaka: 2 wickets, 11.0 overs bowled, 143 runs conceded, economy rate 13.00, bowling average 71.50."
bowling,KV Sharma,"IPL bowling stats for KV Sharma: 83 wickets, 264.1 overs bowled, 2215 runs conceded, economy rate 8.38, bowling average 26.69."
bowling,KW Richardson,"IPL bowling stats for KW Richardson: 19 wickets, 55.5 overs bowled, 472 runs conceded, economy rate 8.45, bowling average 24.84."
bowling,Kamran Khan,"IPL bowling stats for Kamran Khan: 9 wickets, 26.4 overs bowled, 224 runs conceded, economy rate 8.40, bowling average 24.89."
bowling,Karanveer Singh,"IPL bowling stats for Karanveer Singh: 12 wickets, 34.0 overs bowled, 321 runs conceded, economy rate 9.44, bowling average 26.75."
bowling,Karim Janat,"IPL bowling stats for Karim Janat: 0 wickets, 1.0 overs bowled, 30 runs conceded, economy rate 30.00, bowling average Not available."
bowling,Kartik Tyagi,"IPL bowling stats for Kartik Tyagi: 33 wickets, 121.2 overs bowled, 1211 runs conceded, economy rate 9.98, bowling average 36.70."
bowling,Krish Bhagat,"IPL bowling stats for Krish Bhagat: 0 wickets, 6.0 overs bowled, 63 runs conceded, economy rate 10.50, bowling average Not available."
bowling,Kuldeep Yadav,"IPL bowling stats for Kuldeep Yadav: 112 wickets, 381.0 overs bowled, 3159 runs conceded, economy rate 8.29, bowling average 28.21."
bowling,L Ablish,"IPL bowling stats for L Ablish: 3 wickets, 7.0 overs bowled, 75 runs conceded, economy rate 10.71, bowling average 25.00."
bowling,L Balaji,"IPL bowling stats for L Balaji: 76 wickets, 252.0 overs bowled, 2028 runs conceded, economy rate 8.05, bowling average 26.68."
bowling,L Ngidi,"IPL bowling stats for L Ngidi: 42 wickets, 103.2 overs bowled, 869 runs conceded, economy rate 8.41, bowling average 20.69."
bowling,L Wood,"IPL bowling stats for L Wood: 1 wickets, 6.0 overs bowled, 93 runs conceded, economy rate 15.50, bowling average 93.00."
bowling,LA Carseldine,"IPL bowling stats for LA Carseldine: 1 wickets, 1.0 overs bowled, 6 runs conceded, economy rate 6.00, bowling average 6.00."
bowling,LB Williams,"IPL bowling stats for LB Williams: 1 wickets, 6.0 overs bowled, 72 runs conceded, economy rate 12.00, bowling average 72.00."
bowling,LE Plunkett,"IPL bowling stats for LE Plunkett: 4 wickets, 25.0 overs bowled, 225 runs conceded, economy rate 9.00, bowling average 56.25."
bowling,LH Ferguson,"IPL bowling stats for LH Ferguson: 52 wickets, 181.3 overs bowled, 1671 runs conceded, economy rate 9.21, bowling average 32.13."
bowling,LI Meriwala,"IPL bowling stats for LI Meriwala: 1 wickets, 3.0 overs bowled, 32 runs conceded, economy rate 10.67, bowling average 32.00."
bowling,LJ Wright,"IPL bowling stats for LJ Wright: 2 wickets, 11.5 overs bowled, 124 runs conceded, economy rate 10.48, bowling average 62.00."
bowling,LMP Simmons,"IPL bowling stats for LMP Simmons: 1 wickets, 3.0 overs bowled, 34 runs conceded, economy rate 11.33, bowling average 34.00."
bowling,LPC Silva,"IPL bowling stats for LPC Silva: 0 wickets, 1.0 overs bowled, 21 runs conceded, economy rate 21.00, bowling average Not available."
bowling,LR Shukla,"IPL bowling stats for LR Shukla: 15 wickets, 52.2 overs bowled, 447 runs conceded, economy rate 8.54, bowling average 29.80."
bowling,LRPL Taylor,"IPL bowling stats for LRPL Taylor: 0 wickets, 2.0 overs bowled, 24 runs conceded, economy rate 12.00, bowling average Not available."
bowling,LS Livingstone,"IPL bowling stats for LS Livingstone: 13 wickets, 52.0 overs bowled, 469 runs conceded, economy rate 9.02, bowling average 36.08."
bowling,Lalit Yadav,"IPL bowling stats for Lalit Yadav: 10 wickets, 48.0 overs bowled, 425 runs conceded, economy rate 8.85, bowling average 42.50."
bowling,M Ashwin,"IPL bowling stats for M Ashwin: 35 wickets, 145.0 overs bowled, 1162 runs conceded, economy rate 8.01, bowling average 33.20."
bowling,M Jansen,"IPL bowling stats for M Jansen: 45 wickets, 169.3 overs bowled, 1632 runs conceded, economy rate 9.63, bowling average 36.27."
bowling,M Kartik,"IPL bowling stats for M Kartik: 31 wickets, 191.3 overs bowled, 1388 runs conceded, economy rate 7.25, bowling average 44.77."
bowling,M Manhas,"IPL bowling stats for M Manhas: 0 wickets, 7.0 overs bowled, 42 runs conceded, economy rate 6.00, bowling average Not available."
bowling,M Markande,"IPL bowling stats for M Markande: 37 wickets, 125.0 overs bowled, 1145 runs conceded, economy rate 9.16, bowling average 30.95."
bowling,M Morkel,"IPL bowling stats for M Morkel: 77 wickets, 271.3 overs bowled, 2089 runs conceded, economy rate 7.69, bowling average 27.13."
bowling,M Muralitharan,"IPL bowling stats for M Muralitharan: 63 wickets, 254.0 overs bowled, 1696 runs conceded, economy rate 6.68, bowling average 26.92."
bowling,M Ntini,"IPL bowling stats for M Ntini: 7 wickets, 35.0 overs bowled, 242 runs conceded, economy rate 6.91, bowling average 34.57."
bowling,M Pathirana,"IPL bowling stats for M Pathirana: 47 wickets, 118.2 overs bowled, 1025 runs conceded, economy rate 8.66, bowling average 21.81."
bowling,M Prasidh Krishna,"IPL bowling stats for M Prasidh Krishna: 90 wickets, 288.5 overs bowled, 2598 runs conceded, economy rate 8.99, bowling average 28.87."
bowling,M Shahrukh Khan,"IPL bowling stats for M Shahrukh Khan: 1 wickets, 3.0 overs bowled, 28 runs conceded, economy rate 9.33, bowling average 28.00."
bowling,M Siddharth,"IPL bowling stats for M Siddharth: 9 wickets, 31.0 overs bowled, 283 runs conceded, economy rate 9.13, bowling average 31.44."
bowling,M Theekshana,"IPL bowling stats for M Theekshana: 36 wickets, 146.0 overs bowled, 1207 runs conceded, economy rate 8.27, bowling average 33.53."
bowling,M Tiwari,"IPL bowling stats for M Tiwari: 4 wickets, 11.0 overs bowled, 101 runs conceded, economy rate 9.18, bowling average 25.25."
bowling,M Vijay,"IPL bowling stats for M Vijay: 0 wickets, 6.0 overs bowled, 49 runs conceded, economy rate 8.17, bowling average Not available."
bowling,M de Lange,"IPL bowling stats for M de Lange: 5 wickets, 18.0 overs bowled, 169 runs conceded, economy rate 9.39, bowling average 33.80."
bowling,MA Khote,"IPL bowling stats for MA Khote: 2 wickets, 5.0 overs bowled, 51 runs conceded, economy rate 10.20, bowling average 25.50."
bowling,MA Starc,"IPL bowling stats for MA Starc: 76 wickets, 198.3 overs bowled, 1750 runs conceded, economy rate 8.82, bowling average 23.03."
bowling,MA Wood,"IPL bowling stats for MA Wood: 11 wickets, 20.0 overs bowled, 179 runs conceded, economy rate 8.95, bowling average 16.27."
bowling,MB Parmar,"IPL bowling stats for MB Parmar: 0 wickets, 3.0 overs bowled, 33 runs conceded, economy rate 11.00, bowling average Not available."
bowling,MC Henriques,"IPL bowling stats for MC Henriques: 42 wickets, 158.2 overs bowled, 1289 runs conceded, economy rate 8.14, bowling average 30.69."
bowling,MD Shanaka,"IPL bowling stats for MD Shanaka: 1 wickets, 6.0 overs bowled, 60 runs conceded, economy rate 10.00, bowling average 60.00."
bowling,MF Maharoof,"IPL bowling stats for MF Maharoof: 27 wickets, 70.0 overs bowled, 520 runs conceded, economy rate 7.43, bowling average 19.26."
bowling,MG Bracewell,"IPL bowling stats for MG Bracewell: 6 wickets, 11.0 overs bowled, 95 runs conceded, economy rate 8.64, bowling average 15.83."
bowling,MG Johnson,"IPL bowling stats for MG Johnson: 61 wickets, 205.2 overs bowled, 1702 runs conceded, economy rate 8.29, bowling average 27.90."
bowling,MG Neser,"IPL bowling stats for MG Neser: 0 wickets, 4.0 overs bowled, 62 runs conceded, economy rate 15.50, bowling average Not available."
bowling,MJ Clarke,"IPL bowling stats for MJ Clarke: 2 wickets, 11.0 overs bowled, 67 runs conceded, economy rate 6.09, bowling average 33.50."
bowling,MJ Henry,"IPL bowling stats for MJ Henry: 4 wickets, 27.0 overs bowled, 311 runs conceded, economy rate 11.52, bowling average 77.75."
bowling,MJ McClenaghan,"IPL bowling stats for MJ McClenaghan: 71 wickets, 212.2 overs bowled, 1803 runs conceded, economy rate 8.49, bowling average 25.39."
bowling,MJ Santner,"IPL bowling stats for MJ Santner: 30 wickets, 114.3 overs bowled, 860 runs conceded, economy rate 7.51, bowling average 28.67."
bowling,MJ Suthar,"IPL bowling stats for MJ Suthar: 2 wickets, 8.0 overs bowled, 94 runs conceded, economy rate 11.75, bowling average 47.00."
bowling,MK Lomror,"IPL bowling stats for MK Lomror: 1 wickets, 15.0 overs bowled, 127 runs conceded, economy rate 8.47, bowling average 127.00."
bowling,MK Tiwary,"IPL bowling stats for MK Tiwary: 1 wickets, 7.0 overs bowled, 83 runs conceded, economy rate 11.86, bowling average 83.00."
bowling,MM Ali,"IPL bowling stats for MM Ali: 41 wickets, 142.2 overs bowled, 1029 runs conceded, economy rate 7.23, bowling average 25.10."
bowling,MM Patel,"IPL bowling stats for MM Patel: 74 wickets, 225.5 overs bowled, 1698 runs conceded, economy rate 7.52, bowling average 22.95."
bowling,MM Sharma,"IPL bowling stats for MM Sharma: 134 wickets, 400.3 overs bowled, 3513 runs conceded, economy rate 8.77, bowling average 26.22."
bowling,MN Samuels,"IPL bowling stats for MN Samuels: 9 wickets, 35.4 overs bowled, 284 runs conceded, economy rate 7.96, bowling average 31.56."
bowling,MP Stoinis,"IPL bowling stats for MP Stoinis: 46 wickets, 155.5 overs bowled, 1547 runs conceded, economy rate 9.93, bowling average 33.63."
bowling,MP Yadav,"IPL bowling stats for MP Yadav: 9 wickets, 36.1 overs bowled, 367 runs conceded, economy rate 10.15, bowling average 40.78."
bowling,MR Marsh,"IPL bowling stats for MR Marsh: 37 wickets, 93.2 overs bowled, 795 runs conceded, economy rate 8.52, bowling average 21.49."
bowling,MS Gony,"IPL bowling stats for MS Gony: 37 wickets, 148.0 overs bowled, 1287 runs conceded, economy rate 8.70, bowling average 34.78."
bowling,MW Short,"IPL bowling stats for MW Short: 0 wickets, 7.1 overs bowled, 64 runs conceded, economy rate 8.93, bowling average Not available."
bowling,Mandeep Singh,"IPL bowling stats for Mandeep Singh: 0 wickets, 2.0 overs bowled, 26 runs conceded, economy rate 13.00, bowling average Not available."
bowling,Mashrafe Mortaza,"IPL bowling stats for Mashrafe Mortaza: 0 wickets, 4.0 overs bowled, 58 runs conceded, economy rate 14.50, bowling average Not available."
bowling,Mayank Dagar,"IPL bowling stats for Mayank Dagar: 2 wickets, 22.5 overs bowled, 203 runs conceded, economy rate 8.89, bowling average 101.50."
bowling,Mohammad Asif,"IPL bowling stats for Mohammad Asif: 8 wickets, 32.0 overs bowled, 296 runs conceded, economy rate 9.25, bowling average 37.00."
bowling,Mohammad Hafeez,"IPL bowling stats for Mohammad Hafeez: 2 wickets, 10.0 overs bowled, 68 runs conceded, economy rate 6.80, bowling average 34.00."
bowling,Mohammad Nabi,"IPL bowling stats for Mohammad Nabi: 15 wickets, 69.3 overs bowled, 517 runs conceded, economy rate 7.44, bowling average 34.47."
bowling,Mohammed Shami,"IPL bowling stats for Mohammed Shami: 145 wickets, 485.2 overs bowled, 4208 runs conceded, economy rate 8.67, bowling average 29.02."
bowling,Mohammed Siraj,"IPL bowling stats for Mohammed Siraj: 128 wickets, 445.2 overs bowled, 3911 runs conceded, economy rate 8.78, bowling average 30.55."
bowling,Mohit Rathee,"IPL bowling stats for Mohit Rathee: 0 wickets, 2.0 overs bowled, 29 runs conceded, economy rate 14.50, bowling average Not available."
bowling,Mohsin Khan,"IPL bowling stats for Mohsin Khan: 38 wickets, 109.0 overs bowled, 917 runs conceded, economy rate 8.41, bowling average 24.13."
bowling,Monu Kumar,"IPL bowling stats for Monu Kumar: 0 wickets, 2.0 overs bowled, 20 runs conceded, economy rate 10.00, bowling average Not available."
bowling,Mujeeb Ur Rahman,"IPL bowling stats for Mujeeb Ur Rahman: 20 wickets, 74.2 overs bowled, 620 runs conceded, economy rate 8.34, bowling average 31.00."
bowling,Mukesh Choudhary,"IPL bowling stats for Mukesh Choudhary: 25 wickets, 80.3 overs bowled, 771 runs conceded, economy rate 9.58, bowling average 30.84."
bowling,Mukesh Kumar,"IPL bowling stats for Mukesh Kumar: 42 wickets, 137.2 overs bowled, 1455 runs conceded, economy rate 10.59, bowling average 34.64."
bowling,Musheer Khan,"IPL bowling stats for Musheer Khan: 1 wickets, 2.0 overs bowled, 27 runs conceded, economy rate 13.50, bowling average 27.00."
bowling,Mustafizur Rahman,"IPL bowling stats for Mustafizur Rahman: 65 wickets, 227.2 overs bowled, 1849 runs conceded, economy rate 8.13, bowling average 28.45."
bowling,N Burger,"IPL bowling stats for N Burger: 21 wickets, 60.3 overs bowled, 585 runs conceded, economy rate 9.67, bowling average 27.86."
bowling,N Rana,"IPL bowling stats for N Rana: 10 wickets, 36.0 overs bowled, 325 runs conceded, economy rate 9.03, bowling average 32.50."
bowling,N Thushara,"IPL bowling stats for N Thushara: 9 wickets, 30.0 overs bowled, 283 runs conceded, economy rate 9.43, bowling average 31.44."
bowling,N Wadhera,"IPL bowling stats for N Wadhera: 0 wickets, 2.5 overs bowled, 22 runs conceded, economy rate 7.76, bowling average Not available."
bowling,NA Saini,"IPL bowling stats for NA Saini: 0 wickets, 2.0 overs bowled, 34 runs conceded, economy rate 17.00, bowling average Not available."
bowling,NB Singh,"IPL bowling stats for NB Singh: 1 wickets, 4.0 overs bowled, 15 runs conceded, economy rate 3.75, bowling average 15.00."
bowling,ND Doshi,"IPL bowling stats for ND Doshi: 2 wickets, 9.2 overs bowled, 79 runs conceded, economy rate 8.46, bowling average 39.50."
bowling,NJ Rimmington,"IPL bowling stats for NJ Rimmington: 0 wickets, 3.0 overs bowled, 19 runs conceded, economy rate 6.33, bowling average Not available."
bowling,NL McCullum,"IPL bowling stats for NL McCullum: 0 wickets, 5.0 overs bowled, 34 runs conceded, economy rate 6.80, bowling average Not available."
bowling,NLTC Perera,"IPL bowling stats for NLTC Perera: 31 wickets, 116.2 overs bowled, 1016 runs conceded, economy rate 8.73, bowling average 32.77."
bowling,NM Coulter-Nile,"IPL bowling stats for NM Coulter-Nile: 48 wickets, 142.5 overs bowled, 1100 runs conceded, economy rate 7.70, bowling average 22.92."
bowling,NT Ellis,"IPL bowling stats for NT Ellis: 19 wickets, 63.0 overs bowled, 546 runs conceded, economy rate 8.67, bowling average 28.74."
bowling,Naman Dhir,"IPL bowling stats for Naman Dhir: 0 wickets, 8.4 overs bowled, 76 runs conceded, economy rate 8.77, bowling average Not available."
bowling,Navdeep Saini,"IPL bowling stats for Navdeep Saini: 23 wickets, 110.4 overs bowled, 977 runs conceded, economy rate 8.83, bowling average 42.48."
bowling,Naveen-ul-Haq,"IPL bowling stats for Naveen-ul-Haq: 25 wickets, 64.3 overs bowled, 591 runs conceded, economy rate 9.16, bowling average 23.64."
bowling,Nithish Kumar Reddy,"IPL bowling stats for Nithish Kumar Reddy: 13 wickets, 54.1 overs bowled, 577 runs conceded, economy rate 10.65, bowling average 44.38."
bowling,Noor Ahmad,"IPL bowling stats for Noor Ahmad: 61 wickets, 183.0 overs bowled, 1495 runs conceded, economy rate 8.17, bowling average 24.51."
bowling,O Thomas,"IPL bowling stats for O Thomas: 5 wickets, 10.0 overs bowled, 79 runs conceded, economy rate 7.90, bowling average 15.80."
bowling,OC McCoy,"IPL bowling stats for OC McCoy: 11 wickets, 26.5 overs bowled, 250 runs conceded, economy rate 9.32, bowling average 22.73."
bowling,OF Smith,"IPL bowling stats for OF Smith: 6 wickets, 15.0 overs bowled, 178 runs conceded, economy rate 11.87, bowling average 29.67."
bowling,P Amarnath,"IPL bowling stats for P Amarnath: 7 wickets, 22.0 overs bowled, 236 runs conceded, economy rate 10.73, bowling average 33.71."
bowling,P Awana,"IPL bowling stats for P Awana: 39 wickets, 124.3 overs bowled, 1029 runs conceded, economy rate 8.27, bowling average 26.38."
bowling,P Dubey,"IPL bowling stats for P Dubey: 2 wickets, 13.0 overs bowled, 111 runs conceded, economy rate 8.54, bowling average 55.50."
bowling,P Kumar,"IPL bowling stats for P Kumar: 90 wickets, 420.4 overs bowled, 3251 runs conceded, economy rate 7.73, bowling average 36.12."
bowling,P Negi,"IPL bowling stats for P Negi: 34 wickets, 119.2 overs bowled, 939 runs conceded, economy rate 7.87, bowling average 27.62."
bowling,P Parameswaran,"IPL bowling stats for P Parameswaran: 9 wickets, 25.4 overs bowled, 224 runs conceded, economy rate 8.73, bowling average 24.89."
bowling,P Prasanth,"IPL bowling stats for P Prasanth: 0 wickets, 1.0 overs bowled, 18 runs conceded, economy rate 18.00, bowling average Not available."
bowling,P Ray Barman,"IPL bowling stats for P Ray Barman: 0 wickets, 4.0 overs bowled, 56 runs conceded, economy rate 14.00, bowling average Not available."
bowling,P Sahu,"IPL bowling stats for P Sahu: 3 wickets, 17.3 overs bowled, 146 runs conceded, economy rate 8.34, bowling average 48.67."
bowling,P Suyal,"IPL bowling stats for P Suyal: 2 wickets, 16.0 overs bowled, 151 runs conceded, economy rate 9.44, bowling average 75.50."
bowling,PC Valthaty,"IPL bowling stats for PC Valthaty: 7 wickets, 25.1 overs bowled, 205 runs conceded, economy rate 8.15, bowling average 29.29."
bowling,PD Collingwood,"IPL bowling stats for PD Collingwood: 5 wickets, 14.5 overs bowled, 101 runs conceded, economy rate 6.81, bowling average 20.20."
bowling,PH Solanki,"IPL bowling stats for PH Solanki: 2 wickets, 6.0 overs bowled, 38 runs conceded, economy rate 6.33, bowling average 19.00."
bowling,PHKD Mendis,"IPL bowling stats for PHKD Mendis: 2 wickets, 7.0 overs bowled, 60 runs conceded, economy rate 8.57, bowling average 30.00."
bowling,PJ Cummins,"IPL bowling stats for PJ Cummins: 87 wickets, 301.3 overs bowled, 2680 runs conceded, economy rate 8.89, bowling average 30.80."
bowling,PJ Sangwan,"IPL bowling stats for PJ Sangwan: 38 wickets, 142.4 overs bowled, 1240 runs conceded, economy rate 8.69, bowling average 32.63."
bowling,PM Sarvesh Kumar,"IPL bowling stats for PM Sarvesh Kumar: 1 wickets, 5.0 overs bowled, 42 runs conceded, economy rate 8.40, bowling average 42.00."
bowling,PP Chawla,"IPL bowling stats for PP Chawla: 192 wickets, 641.4 overs bowled, 5108 runs conceded, economy rate 7.96, bowling average 26.60."
bowling,PP Hinge,"IPL bowling stats for PP Hinge: 14 wickets, 26.0 overs bowled, 305 runs conceded, economy rate 11.73, bowling average 21.79."
bowling,PP Ojha,"IPL bowling stats for PP Ojha: 89 wickets, 316.3 overs bowled, 2337 runs conceded, economy rate 7.38, bowling average 26.26."
bowling,PR Veer,"IPL bowling stats for PR Veer: 0 wickets, 2.0 overs bowled, 25 runs conceded, economy rate 12.50, bowling average Not available."
bowling,PV Tambe,"IPL bowling stats for PV Tambe: 28 wickets, 110.0 overs bowled, 853 runs conceded, economy rate 7.75, bowling average 30.46."
bowling,PVD Chameera,"IPL bowling stats for PVD Chameera: 13 wickets, 66.0 overs bowled, 648 runs conceded, economy rate 9.82, bowling average 49.85."
bowling,PVSN Raju,"IPL bowling stats for PVSN Raju: 1 wickets, 4.0 overs bowled, 53 runs conceded, economy rate 13.25, bowling average 53.00."
bowling,PWA Mulder,"IPL bowling stats for PWA Mulder: 0 wickets, 1.0 overs bowled, 16 runs conceded, economy rate 16.00, bowling average Not available."
bowling,PWH de Silva,"IPL bowling stats for PWH de Silva: 46 wickets, 133.0 overs bowled, 1119 runs conceded, economy rate 8.41, bowling average 24.33."
bowling,Pankaj Singh,"IPL bowling stats for Pankaj Singh: 11 wickets, 50.0 overs bowled, 468 runs conceded, economy rate 9.36, bowling average 42.55."
bowling,Parvez Rasool,"IPL bowling stats for Parvez Rasool: 4 wickets, 33.0 overs bowled, 271 runs conceded, economy rate 8.21, bowling average 67.75."
bowling,Prince Yadav,"IPL bowling stats for Prince Yadav: 19 wickets, 74.5 overs bowled, 684 runs conceded, economy rate 9.14, bowling average 36.00."
bowling,R Ashwin,"IPL bowling stats for R Ashwin: 187 wickets, 785.0 overs bowled, 5652 runs conceded, economy rate 7.20, bowling average 30.22."
bowling,R Bhatia,"IPL bowling stats for R Bhatia: 71 wickets, 272.4 overs bowled, 2020 runs conceded, economy rate 7.41, bowling average 28.45."
bowling,R Dhawan,"IPL bowling stats for R Dhawan: 25 wickets, 110.2 overs bowled, 891 runs conceded, economy rate 8.08, bowling average 35.64."
bowling,R Goyal,"IPL bowling stats for R Goyal: 0 wickets, 4.0 overs bowled, 33 runs conceded, economy rate 8.25, bowling average Not available."
bowling,R McLaren,"IPL bowling stats for R McLaren: 12 wickets, 59.0 overs bowled, 542 runs conceded, economy rate 9.19, bowling average 45.17."
bowling,R Ninan,"IPL bowling stats for R Ninan: 3 wickets, 6.0 overs bowled, 65 runs conceded, economy rate 10.83, bowling average 21.67."
bowling,R Parag,"IPL bowling stats for R Parag: 9 wickets, 53.1 overs bowled, 515 runs conceded, economy rate 9.69, bowling average 57.22."
bowling,R Powell,"IPL bowling stats for R Powell: 1 wickets, 3.0 overs bowled, 35 runs conceded, economy rate 11.67, bowling average 35.00."
bowling,R Rampaul,"IPL bowling stats for R Rampaul: 14 wickets, 43.4 overs bowled, 298 runs conceded, economy rate 6.82, bowling average 21.29."
bowling,R Ravindra,"IPL bowling stats for R Ravindra: 0 wickets, 2.0 overs bowled, 7 runs conceded, economy rate 3.50, bowling average Not available."
bowling,R Sai Kishore,"IPL bowling stats for R Sai Kishore: 33 wickets, 77.3 overs bowled, 697 runs conceded, economy rate 8.99, bowling average 21.12."
bowling,R Sanjay Yadav,"IPL bowling stats for R Sanjay Yadav: 0 wickets, 2.0 overs bowled, 23 runs conceded, economy rate 11.50, bowling average Not available."
bowling,R Sathish,"IPL bowling stats for R Sathish: 3 wickets, 23.1 overs bowled, 232 runs conceded, economy rate 10.01, bowling average 77.33."
bowling,R Sharma,"IPL bowling stats for R Sharma: 40 wickets, 154.4 overs bowled, 1086 runs conceded, economy rate 7.02, bowling average 27.15."
bowling,R Shepherd,"IPL bowling stats for R Shepherd: 17 wickets, 60.0 overs bowled, 706 runs conceded, economy rate 11.77, bowling average 41.53."
bowling,R Shukla,"IPL bowling stats for R Shukla: 5 wickets, 20.0 overs bowled, 208 runs conceded, economy rate 10.40, bowling average 41.60."
bowling,R Tewatia,"IPL bowling stats for R Tewatia: 32 wickets, 140.3 overs bowled, 1111 runs conceded, economy rate 7.91, bowling average 34.72."
bowling,R Vinay Kumar,"IPL bowling stats for R Vinay Kumar: 105 wickets, 353.3 overs bowled, 2966 runs conceded, economy rate 8.39, bowling average 28.25."
bowling,RA Bawa,"IPL bowling stats for RA Bawa: 2 wickets, 4.0 overs bowled, 50 runs conceded, economy rate 12.50, bowling average 25.00."
bowling,RA Jadeja,"IPL bowling stats for RA Jadeja: 180 wickets, 709.0 overs bowled, 5465 runs conceded, economy rate 7.71, bowling average 30.36."
bowling,RA Shaikh,"IPL bowling stats for RA Shaikh: 0 wickets, 1.0 overs bowled, 11 runs conceded, economy rate 11.00, bowling average Not available."
bowling,RA Tripathi,"IPL bowling stats for RA Tripathi: 0 wickets, 1.0 overs bowled, 12 runs conceded, economy rate 12.00, bowling average Not available."
bowling,RD Chahar,"IPL bowling stats for RD Chahar: 75 wickets, 282.2 overs bowled, 2196 runs conceded, economy rate 7.78, bowling average 29.28."
bowling,RE van der Merwe,"IPL bowling stats for RE van der Merwe: 21 wickets, 73.5 overs bowled, 498 runs conceded, economy rate 6.74, bowling average 23.71."
bowling,RG More,"IPL bowling stats for RG More: 1 wickets, 5.5 overs bowled, 59 runs conceded, economy rate 10.11, bowling average 59.00."
bowling,RG Sharma,"IPL bowling stats for RG Sharma: 15 wickets, 56.3 overs bowled, 453 runs conceded, economy rate 8.02, bowling average 30.20."
bowling,RJ Gleeson,"IPL bowling stats for RJ Gleeson: 2 wickets, 11.2 overs bowled, 110 runs conceded, economy rate 9.71, bowling average 55.00."
bowling,RJ Harris,"IPL bowling stats for RJ Harris: 45 wickets, 138.4 overs bowled, 1047 runs conceded, economy rate 7.55, bowling average 23.27."
bowling,RJ Peterson,"IPL bowling stats for RJ Peterson: 3 wickets, 8.0 overs bowled, 70 runs conceded, economy rate 8.75, bowling average 23.33."
bowling,RJW Topley,"IPL bowling stats for RJW Topley: 5 wickets, 20.0 overs bowled, 222 runs conceded, economy rate 11.10, bowling average 44.40."
bowling,RN ten Doeschate,"IPL bowling stats for RN ten Doeschate: 2 wickets, 13.0 overs bowled, 94 runs conceded, economy rate 7.23, bowling average 47.00."
bowling,RP Meredith,"IPL bowling stats for RP Meredith: 19 wickets, 64.4 overs bowled, 612 runs conceded, economy rate 9.46, bowling average 32.21."
bowling,RP Singh,"IPL bowling stats for RP Singh: 90 wickets, 295.5 overs bowled, 2338 runs conceded, economy rate 7.90, bowling average 25.98."
bowling,RR Bhatkal,"IPL bowling stats for RR Bhatkal: 0 wickets, 2.0 overs bowled, 35 runs conceded, economy rate 17.50, bowling average Not available."
bowling,RR Bose,"IPL bowling stats for RR Bose: 0 wickets, 2.0 overs bowled, 24 runs conceded, economy rate 12.00, bowling average Not available."
bowling,RR Powar,"IPL bowling stats for RR Powar: 13 wickets, 71.0 overs bowled, 527 runs conceded, economy rate 7.42, bowling average 40.54."
bowling,RR Raje,"IPL bowling stats for RR Raje: 6 wickets, 23.1 overs bowled, 209 runs conceded, economy rate 9.02, bowling average 34.83."
bowling,RS Bopara,"IPL bowling stats for RS Bopara: 11 wickets, 34.2 overs bowled, 292 runs conceded, economy rate 8.50, bowling average 26.55."
bowling,RS Gavaskar,"IPL bowling stats for RS Gavaskar: 0 wickets, 1.0 overs bowled, 8 runs conceded, economy rate 8.00, bowling average Not available."
bowling,RS Ghosh,"IPL bowling stats for RS Ghosh: 1 wickets, 3.0 overs bowled, 24 runs conceded, economy rate 8.00, bowling average 24.00."
bowling,RS Hangargekar,"IPL bowling stats for RS Hangargekar: 3 wickets, 6.0 overs bowled, 60 runs conceded, economy rate 10.00, bowling average 20.00."
bowling,RV Gomez,"IPL bowling stats for RV Gomez: 5 wickets, 16.0 overs bowled, 129 runs conceded, economy rate 8.06, bowling average 25.80."
bowling,RV Patel,"IPL bowling stats for RV Patel: 0 wickets, 3.0 overs bowled, 22 runs conceded, economy rate 7.33, bowling average Not available."
bowling,RW Price,"IPL bowling stats for RW Price: 0 wickets, 3.0 overs bowled, 33 runs conceded, economy rate 11.00, bowling average Not available."
bowling,Raghu Sharma,"IPL bowling stats for Raghu Sharma: 1 wickets, 15.0 overs bowled, 130 runs conceded, economy rate 8.67, bowling average 130.00."
bowling,Ramandeep Singh,"IPL bowling stats for Ramandeep Singh: 7 wickets, 9.2 overs bowled, 94 runs conceded, economy rate 10.07, bowling average 13.43."
bowling,Rashid Khan,"IPL bowling stats for Rashid Khan: 179 wickets, 588.2 overs bowled, 4282 runs conceded, economy rate 7.28, bowling average 23.92."
bowling,Rasikh Salam,"IPL bowling stats for Rasikh Salam: 29 wickets, 81.2 overs bowled, 814 runs conceded, economy rate 10.01, bowling average 28.07."
bowling,Ravi Bishnoi,"IPL bowling stats for Ravi Bishnoi: 83 wickets, 298.1 overs bowled, 2494 runs conceded, economy rate 8.36, bowling average 30.05."
bowling,S Aravind,"IPL bowling stats for S Aravind: 45 wickets, 126.4 overs bowled, 1039 runs conceded, economy rate 8.20, bowling average 23.09."
bowling,S Badree,"IPL bowling stats for S Badree: 11 wickets, 43.0 overs bowled, 319 runs conceded, economy rate 7.42, bowling average 29.00."
bowling,S Dhawan,"IPL bowling stats for S Dhawan: 4 wickets, 8.0 overs bowled, 66 runs conceded, economy rate 8.25, bowling average 16.50."
bowling,S Dube,"IPL bowling stats for S Dube: 6 wickets, 25.4 overs bowled, 277 runs conceded, economy rate 10.79, bowling average 46.17."
bowling,S Gopal,"IPL bowling stats for S Gopal: 52 wickets, 165.1 overs bowled, 1349 runs conceded, economy rate 8.17, bowling average 25.94."
bowling,S Joseph,"IPL bowling stats for S Joseph: 0 wickets, 4.0 overs bowled, 47 runs conceded, economy rate 11.75, bowling average Not available."
bowling,S Kaul,"IPL bowling stats for S Kaul: 58 wickets, 201.3 overs bowled, 1739 runs conceded, economy rate 8.63, bowling average 29.98."
bowling,S Kaushik,"IPL bowling stats for S Kaushik: 6 wickets, 34.0 overs bowled, 297 runs conceded, economy rate 8.74, bowling average 49.50."
bowling,S Ladda,"IPL bowling stats for S Ladda: 5 wickets, 23.0 overs bowled, 224 runs conceded, economy rate 9.74, bowling average 44.80."
bowling,S Lamichhane,"IPL bowling stats for S Lamichhane: 13 wickets, 35.0 overs bowled, 292 runs conceded, economy rate 8.34, bowling average 22.46."
bowling,S Midhun,"IPL bowling stats for S Midhun: 0 wickets, 2.0 overs bowled, 27 runs conceded, economy rate 13.50, bowling average Not available."
bowling,S Nadeem,"IPL bowling stats for S Nadeem: 48 wickets, 235.5 overs bowled, 1784 runs conceded, economy rate 7.56, bowling average 37.17."
bowling,S Narwal,"IPL bowling stats for S Narwal: 5 wickets, 17.4 overs bowled, 202 runs conceded, economy rate 11.43, bowling average 40.40."
bowling,S Rana,"IPL bowling stats for S Rana: 0 wickets, 2.4 overs bowled, 18 runs conceded, economy rate 6.75, bowling average Not available."
bowling,S Randiv,"IPL bowling stats for S Randiv: 6 wickets, 29.0 overs bowled, 223 runs conceded, economy rate 7.69, bowling average 37.17."
bowling,S Sandeep Warrier,"IPL bowling stats for S Sandeep Warrier: 8 wickets, 28.0 overs bowled, 253 runs conceded, economy rate 9.04, bowling average 31.62."
bowling,S Sreesanth,"IPL bowling stats for S Sreesanth: 40 wickets, 146.4 overs bowled, 1194 runs conceded, economy rate 8.14, bowling average 29.85."
bowling,S Sriram,"IPL bowling stats for S Sriram: 0 wickets, 3.0 overs bowled, 49 runs conceded, economy rate 16.33, bowling average Not available."
bowling,S Tyagi,"IPL bowling stats for S Tyagi: 6 wickets, 34.5 overs bowled, 295 runs conceded, economy rate 8.47, bowling average 49.17."
bowling,S Vidyut,"IPL bowling stats for S Vidyut: 1 wickets, 2.0 overs bowled, 22 runs conceded, economy rate 11.00, bowling average 22.00."
bowling,SA Abbott,"IPL bowling stats for SA Abbott: 1 wickets, 9.0 overs bowled, 104 runs conceded, economy rate 11.56, bowling average 104.00."
bowling,SA Yadav,"IPL bowling stats for SA Yadav: 0 wickets, 1.0 overs bowled, 8 runs conceded, economy rate 8.00, bowling average Not available."
bowling,SB Bangar,"IPL bowling stats for SB Bangar: 4 wickets, 25.0 overs bowled, 219 runs conceded, economy rate 8.76, bowling average 54.75."
bowling,SB Jakati,"IPL bowling stats for SB Jakati: 47 wickets, 180.5 overs bowled, 1451 runs conceded, economy rate 8.02, bowling average 30.87."
bowling,SB Joshi,"IPL bowling stats for SB Joshi: 1 wickets, 9.1 overs bowled, 82 runs conceded, economy rate 8.95, bowling average 82.00."
bowling,SB Styris,"IPL bowling stats for SB Styris: 8 wickets, 36.0 overs bowled, 276 runs conceded, economy rate 7.67, bowling average 34.50."
bowling,SB Wagh,"IPL bowling stats for SB Wagh: 5 wickets, 17.0 overs bowled, 137 runs conceded, economy rate 8.06, bowling average 27.40."
bowling,SC Ganguly,"IPL bowling stats for SC Ganguly: 10 wickets, 46.0 overs bowled, 363 runs conceded, economy rate 7.89, bowling average 36.30."
bowling,SC Kuggeleijn,"IPL bowling stats for SC Kuggeleijn: 2 wickets, 8.0 overs bowled, 71 runs conceded, economy rate 8.88, bowling average 35.50."
bowling,SD Chitnis,"IPL bowling stats for SD Chitnis: 2 wickets, 6.0 overs bowled, 60 runs conceded, economy rate 10.00, bowling average 30.00."
bowling,SE Bond,"IPL bowling stats for SE Bond: 9 wickets, 31.0 overs bowled, 224 runs conceded, economy rate 7.23, bowling average 24.89."
bowling,SE Rutherford,"IPL bowling stats for SE Rutherford: 1 wickets, 6.5 overs bowled, 59 runs conceded, economy rate 8.63, bowling average 59.00."
bowling,SH Johnson,"IPL bowling stats for SH Johnson: 7 wickets, 38.2 overs bowled, 396 runs conceded, economy rate 10.33, bowling average 56.57."
bowling,SJ Srivastava,"IPL bowling stats for SJ Srivastava: 14 wickets, 47.0 overs bowled, 441 runs conceded, economy rate 9.38, bowling average 31.50."
bowling,SK Raina,"IPL bowling stats for SK Raina: 25 wickets, 151.2 overs bowled, 1118 runs conceded, economy rate 7.39, bowling average 44.72."
bowling,SK Trivedi,"IPL bowling stats for SK Trivedi: 65 wickets, 251.0 overs bowled, 1904 runs conceded, economy rate 7.59, bowling average 29.29."
bowling,SK Warne,"IPL bowling stats for SK Warne: 57 wickets, 199.0 overs bowled, 1447 runs conceded, economy rate 7.27, bowling average 25.39."
bowling,SL Malinga,"IPL bowling stats for SL Malinga: 170 wickets, 471.1 overs bowled, 3371 runs conceded, economy rate 7.15, bowling average 19.83."
bowling,SM Boland,"IPL bowling stats for SM Boland: 2 wickets, 7.0 overs bowled, 54 runs conceded, economy rate 7.71, bowling average 27.00."
bowling,SM Curran,"IPL bowling stats for SM Curran: 59 wickets, 208.5 overs bowled, 2033 runs conceded, economy rate 9.74, bowling average 34.46."
bowling,SM Harwood,"IPL bowling stats for SM Harwood: 3 wickets, 10.0 overs bowled, 73 runs conceded, economy rate 7.30, bowling average 24.33."
bowling,SM Pollock,"IPL bowling stats for SM Pollock: 11 wickets, 46.0 overs bowled, 301 runs conceded, economy rate 6.54, bowling average 27.36."
bowling,SMSM Senanayake,"IPL bowling stats for SMSM Senanayake: 9 wickets, 32.0 overs bowled, 209 runs conceded, economy rate 6.53, bowling average 23.22."
bowling,SN Khan,"IPL bowling stats for SN Khan: 0 wickets, 0.2 overs bowled, 6 runs conceded, economy rate 18.00, bowling average Not available."
bowling,SN Thakur,"IPL bowling stats for SN Thakur: 119 wickets, 367.0 overs bowled, 3514 runs conceded, economy rate 9.57, bowling average 29.53."
bowling,SP Narine,"IPL bowling stats for SP Narine: 207 wickets, 775.1 overs bowled, 5261 runs conceded, economy rate 6.79, bowling average 25.42."
bowling,SPD Smith,"IPL bowling stats for SPD Smith: 0 wickets, 0.2 overs bowled, 5 runs conceded, economy rate 15.00, bowling average Not available."
bowling,SR Dubey,"IPL bowling stats for SR Dubey: 5 wickets, 12.5 overs bowled, 106 runs conceded, economy rate 8.26, bowling average 21.20."
bowling,SR Tendulkar,"IPL bowling stats for SR Tendulkar: 0 wickets, 6.0 overs bowled, 58 runs conceded, economy rate 9.67, bowling average Not available."
bowling,SR Watson,"IPL bowling stats for SR Watson: 92 wickets, 338.1 overs bowled, 2682 runs conceded, economy rate 7.93, bowling average 29.15."
bowling,SS Agarwal,"IPL bowling stats for SS Agarwal: 1 wickets, 4.0 overs bowled, 42 runs conceded, economy rate 10.50, bowling average 42.00."
bowling,SS Cottrell,"IPL bowling stats for SS Cottrell: 6 wickets, 20.0 overs bowled, 176 runs conceded, economy rate 8.80, bowling average 29.33."
bowling,SS Iyer,"IPL bowling stats for SS Iyer: 0 wickets, 1.0 overs bowled, 7 runs conceded, economy rate 7.00, bowling average Not available."
bowling,SS Mishra,"IPL bowling stats for SS Mishra: 2 wickets, 6.2 overs bowled, 67 runs conceded, economy rate 10.58, bowling average 33.50."
bowling,SS Mundhe,"IPL bowling stats for SS Mundhe: 1 wickets, 1.0 overs bowled, 6 runs conceded, economy rate 6.00, bowling average 6.00."
bowling,SS Sarkar,"IPL bowling stats for SS Sarkar: 1 wickets, 4.1 overs bowled, 34 runs conceded, economy rate 8.16, bowling average 34.00."
bowling,SSB Magala,"IPL bowling stats for SSB Magala: 1 wickets, 6.0 overs bowled, 51 runs conceded, economy rate 8.50, bowling average 51.00."
bowling,ST Jayasuriya,"IPL bowling stats for ST Jayasuriya: 13 wickets, 49.0 overs bowled, 390 runs conceded, economy rate 7.96, bowling average 30.00."
bowling,STR Binny,"IPL bowling stats for STR Binny: 22 wickets, 99.0 overs bowled, 758 runs conceded, economy rate 7.66, bowling average 34.45."
bowling,SW Tait,"IPL bowling stats for SW Tait: 23 wickets, 78.5 overs bowled, 640 runs conceded, economy rate 8.12, bowling average 27.83."
bowling,SZ Mulani,"IPL bowling stats for SZ Mulani: 0 wickets, 5.0 overs bowled, 57 runs conceded, economy rate 11.40, bowling average Not available."
bowling,Sachin Baby,"IPL bowling stats for Sachin Baby: 2 wickets, 1.4 overs bowled, 8 runs conceded, economy rate 4.80, bowling average 4.00."
bowling,Sakib Hussain,"IPL bowling stats for Sakib Hussain: 15 wickets, 42.0 overs bowled, 397 runs conceded, economy rate 9.45, bowling average 26.47."
bowling,Sandeep Sharma,"IPL bowling stats for Sandeep Sharma: 151 wickets, 526.3 overs bowled, 4294 runs conceded, economy rate 8.16, bowling average 28.44."
bowling,Shahbaz Ahmed,"IPL bowling stats for Shahbaz Ahmed: 27 wickets, 109.1 overs bowled, 1069 runs conceded, economy rate 9.79, bowling average 39.59."
bowling,Shahid Afridi,"IPL bowling stats for Shahid Afridi: 9 wickets, 30.0 overs bowled, 225 runs conceded, economy rate 7.50, bowling average 25.00."
bowling,Shakib Al Hasan,"IPL bowling stats for Shakib Al Hasan: 63 wickets, 247.2 overs bowled, 1839 runs conceded, economy rate 7.44, bowling average 29.19."
bowling,Shashank Singh,"IPL bowling stats for Shashank Singh: 5 wickets, 15.0 overs bowled, 140 runs conceded, economy rate 9.33, bowling average 28.00."
bowling,Shivam Mavi,"IPL bowling stats for Shivam Mavi: 30 wickets, 108.1 overs bowled, 942 runs conceded, economy rate 8.71, bowling average 31.40."
bowling,Shivam Sharma,"IPL bowling stats for Shivam Sharma: 4 wickets, 19.0 overs bowled, 165 runs conceded, economy rate 8.68, bowling average 41.25."
bowling,Shivang Kumar,"IPL bowling stats for Shivang Kumar: 9 wickets, 39.0 overs bowled, 375 runs conceded, economy rate 9.62, bowling average 41.67."
bowling,Shoaib Ahmed,"IPL bowling stats for Shoaib Ahmed: 5 wickets, 17.0 overs bowled, 152 runs conceded, economy rate 8.94, bowling average 30.40."
bowling,Shoaib Akhtar,"IPL bowling stats for Shoaib Akhtar: 5 wickets, 7.0 overs bowled, 54 runs conceded, economy rate 7.71, bowling average 10.80."
bowling,Shoaib Malik,"IPL bowling stats for Shoaib Malik: 2 wickets, 8.3 overs bowled, 85 runs conceded, economy rate 10.00, bowling average 42.50."
bowling,Sikandar Raza,"IPL bowling stats for Sikandar Raza: 3 wickets, 14.0 overs bowled, 141 runs conceded, economy rate 10.07, bowling average 47.00."
bowling,Simarjeet Singh,"IPL bowling stats for Simarjeet Singh: 11 wickets, 40.0 overs bowled, 400 runs conceded, economy rate 10.00, bowling average 36.36."
bowling,Sohail Tanvir,"IPL bowling stats for Sohail Tanvir: 22 wickets, 41.1 overs bowled, 266 runs conceded, economy rate 6.46, bowling average 12.09."
bowling,Sumit Kumar,"IPL bowling stats for Sumit Kumar: 0 wickets, 3.2 overs bowled, 38 runs conceded, economy rate 11.40, bowling average Not available."
bowling,Sunny Gupta,"IPL bowling stats for Sunny Gupta: 0 wickets, 3.0 overs bowled, 47 runs conceded, economy rate 15.67, bowling average Not available."
bowling,Suryansh Shedge,"IPL bowling stats for Suryansh Shedge: 0 wickets, 3.0 overs bowled, 40 runs conceded, economy rate 13.33, bowling average Not available."
bowling,Suyash Sharma,"IPL bowling stats for Suyash Sharma: 27 wickets, 133.5 overs bowled, 1190 runs conceded, economy rate 8.89, bowling average 44.07."
bowling,Swapnil Singh,"IPL bowling stats for Swapnil Singh: 7 wickets, 27.0 overs bowled, 241 runs conceded, economy rate 8.93, bowling average 34.43."
bowling,T Henderson,"IPL bowling stats for T Henderson: 1 wickets, 6.0 overs bowled, 40 runs conceded, economy rate 6.67, bowling average 40.00."
bowling,T Natarajan,"IPL bowling stats for T Natarajan: 73 wickets, 258.5 overs bowled, 2378 runs conceded, economy rate 9.19, bowling average 32.58."
bowling,T Shamsi,"IPL bowling stats for T Shamsi: 3 wickets, 20.0 overs bowled, 181 runs conceded, economy rate 9.05, bowling average 60.33."
bowling,T Stubbs,"IPL bowling stats for T Stubbs: 4 wickets, 6.0 overs bowled, 69 runs conceded, economy rate 11.50, bowling average 17.25."
bowling,T Thushara,"IPL bowling stats for T Thushara: 8 wickets, 22.3 overs bowled, 161 runs conceded, economy rate 7.16, bowling average 20.12."
bowling,T Vijay,"IPL bowling stats for T Vijay: 0 wickets, 2.0 overs bowled, 29 runs conceded, economy rate 14.50, bowling average Not available."
bowling,TA Boult,"IPL bowling stats for TA Boult: 145 wickets, 463.2 overs bowled, 3935 runs conceded, economy rate 8.49, bowling average 27.14."
bowling,TG Southee,"IPL bowling stats for TG Southee: 47 wickets, 201.0 overs bowled, 1742 runs conceded, economy rate 8.67, bowling average 37.06."
bowling,TH David,"IPL bowling stats for TH David: 0 wickets, 1.0 overs bowled, 18 runs conceded, economy rate 18.00, bowling average Not available."
bowling,TK Curran,"IPL bowling stats for TK Curran: 13 wickets, 39.4 overs bowled, 430 runs conceded, economy rate 10.84, bowling average 33.08."
bowling,TL Suman,"IPL bowling stats for TL Suman: 6 wickets, 25.0 overs bowled, 197 runs conceded, economy rate 7.88, bowling average 32.83."
bowling,TM Dilshan,"IPL bowling stats for TM Dilshan: 5 wickets, 45.1 overs bowled, 366 runs conceded, economy rate 8.10, bowling average 73.20."
bowling,TM Head,"IPL bowling stats for TM Head: 3 wickets, 10.4 overs bowled, 120 runs conceded, economy rate 11.25, bowling average 40.00."
bowling,TP Sudhindra,"IPL bowling stats for TP Sudhindra: 1 wickets, 11.4 overs bowled, 136 runs conceded, economy rate 11.66, bowling average 136.00."
bowling,TS Mills,"IPL bowling stats for TS Mills: 11 wickets, 34.5 overs bowled, 343 runs conceded, economy rate 9.85, bowling average 31.18."
bowling,TU Deshpande,"IPL bowling stats for TU Deshpande: 55 wickets, 183.5 overs bowled, 1858 runs conceded, economy rate 10.11, bowling average 33.78."
bowling,Tejas Baroka,"IPL bowling stats for Tejas Baroka: 0 wickets, 3.3 overs bowled, 33 runs conceded, economy rate 9.43, bowling average Not available."
bowling,Tilak Varma,"IPL bowling stats for Tilak Varma: 0 wickets, 3.4 overs bowled, 28 runs conceded, economy rate 7.64, bowling average Not available."
bowling,UT Yadav,"IPL bowling stats for UT Yadav: 144 wickets, 508.2 overs bowled, 4317 runs conceded, economy rate 8.49, bowling average 29.98."
bowling,Umar Gul,"IPL bowling stats for Umar Gul: 12 wickets, 22.3 overs bowled, 184 runs conceded, economy rate 8.18, bowling average 15.33."
bowling,Umran Malik,"IPL bowling stats for Umran Malik: 29 wickets, 82.1 overs bowled, 772 runs conceded, economy rate 9.40, bowling average 26.62."
bowling,V Kaverappa,"IPL bowling stats for V Kaverappa: 2 wickets, 4.0 overs bowled, 36 runs conceded, economy rate 9.00, bowling average 18.00."
bowling,V Kohli,"IPL bowling stats for V Kohli: 4 wickets, 41.5 overs bowled, 368 runs conceded, economy rate 8.80, bowling average 92.00."
bowling,V Nigam,"IPL bowling stats for V Nigam: 13 wickets, 48.0 overs bowled, 469 runs conceded, economy rate 9.77, bowling average 36.08."
bowling,V Pratap Singh,"IPL bowling stats for V Pratap Singh: 10 wickets, 34.0 overs bowled, 296 runs conceded, economy rate 8.71, bowling average 29.60."
bowling,V Puthur,"IPL bowling stats for V Puthur: 6 wickets, 12.0 overs bowled, 109 runs conceded, economy rate 9.08, bowling average 18.17."
bowling,V Sehwag,"IPL bowling stats for V Sehwag: 6 wickets, 22.4 overs bowled, 235 runs conceded, economy rate 10.37, bowling average 39.17."
bowling,V Shankar,"IPL bowling stats for V Shankar: 9 wickets, 39.4 overs bowled, 344 runs conceded, economy rate 8.67, bowling average 38.22."
bowling,V Viyaskanth,"IPL bowling stats for V Viyaskanth: 1 wickets, 10.0 overs bowled, 86 runs conceded, economy rate 8.60, bowling average 86.00."
bowling,VG Arora,"IPL bowling stats for VG Arora: 47 wickets, 144.2 overs bowled, 1406 runs conceded, economy rate 9.74, bowling average 29.91."
bowling,VR Aaron,"IPL bowling stats for VR Aaron: 44 wickets, 165.4 overs bowled, 1481 runs conceded, economy rate 8.94, bowling average 33.66."
bowling,VR Iyer,"IPL bowling stats for VR Iyer: 3 wickets, 13.3 overs bowled, 143 runs conceded, economy rate 10.59, bowling average 47.67."
bowling,VRV Singh,"IPL bowling stats for VRV Singh: 12 wickets, 60.0 overs bowled, 542 runs conceded, economy rate 9.03, bowling average 45.17."
bowling,VS Malik,"IPL bowling stats for VS Malik: 6 wickets, 34.1 overs bowled, 261 runs conceded, economy rate 7.64, bowling average 43.50."
bowling,VS Yeligati,"IPL bowling stats for VS Yeligati: 0 wickets, 5.0 overs bowled, 59 runs conceded, economy rate 11.80, bowling average Not available."
bowling,VY Mahesh,"IPL bowling stats for VY Mahesh: 21 wickets, 56.3 overs bowled, 499 runs conceded, economy rate 8.83, bowling average 23.76."
bowling,Vijaykumar Vyshak,"IPL bowling stats for Vijaykumar Vyshak: 26 wickets, 86.3 overs bowled, 906 runs conceded, economy rate 10.47, bowling average 34.85."
bowling,Vivrant Sharma,"IPL bowling stats for Vivrant Sharma: 0 wickets, 3.0 overs bowled, 37 runs conceded, economy rate 12.33, bowling average Not available."
bowling,W O'Rourke,"IPL bowling stats for W O'Rourke: 6 wickets, 10.2 overs bowled, 132 runs conceded, economy rate 12.77, bowling average 22.00."
bowling,WA Mota,"IPL bowling stats for WA Mota: 4 wickets, 12.0 overs bowled, 97 runs conceded, economy rate 8.08, bowling average 24.25."
bowling,WD Parnell,"IPL bowling stats for WD Parnell: 35 wickets, 120.3 overs bowled, 937 runs conceded, economy rate 7.78, bowling average 26.77."
bowling,WG Jacks,"IPL bowling stats for WG Jacks: 10 wickets, 31.5 overs bowled, 314 runs conceded, economy rate 9.86, bowling average 31.40."
bowling,WPUJC Vaas,"IPL bowling stats for WPUJC Vaas: 18 wickets, 47.0 overs bowled, 355 runs conceded, economy rate 7.55, bowling average 19.72."
bowling,Washington Sundar,"IPL bowling stats for Washington Sundar: 40 wickets, 195.4 overs bowled, 1520 runs conceded, economy rate 7.77, bowling average 38.00."
bowling,XC Bartlett,"IPL bowling stats for XC Bartlett: 7 wickets, 43.3 overs bowled, 484 runs conceded, economy rate 11.13, bowling average 69.14."
bowling,Y Gnaneswara Rao,"IPL bowling stats for Y Gnaneswara Rao: 0 wickets, 1.0 overs bowled, 7 runs conceded, economy rate 7.00, bowling average Not available."
bowling,Y Nagar,"IPL bowling stats for Y Nagar: 4 wickets, 11.0 overs bowled, 125 runs conceded, economy rate 11.36, bowling average 31.25."
bowling,Y Prithvi Raj,"IPL bowling stats for Y Prithvi Raj: 1 wickets, 5.0 overs bowled, 57 runs conceded, economy rate 11.40, bowling average 57.00."
bowling,Y Venugopal Rao,"IPL bowling stats for Y Venugopal Rao: 6 wickets, 36.0 overs bowled, 337 runs conceded, economy rate 9.36, bowling average 56.17."
bowling,YA Abdulla,"IPL bowling stats for YA Abdulla: 15 wickets, 34.5 overs bowled, 307 runs conceded, economy rate 8.81, bowling average 20.47."
bowling,YBK Jaiswal,"IPL bowling stats for YBK Jaiswal: 0 wickets, 0.1 overs bowled, 6 runs conceded, economy rate 36.00, bowling average Not available."
bowling,YK Pathan,"IPL bowling stats for YK Pathan: 42 wickets, 191.1 overs bowled, 1415 runs conceded, economy rate 7.40, bowling average 33.69."
bowling,YS Chahal,"IPL bowling stats for YS Chahal: 233 wickets, 672.5 overs bowled, 5417 runs conceded, economy rate 8.05, bowling average 23.25."
bowling,Yash Dayal,"IPL bowling stats for Yash Dayal: 41 wickets, 145.1 overs bowled, 1390 runs conceded, economy rate 9.58, bowling average 33.90."
bowling,Yash Raj Punja,"IPL bowling stats for Yash Raj Punja: 9 wickets, 30.0 overs bowled, 279 runs conceded, economy rate 9.30, bowling average 31.00."
bowling,Yash Thakur,"IPL bowling stats for Yash Thakur: 27 wickets, 77.5 overs bowled, 825 runs conceded, economy rate 10.60, bowling average 30.56."
bowling,Yudhvir Singh,"IPL bowling stats for Yudhvir Singh: 8 wickets, 23.0 overs bowled, 253 runs conceded, economy rate 11.00, bowling average 31.62."
bowling,Yuvraj Singh,"IPL bowling stats for Yuvraj Singh: 36 wickets, 144.5 overs bowled, 1077 runs conceded, economy rate 7.44, bowling average 29.92."
bowling,Z Khan,"IPL bowling stats for Z Khan: 102 wickets, 366.4 overs bowled, 2782 runs conceded, economy rate 7.59, bowling average 27.27."
bowling,Zeeshan Ansari,"IPL bowling stats for Zeeshan Ansari: 6 wickets, 33.5 overs bowled, 333 runs conceded, economy rate 9.84, bowling average 55.50."
match,Royal Challengers Bengaluru vs Kolkata Knight Riders,IPL match on 2008-04-18: Royal Challengers Bengaluru played against Kolkata Knight Riders at M Chinnaswamy Stadium. Toss winner was Royal Challengers Bengaluru who chose to field. Match winner was Kolkata Knight Riders.
match,Punjab Kings vs Chennai Super Kings,"IPL match on 2008-04-19: Punjab Kings played against Chennai Super Kings at Punjab Cricket Association Stadium, Mohali. Toss winner was Chennai Super Kings who chose to bat. Match winner was Chennai Super Kings."
match,Delhi Capitals vs Rajasthan Royals,IPL match on 2008-04-19: Delhi Capitals played against Rajasthan Royals at Feroz Shah Kotla. Toss winner was Rajasthan Royals who chose to bat. Match winner was Delhi Capitals.
match,Kolkata Knight Riders vs Deccan Chargers,IPL match on 2008-04-20: Kolkata Knight Riders played against Deccan Chargers at Eden Gardens. Toss winner was Deccan Chargers who chose to bat. Match winner was Kolkata Knight Riders.
match,Mumbai Indians vs Royal Challengers Bengaluru,IPL match on 2008-04-20: Mumbai Indians played against Royal Challengers Bengaluru at Wankhede Stadium. Toss winner was Mumbai Indians who chose to bat. Match winner was Royal Challengers Bengaluru.
match,Rajasthan Royals vs Punjab Kings,IPL match on 2008-04-21: Rajasthan Royals played against Punjab Kings at Sawai Mansingh Stadium. Toss winner was Punjab Kings who chose to bat. Match winner was Rajasthan Royals.
match,Deccan Chargers vs Delhi Capitals,"IPL match on 2008-04-22: Deccan Chargers played against Delhi Capitals at Rajiv Gandhi International Stadium, Uppal. Toss winner was Deccan Chargers who chose to bat. Match winner was Delhi Capitals."
match,Chennai Super Kings vs Mumbai Indians,"IPL match on 2008-04-23: Chennai Super Kings played against Mumbai Indians at MA Chidambaram Stadium, Chepauk. Toss winner was Mumbai Indians who chose to field. Match winner was Chennai Super Kings."
match,Deccan Chargers vs Rajasthan Royals,"IPL match on 2008-04-24: Deccan Chargers played against Rajasthan Royals at Rajiv Gandhi International Stadium, Uppal. Toss winner was Rajasthan Royals who chose to field. Match winner was Rajasthan Royals."
match,Punjab Kings vs Mumbai Indians,"IPL match on 2008-04-25: Punjab Kings played against Mumbai Indians at Punjab Cricket Association Stadium, Mohali. Toss winner was Mumbai Indians who chose to field. Match winner was Punjab Kings."
match,Chennai Super Kings vs Kolkata Knight Riders,"IPL match on 2008-04-26: Chennai Super Kings played against Kolkata Knight Riders at MA Chidambaram Stadium, Chepauk. Toss winner was Kolkata Knight Riders who chose to bat. Match winner was Chennai Super Kings."
match,Royal Challengers Bengaluru vs Rajasthan Royals,IPL match on 2008-04-26: Royal Challengers Bengaluru played against Rajasthan Royals at M Chinnaswamy Stadium. Toss winner was Rajasthan Royals who chose to field. Match winner was Rajasthan Royals.
match,Mumbai Indians vs Deccan Chargers,IPL match on 2008-04-27: Mumbai Indians played against Deccan Chargers at Dr DY Patil Sports Academy. Toss winner was Deccan Chargers who chose to field. Match winner was Deccan Chargers.
match,Punjab Kings vs Delhi Capitals,"IPL match on 2008-04-27: Punjab Kings played against Delhi Capitals at Punjab Cricket Association Stadium, Mohali. Toss winner was Delhi Capitals who chose to bat. Match winner was Punjab Kings."
match,Royal Challengers Bengaluru vs Chennai Super Kings,IPL match on 2008-04-28: Royal Challengers Bengaluru played against Chennai Super Kings at M Chinnaswamy Stadium. Toss winner was Chennai Super Kings who chose to bat. Match winner was Chennai Super Kings.
match,Kolkata Knight Riders vs Mumbai Indians,IPL match on 2008-04-29: Kolkata Knight Riders played against Mumbai Indians at Eden Gardens. Toss winner was Kolkata Knight Riders who chose to bat. Match winner was Mumbai Indians.
match,Delhi Capitals vs Royal Challengers Bengaluru,IPL match on 2008-04-30: Delhi Capitals played against Royal Challengers Bengaluru at Feroz Shah Kotla. Toss winner was Royal Challengers Bengaluru who chose to field. Match winner was Delhi Capitals.
match,Deccan Chargers vs Punjab Kings,"IPL match on 2008-05-01: Deccan Chargers played against Punjab Kings at Rajiv Gandhi International Stadium, Uppal. Toss winner was Punjab Kings who chose to field. Match winner was Punjab Kings."
match,Rajasthan Royals vs Kolkata Knight Riders,IPL match on 2008-05-01: Rajasthan Royals played against Kolkata Knight Riders at Sawai Mansingh Stadium. Toss winner was Rajasthan Royals who chose to bat. Match winner was Rajasthan Royals.
match,Chennai Super Kings vs Delhi Capitals,"IPL match on 2008-05-02: Chennai Super Kings played against Delhi Capitals at MA Chidambaram Stadium, Chepauk. Toss winner was Chennai Super Kings who chose to bat. Match winner was Delhi Capitals."
match,Royal Challengers Bengaluru vs Deccan Chargers,IPL match on 2008-05-03: Royal Challengers Bengaluru played against Deccan Chargers at M Chinnaswamy Stadium. Toss winner was Deccan Chargers who chose to field. Match winner was Royal Challengers Bengaluru.
match,Punjab Kings vs Kolkata Knight Riders,"IPL match on 2008-05-03: Punjab Kings played against Kolkata Knight Riders at Punjab Cricket Association Stadium, Mohali. Toss winner was Punjab Kings who chose to bat. Match winner was Punjab Kings."
match,Mumbai Indians vs Delhi Capitals,IPL match on 2008-05-04: Mumbai Indians played against Delhi Capitals at Dr DY Patil Sports Academy. Toss winner was Delhi Capitals who chose to field. Match winner was Mumbai Indians.
match,Rajasthan Royals vs Chennai Super Kings,IPL match on 2008-05-04: Rajasthan Royals played against Chennai Super Kings at Sawai Mansingh Stadium. Toss winner was Chennai Super Kings who chose to bat. Match winner was Rajasthan Royals.
match,Royal Challengers Bengaluru vs Punjab Kings,IPL match on 2008-05-05: Royal Challengers Bengaluru played against Punjab Kings at M Chinnaswamy Stadium. Toss winner was Punjab Kings who chose to field. Match winner was Punjab Kings.
match,Chennai Super Kings vs Deccan Chargers,"IPL match on 2008-05-06: Chennai Super Kings played against Deccan Chargers at MA Chidambaram Stadium, Chepauk. Toss winner was Deccan Chargers who chose to field. Match winner was Deccan Chargers."
match,Mumbai Indians vs Rajasthan Royals,IPL match on 2008-05-07: Mumbai Indians played against Rajasthan Royals at Dr DY Patil Sports Academy. Toss winner was Mumbai Indians who chose to field. Match winner was Mumbai Indians.
match,Kolkata Knight Riders vs Royal Challengers Bengaluru,IPL match on 2008-05-08: Kolkata Knight Riders played against Royal Challengers Bengaluru at Eden Gardens. Toss winner was Kolkata Knight Riders who chose to bat. Match winner was Kolkata Knight Riders.
match,Delhi Capitals vs Chennai Super Kings,IPL match on 2008-05-08: Delhi Capitals played against Chennai Super Kings at Feroz Shah Kotla. Toss winner was Chennai Super Kings who chose to field. Match winner was Chennai Super Kings.
match,Rajasthan Royals vs Deccan Chargers,IPL match on 2008-05-09: Rajasthan Royals played against Deccan Chargers at Sawai Mansingh Stadium. Toss winner was Rajasthan Royals who chose to field. Match winner was Rajasthan Royals.
match,Chennai Super Kings vs Punjab Kings,"IPL match on 2008-05-10: Chennai Super Kings played against Punjab Kings at MA Chidambaram Stadium, Chepauk. Toss winner was Punjab Kings who chose to field. Match winner was Chennai Super Kings."
match,Deccan Chargers vs Kolkata Knight Riders,"IPL match on 2008-05-11: Deccan Chargers played against Kolkata Knight Riders at Rajiv Gandhi International Stadium, Uppal. Toss winner was Kolkata Knight Riders who chose to bat. Match winner was Kolkata Knight Riders."
match,Rajasthan Royals vs Delhi Capitals,IPL match on 2008-05-11: Rajasthan Royals played against Delhi Capitals at Sawai Mansingh Stadium. Toss winner was Rajasthan Royals who chose to field. Match winner was Rajasthan Royals.
match,Punjab Kings vs Royal Challengers Bengaluru,"IPL match on 2008-05-12: Punjab Kings played against Royal Challengers Bengaluru at Punjab Cricket Association Stadium, Mohali. Toss winner was Royal Challengers Bengaluru who chose to bat. Match winner was Punjab Kings."
match,Kolkata Knight Riders vs Delhi Capitals,IPL match on 2008-05-13: Kolkata Knight Riders played against Delhi Capitals at Eden Gardens. Toss winner was Kolkata Knight Riders who chose to bat. Match winner was Kolkata Knight Riders.
match,Mumbai Indians vs Chennai Super Kings,IPL match on 2008-05-14: Mumbai Indians played against Chennai Super Kings at Wankhede Stadium. Toss winner was Mumbai Indians who chose to field. Match winner was Mumbai Indians.
match,Delhi Capitals vs Deccan Chargers,IPL match on 2008-05-15: Delhi Capitals played against Deccan Chargers at Feroz Shah Kotla. Toss winner was Deccan Chargers who chose to field. Match winner was Delhi Capitals.
match,Mumbai Indians vs Kolkata Knight Riders,IPL match on 2008-05-16: Mumbai Indians played against Kolkata Knight Riders at Wankhede Stadium. Toss winner was Mumbai Indians who chose to field. Match winner was Mumbai Indians.
match,Delhi Capitals vs Punjab Kings,IPL match on 2008-05-17: Delhi Capitals played against Punjab Kings at Feroz Shah Kotla. Toss winner was Delhi Capitals who chose to bat. Match winner was Punjab Kings.
match,Rajasthan Royals vs Royal Challengers Bengaluru,IPL match on 2008-05-17: Rajasthan Royals played against Royal Challengers Bengaluru at Sawai Mansingh Stadium. Toss winner was Royal Challengers Bengaluru who chose to field. Match winner was Rajasthan Royals.
match,Kolkata Knight Riders vs Chennai Super Kings,IPL match on 2008-05-18: Kolkata Knight Riders played against Chennai Super Kings at Eden Gardens. Toss winner was Kolkata Knight Riders who chose to bat. Match winner was Chennai Super Kings.
match,Deccan Chargers vs Mumbai Indians,"IPL match on 2008-05-18: Deccan Chargers played against Mumbai Indians at Rajiv Gandhi International Stadium, Uppal. Toss winner was Deccan Chargers who chose to field. Match winner was Mumbai Indians."
match,Royal Challengers Bengaluru vs Delhi Capitals,IPL match on 2008-05-19: Royal Challengers Bengaluru played against Delhi Capitals at M Chinnaswamy Stadium. Toss winner was Delhi Capitals who chose to field. Match winner was Delhi Capitals.
match,Kolkata Knight Riders vs Rajasthan Royals,IPL match on 2008-05-20: Kolkata Knight Riders played against Rajasthan Royals at Eden Gardens. Toss winner was Rajasthan Royals who chose to field. Match winner was Rajasthan Royals.
match,Mumbai Indians vs Punjab Kings,IPL match on 2008-05-21: Mumbai Indians played against Punjab Kings at Wankhede Stadium. Toss winner was Mumbai Indians who chose to field. Match winner was Punjab Kings.
match,Chennai Super Kings vs Royal Challengers Bengaluru,"IPL match on 2008-05-21: Chennai Super Kings played against Royal Challengers Bengaluru at MA Chidambaram Stadium, Chepauk. Toss winner was Royal Challengers Bengaluru who chose to bat. Match winner was Royal Challengers Bengaluru."
match,Punjab Kings vs Deccan Chargers,"IPL match on 2008-05-23: Punjab Kings played against Deccan Chargers at Punjab Cricket Association Stadium, Mohali. Toss winner was Punjab Kings who chose to field. Match winner was Punjab Kings."
match,Delhi Capitals vs Mumbai Indians,IPL match on 2008-05-24: Delhi Capitals played against Mumbai Indians at Feroz Shah Kotla. Toss winner was Delhi Capitals who chose to field. Match winner was Delhi Capitals.
match,Chennai Super Kings vs Rajasthan Royals,"IPL match on 2008-05-24: Chennai Super Kings played against Rajasthan Royals at MA Chidambaram Stadium, Chepauk. Toss winner was Rajasthan Royals who chose to bat. Match winner was Rajasthan Royals."
match,Kolkata Knight Riders vs Punjab Kings,IPL match on 2008-05-25: Kolkata Knight Riders played against Punjab Kings at Eden Gardens. Toss winner was Punjab Kings who chose to bat. Match winner was Kolkata Knight Riders.
match,Deccan Chargers vs Royal Challengers Bengaluru,"IPL match on 2008-05-25: Deccan Chargers played against Royal Challengers Bengaluru at Rajiv Gandhi International Stadium, Uppal. Toss winner was Deccan Chargers who chose to bat. Match winner was Royal Challengers Bengaluru."
match,Rajasthan Royals vs Mumbai Indians,IPL match on 2008-05-26: Rajasthan Royals played against Mumbai Indians at Sawai Mansingh Stadium. Toss winner was Rajasthan Royals who chose to field. Match winner was Rajasthan Royals.
match,Deccan Chargers vs Chennai Super Kings,"IPL match on 2008-05-27: Deccan Chargers played against Chennai Super Kings at Rajiv Gandhi International Stadium, Uppal. Toss winner was Deccan Chargers who chose to bat. Match winner was Chennai Super Kings."
match,Punjab Kings vs Rajasthan Royals,"IPL match on 2008-05-28: Punjab Kings played against Rajasthan Royals at Punjab Cricket Association Stadium, Mohali. Toss winner was Rajasthan Royals who chose to field. Match winner was Punjab Kings."
match,Royal Challengers Bengaluru vs Mumbai Indians,IPL match on 2008-05-28: Royal Challengers Bengaluru played against Mumbai Indians at M Chinnaswamy Stadium. Toss winner was Mumbai Indians who chose to field. Match winner was Mumbai Indians.
match,Delhi Capitals vs Rajasthan Royals,IPL match on 2008-05-30: Delhi Capitals played against Rajasthan Royals at Wankhede Stadium. Toss winner was Delhi Capitals who chose to field. Match winner was Rajasthan Royals.
match,Chennai Super Kings vs Punjab Kings,IPL match on 2008-05-31: Chennai Super Kings played against Punjab Kings at Wankhede Stadium. Toss winner was Punjab Kings who chose to bat. Match winner was Chennai Super Kings.
match,Chennai Super Kings vs Rajasthan Royals,IPL match on 2008-06-01: Chennai Super Kings played against Rajasthan Royals at Dr DY Patil Sports Academy. Toss winner was Rajasthan Royals who chose to field. Match winner was Rajasthan Royals.
match,Royal Challengers Bengaluru vs Rajasthan Royals,IPL match on 2009-04-18: Royal Challengers Bengaluru played against Rajasthan Royals at Newlands. Toss winner was Royal Challengers Bengaluru who chose to bat. Match winner was Royal Challengers Bengaluru.
match,Chennai Super Kings vs Mumbai Indians,IPL match on 2009-04-18: Chennai Super Kings played against Mumbai Indians at Newlands. Toss winner was Chennai Super Kings who chose to field. Match winner was Mumbai Indians.
match,Deccan Chargers vs Kolkata Knight Riders,IPL match on 2009-04-19: Deccan Chargers played against Kolkata Knight Riders at Newlands. Toss winner was Kolkata Knight Riders who chose to bat. Match winner was Deccan Chargers.
match,Delhi Capitals vs Punjab Kings,IPL match on 2009-04-19: Delhi Capitals played against Punjab Kings at Newlands. Toss winner was Delhi Capitals who chose to field. Match winner was Delhi Capitals.
match,Royal Challengers Bengaluru vs Chennai Super Kings,IPL match on 2009-04-20: Royal Challengers Bengaluru played against Chennai Super Kings at St George's Park. Toss winner was Chennai Super Kings who chose to bat. Match winner was Chennai Super Kings.
match,Punjab Kings vs Kolkata Knight Riders,IPL match on 2009-04-21: Punjab Kings played against Kolkata Knight Riders at Kingsmead. Toss winner was Kolkata Knight Riders who chose to field. Match winner was Kolkata Knight Riders.
match,Royal Challengers Bengaluru vs Deccan Chargers,IPL match on 2009-04-22: Royal Challengers Bengaluru played against Deccan Chargers at Newlands. Toss winner was Deccan Chargers who chose to bat. Match winner was Deccan Chargers.
match,Kolkata Knight Riders vs Rajasthan Royals,IPL match on 2009-04-23: Kolkata Knight Riders played against Rajasthan Royals at Newlands. Toss winner was Kolkata Knight Riders who chose to field. Match winner was No Result.
match,Chennai Super Kings vs Delhi Capitals,IPL match on 2009-04-23: Chennai Super Kings played against Delhi Capitals at Kingsmead. Toss winner was Delhi Capitals who chose to bat. Match winner was Delhi Capitals.
match,Royal Challengers Bengaluru vs Punjab Kings,IPL match on 2009-04-24: Royal Challengers Bengaluru played against Punjab Kings at Kingsmead. Toss winner was Royal Challengers Bengaluru who chose to bat. Match winner was Punjab Kings.
match,Deccan Chargers vs Mumbai Indians,IPL match on 2009-04-25: Deccan Chargers played against Mumbai Indians at Kingsmead. Toss winner was Deccan Chargers who chose to bat. Match winner was Deccan Chargers.
match,Royal Challengers Bengaluru vs Delhi Capitals,IPL match on 2009-04-26: Royal Challengers Bengaluru played against Delhi Capitals at St George's Park. Toss winner was Royal Challengers Bengaluru who chose to bat. Match winner was Delhi Capitals.
match,Punjab Kings vs Rajasthan Royals,IPL match on 2009-04-26: Punjab Kings played against Rajasthan Royals at Newlands. Toss winner was Punjab Kings who chose to bat. Match winner was Punjab Kings.
match,Chennai Super Kings vs Deccan Chargers,IPL match on 2009-04-27: Chennai Super Kings played against Deccan Chargers at Kingsmead. Toss winner was Deccan Chargers who chose to field. Match winner was Deccan Chargers.
match,Kolkata Knight Riders vs Mumbai Indians,IPL match on 2009-04-27: Kolkata Knight Riders played against Mumbai Indians at St George's Park. Toss winner was Mumbai Indians who chose to bat. Match winner was Mumbai Indians.
match,Delhi Capitals vs Rajasthan Royals,IPL match on 2009-04-28: Delhi Capitals played against Rajasthan Royals at SuperSport Park. Toss winner was Delhi Capitals who chose to bat. Match winner was Rajasthan Royals.
match,Punjab Kings vs Mumbai Indians,IPL match on 2009-04-29: Punjab Kings played against Mumbai Indians at Kingsmead. Toss winner was Punjab Kings who chose to bat. Match winner was Punjab Kings.
match,Royal Challengers Bengaluru vs Kolkata Knight Riders,IPL match on 2009-04-29: Royal Challengers Bengaluru played against Kolkata Knight Riders at Kingsmead. Toss winner was Kolkata Knight Riders who chose to bat. Match winner was Royal Challengers Bengaluru.
match,Deccan Chargers vs Delhi Capitals,IPL match on 2009-04-30: Deccan Chargers played against Delhi Capitals at SuperSport Park. Toss winner was Delhi Capitals who chose to field. Match winner was Delhi Capitals.
match,Chennai Super Kings vs Rajasthan Royals,IPL match on 2009-04-30: Chennai Super Kings played against Rajasthan Royals at SuperSport Park. Toss winner was Rajasthan Royals who chose to field. Match winner was Chennai Super Kings.
match,Kolkata Knight Riders vs Mumbai Indians,IPL match on 2009-05-01: Kolkata Knight Riders played against Mumbai Indians at Buffalo Park. Toss winner was Mumbai Indians who chose to bat. Match winner was Mumbai Indians.
match,Royal Challengers Bengaluru vs Punjab Kings,IPL match on 2009-05-01: Royal Challengers Bengaluru played against Punjab Kings at Kingsmead. Toss winner was Royal Challengers Bengaluru who chose to bat. Match winner was Royal Challengers Bengaluru.
match,Deccan Chargers vs Rajasthan Royals,IPL match on 2009-05-02: Deccan Chargers played against Rajasthan Royals at St George's Park. Toss winner was Deccan Chargers who chose to bat. Match winner was Rajasthan Royals.
match,Chennai Super Kings vs Delhi Capitals,IPL match on 2009-05-02: Chennai Super Kings played against Delhi Capitals at New Wanderers Stadium. Toss winner was Delhi Capitals who chose to field. Match winner was Chennai Super Kings.
match,Royal Challengers Bengaluru vs Mumbai Indians,IPL match on 2009-05-03: Royal Challengers Bengaluru played against Mumbai Indians at New Wanderers Stadium. Toss winner was Mumbai Indians who chose to bat. Match winner was Royal Challengers Bengaluru.
match,Punjab Kings vs Kolkata Knight Riders,IPL match on 2009-05-03: Punjab Kings played against Kolkata Knight Riders at St George's Park. Toss winner was Kolkata Knight Riders who chose to bat. Match winner was Punjab Kings.
match,Chennai Super Kings vs Deccan Chargers,IPL match on 2009-05-04: Chennai Super Kings played against Deccan Chargers at Buffalo Park. Toss winner was Chennai Super Kings who chose to bat. Match winner was Chennai Super Kings.
match,Punjab Kings vs Rajasthan Royals,IPL match on 2009-05-05: Punjab Kings played against Rajasthan Royals at Kingsmead. Toss winner was Punjab Kings who chose to field. Match winner was Rajasthan Royals.
match,Delhi Capitals vs Kolkata Knight Riders,IPL match on 2009-05-05: Delhi Capitals played against Kolkata Knight Riders at Kingsmead. Toss winner was Kolkata Knight Riders who chose to bat. Match winner was Delhi Capitals.
match,Deccan Chargers vs Mumbai Indians,IPL match on 2009-05-06: Deccan Chargers played against Mumbai Indians at SuperSport Park. Toss winner was Deccan Chargers who chose to bat. Match winner was Deccan Chargers.
match,Royal Challengers Bengaluru vs Rajasthan Royals,IPL match on 2009-05-07: Royal Challengers Bengaluru played against Rajasthan Royals at SuperSport Park. Toss winner was Rajasthan Royals who chose to field. Match winner was Rajasthan Royals.
match,Chennai Super Kings vs Punjab Kings,IPL match on 2009-05-07: Chennai Super Kings played against Punjab Kings at SuperSport Park. Toss winner was Chennai Super Kings who chose to bat. Match winner was Chennai Super Kings.
match,Delhi Capitals vs Mumbai Indians,IPL match on 2009-05-08: Delhi Capitals played against Mumbai Indians at Buffalo Park. Toss winner was Mumbai Indians who chose to bat. Match winner was Delhi Capitals.
match,Deccan Chargers vs Punjab Kings,IPL match on 2009-05-09: Deccan Chargers played against Punjab Kings at De Beers Diamond Oval. Toss winner was Punjab Kings who chose to field. Match winner was Punjab Kings.
match,Chennai Super Kings vs Rajasthan Royals,IPL match on 2009-05-09: Chennai Super Kings played against Rajasthan Royals at De Beers Diamond Oval. Toss winner was Rajasthan Royals who chose to bat. Match winner was Chennai Super Kings.
match,Royal Challengers Bengaluru vs Mumbai Indians,IPL match on 2009-05-10: Royal Challengers Bengaluru played against Mumbai Indians at St George's Park. Toss winner was Mumbai Indians who chose to bat. Match winner was Mumbai Indians.
match,Delhi Capitals vs Kolkata Knight Riders,IPL match on 2009-05-10: Delhi Capitals played against Kolkata Knight Riders at New Wanderers Stadium. Toss winner was Delhi Capitals who chose to field. Match winner was Delhi Capitals.
match,Deccan Chargers vs Rajasthan Royals,IPL match on 2009-05-11: Deccan Chargers played against Rajasthan Royals at De Beers Diamond Oval. Toss winner was Deccan Chargers who chose to bat. Match winner was Deccan Chargers.
match,Punjab Kings vs Mumbai Indians,IPL match on 2009-05-12: Punjab Kings played against Mumbai Indians at SuperSport Park. Toss winner was Punjab Kings who chose to bat. Match winner was Mumbai Indians.
match,Royal Challengers Bengaluru vs Kolkata Knight Riders,IPL match on 2009-05-12: Royal Challengers Bengaluru played against Kolkata Knight Riders at SuperSport Park. Toss winner was Royal Challengers Bengaluru who chose to field. Match winner was Royal Challengers Bengaluru.
match,Deccan Chargers vs Delhi Capitals,IPL match on 2009-05-13: Deccan Chargers played against Delhi Capitals at Kingsmead. Toss winner was Deccan Chargers who chose to field. Match winner was Delhi Capitals.
match,Royal Challengers Bengaluru vs Chennai Super Kings,IPL match on 2009-05-14: Royal Challengers Bengaluru played against Chennai Super Kings at Kingsmead. Toss winner was Chennai Super Kings who chose to bat. Match winner was Royal Challengers Bengaluru.
match,Mumbai Indians vs Rajasthan Royals,IPL match on 2009-05-14: Mumbai Indians played against Rajasthan Royals at Kingsmead. Toss winner was Rajasthan Royals who chose to bat. Match winner was Rajasthan Royals.
match,Delhi Capitals vs Punjab Kings,IPL match on 2009-05-15: Delhi Capitals played against Punjab Kings at OUTsurance Oval. Toss winner was Punjab Kings who chose to field. Match winner was Punjab Kings.
match,Chennai Super Kings vs Mumbai Indians,IPL match on 2009-05-16: Chennai Super Kings played against Mumbai Indians at St George's Park. Toss winner was Mumbai Indians who chose to bat. Match winner was Chennai Super Kings.
match,Deccan Chargers vs Kolkata Knight Riders,IPL match on 2009-05-16: Deccan Chargers played against Kolkata Knight Riders at New Wanderers Stadium. Toss winner was Deccan Chargers who chose to field. Match winner was Deccan Chargers.
match,Deccan Chargers vs Punjab Kings,IPL match on 2009-05-17: Deccan Chargers played against Punjab Kings at New Wanderers Stadium. Toss winner was Deccan Chargers who chose to field. Match winner was Punjab Kings.
match,Delhi Capitals vs Rajasthan Royals,IPL match on 2009-05-17: Delhi Capitals played against Rajasthan Royals at OUTsurance Oval. Toss winner was Delhi Capitals who chose to bat. Match winner was Delhi Capitals.
match,Chennai Super Kings vs Kolkata Knight Riders,IPL match on 2009-05-18: Chennai Super Kings played against Kolkata Knight Riders at SuperSport Park. Toss winner was Chennai Super Kings who chose to bat. Match winner was Kolkata Knight Riders.
match,Royal Challengers Bengaluru vs Delhi Capitals,IPL match on 2009-05-19: Royal Challengers Bengaluru played against Delhi Capitals at New Wanderers Stadium. Toss winner was Delhi Capitals who chose to bat. Match winner was Royal Challengers Bengaluru.
match,Kolkata Knight Riders vs Rajasthan Royals,IPL match on 2009-05-20: Kolkata Knight Riders played against Rajasthan Royals at Kingsmead. Toss winner was Kolkata Knight Riders who chose to field. Match winner was Kolkata Knight Riders.
match,Chennai Super Kings vs Punjab Kings,IPL match on 2009-05-20: Chennai Super Kings played against Punjab Kings at Kingsmead. Toss winner was Chennai Super Kings who chose to bat. Match winner was Chennai Super Kings.
match,Royal Challengers Bengaluru vs Deccan Chargers,IPL match on 2009-05-21: Royal Challengers Bengaluru played against Deccan Chargers at SuperSport Park. Toss winner was Royal Challengers Bengaluru who chose to bat. Match winner was Royal Challengers Bengaluru.
match,Delhi Capitals vs Mumbai Indians,IPL match on 2009-05-21: Delhi Capitals played against Mumbai Indians at SuperSport Park. Toss winner was Delhi Capitals who chose to field. Match winner was Delhi Capitals.
match,Delhi Capitals vs Deccan Chargers,IPL match on 2009-05-22: Delhi Capitals played against Deccan Chargers at SuperSport Park. Toss winner was Deccan Chargers who chose to field. Match winner was Deccan Chargers.
match,Royal Challengers Bengaluru vs Chennai Super Kings,IPL match on 2009-05-23: Royal Challengers Bengaluru played against Chennai Super Kings at New Wanderers Stadium. Toss winner was Royal Challengers Bengaluru who chose to field. Match winner was Royal Challengers Bengaluru.
match,Royal Challengers Bengaluru vs Deccan Chargers,IPL match on 2009-05-24: Royal Challengers Bengaluru played against Deccan Chargers at New Wanderers Stadium. Toss winner was Royal Challengers Bengaluru who chose to field. Match winner was Deccan Chargers.
match,Deccan Chargers vs Kolkata Knight Riders,IPL match on 2010-03-12: Deccan Chargers played against Kolkata Knight Riders at Dr DY Patil Sports Academy. Toss winner was Deccan Chargers who chose to field. Match winner was Kolkata Knight Riders.
match,Mumbai Indians vs Rajasthan Royals,IPL match on 2010-03-13: Mumbai Indians played against Rajasthan Royals at Brabourne Stadium. Toss winner was Mumbai Indians who chose to bat. Match winner was Mumbai Indians.
match,Punjab Kings vs Delhi Capitals,"IPL match on 2010-03-13: Punjab Kings played against Delhi Capitals at Punjab Cricket Association Stadium, Mohali. Toss winner was Delhi Capitals who chose to field. Match winner was Delhi Capitals."
match,Kolkata Knight Riders vs Royal Challengers Bengaluru,IPL match on 2010-03-14: Kolkata Knight Riders played against Royal Challengers Bengaluru at Eden Gardens. Toss winner was Kolkata Knight Riders who chose to field. Match winner was Kolkata Knight Riders.
match,Chennai Super Kings vs Deccan Chargers,"IPL match on 2010-03-14: Chennai Super Kings played against Deccan Chargers at MA Chidambaram Stadium, Chepauk. Toss winner was Deccan Chargers who chose to bat. Match winner was Deccan Chargers."
match,Rajasthan Royals vs Delhi Capitals,"IPL match on 2010-03-15: Rajasthan Royals played against Delhi Capitals at Sardar Patel Stadium, Motera. Toss winner was Delhi Capitals who chose to field. Match winner was Delhi Capitals."
match,Royal Challengers Bengaluru vs Punjab Kings,IPL match on 2010-03-16: Royal Challengers Bengaluru played against Punjab Kings at M Chinnaswamy Stadium. Toss winner was Punjab Kings who chose to bat. Match winner was Royal Challengers Bengaluru.
match,Kolkata Knight Riders vs Chennai Super Kings,IPL match on 2010-03-16: Kolkata Knight Riders played against Chennai Super Kings at Eden Gardens. Toss winner was Chennai Super Kings who chose to bat. Match winner was Chennai Super Kings.
match,Delhi Capitals vs Mumbai Indians,IPL match on 2010-03-17: Delhi Capitals played against Mumbai Indians at Feroz Shah Kotla. Toss winner was Delhi Capitals who chose to field. Match winner was Mumbai Indians.
match,Royal Challengers Bengaluru vs Rajasthan Royals,IPL match on 2010-03-18: Royal Challengers Bengaluru played against Rajasthan Royals at M Chinnaswamy Stadium. Toss winner was Royal Challengers Bengaluru who chose to field. Match winner was Royal Challengers Bengaluru.
match,Deccan Chargers vs Punjab Kings,IPL match on 2010-03-19: Deccan Chargers played against Punjab Kings at Barabati Stadium. Toss winner was Punjab Kings who chose to field. Match winner was Deccan Chargers.
match,Delhi Capitals vs Chennai Super Kings,IPL match on 2010-03-19: Delhi Capitals played against Chennai Super Kings at Feroz Shah Kotla. Toss winner was Delhi Capitals who chose to bat. Match winner was Chennai Super Kings.
match,Rajasthan Royals vs Kolkata Knight Riders,"IPL match on 2010-03-20: Rajasthan Royals played against Kolkata Knight Riders at Sardar Patel Stadium, Motera. Toss winner was Rajasthan Royals who chose to bat. Match winner was Rajasthan Royals."
match,Mumbai Indians vs Royal Challengers Bengaluru,IPL match on 2010-03-20: Mumbai Indians played against Royal Challengers Bengaluru at Brabourne Stadium. Toss winner was Mumbai Indians who chose to bat. Match winner was Royal Challengers Bengaluru.
match,Chennai Super Kings vs Punjab Kings,"IPL match on 2010-03-21: Chennai Super Kings played against Punjab Kings at MA Chidambaram Stadium, Chepauk. Toss winner was Chennai Super Kings who chose to field. Match winner was No Result."
match,Deccan Chargers vs Delhi Capitals,IPL match on 2010-03-21: Deccan Chargers played against Delhi Capitals at Barabati Stadium. Toss winner was Deccan Chargers who chose to bat. Match winner was Deccan Chargers.
match,Mumbai Indians vs Kolkata Knight Riders,IPL match on 2010-03-22: Mumbai Indians played against Kolkata Knight Riders at Brabourne Stadium. Toss winner was Kolkata Knight Riders who chose to bat. Match winner was Mumbai Indians.
match,Royal Challengers Bengaluru vs Chennai Super Kings,IPL match on 2010-03-23: Royal Challengers Bengaluru played against Chennai Super Kings at M Chinnaswamy Stadium. Toss winner was Chennai Super Kings who chose to field. Match winner was Royal Challengers Bengaluru.
match,Punjab Kings vs Rajasthan Royals,"IPL match on 2010-03-24: Punjab Kings played against Rajasthan Royals at Punjab Cricket Association Stadium, Mohali. Toss winner was Punjab Kings who chose to field. Match winner was Rajasthan Royals."
match,Royal Challengers Bengaluru vs Delhi Capitals,IPL match on 2010-03-25: Royal Challengers Bengaluru played against Delhi Capitals at M Chinnaswamy Stadium. Toss winner was Royal Challengers Bengaluru who chose to field. Match winner was Delhi Capitals.
match,Chennai Super Kings vs Mumbai Indians,"IPL match on 2010-03-25: Chennai Super Kings played against Mumbai Indians at Brabourne Stadium, Mumbai. Toss winner was Mumbai Indians who chose to field. Match winner was Mumbai Indians."
match,Rajasthan Royals vs Deccan Chargers,"IPL match on 2010-03-26: Rajasthan Royals played against Deccan Chargers at Sardar Patel Stadium, Motera. Toss winner was Deccan Chargers who chose to bat. Match winner was Rajasthan Royals."
match,Punjab Kings vs Kolkata Knight Riders,"IPL match on 2010-03-27: Punjab Kings played against Kolkata Knight Riders at Punjab Cricket Association Stadium, Mohali. Toss winner was Kolkata Knight Riders who chose to bat. Match winner was Kolkata Knight Riders."
match,Rajasthan Royals vs Chennai Super Kings,"IPL match on 2010-03-28: Rajasthan Royals played against Chennai Super Kings at Sardar Patel Stadium, Motera. Toss winner was Rajasthan Royals who chose to bat. Match winner was Rajasthan Royals."
match,Deccan Chargers vs Mumbai Indians,IPL match on 2010-03-28: Deccan Chargers played against Mumbai Indians at Dr DY Patil Sports Academy. Toss winner was Deccan Chargers who chose to field. Match winner was Mumbai Indians.
match,Delhi Capitals vs Kolkata Knight Riders,IPL match on 2010-03-29: Delhi Capitals played against Kolkata Knight Riders at Feroz Shah Kotla. Toss winner was Delhi Capitals who chose to bat. Match winner was Delhi Capitals.
match,Mumbai Indians vs Punjab Kings,IPL match on 2010-03-30: Mumbai Indians played against Punjab Kings at Brabourne Stadium. Toss winner was Mumbai Indians who chose to field. Match winner was Mumbai Indians.
match,Chennai Super Kings vs Royal Challengers Bengaluru,"IPL match on 2010-03-31: Chennai Super Kings played against Royal Challengers Bengaluru at MA Chidambaram Stadium, Chepauk. Toss winner was Royal Challengers Bengaluru who chose to bat. Match winner was Chennai Super Kings."
match,Delhi Capitals vs Rajasthan Royals,IPL match on 2010-03-31: Delhi Capitals played against Rajasthan Royals at Feroz Shah Kotla. Toss winner was Delhi Capitals who chose to bat. Match winner was Delhi Capitals.
match,Kolkata Knight Riders vs Deccan Chargers,IPL match on 2010-04-01: Kolkata Knight Riders played against Deccan Chargers at Eden Gardens. Toss winner was Kolkata Knight Riders who chose to bat. Match winner was Kolkata Knight Riders.
match,Punjab Kings vs Royal Challengers Bengaluru,"IPL match on 2010-04-02: Punjab Kings played against Royal Challengers Bengaluru at Punjab Cricket Association Stadium, Mohali. Toss winner was Punjab Kings who chose to bat. Match winner was Royal Challengers Bengaluru."
match,Mumbai Indians vs Deccan Chargers,IPL match on 2010-04-03: Mumbai Indians played against Deccan Chargers at Brabourne Stadium. Toss winner was Mumbai Indians who chose to bat. Match winner was Mumbai Indians.
match,Chennai Super Kings vs Rajasthan Royals,"IPL match on 2010-04-03: Chennai Super Kings played against Rajasthan Royals at MA Chidambaram Stadium, Chepauk. Toss winner was Chennai Super Kings who chose to bat. Match winner was Chennai Super Kings."
match,Kolkata Knight Riders vs Punjab Kings,IPL match on 2010-04-04: Kolkata Knight Riders played against Punjab Kings at Eden Gardens. Toss winner was Kolkata Knight Riders who chose to bat. Match winner was Punjab Kings.
match,Delhi Capitals vs Royal Challengers Bengaluru,IPL match on 2010-04-04: Delhi Capitals played against Royal Challengers Bengaluru at Feroz Shah Kotla. Toss winner was Delhi Capitals who chose to bat. Match winner was Delhi Capitals.
match,Deccan Chargers vs Rajasthan Royals,"IPL match on 2010-04-05: Deccan Chargers played against Rajasthan Royals at Vidarbha Cricket Association Stadium, Jamtha. Toss winner was Rajasthan Royals who chose to bat. Match winner was Rajasthan Royals."
match,Chennai Super Kings vs Mumbai Indians,"IPL match on 2010-04-06: Chennai Super Kings played against Mumbai Indians at MA Chidambaram Stadium, Chepauk. Toss winner was Chennai Super Kings who chose to bat. Match winner was Chennai Super Kings."
match,Kolkata Knight Riders vs Delhi Capitals,IPL match on 2010-04-07: Kolkata Knight Riders played against Delhi Capitals at Eden Gardens. Toss winner was Kolkata Knight Riders who chose to bat. Match winner was Kolkata Knight Riders.
match,Rajasthan Royals vs Punjab Kings,IPL match on 2010-04-07: Rajasthan Royals played against Punjab Kings at Sawai Mansingh Stadium. Toss winner was Punjab Kings who chose to bat. Match winner was Rajasthan Royals.
match,Royal Challengers Bengaluru vs Deccan Chargers,IPL match on 2010-04-08: Royal Challengers Bengaluru played against Deccan Chargers at M Chinnaswamy Stadium. Toss winner was Deccan Chargers who chose to field. Match winner was Deccan Chargers.
match,Punjab Kings vs Mumbai Indians,"IPL match on 2010-04-09: Punjab Kings played against Mumbai Indians at Punjab Cricket Association Stadium, Mohali. Toss winner was Mumbai Indians who chose to bat. Match winner was Punjab Kings."
match,Deccan Chargers vs Chennai Super Kings,"IPL match on 2010-04-10: Deccan Chargers played against Chennai Super Kings at Vidarbha Cricket Association Stadium, Jamtha. Toss winner was Chennai Super Kings who chose to bat. Match winner was Deccan Chargers."
match,Royal Challengers Bengaluru vs Kolkata Knight Riders,IPL match on 2010-04-10: Royal Challengers Bengaluru played against Kolkata Knight Riders at M Chinnaswamy Stadium. Toss winner was Royal Challengers Bengaluru who chose to field. Match winner was Royal Challengers Bengaluru.
match,Delhi Capitals vs Punjab Kings,IPL match on 2010-04-11: Delhi Capitals played against Punjab Kings at Feroz Shah Kotla. Toss winner was Delhi Capitals who chose to bat. Match winner was Punjab Kings.
match,Rajasthan Royals vs Mumbai Indians,IPL match on 2010-04-11: Rajasthan Royals played against Mumbai Indians at Sawai Mansingh Stadium. Toss winner was Rajasthan Royals who chose to field. Match winner was Mumbai Indians.
match,Deccan Chargers vs Royal Challengers Bengaluru,"IPL match on 2010-04-12: Deccan Chargers played against Royal Challengers Bengaluru at Vidarbha Cricket Association Stadium, Jamtha. Toss winner was Royal Challengers Bengaluru who chose to field. Match winner was Deccan Chargers."
match,Mumbai Indians vs Delhi Capitals,IPL match on 2010-04-13: Mumbai Indians played against Delhi Capitals at Brabourne Stadium. Toss winner was Mumbai Indians who chose to bat. Match winner was Mumbai Indians.
match,Chennai Super Kings vs Kolkata Knight Riders,"IPL match on 2010-04-13: Chennai Super Kings played against Kolkata Knight Riders at MA Chidambaram Stadium, Chepauk. Toss winner was Kolkata Knight Riders who chose to bat. Match winner was Chennai Super Kings."
match,Rajasthan Royals vs Royal Challengers Bengaluru,IPL match on 2010-04-14: Rajasthan Royals played against Royal Challengers Bengaluru at Sawai Mansingh Stadium. Toss winner was Rajasthan Royals who chose to bat. Match winner was Royal Challengers Bengaluru.
match,Chennai Super Kings vs Delhi Capitals,"IPL match on 2010-04-15: Chennai Super Kings played against Delhi Capitals at MA Chidambaram Stadium, Chepauk. Toss winner was Chennai Super Kings who chose to bat. Match winner was Delhi Capitals."
match,Punjab Kings vs Deccan Chargers,IPL match on 2010-04-16: Punjab Kings played against Deccan Chargers at Himachal Pradesh Cricket Association Stadium. Toss winner was Deccan Chargers who chose to field. Match winner was Deccan Chargers.
match,Royal Challengers Bengaluru vs Mumbai Indians,IPL match on 2010-04-17: Royal Challengers Bengaluru played against Mumbai Indians at M Chinnaswamy Stadium. Toss winner was Royal Challengers Bengaluru who chose to field. Match winner was Mumbai Indians.
match,Kolkata Knight Riders vs Rajasthan Royals,IPL match on 2010-04-17: Kolkata Knight Riders played against Rajasthan Royals at Eden Gardens. Toss winner was Rajasthan Royals who chose to bat. Match winner was Kolkata Knight Riders.
match,Punjab Kings vs Chennai Super Kings,IPL match on 2010-04-18: Punjab Kings played against Chennai Super Kings at Himachal Pradesh Cricket Association Stadium. Toss winner was Chennai Super Kings who chose to field. Match winner was Chennai Super Kings.
match,Delhi Capitals vs Deccan Chargers,IPL match on 2010-04-18: Delhi Capitals played against Deccan Chargers at Feroz Shah Kotla. Toss winner was Deccan Chargers who chose to bat. Match winner was Deccan Chargers.
match,Kolkata Knight Riders vs Mumbai Indians,IPL match on 2010-04-19: Kolkata Knight Riders played against Mumbai Indians at Eden Gardens. Toss winner was Mumbai Indians who chose to bat. Match winner was Kolkata Knight Riders.
match,Royal Challengers Bengaluru vs Mumbai Indians,IPL match on 2010-04-21: Royal Challengers Bengaluru played against Mumbai Indians at Dr DY Patil Sports Academy. Toss winner was Mumbai Indians who chose to bat. Match winner was Mumbai Indians.
match,Chennai Super Kings vs Deccan Chargers,IPL match on 2010-04-22: Chennai Super Kings played against Deccan Chargers at Dr DY Patil Sports Academy. Toss winner was Chennai Super Kings who chose to bat. Match winner was Chennai Super Kings.
match,Royal Challengers Bengaluru vs Deccan Chargers,IPL match on 2010-04-24: Royal Challengers Bengaluru played against Deccan Chargers at Dr DY Patil Sports Academy. Toss winner was Deccan Chargers who chose to bat. Match winner was Royal Challengers Bengaluru.
match,Chennai Super Kings vs Mumbai Indians,IPL match on 2010-04-25: Chennai Super Kings played against Mumbai Indians at Dr DY Patil Sports Academy. Toss winner was Chennai Super Kings who chose to bat. Match winner was Chennai Super Kings.
match,Chennai Super Kings vs Kolkata Knight Riders,"IPL match on 2011-04-08: Chennai Super Kings played against Kolkata Knight Riders at MA Chidambaram Stadium, Chepauk. Toss winner was Chennai Super Kings who chose to bat. Match winner was Chennai Super Kings."
match,Deccan Chargers vs Rajasthan Royals,"IPL match on 2011-04-09: Deccan Chargers played against Rajasthan Royals at Rajiv Gandhi International Stadium, Uppal. Toss winner was Rajasthan Royals who chose to field. Match winner was Rajasthan Royals."
match,Kochi Tuskers Kerala vs Royal Challengers Bengaluru,IPL match on 2011-04-09: Kochi Tuskers Kerala played against Royal Challengers Bengaluru at Nehru Stadium. Toss winner was Kochi Tuskers Kerala who chose to bat. Match winner was Royal Challengers Bengaluru.
match,Delhi Capitals vs Mumbai Indians,IPL match on 2011-04-10: Delhi Capitals played against Mumbai Indians at Feroz Shah Kotla. Toss winner was Delhi Capitals who chose to bat. Match winner was Mumbai Indians.
match,Pune Warriors vs Punjab Kings,IPL match on 2011-04-10: Pune Warriors played against Punjab Kings at Dr DY Patil Sports Academy. Toss winner was Punjab Kings who chose to bat. Match winner was Pune Warriors.
match,Kolkata Knight Riders vs Deccan Chargers,IPL match on 2011-04-11: Kolkata Knight Riders played against Deccan Chargers at Eden Gardens. Toss winner was Kolkata Knight Riders who chose to bat. Match winner was Kolkata Knight Riders.
match,Royal Challengers Bengaluru vs Mumbai Indians,IPL match on 2011-04-12: Royal Challengers Bengaluru played against Mumbai Indians at M Chinnaswamy Stadium. Toss winner was Mumbai Indians who chose to field. Match winner was Mumbai Indians.
match,Rajasthan Royals vs Delhi Capitals,IPL match on 2011-04-12: Rajasthan Royals played against Delhi Capitals at Sawai Mansingh Stadium. Toss winner was Delhi Capitals who chose to bat. Match winner was Rajasthan Royals.
match,Punjab Kings vs Chennai Super Kings,"IPL match on 2011-04-13: Punjab Kings played against Chennai Super Kings at Punjab Cricket Association Stadium, Mohali. Toss winner was Punjab Kings who chose to field. Match winner was Punjab Kings."
match,Pune Warriors vs Kochi Tuskers Kerala,IPL match on 2011-04-13: Pune Warriors played against Kochi Tuskers Kerala at Dr DY Patil Sports Academy. Toss winner was Kochi Tuskers Kerala who chose to bat. Match winner was Pune Warriors.
match,Deccan Chargers vs Royal Challengers Bengaluru,"IPL match on 2011-04-14: Deccan Chargers played against Royal Challengers Bengaluru at Rajiv Gandhi International Stadium, Uppal. Toss winner was Royal Challengers Bengaluru who chose to field. Match winner was Deccan Chargers."
match,Rajasthan Royals vs Kolkata Knight Riders,IPL match on 2011-04-15: Rajasthan Royals played against Kolkata Knight Riders at Sawai Mansingh Stadium. Toss winner was Kolkata Knight Riders who chose to field. Match winner was Kolkata Knight Riders.
match,Mumbai Indians vs Kochi Tuskers Kerala,IPL match on 2011-04-15: Mumbai Indians played against Kochi Tuskers Kerala at Wankhede Stadium. Toss winner was Kochi Tuskers Kerala who chose to field. Match winner was Kochi Tuskers Kerala.
match,Deccan Chargers vs Punjab Kings,"IPL match on 2011-04-16: Deccan Chargers played against Punjab Kings at Rajiv Gandhi International Stadium, Uppal. Toss winner was Punjab Kings who chose to field. Match winner was Punjab Kings."
match,Chennai Super Kings vs Royal Challengers Bengaluru,"IPL match on 2011-04-16: Chennai Super Kings played against Royal Challengers Bengaluru at MA Chidambaram Stadium, Chepauk. Toss winner was Chennai Super Kings who chose to bat. Match winner was Chennai Super Kings."
match,Pune Warriors vs Delhi Capitals,IPL match on 2011-04-17: Pune Warriors played against Delhi Capitals at Dr DY Patil Sports Academy. Toss winner was Delhi Capitals who chose to field. Match winner was Delhi Capitals.
match,Kolkata Knight Riders vs Rajasthan Royals,IPL match on 2011-04-17: Kolkata Knight Riders played against Rajasthan Royals at Eden Gardens. Toss winner was Kolkata Knight Riders who chose to field. Match winner was Kolkata Knight Riders.
match,Kochi Tuskers Kerala vs Chennai Super Kings,IPL match on 2011-04-18: Kochi Tuskers Kerala played against Chennai Super Kings at Nehru Stadium. Toss winner was Kochi Tuskers Kerala who chose to field. Match winner was Kochi Tuskers Kerala.
match,Delhi Capitals vs Deccan Chargers,IPL match on 2011-04-19: Delhi Capitals played against Deccan Chargers at Feroz Shah Kotla. Toss winner was Deccan Chargers who chose to bat. Match winner was Deccan Chargers.
match,Mumbai Indians vs Pune Warriors,IPL match on 2011-04-20: Mumbai Indians played against Pune Warriors at Wankhede Stadium. Toss winner was Pune Warriors who chose to bat. Match winner was Mumbai Indians.
match,Kolkata Knight Riders vs Kochi Tuskers Kerala,IPL match on 2011-04-20: Kolkata Knight Riders played against Kochi Tuskers Kerala at Eden Gardens. Toss winner was Kolkata Knight Riders who chose to field. Match winner was Kochi Tuskers Kerala.
match,Punjab Kings vs Rajasthan Royals,"IPL match on 2011-04-21: Punjab Kings played against Rajasthan Royals at Punjab Cricket Association Stadium, Mohali. Toss winner was Rajasthan Royals who chose to field. Match winner was Punjab Kings."
match,Mumbai Indians vs Chennai Super Kings,IPL match on 2011-04-22: Mumbai Indians played against Chennai Super Kings at Wankhede Stadium. Toss winner was Chennai Super Kings who chose to field. Match winner was Mumbai Indians.
match,Kolkata Knight Riders vs Royal Challengers Bengaluru,IPL match on 2011-04-22: Kolkata Knight Riders played against Royal Challengers Bengaluru at Eden Gardens. Toss winner was Royal Challengers Bengaluru who chose to field. Match winner was Royal Challengers Bengaluru.
match,Delhi Capitals vs Punjab Kings,IPL match on 2011-04-23: Delhi Capitals played against Punjab Kings at Feroz Shah Kotla. Toss winner was Punjab Kings who chose to field. Match winner was Delhi Capitals.
match,Rajasthan Royals vs Kochi Tuskers Kerala,IPL match on 2011-04-24: Rajasthan Royals played against Kochi Tuskers Kerala at Sawai Mansingh Stadium. Toss winner was Rajasthan Royals who chose to field. Match winner was Rajasthan Royals.
match,Deccan Chargers vs Mumbai Indians,"IPL match on 2011-04-24: Deccan Chargers played against Mumbai Indians at Rajiv Gandhi International Stadium, Uppal. Toss winner was Deccan Chargers who chose to field. Match winner was Mumbai Indians."
match,Chennai Super Kings vs Pune Warriors,"IPL match on 2011-04-25: Chennai Super Kings played against Pune Warriors at MA Chidambaram Stadium, Chepauk. Toss winner was Pune Warriors who chose to field. Match winner was Chennai Super Kings."
match,Delhi Capitals vs Royal Challengers Bengaluru,IPL match on 2011-04-26: Delhi Capitals played against Royal Challengers Bengaluru at Feroz Shah Kotla. Toss winner was Royal Challengers Bengaluru who chose to field. Match winner was Royal Challengers Bengaluru.
match,Pune Warriors vs Chennai Super Kings,IPL match on 2011-04-27: Pune Warriors played against Chennai Super Kings at Dr DY Patil Sports Academy. Toss winner was Pune Warriors who chose to bat. Match winner was Chennai Super Kings.
match,Kochi Tuskers Kerala vs Deccan Chargers,IPL match on 2011-04-27: Kochi Tuskers Kerala played against Deccan Chargers at Nehru Stadium. Toss winner was Kochi Tuskers Kerala who chose to field. Match winner was Deccan Chargers.
match,Delhi Capitals vs Kolkata Knight Riders,IPL match on 2011-04-28: Delhi Capitals played against Kolkata Knight Riders at Feroz Shah Kotla. Toss winner was Delhi Capitals who chose to field. Match winner was Kolkata Knight Riders.
match,Rajasthan Royals vs Mumbai Indians,IPL match on 2011-04-29: Rajasthan Royals played against Mumbai Indians at Sawai Mansingh Stadium. Toss winner was Rajasthan Royals who chose to field. Match winner was Rajasthan Royals.
match,Royal Challengers Bengaluru vs Pune Warriors,IPL match on 2011-04-29: Royal Challengers Bengaluru played against Pune Warriors at M Chinnaswamy Stadium. Toss winner was Pune Warriors who chose to field. Match winner was Royal Challengers Bengaluru.
match,Kochi Tuskers Kerala vs Delhi Capitals,IPL match on 2011-04-30: Kochi Tuskers Kerala played against Delhi Capitals at Nehru Stadium. Toss winner was Delhi Capitals who chose to bat. Match winner was Delhi Capitals.
match,Kolkata Knight Riders vs Punjab Kings,IPL match on 2011-04-30: Kolkata Knight Riders played against Punjab Kings at Eden Gardens. Toss winner was Kolkata Knight Riders who chose to field. Match winner was Kolkata Knight Riders.
match,Chennai Super Kings vs Deccan Chargers,"IPL match on 2011-05-01: Chennai Super Kings played against Deccan Chargers at MA Chidambaram Stadium, Chepauk. Toss winner was Chennai Super Kings who chose to bat. Match winner was Chennai Super Kings."
match,Rajasthan Royals vs Pune Warriors,IPL match on 2011-05-01: Rajasthan Royals played against Pune Warriors at Sawai Mansingh Stadium. Toss winner was Rajasthan Royals who chose to field. Match winner was Rajasthan Royals.
match,Mumbai Indians vs Punjab Kings,IPL match on 2011-05-02: Mumbai Indians played against Punjab Kings at Wankhede Stadium. Toss winner was Punjab Kings who chose to field. Match winner was Mumbai Indians.
match,Delhi Capitals vs Kochi Tuskers Kerala,IPL match on 2011-05-02: Delhi Capitals played against Kochi Tuskers Kerala at Feroz Shah Kotla. Toss winner was Kochi Tuskers Kerala who chose to field. Match winner was Kochi Tuskers Kerala.
match,Deccan Chargers vs Kolkata Knight Riders,"IPL match on 2011-05-03: Deccan Chargers played against Kolkata Knight Riders at Rajiv Gandhi International Stadium, Uppal. Toss winner was Deccan Chargers who chose to field. Match winner was Kolkata Knight Riders."
match,Pune Warriors vs Mumbai Indians,IPL match on 2011-05-04: Pune Warriors played against Mumbai Indians at Dr DY Patil Sports Academy. Toss winner was Pune Warriors who chose to field. Match winner was Mumbai Indians.
match,Chennai Super Kings vs Rajasthan Royals,"IPL match on 2011-05-04: Chennai Super Kings played against Rajasthan Royals at MA Chidambaram Stadium, Chepauk. Toss winner was Rajasthan Royals who chose to bat. Match winner was Chennai Super Kings."
match,Deccan Chargers vs Delhi Capitals,"IPL match on 2011-05-05: Deccan Chargers played against Delhi Capitals at Rajiv Gandhi International Stadium, Uppal. Toss winner was Delhi Capitals who chose to field. Match winner was Delhi Capitals."
match,Kochi Tuskers Kerala vs Kolkata Knight Riders,IPL match on 2011-05-05: Kochi Tuskers Kerala played against Kolkata Knight Riders at Nehru Stadium. Toss winner was Kolkata Knight Riders who chose to field. Match winner was Kochi Tuskers Kerala.
match,Royal Challengers Bengaluru vs Punjab Kings,IPL match on 2011-05-06: Royal Challengers Bengaluru played against Punjab Kings at M Chinnaswamy Stadium. Toss winner was Punjab Kings who chose to field. Match winner was Royal Challengers Bengaluru.
match,Mumbai Indians vs Delhi Capitals,IPL match on 2011-05-07: Mumbai Indians played against Delhi Capitals at Wankhede Stadium. Toss winner was Delhi Capitals who chose to field. Match winner was Mumbai Indians.
match,Kolkata Knight Riders vs Chennai Super Kings,IPL match on 2011-05-07: Kolkata Knight Riders played against Chennai Super Kings at Eden Gardens. Toss winner was Chennai Super Kings who chose to bat. Match winner was Kolkata Knight Riders.
match,Royal Challengers Bengaluru vs Kochi Tuskers Kerala,IPL match on 2011-05-08: Royal Challengers Bengaluru played against Kochi Tuskers Kerala at M Chinnaswamy Stadium. Toss winner was Kochi Tuskers Kerala who chose to bat. Match winner was Royal Challengers Bengaluru.
match,Punjab Kings vs Pune Warriors,"IPL match on 2011-05-08: Punjab Kings played against Pune Warriors at Punjab Cricket Association Stadium, Mohali. Toss winner was Punjab Kings who chose to bat. Match winner was Pune Warriors."
match,Rajasthan Royals vs Chennai Super Kings,IPL match on 2011-05-09: Rajasthan Royals played against Chennai Super Kings at Sawai Mansingh Stadium. Toss winner was Rajasthan Royals who chose to field. Match winner was Chennai Super Kings.
match,Deccan Chargers vs Pune Warriors,"IPL match on 2011-05-10: Deccan Chargers played against Pune Warriors at Rajiv Gandhi International Stadium, Uppal. Toss winner was Deccan Chargers who chose to bat. Match winner was Pune Warriors."
match,Punjab Kings vs Mumbai Indians,"IPL match on 2011-05-10: Punjab Kings played against Mumbai Indians at Punjab Cricket Association Stadium, Mohali. Toss winner was Mumbai Indians who chose to field. Match winner was Punjab Kings."
match,Rajasthan Royals vs Royal Challengers Bengaluru,IPL match on 2011-05-11: Rajasthan Royals played against Royal Challengers Bengaluru at Sawai Mansingh Stadium. Toss winner was Royal Challengers Bengaluru who chose to field. Match winner was Royal Challengers Bengaluru.
match,Chennai Super Kings vs Delhi Capitals,"IPL match on 2011-05-12: Chennai Super Kings played against Delhi Capitals at MA Chidambaram Stadium, Chepauk. Toss winner was Chennai Super Kings who chose to bat. Match winner was Chennai Super Kings."
match,Kochi Tuskers Kerala vs Punjab Kings,IPL match on 2011-05-13: Kochi Tuskers Kerala played against Punjab Kings at Holkar Cricket Stadium. Toss winner was Punjab Kings who chose to field. Match winner was Punjab Kings.
match,Mumbai Indians vs Deccan Chargers,IPL match on 2011-05-14: Mumbai Indians played against Deccan Chargers at Wankhede Stadium. Toss winner was Deccan Chargers who chose to bat. Match winner was Deccan Chargers.
match,Royal Challengers Bengaluru vs Kolkata Knight Riders,IPL match on 2011-05-14: Royal Challengers Bengaluru played against Kolkata Knight Riders at M Chinnaswamy Stadium. Toss winner was Royal Challengers Bengaluru who chose to field. Match winner was Royal Challengers Bengaluru.
match,Punjab Kings vs Delhi Capitals,IPL match on 2011-05-15: Punjab Kings played against Delhi Capitals at Himachal Pradesh Cricket Association Stadium. Toss winner was Delhi Capitals who chose to field. Match winner was Punjab Kings.
match,Kochi Tuskers Kerala vs Rajasthan Royals,IPL match on 2011-05-15: Kochi Tuskers Kerala played against Rajasthan Royals at Holkar Cricket Stadium. Toss winner was Kochi Tuskers Kerala who chose to field. Match winner was Kochi Tuskers Kerala.
match,Pune Warriors vs Deccan Chargers,IPL match on 2011-05-16: Pune Warriors played against Deccan Chargers at Dr DY Patil Sports Academy. Toss winner was Deccan Chargers who chose to field. Match winner was Deccan Chargers.
match,Punjab Kings vs Royal Challengers Bengaluru,IPL match on 2011-05-17: Punjab Kings played against Royal Challengers Bengaluru at Himachal Pradesh Cricket Association Stadium. Toss winner was Punjab Kings who chose to bat. Match winner was Punjab Kings.
match,Chennai Super Kings vs Kochi Tuskers Kerala,"IPL match on 2011-05-18: Chennai Super Kings played against Kochi Tuskers Kerala at MA Chidambaram Stadium, Chepauk. Toss winner was Chennai Super Kings who chose to bat. Match winner was Chennai Super Kings."
match,Pune Warriors vs Kolkata Knight Riders,IPL match on 2011-05-19: Pune Warriors played against Kolkata Knight Riders at Dr DY Patil Sports Academy. Toss winner was Kolkata Knight Riders who chose to field. Match winner was Kolkata Knight Riders.
match,Mumbai Indians vs Rajasthan Royals,IPL match on 2011-05-20: Mumbai Indians played against Rajasthan Royals at Wankhede Stadium. Toss winner was Mumbai Indians who chose to bat. Match winner was Rajasthan Royals.
match,Delhi Capitals vs Pune Warriors,IPL match on 2011-05-21: Delhi Capitals played against Pune Warriors at Feroz Shah Kotla. Toss winner was Delhi Capitals who chose to bat. Match winner was No Result.
match,Punjab Kings vs Deccan Chargers,IPL match on 2011-05-21: Punjab Kings played against Deccan Chargers at Himachal Pradesh Cricket Association Stadium. Toss winner was Punjab Kings who chose to field. Match winner was Deccan Chargers.
match,Royal Challengers Bengaluru vs Chennai Super Kings,IPL match on 2011-05-22: Royal Challengers Bengaluru played against Chennai Super Kings at M Chinnaswamy Stadium. Toss winner was Royal Challengers Bengaluru who chose to field. Match winner was Royal Challengers Bengaluru.
match,Kolkata Knight Riders vs Mumbai Indians,IPL match on 2011-05-22: Kolkata Knight Riders played against Mumbai Indians at Eden Gardens. Toss winner was Mumbai Indians who chose to field. Match winner was Mumbai Indians.
match,Royal Challengers Bengaluru vs Chennai Super Kings,IPL match on 2011-05-24: Royal Challengers Bengaluru played against Chennai Super Kings at Wankhede Stadium. Toss winner was Chennai Super Kings who chose to field. Match winner was Chennai Super Kings.
match,Mumbai Indians vs Kolkata Knight Riders,IPL match on 2011-05-25: Mumbai Indians played against Kolkata Knight Riders at Wankhede Stadium. Toss winner was Mumbai Indians who chose to field. Match winner was Mumbai Indians.
match,Royal Challengers Bengaluru vs Mumbai Indians,"IPL match on 2011-05-27: Royal Challengers Bengaluru played against Mumbai Indians at MA Chidambaram Stadium, Chepauk. Toss winner was Mumbai Indians who chose to field. Match winner was Royal Challengers Bengaluru."
match,Chennai Super Kings vs Royal Challengers Bengaluru,"IPL match on 2011-05-28: Chennai Super Kings played against Royal Challengers Bengaluru at MA Chidambaram Stadium, Chepauk. Toss winner was Chennai Super Kings who chose to bat. Match winner was Chennai Super Kings."
match,Chennai Super Kings vs Mumbai Indians,"IPL match on 2012-04-04: Chennai Super Kings played against Mumbai Indians at MA Chidambaram Stadium, Chepauk. Toss winner was Mumbai Indians who chose to field. Match winner was Mumbai Indians."
match,Kolkata Knight Riders vs Delhi Capitals,IPL match on 2012-04-05: Kolkata Knight Riders played against Delhi Capitals at Eden Gardens. Toss winner was Delhi Capitals who chose to field. Match winner was Delhi Capitals.
match,Rajasthan Royals vs Punjab Kings,IPL match on 2012-04-06: Rajasthan Royals played against Punjab Kings at Sawai Mansingh Stadium. Toss winner was Punjab Kings who chose to field. Match winner was Rajasthan Royals.
match,Mumbai Indians vs Pune Warriors,IPL match on 2012-04-06: Mumbai Indians played against Pune Warriors at Wankhede Stadium. Toss winner was Mumbai Indians who chose to field. Match winner was Pune Warriors.
match,Deccan Chargers vs Chennai Super Kings,IPL match on 2012-04-07: Deccan Chargers played against Chennai Super Kings at Dr. Y.S. Rajasekhara Reddy ACA-VDCA Cricket Stadium. Toss winner was Deccan Chargers who chose to field. Match winner was Chennai Super Kings.
match,Royal Challengers Bengaluru vs Delhi Capitals,IPL match on 2012-04-07: Royal Challengers Bengaluru played against Delhi Capitals at M Chinnaswamy Stadium. Toss winner was Delhi Capitals who chose to field. Match winner was Royal Challengers Bengaluru.
match,Pune Warriors vs Punjab Kings,IPL match on 2012-04-08: Pune Warriors played against Punjab Kings at Subrata Roy Sahara Stadium. Toss winner was Pune Warriors who chose to bat. Match winner was Pune Warriors.
match,Rajasthan Royals vs Kolkata Knight Riders,IPL match on 2012-04-08: Rajasthan Royals played against Kolkata Knight Riders at Sawai Mansingh Stadium. Toss winner was Kolkata Knight Riders who chose to field. Match winner was Rajasthan Royals.
match,Deccan Chargers vs Mumbai Indians,IPL match on 2012-04-09: Deccan Chargers played against Mumbai Indians at Dr. Y.S. Rajasekhara Reddy ACA-VDCA Cricket Stadium. Toss winner was Deccan Chargers who chose to bat. Match winner was Mumbai Indians.
match,Delhi Capitals vs Chennai Super Kings,IPL match on 2012-04-10: Delhi Capitals played against Chennai Super Kings at Feroz Shah Kotla. Toss winner was Delhi Capitals who chose to field. Match winner was Delhi Capitals.
match,Royal Challengers Bengaluru vs Kolkata Knight Riders,IPL match on 2012-04-10: Royal Challengers Bengaluru played against Kolkata Knight Riders at M Chinnaswamy Stadium. Toss winner was Royal Challengers Bengaluru who chose to field. Match winner was Kolkata Knight Riders.
match,Mumbai Indians vs Rajasthan Royals,IPL match on 2012-04-11: Mumbai Indians played against Rajasthan Royals at Wankhede Stadium. Toss winner was Rajasthan Royals who chose to field. Match winner was Mumbai Indians.
match,Punjab Kings vs Pune Warriors,"IPL match on 2012-04-12: Punjab Kings played against Pune Warriors at Punjab Cricket Association Stadium, Mohali. Toss winner was Punjab Kings who chose to field. Match winner was Punjab Kings."
match,Chennai Super Kings vs Royal Challengers Bengaluru,"IPL match on 2012-04-12: Chennai Super Kings played against Royal Challengers Bengaluru at MA Chidambaram Stadium, Chepauk. Toss winner was Royal Challengers Bengaluru who chose to bat. Match winner was Chennai Super Kings."
match,Kolkata Knight Riders vs Rajasthan Royals,IPL match on 2012-04-13: Kolkata Knight Riders played against Rajasthan Royals at Eden Gardens. Toss winner was Rajasthan Royals who chose to bat. Match winner was Kolkata Knight Riders.
match,Pune Warriors vs Chennai Super Kings,IPL match on 2012-04-14: Pune Warriors played against Chennai Super Kings at Subrata Roy Sahara Stadium. Toss winner was Chennai Super Kings who chose to bat. Match winner was Pune Warriors.
match,Kolkata Knight Riders vs Punjab Kings,IPL match on 2012-04-15: Kolkata Knight Riders played against Punjab Kings at Eden Gardens. Toss winner was Kolkata Knight Riders who chose to field. Match winner was Punjab Kings.
match,Royal Challengers Bengaluru vs Rajasthan Royals,IPL match on 2012-04-15: Royal Challengers Bengaluru played against Rajasthan Royals at M Chinnaswamy Stadium. Toss winner was Rajasthan Royals who chose to bat. Match winner was Rajasthan Royals.
match,Mumbai Indians vs Delhi Capitals,IPL match on 2012-04-16: Mumbai Indians played against Delhi Capitals at Wankhede Stadium. Toss winner was Delhi Capitals who chose to field. Match winner was Delhi Capitals.
match,Rajasthan Royals vs Deccan Chargers,IPL match on 2012-04-17: Rajasthan Royals played against Deccan Chargers at Sawai Mansingh Stadium. Toss winner was Deccan Chargers who chose to bat. Match winner was Rajasthan Royals.
match,Royal Challengers Bengaluru vs Pune Warriors,IPL match on 2012-04-17: Royal Challengers Bengaluru played against Pune Warriors at M Chinnaswamy Stadium. Toss winner was Pune Warriors who chose to bat. Match winner was Royal Challengers Bengaluru.
match,Punjab Kings vs Kolkata Knight Riders,"IPL match on 2012-04-18: Punjab Kings played against Kolkata Knight Riders at Punjab Cricket Association Stadium, Mohali. Toss winner was Punjab Kings who chose to bat. Match winner was Kolkata Knight Riders."
match,Delhi Capitals vs Deccan Chargers,IPL match on 2012-04-19: Delhi Capitals played against Deccan Chargers at Feroz Shah Kotla. Toss winner was Deccan Chargers who chose to bat. Match winner was Delhi Capitals.
match,Chennai Super Kings vs Pune Warriors,"IPL match on 2012-04-19: Chennai Super Kings played against Pune Warriors at MA Chidambaram Stadium, Chepauk. Toss winner was Pune Warriors who chose to field. Match winner was Chennai Super Kings."
match,Punjab Kings vs Royal Challengers Bengaluru,"IPL match on 2012-04-20: Punjab Kings played against Royal Challengers Bengaluru at Punjab Cricket Association Stadium, Mohali. Toss winner was Royal Challengers Bengaluru who chose to field. Match winner was Royal Challengers Bengaluru."
match,Chennai Super Kings vs Rajasthan Royals,"IPL match on 2012-04-21: Chennai Super Kings played against Rajasthan Royals at MA Chidambaram Stadium, Chepauk. Toss winner was Rajasthan Royals who chose to bat. Match winner was Chennai Super Kings."
match,Delhi Capitals vs Pune Warriors,IPL match on 2012-04-21: Delhi Capitals played against Pune Warriors at Feroz Shah Kotla. Toss winner was Delhi Capitals who chose to field. Match winner was Pune Warriors.
match,Mumbai Indians vs Punjab Kings,IPL match on 2012-04-22: Mumbai Indians played against Punjab Kings at Wankhede Stadium. Toss winner was Mumbai Indians who chose to bat. Match winner was Punjab Kings.
match,Deccan Chargers vs Kolkata Knight Riders,IPL match on 2012-04-22: Deccan Chargers played against Kolkata Knight Riders at Barabati Stadium. Toss winner was Kolkata Knight Riders who chose to field. Match winner was Kolkata Knight Riders.
match,Rajasthan Royals vs Royal Challengers Bengaluru,IPL match on 2012-04-23: Rajasthan Royals played against Royal Challengers Bengaluru at Sawai Mansingh Stadium. Toss winner was Rajasthan Royals who chose to field. Match winner was Royal Challengers Bengaluru.
match,Pune Warriors vs Delhi Capitals,IPL match on 2012-04-24: Pune Warriors played against Delhi Capitals at Subrata Roy Sahara Stadium. Toss winner was Pune Warriors who chose to bat. Match winner was Delhi Capitals.
match,Punjab Kings vs Mumbai Indians,"IPL match on 2012-04-25: Punjab Kings played against Mumbai Indians at Punjab Cricket Association Stadium, Mohali. Toss winner was Punjab Kings who chose to bat. Match winner was Mumbai Indians."
match,Pune Warriors vs Deccan Chargers,IPL match on 2012-04-26: Pune Warriors played against Deccan Chargers at Subrata Roy Sahara Stadium. Toss winner was Deccan Chargers who chose to bat. Match winner was Deccan Chargers.
match,Delhi Capitals vs Mumbai Indians,IPL match on 2012-04-27: Delhi Capitals played against Mumbai Indians at Feroz Shah Kotla. Toss winner was Mumbai Indians who chose to field. Match winner was Delhi Capitals.
match,Chennai Super Kings vs Punjab Kings,"IPL match on 2012-04-28: Chennai Super Kings played against Punjab Kings at MA Chidambaram Stadium, Chepauk. Toss winner was Punjab Kings who chose to bat. Match winner was Punjab Kings."
match,Kolkata Knight Riders vs Royal Challengers Bengaluru,IPL match on 2012-04-28: Kolkata Knight Riders played against Royal Challengers Bengaluru at Eden Gardens. Toss winner was Kolkata Knight Riders who chose to bat. Match winner was Kolkata Knight Riders.
match,Delhi Capitals vs Rajasthan Royals,IPL match on 2012-04-29: Delhi Capitals played against Rajasthan Royals at Feroz Shah Kotla. Toss winner was Delhi Capitals who chose to bat. Match winner was Delhi Capitals.
match,Mumbai Indians vs Deccan Chargers,IPL match on 2012-04-29: Mumbai Indians played against Deccan Chargers at Wankhede Stadium. Toss winner was Mumbai Indians who chose to field. Match winner was Mumbai Indians.
match,Chennai Super Kings vs Kolkata Knight Riders,"IPL match on 2012-04-30: Chennai Super Kings played against Kolkata Knight Riders at MA Chidambaram Stadium, Chepauk. Toss winner was Chennai Super Kings who chose to bat. Match winner was Kolkata Knight Riders."
match,Deccan Chargers vs Pune Warriors,IPL match on 2012-05-01: Deccan Chargers played against Pune Warriors at Barabati Stadium. Toss winner was Deccan Chargers who chose to bat. Match winner was Deccan Chargers.
match,Rajasthan Royals vs Delhi Capitals,IPL match on 2012-05-01: Rajasthan Royals played against Delhi Capitals at Sawai Mansingh Stadium. Toss winner was Rajasthan Royals who chose to bat. Match winner was Delhi Capitals.
match,Royal Challengers Bengaluru vs Punjab Kings,IPL match on 2012-05-02: Royal Challengers Bengaluru played against Punjab Kings at M Chinnaswamy Stadium. Toss winner was Punjab Kings who chose to field. Match winner was Punjab Kings.
match,Pune Warriors vs Mumbai Indians,IPL match on 2012-05-03: Pune Warriors played against Mumbai Indians at Subrata Roy Sahara Stadium. Toss winner was Mumbai Indians who chose to bat. Match winner was Mumbai Indians.
match,Chennai Super Kings vs Deccan Chargers,"IPL match on 2012-05-04: Chennai Super Kings played against Deccan Chargers at MA Chidambaram Stadium, Chepauk. Toss winner was Chennai Super Kings who chose to bat. Match winner was Chennai Super Kings."
match,Kolkata Knight Riders vs Pune Warriors,IPL match on 2012-05-05: Kolkata Knight Riders played against Pune Warriors at Eden Gardens. Toss winner was Kolkata Knight Riders who chose to bat. Match winner was Kolkata Knight Riders.
match,Punjab Kings vs Rajasthan Royals,"IPL match on 2012-05-05: Punjab Kings played against Rajasthan Royals at Punjab Cricket Association Stadium, Mohali. Toss winner was Rajasthan Royals who chose to bat. Match winner was Rajasthan Royals."
match,Mumbai Indians vs Chennai Super Kings,IPL match on 2012-05-06: Mumbai Indians played against Chennai Super Kings at Wankhede Stadium. Toss winner was Mumbai Indians who chose to field. Match winner was Mumbai Indians.
match,Royal Challengers Bengaluru vs Deccan Chargers,IPL match on 2012-05-06: Royal Challengers Bengaluru played against Deccan Chargers at M Chinnaswamy Stadium. Toss winner was Royal Challengers Bengaluru who chose to field. Match winner was Royal Challengers Bengaluru.
match,Delhi Capitals vs Kolkata Knight Riders,IPL match on 2012-05-07: Delhi Capitals played against Kolkata Knight Riders at Feroz Shah Kotla. Toss winner was Delhi Capitals who chose to bat. Match winner was Kolkata Knight Riders.
match,Pune Warriors vs Rajasthan Royals,IPL match on 2012-05-08: Pune Warriors played against Rajasthan Royals at Subrata Roy Sahara Stadium. Toss winner was Pune Warriors who chose to bat. Match winner was Rajasthan Royals.
match,Deccan Chargers vs Punjab Kings,"IPL match on 2012-05-08: Deccan Chargers played against Punjab Kings at Rajiv Gandhi International Stadium, Uppal. Toss winner was Deccan Chargers who chose to field. Match winner was Punjab Kings."
match,Mumbai Indians vs Royal Challengers Bengaluru,IPL match on 2012-05-09: Mumbai Indians played against Royal Challengers Bengaluru at Wankhede Stadium. Toss winner was Royal Challengers Bengaluru who chose to field. Match winner was Royal Challengers Bengaluru.
match,Rajasthan Royals vs Chennai Super Kings,IPL match on 2012-05-10: Rajasthan Royals played against Chennai Super Kings at Sawai Mansingh Stadium. Toss winner was Chennai Super Kings who chose to field. Match winner was Chennai Super Kings.
match,Deccan Chargers vs Delhi Capitals,"IPL match on 2012-05-10: Deccan Chargers played against Delhi Capitals at Rajiv Gandhi International Stadium, Uppal. Toss winner was Deccan Chargers who chose to bat. Match winner was Delhi Capitals."
match,Pune Warriors vs Royal Challengers Bengaluru,IPL match on 2012-05-11: Pune Warriors played against Royal Challengers Bengaluru at Subrata Roy Sahara Stadium. Toss winner was Pune Warriors who chose to field. Match winner was Royal Challengers Bengaluru.
match,Kolkata Knight Riders vs Mumbai Indians,IPL match on 2012-05-12: Kolkata Knight Riders played against Mumbai Indians at Eden Gardens. Toss winner was Mumbai Indians who chose to bat. Match winner was Mumbai Indians.
match,Chennai Super Kings vs Delhi Capitals,"IPL match on 2012-05-12: Chennai Super Kings played against Delhi Capitals at MA Chidambaram Stadium, Chepauk. Toss winner was Chennai Super Kings who chose to field. Match winner was Chennai Super Kings."
match,Rajasthan Royals vs Pune Warriors,IPL match on 2012-05-13: Rajasthan Royals played against Pune Warriors at Sawai Mansingh Stadium. Toss winner was Rajasthan Royals who chose to bat. Match winner was Rajasthan Royals.
match,Punjab Kings vs Deccan Chargers,"IPL match on 2012-05-13: Punjab Kings played against Deccan Chargers at Punjab Cricket Association Stadium, Mohali. Toss winner was Deccan Chargers who chose to bat. Match winner was Punjab Kings."
match,Kolkata Knight Riders vs Chennai Super Kings,IPL match on 2012-05-14: Kolkata Knight Riders played against Chennai Super Kings at Eden Gardens. Toss winner was Chennai Super Kings who chose to field. Match winner was Chennai Super Kings.
match,Royal Challengers Bengaluru vs Mumbai Indians,IPL match on 2012-05-14: Royal Challengers Bengaluru played against Mumbai Indians at M Chinnaswamy Stadium. Toss winner was Mumbai Indians who chose to field. Match winner was Mumbai Indians.
match,Delhi Capitals vs Punjab Kings,IPL match on 2012-05-15: Delhi Capitals played against Punjab Kings at Feroz Shah Kotla. Toss winner was Punjab Kings who chose to bat. Match winner was Delhi Capitals.
match,Mumbai Indians vs Kolkata Knight Riders,IPL match on 2012-05-16: Mumbai Indians played against Kolkata Knight Riders at Wankhede Stadium. Toss winner was Mumbai Indians who chose to field. Match winner was Kolkata Knight Riders.
match,Delhi Capitals vs Royal Challengers Bengaluru,IPL match on 2012-05-17: Delhi Capitals played against Royal Challengers Bengaluru at Feroz Shah Kotla. Toss winner was Delhi Capitals who chose to field. Match winner was Royal Challengers Bengaluru.
match,Punjab Kings vs Chennai Super Kings,IPL match on 2012-05-17: Punjab Kings played against Chennai Super Kings at Himachal Pradesh Cricket Association Stadium. Toss winner was Punjab Kings who chose to field. Match winner was Punjab Kings.
match,Deccan Chargers vs Rajasthan Royals,"IPL match on 2012-05-18: Deccan Chargers played against Rajasthan Royals at Rajiv Gandhi International Stadium, Uppal. Toss winner was Rajasthan Royals who chose to bat. Match winner was Deccan Chargers."
match,Punjab Kings vs Delhi Capitals,IPL match on 2012-05-19: Punjab Kings played against Delhi Capitals at Himachal Pradesh Cricket Association Stadium. Toss winner was Delhi Capitals who chose to field. Match winner was Delhi Capitals.
match,Pune Warriors vs Kolkata Knight Riders,IPL match on 2012-05-19: Pune Warriors played against Kolkata Knight Riders at Subrata Roy Sahara Stadium. Toss winner was Kolkata Knight Riders who chose to bat. Match winner was Kolkata Knight Riders.
match,Rajasthan Royals vs Mumbai Indians,IPL match on 2012-05-20: Rajasthan Royals played against Mumbai Indians at Sawai Mansingh Stadium. Toss winner was Rajasthan Royals who chose to bat. Match winner was Mumbai Indians.
match,Deccan Chargers vs Royal Challengers Bengaluru,"IPL match on 2012-05-20: Deccan Chargers played against Royal Challengers Bengaluru at Rajiv Gandhi International Stadium, Uppal. Toss winner was Royal Challengers Bengaluru who chose to field. Match winner was Deccan Chargers."
match,Delhi Capitals vs Kolkata Knight Riders,IPL match on 2012-05-22: Delhi Capitals played against Kolkata Knight Riders at Subrata Roy Sahara Stadium. Toss winner was Kolkata Knight Riders who chose to bat. Match winner was Kolkata Knight Riders.
match,Chennai Super Kings vs Mumbai Indians,IPL match on 2012-05-23: Chennai Super Kings played against Mumbai Indians at M Chinnaswamy Stadium. Toss winner was Mumbai Indians who chose to field. Match winner was Chennai Super Kings.
match,Delhi Capitals vs Chennai Super Kings,"IPL match on 2012-05-25: Delhi Capitals played against Chennai Super Kings at MA Chidambaram Stadium, Chepauk. Toss winner was Delhi Capitals who chose to field. Match winner was Chennai Super Kings."
match,Kolkata Knight Riders vs Chennai Super Kings,"IPL match on 2012-05-27: Kolkata Knight Riders played against Chennai Super Kings at MA Chidambaram Stadium, Chepauk. Toss winner was Chennai Super Kings who chose to bat. Match winner was Kolkata Knight Riders."
match,Kolkata Knight Riders vs Delhi Capitals,IPL match on 2013-04-03: Kolkata Knight Riders played against Delhi Capitals at Eden Gardens. Toss winner was Kolkata Knight Riders who chose to field. Match winner was Kolkata Knight Riders.
match,Royal Challengers Bengaluru vs Mumbai Indians,IPL match on 2013-04-04: Royal Challengers Bengaluru played against Mumbai Indians at M Chinnaswamy Stadium. Toss winner was Mumbai Indians who chose to field. Match winner was Royal Challengers Bengaluru.
match,Sunrisers Hyderabad vs Pune Warriors,"IPL match on 2013-04-05: Sunrisers Hyderabad played against Pune Warriors at Rajiv Gandhi International Stadium, Uppal. Toss winner was Pune Warriors who chose to field. Match winner was Sunrisers Hyderabad."
match,Delhi Capitals vs Rajasthan Royals,IPL match on 2013-04-06: Delhi Capitals played against Rajasthan Royals at Feroz Shah Kotla. Toss winner was Rajasthan Royals who chose to bat. Match winner was Rajasthan Royals.
match,Chennai Super Kings vs Mumbai Indians,"IPL match on 2013-04-06: Chennai Super Kings played against Mumbai Indians at MA Chidambaram Stadium, Chepauk. Toss winner was Mumbai Indians who chose to bat. Match winner was Mumbai Indians."
match,Pune Warriors vs Punjab Kings,IPL match on 2013-04-07: Pune Warriors played against Punjab Kings at Subrata Roy Sahara Stadium. Toss winner was Pune Warriors who chose to bat. Match winner was Punjab Kings.
match,Sunrisers Hyderabad vs Royal Challengers Bengaluru,"IPL match on 2013-04-07: Sunrisers Hyderabad played against Royal Challengers Bengaluru at Rajiv Gandhi International Stadium, Uppal. Toss winner was Royal Challengers Bengaluru who chose to bat. Match winner was No Result."
match,Rajasthan Royals vs Kolkata Knight Riders,IPL match on 2013-04-08: Rajasthan Royals played against Kolkata Knight Riders at Sawai Mansingh Stadium. Toss winner was Kolkata Knight Riders who chose to field. Match winner was Rajasthan Royals.
match,Mumbai Indians vs Delhi Capitals,IPL match on 2013-04-09: Mumbai Indians played against Delhi Capitals at Wankhede Stadium. Toss winner was Mumbai Indians who chose to bat. Match winner was Mumbai Indians.
match,Royal Challengers Bengaluru vs Sunrisers Hyderabad,IPL match on 2013-04-09: Royal Challengers Bengaluru played against Sunrisers Hyderabad at M Chinnaswamy Stadium. Toss winner was Sunrisers Hyderabad who chose to bat. Match winner was Royal Challengers Bengaluru.
match,Punjab Kings vs Chennai Super Kings,"IPL match on 2013-04-10: Punjab Kings played against Chennai Super Kings at Punjab Cricket Association Stadium, Mohali. Toss winner was Chennai Super Kings who chose to field. Match winner was Chennai Super Kings."
match,Royal Challengers Bengaluru vs Kolkata Knight Riders,IPL match on 2013-04-11: Royal Challengers Bengaluru played against Kolkata Knight Riders at M Chinnaswamy Stadium. Toss winner was Royal Challengers Bengaluru who chose to field. Match winner was Royal Challengers Bengaluru.
match,Pune Warriors vs Rajasthan Royals,IPL match on 2013-04-11: Pune Warriors played against Rajasthan Royals at Subrata Roy Sahara Stadium. Toss winner was Rajasthan Royals who chose to bat. Match winner was Pune Warriors.
match,Delhi Capitals vs Sunrisers Hyderabad,IPL match on 2013-04-12: Delhi Capitals played against Sunrisers Hyderabad at Feroz Shah Kotla. Toss winner was Delhi Capitals who chose to bat. Match winner was Sunrisers Hyderabad.
match,Chennai Super Kings vs Royal Challengers Bengaluru,"IPL match on 2013-04-13: Chennai Super Kings played against Royal Challengers Bengaluru at MA Chidambaram Stadium, Chepauk. Toss winner was Chennai Super Kings who chose to field. Match winner was Chennai Super Kings."
match,Mumbai Indians vs Pune Warriors,IPL match on 2013-04-13: Mumbai Indians played against Pune Warriors at Wankhede Stadium. Toss winner was Mumbai Indians who chose to bat. Match winner was Mumbai Indians.
match,Kolkata Knight Riders vs Sunrisers Hyderabad,IPL match on 2013-04-14: Kolkata Knight Riders played against Sunrisers Hyderabad at Eden Gardens. Toss winner was Kolkata Knight Riders who chose to bat. Match winner was Kolkata Knight Riders.
match,Rajasthan Royals vs Punjab Kings,IPL match on 2013-04-14: Rajasthan Royals played against Punjab Kings at Sawai Mansingh Stadium. Toss winner was Rajasthan Royals who chose to field. Match winner was Rajasthan Royals.
match,Chennai Super Kings vs Pune Warriors,"IPL match on 2013-04-15: Chennai Super Kings played against Pune Warriors at MA Chidambaram Stadium, Chepauk. Toss winner was Pune Warriors who chose to bat. Match winner was Pune Warriors."
match,Punjab Kings vs Kolkata Knight Riders,"IPL match on 2013-04-16: Punjab Kings played against Kolkata Knight Riders at Punjab Cricket Association Stadium, Mohali. Toss winner was Kolkata Knight Riders who chose to field. Match winner was Punjab Kings."
match,Royal Challengers Bengaluru vs Delhi Capitals,IPL match on 2013-04-16: Royal Challengers Bengaluru played against Delhi Capitals at M Chinnaswamy Stadium. Toss winner was Royal Challengers Bengaluru who chose to field. Match winner was No Result.
match,Pune Warriors vs Sunrisers Hyderabad,IPL match on 2013-04-17: Pune Warriors played against Sunrisers Hyderabad at Maharashtra Cricket Association Stadium. Toss winner was Pune Warriors who chose to field. Match winner was Sunrisers Hyderabad.
match,Rajasthan Royals vs Mumbai Indians,IPL match on 2013-04-17: Rajasthan Royals played against Mumbai Indians at Sawai Mansingh Stadium. Toss winner was Rajasthan Royals who chose to bat. Match winner was Rajasthan Royals.
match,Delhi Capitals vs Chennai Super Kings,IPL match on 2013-04-18: Delhi Capitals played against Chennai Super Kings at Feroz Shah Kotla. Toss winner was Chennai Super Kings who chose to bat. Match winner was Chennai Super Kings.
match,Sunrisers Hyderabad vs Punjab Kings,"IPL match on 2013-04-19: Sunrisers Hyderabad played against Punjab Kings at Rajiv Gandhi International Stadium, Uppal. Toss winner was Punjab Kings who chose to bat. Match winner was Sunrisers Hyderabad."
match,Kolkata Knight Riders vs Chennai Super Kings,IPL match on 2013-04-20: Kolkata Knight Riders played against Chennai Super Kings at Eden Gardens. Toss winner was Kolkata Knight Riders who chose to bat. Match winner was Chennai Super Kings.
match,Royal Challengers Bengaluru vs Rajasthan Royals,IPL match on 2013-04-20: Royal Challengers Bengaluru played against Rajasthan Royals at M Chinnaswamy Stadium. Toss winner was Royal Challengers Bengaluru who chose to field. Match winner was Royal Challengers Bengaluru.
match,Punjab Kings vs Pune Warriors,"IPL match on 2013-04-21: Punjab Kings played against Pune Warriors at Punjab Cricket Association Stadium, Mohali. Toss winner was Punjab Kings who chose to field. Match winner was Punjab Kings."
match,Delhi Capitals vs Mumbai Indians,IPL match on 2013-04-21: Delhi Capitals played against Mumbai Indians at Feroz Shah Kotla. Toss winner was Mumbai Indians who chose to bat. Match winner was Delhi Capitals.
match,Chennai Super Kings vs Rajasthan Royals,"IPL match on 2013-04-22: Chennai Super Kings played against Rajasthan Royals at MA Chidambaram Stadium, Chepauk. Toss winner was Rajasthan Royals who chose to bat. Match winner was Chennai Super Kings."
match,Delhi Capitals vs Punjab Kings,IPL match on 2013-04-23: Delhi Capitals played against Punjab Kings at Feroz Shah Kotla. Toss winner was Punjab Kings who chose to field. Match winner was Punjab Kings.
match,Royal Challengers Bengaluru vs Pune Warriors,IPL match on 2013-04-23: Royal Challengers Bengaluru played against Pune Warriors at M Chinnaswamy Stadium. Toss winner was Pune Warriors who chose to field. Match winner was Royal Challengers Bengaluru.
match,Kolkata Knight Riders vs Mumbai Indians,IPL match on 2013-04-24: Kolkata Knight Riders played against Mumbai Indians at Eden Gardens. Toss winner was Kolkata Knight Riders who chose to bat. Match winner was Mumbai Indians.
match,Chennai Super Kings vs Sunrisers Hyderabad,"IPL match on 2013-04-25: Chennai Super Kings played against Sunrisers Hyderabad at MA Chidambaram Stadium, Chepauk. Toss winner was Sunrisers Hyderabad who chose to bat. Match winner was Chennai Super Kings."
match,Kolkata Knight Riders vs Punjab Kings,IPL match on 2013-04-26: Kolkata Knight Riders played against Punjab Kings at Eden Gardens. Toss winner was Punjab Kings who chose to bat. Match winner was Kolkata Knight Riders.
match,Rajasthan Royals vs Sunrisers Hyderabad,IPL match on 2013-04-27: Rajasthan Royals played against Sunrisers Hyderabad at Sawai Mansingh Stadium. Toss winner was Sunrisers Hyderabad who chose to bat. Match winner was Rajasthan Royals.
match,Mumbai Indians vs Royal Challengers Bengaluru,IPL match on 2013-04-27: Mumbai Indians played against Royal Challengers Bengaluru at Wankhede Stadium. Toss winner was Mumbai Indians who chose to bat. Match winner was Mumbai Indians.
match,Delhi Capitals vs Pune Warriors,IPL match on 2013-04-28: Delhi Capitals played against Pune Warriors at Shaheed Veer Narayan Singh International Stadium. Toss winner was Pune Warriors who chose to field. Match winner was Delhi Capitals.
match,Chennai Super Kings vs Kolkata Knight Riders,"IPL match on 2013-04-28: Chennai Super Kings played against Kolkata Knight Riders at MA Chidambaram Stadium, Chepauk. Toss winner was Kolkata Knight Riders who chose to field. Match winner was Chennai Super Kings."
match,Rajasthan Royals vs Royal Challengers Bengaluru,IPL match on 2013-04-29: Rajasthan Royals played against Royal Challengers Bengaluru at Sawai Mansingh Stadium. Toss winner was Rajasthan Royals who chose to field. Match winner was Rajasthan Royals.
match,Mumbai Indians vs Punjab Kings,IPL match on 2013-04-29: Mumbai Indians played against Punjab Kings at Wankhede Stadium. Toss winner was Mumbai Indians who chose to bat. Match winner was Mumbai Indians.
match,Pune Warriors vs Chennai Super Kings,IPL match on 2013-04-30: Pune Warriors played against Chennai Super Kings at Subrata Roy Sahara Stadium. Toss winner was Chennai Super Kings who chose to bat. Match winner was Chennai Super Kings.
match,Sunrisers Hyderabad vs Mumbai Indians,"IPL match on 2013-05-01: Sunrisers Hyderabad played against Mumbai Indians at Rajiv Gandhi International Stadium, Uppal. Toss winner was Mumbai Indians who chose to bat. Match winner was Sunrisers Hyderabad."
match,Delhi Capitals vs Kolkata Knight Riders,IPL match on 2013-05-01: Delhi Capitals played against Kolkata Knight Riders at Shaheed Veer Narayan Singh International Stadium. Toss winner was Kolkata Knight Riders who chose to bat. Match winner was Delhi Capitals.
match,Chennai Super Kings vs Punjab Kings,"IPL match on 2013-05-02: Chennai Super Kings played against Punjab Kings at MA Chidambaram Stadium, Chepauk. Toss winner was Chennai Super Kings who chose to bat. Match winner was Chennai Super Kings."
match,Pune Warriors vs Royal Challengers Bengaluru,IPL match on 2013-05-02: Pune Warriors played against Royal Challengers Bengaluru at Subrata Roy Sahara Stadium. Toss winner was Royal Challengers Bengaluru who chose to bat. Match winner was Royal Challengers Bengaluru.
match,Kolkata Knight Riders vs Rajasthan Royals,IPL match on 2013-05-03: Kolkata Knight Riders played against Rajasthan Royals at Eden Gardens. Toss winner was Rajasthan Royals who chose to bat. Match winner was Kolkata Knight Riders.
match,Sunrisers Hyderabad vs Delhi Capitals,"IPL match on 2013-05-04: Sunrisers Hyderabad played against Delhi Capitals at Rajiv Gandhi International Stadium, Uppal. Toss winner was Delhi Capitals who chose to bat. Match winner was Sunrisers Hyderabad."
match,Mumbai Indians vs Chennai Super Kings,IPL match on 2013-05-05: Mumbai Indians played against Chennai Super Kings at Wankhede Stadium. Toss winner was Mumbai Indians who chose to bat. Match winner was Mumbai Indians.
match,Rajasthan Royals vs Pune Warriors,IPL match on 2013-05-05: Rajasthan Royals played against Pune Warriors at Sawai Mansingh Stadium. Toss winner was Pune Warriors who chose to bat. Match winner was Rajasthan Royals.
match,Punjab Kings vs Royal Challengers Bengaluru,"IPL match on 2013-05-06: Punjab Kings played against Royal Challengers Bengaluru at Punjab Cricket Association Stadium, Mohali. Toss winner was Punjab Kings who chose to field. Match winner was Punjab Kings."
match,Rajasthan Royals vs Delhi Capitals,IPL match on 2013-05-07: Rajasthan Royals played against Delhi Capitals at Sawai Mansingh Stadium. Toss winner was Delhi Capitals who chose to bat. Match winner was Rajasthan Royals.
match,Mumbai Indians vs Kolkata Knight Riders,IPL match on 2013-05-07: Mumbai Indians played against Kolkata Knight Riders at Wankhede Stadium. Toss winner was Mumbai Indians who chose to bat. Match winner was Mumbai Indians.
match,Sunrisers Hyderabad vs Chennai Super Kings,"IPL match on 2013-05-08: Sunrisers Hyderabad played against Chennai Super Kings at Rajiv Gandhi International Stadium, Uppal. Toss winner was Sunrisers Hyderabad who chose to field. Match winner was Chennai Super Kings."
match,Punjab Kings vs Rajasthan Royals,"IPL match on 2013-05-09: Punjab Kings played against Rajasthan Royals at Punjab Cricket Association Stadium, Mohali. Toss winner was Rajasthan Royals who chose to field. Match winner was Rajasthan Royals."
match,Pune Warriors vs Kolkata Knight Riders,IPL match on 2013-05-09: Pune Warriors played against Kolkata Knight Riders at Subrata Roy Sahara Stadium. Toss winner was Kolkata Knight Riders who chose to bat. Match winner was Kolkata Knight Riders.
match,Delhi Capitals vs Royal Challengers Bengaluru,IPL match on 2013-05-10: Delhi Capitals played against Royal Challengers Bengaluru at Feroz Shah Kotla. Toss winner was Delhi Capitals who chose to field. Match winner was Royal Challengers Bengaluru.
match,Pune Warriors vs Mumbai Indians,IPL match on 2013-05-11: Pune Warriors played against Mumbai Indians at Subrata Roy Sahara Stadium. Toss winner was Pune Warriors who chose to bat. Match winner was Mumbai Indians.
match,Punjab Kings vs Sunrisers Hyderabad,"IPL match on 2013-05-11: Punjab Kings played against Sunrisers Hyderabad at Punjab Cricket Association Stadium, Mohali. Toss winner was Punjab Kings who chose to field. Match winner was Sunrisers Hyderabad."
match,Kolkata Knight Riders vs Royal Challengers Bengaluru,IPL match on 2013-05-12: Kolkata Knight Riders played against Royal Challengers Bengaluru at JSCA International Stadium Complex. Toss winner was Kolkata Knight Riders who chose to field. Match winner was Kolkata Knight Riders.
match,Rajasthan Royals vs Chennai Super Kings,IPL match on 2013-05-12: Rajasthan Royals played against Chennai Super Kings at Sawai Mansingh Stadium. Toss winner was Rajasthan Royals who chose to field. Match winner was Rajasthan Royals.
match,Mumbai Indians vs Sunrisers Hyderabad,IPL match on 2013-05-13: Mumbai Indians played against Sunrisers Hyderabad at Wankhede Stadium. Toss winner was Sunrisers Hyderabad who chose to bat. Match winner was Mumbai Indians.
match,Royal Challengers Bengaluru vs Punjab Kings,IPL match on 2013-05-14: Royal Challengers Bengaluru played against Punjab Kings at M Chinnaswamy Stadium. Toss winner was Punjab Kings who chose to field. Match winner was Punjab Kings.
match,Chennai Super Kings vs Delhi Capitals,"IPL match on 2013-05-14: Chennai Super Kings played against Delhi Capitals at MA Chidambaram Stadium, Chepauk. Toss winner was Chennai Super Kings who chose to bat. Match winner was Chennai Super Kings."
match,Mumbai Indians vs Rajasthan Royals,IPL match on 2013-05-15: Mumbai Indians played against Rajasthan Royals at Wankhede Stadium. Toss winner was Rajasthan Royals who chose to field. Match winner was Mumbai Indians.
match,Kolkata Knight Riders vs Pune Warriors,IPL match on 2013-05-15: Kolkata Knight Riders played against Pune Warriors at JSCA International Stadium Complex. Toss winner was Kolkata Knight Riders who chose to field. Match winner was Pune Warriors.
match,Punjab Kings vs Delhi Capitals,IPL match on 2013-05-16: Punjab Kings played against Delhi Capitals at Himachal Pradesh Cricket Association Stadium. Toss winner was Delhi Capitals who chose to field. Match winner was Punjab Kings.
match,Sunrisers Hyderabad vs Rajasthan Royals,"IPL match on 2013-05-17: Sunrisers Hyderabad played against Rajasthan Royals at Rajiv Gandhi International Stadium, Uppal. Toss winner was Sunrisers Hyderabad who chose to bat. Match winner was Sunrisers Hyderabad."
match,Punjab Kings vs Mumbai Indians,IPL match on 2013-05-18: Punjab Kings played against Mumbai Indians at Himachal Pradesh Cricket Association Stadium. Toss winner was Mumbai Indians who chose to field. Match winner was Punjab Kings.
match,Royal Challengers Bengaluru vs Chennai Super Kings,IPL match on 2013-05-18: Royal Challengers Bengaluru played against Chennai Super Kings at M Chinnaswamy Stadium. Toss winner was Chennai Super Kings who chose to field. Match winner was Royal Challengers Bengaluru.
match,Pune Warriors vs Delhi Capitals,IPL match on 2013-05-19: Pune Warriors played against Delhi Capitals at Subrata Roy Sahara Stadium. Toss winner was Pune Warriors who chose to bat. Match winner was Pune Warriors.
match,Sunrisers Hyderabad vs Kolkata Knight Riders,"IPL match on 2013-05-19: Sunrisers Hyderabad played against Kolkata Knight Riders at Rajiv Gandhi International Stadium, Uppal. Toss winner was Kolkata Knight Riders who chose to bat. Match winner was Sunrisers Hyderabad."
match,Chennai Super Kings vs Mumbai Indians,IPL match on 2013-05-21: Chennai Super Kings played against Mumbai Indians at Feroz Shah Kotla. Toss winner was Chennai Super Kings who chose to bat. Match winner was Chennai Super Kings.
match,Rajasthan Royals vs Sunrisers Hyderabad,IPL match on 2013-05-22: Rajasthan Royals played against Sunrisers Hyderabad at Feroz Shah Kotla. Toss winner was Sunrisers Hyderabad who chose to bat. Match winner was Rajasthan Royals.
match,Mumbai Indians vs Rajasthan Royals,IPL match on 2013-05-24: Mumbai Indians played against Rajasthan Royals at Eden Gardens. Toss winner was Rajasthan Royals who chose to bat. Match winner was Mumbai Indians.
match,Chennai Super Kings vs Mumbai Indians,IPL match on 2013-05-26: Chennai Super Kings played against Mumbai Indians at Eden Gardens. Toss winner was Mumbai Indians who chose to bat. Match winner was Mumbai Indians.
match,Mumbai Indians vs Kolkata Knight Riders,IPL match on 2014-04-16: Mumbai Indians played against Kolkata Knight Riders at Sheikh Zayed Stadium. Toss winner was Kolkata Knight Riders who chose to bat. Match winner was Kolkata Knight Riders.
match,Delhi Capitals vs Royal Challengers Bengaluru,IPL match on 2014-04-17: Delhi Capitals played against Royal Challengers Bengaluru at Sharjah Cricket Stadium. Toss winner was Royal Challengers Bengaluru who chose to field. Match winner was Royal Challengers Bengaluru.
match,Sunrisers Hyderabad vs Rajasthan Royals,IPL match on 2014-04-18: Sunrisers Hyderabad played against Rajasthan Royals at Sheikh Zayed Stadium. Toss winner was Rajasthan Royals who chose to field. Match winner was Rajasthan Royals.
match,Chennai Super Kings vs Punjab Kings,IPL match on 2014-04-18: Chennai Super Kings played against Punjab Kings at Sheikh Zayed Stadium. Toss winner was Chennai Super Kings who chose to bat. Match winner was Punjab Kings.
match,Royal Challengers Bengaluru vs Mumbai Indians,IPL match on 2014-04-19: Royal Challengers Bengaluru played against Mumbai Indians at Dubai International Cricket Stadium. Toss winner was Royal Challengers Bengaluru who chose to field. Match winner was Royal Challengers Bengaluru.
match,Kolkata Knight Riders vs Delhi Capitals,IPL match on 2014-04-19: Kolkata Knight Riders played against Delhi Capitals at Dubai International Cricket Stadium. Toss winner was Kolkata Knight Riders who chose to bat. Match winner was Delhi Capitals.
match,Rajasthan Royals vs Punjab Kings,IPL match on 2014-04-20: Rajasthan Royals played against Punjab Kings at Sharjah Cricket Stadium. Toss winner was Punjab Kings who chose to field. Match winner was Punjab Kings.
match,Chennai Super Kings vs Delhi Capitals,IPL match on 2014-04-21: Chennai Super Kings played against Delhi Capitals at Sheikh Zayed Stadium. Toss winner was Chennai Super Kings who chose to bat. Match winner was Chennai Super Kings.
match,Punjab Kings vs Sunrisers Hyderabad,IPL match on 2014-04-22: Punjab Kings played against Sunrisers Hyderabad at Sharjah Cricket Stadium. Toss winner was Sunrisers Hyderabad who chose to field. Match winner was Punjab Kings.
match,Rajasthan Royals vs Chennai Super Kings,IPL match on 2014-04-23: Rajasthan Royals played against Chennai Super Kings at Dubai International Cricket Stadium. Toss winner was Rajasthan Royals who chose to field. Match winner was Chennai Super Kings.
match,Royal Challengers Bengaluru vs Kolkata Knight Riders,IPL match on 2014-04-24: Royal Challengers Bengaluru played against Kolkata Knight Riders at Sharjah Cricket Stadium. Toss winner was Royal Challengers Bengaluru who chose to field. Match winner was Kolkata Knight Riders.
match,Sunrisers Hyderabad vs Delhi Capitals,IPL match on 2014-04-25: Sunrisers Hyderabad played against Delhi Capitals at Dubai International Cricket Stadium. Toss winner was Sunrisers Hyderabad who chose to bat. Match winner was Sunrisers Hyderabad.
match,Chennai Super Kings vs Mumbai Indians,IPL match on 2014-04-25: Chennai Super Kings played against Mumbai Indians at Dubai International Cricket Stadium. Toss winner was Mumbai Indians who chose to bat. Match winner was Chennai Super Kings.
match,Rajasthan Royals vs Royal Challengers Bengaluru,IPL match on 2014-04-26: Rajasthan Royals played against Royal Challengers Bengaluru at Sheikh Zayed Stadium. Toss winner was Rajasthan Royals who chose to field. Match winner was Rajasthan Royals.
match,Kolkata Knight Riders vs Punjab Kings,IPL match on 2014-04-26: Kolkata Knight Riders played against Punjab Kings at Sheikh Zayed Stadium. Toss winner was Kolkata Knight Riders who chose to field. Match winner was Punjab Kings.
match,Delhi Capitals vs Mumbai Indians,IPL match on 2014-04-27: Delhi Capitals played against Mumbai Indians at Sharjah Cricket Stadium. Toss winner was Mumbai Indians who chose to bat. Match winner was Delhi Capitals.
match,Sunrisers Hyderabad vs Chennai Super Kings,IPL match on 2014-04-27: Sunrisers Hyderabad played against Chennai Super Kings at Sharjah Cricket Stadium. Toss winner was Sunrisers Hyderabad who chose to bat. Match winner was Chennai Super Kings.
match,Punjab Kings vs Royal Challengers Bengaluru,IPL match on 2014-04-28: Punjab Kings played against Royal Challengers Bengaluru at Dubai International Cricket Stadium. Toss winner was Punjab Kings who chose to field. Match winner was Punjab Kings.
match,Kolkata Knight Riders vs Rajasthan Royals,IPL match on 2014-04-29: Kolkata Knight Riders played against Rajasthan Royals at Sheikh Zayed Stadium. Toss winner was Rajasthan Royals who chose to bat. Match winner was No Result.
match,Mumbai Indians vs Sunrisers Hyderabad,IPL match on 2014-04-30: Mumbai Indians played against Sunrisers Hyderabad at Dubai International Cricket Stadium. Toss winner was Mumbai Indians who chose to field. Match winner was Sunrisers Hyderabad.
match,Chennai Super Kings vs Kolkata Knight Riders,IPL match on 2014-05-02: Chennai Super Kings played against Kolkata Knight Riders at JSCA International Stadium Complex. Toss winner was Chennai Super Kings who chose to bat. Match winner was Chennai Super Kings.
match,Delhi Capitals vs Rajasthan Royals,IPL match on 2014-05-03: Delhi Capitals played against Rajasthan Royals at Feroz Shah Kotla. Toss winner was Rajasthan Royals who chose to field. Match winner was Rajasthan Royals.
match,Mumbai Indians vs Punjab Kings,IPL match on 2014-05-03: Mumbai Indians played against Punjab Kings at Wankhede Stadium. Toss winner was Punjab Kings who chose to bat. Match winner was Mumbai Indians.
match,Royal Challengers Bengaluru vs Sunrisers Hyderabad,IPL match on 2014-05-04: Royal Challengers Bengaluru played against Sunrisers Hyderabad at M Chinnaswamy Stadium. Toss winner was Royal Challengers Bengaluru who chose to field. Match winner was Royal Challengers Bengaluru.
match,Rajasthan Royals vs Kolkata Knight Riders,"IPL match on 2014-05-05: Rajasthan Royals played against Kolkata Knight Riders at Sardar Patel Stadium, Motera. Toss winner was Kolkata Knight Riders who chose to field. Match winner was Rajasthan Royals."
match,Delhi Capitals vs Chennai Super Kings,IPL match on 2014-05-05: Delhi Capitals played against Chennai Super Kings at Feroz Shah Kotla. Toss winner was Chennai Super Kings who chose to field. Match winner was Chennai Super Kings.
match,Mumbai Indians vs Royal Challengers Bengaluru,IPL match on 2014-05-06: Mumbai Indians played against Royal Challengers Bengaluru at Wankhede Stadium. Toss winner was Royal Challengers Bengaluru who chose to field. Match winner was Mumbai Indians.
match,Delhi Capitals vs Kolkata Knight Riders,IPL match on 2014-05-07: Delhi Capitals played against Kolkata Knight Riders at Feroz Shah Kotla. Toss winner was Delhi Capitals who chose to bat. Match winner was Kolkata Knight Riders.
match,Punjab Kings vs Chennai Super Kings,IPL match on 2014-05-07: Punjab Kings played against Chennai Super Kings at Barabati Stadium. Toss winner was Chennai Super Kings who chose to field. Match winner was Punjab Kings.
match,Rajasthan Royals vs Sunrisers Hyderabad,"IPL match on 2014-05-08: Rajasthan Royals played against Sunrisers Hyderabad at Sardar Patel Stadium, Motera. Toss winner was Rajasthan Royals who chose to field. Match winner was Sunrisers Hyderabad."
match,Royal Challengers Bengaluru vs Punjab Kings,IPL match on 2014-05-09: Royal Challengers Bengaluru played against Punjab Kings at M Chinnaswamy Stadium. Toss winner was Royal Challengers Bengaluru who chose to field. Match winner was Punjab Kings.
match,Delhi Capitals vs Sunrisers Hyderabad,IPL match on 2014-05-10: Delhi Capitals played against Sunrisers Hyderabad at Feroz Shah Kotla. Toss winner was Sunrisers Hyderabad who chose to field. Match winner was Sunrisers Hyderabad.
match,Mumbai Indians vs Chennai Super Kings,IPL match on 2014-05-10: Mumbai Indians played against Chennai Super Kings at Wankhede Stadium. Toss winner was Chennai Super Kings who chose to field. Match winner was Chennai Super Kings.
match,Royal Challengers Bengaluru vs Rajasthan Royals,IPL match on 2014-05-11: Royal Challengers Bengaluru played against Rajasthan Royals at M Chinnaswamy Stadium. Toss winner was Royal Challengers Bengaluru who chose to bat. Match winner was Rajasthan Royals.
match,Punjab Kings vs Kolkata Knight Riders,IPL match on 2014-05-11: Punjab Kings played against Kolkata Knight Riders at Barabati Stadium. Toss winner was Kolkata Knight Riders who chose to field. Match winner was Kolkata Knight Riders.
match,Sunrisers Hyderabad vs Mumbai Indians,"IPL match on 2014-05-12: Sunrisers Hyderabad played against Mumbai Indians at Rajiv Gandhi International Stadium, Uppal. Toss winner was Sunrisers Hyderabad who chose to bat. Match winner was Mumbai Indians."
match,Chennai Super Kings vs Rajasthan Royals,IPL match on 2014-05-13: Chennai Super Kings played against Rajasthan Royals at JSCA International Stadium Complex. Toss winner was Rajasthan Royals who chose to bat. Match winner was Chennai Super Kings.
match,Royal Challengers Bengaluru vs Delhi Capitals,IPL match on 2014-05-13: Royal Challengers Bengaluru played against Delhi Capitals at M Chinnaswamy Stadium. Toss winner was Delhi Capitals who chose to field. Match winner was Royal Challengers Bengaluru.
match,Sunrisers Hyderabad vs Punjab Kings,"IPL match on 2014-05-14: Sunrisers Hyderabad played against Punjab Kings at Rajiv Gandhi International Stadium, Uppal. Toss winner was Punjab Kings who chose to field. Match winner was Punjab Kings."
match,Kolkata Knight Riders vs Mumbai Indians,IPL match on 2014-05-14: Kolkata Knight Riders played against Mumbai Indians at Barabati Stadium. Toss winner was Kolkata Knight Riders who chose to field. Match winner was Kolkata Knight Riders.
match,Rajasthan Royals vs Delhi Capitals,"IPL match on 2014-05-15: Rajasthan Royals played against Delhi Capitals at Sardar Patel Stadium, Motera. Toss winner was Delhi Capitals who chose to field. Match winner was Rajasthan Royals."
match,Chennai Super Kings vs Royal Challengers Bengaluru,IPL match on 2014-05-18: Chennai Super Kings played against Royal Challengers Bengaluru at JSCA International Stadium Complex. Toss winner was Chennai Super Kings who chose to bat. Match winner was Royal Challengers Bengaluru.
match,Sunrisers Hyderabad vs Kolkata Knight Riders,"IPL match on 2014-05-18: Sunrisers Hyderabad played against Kolkata Knight Riders at Rajiv Gandhi International Stadium, Uppal. Toss winner was Sunrisers Hyderabad who chose to bat. Match winner was Kolkata Knight Riders."
match,Rajasthan Royals vs Mumbai Indians,"IPL match on 2014-05-19: Rajasthan Royals played against Mumbai Indians at Sardar Patel Stadium, Motera. Toss winner was Mumbai Indians who chose to bat. Match winner was Mumbai Indians."
match,Delhi Capitals vs Punjab Kings,IPL match on 2014-05-19: Delhi Capitals played against Punjab Kings at Feroz Shah Kotla. Toss winner was Punjab Kings who chose to field. Match winner was Punjab Kings.
match,Sunrisers Hyderabad vs Royal Challengers Bengaluru,"IPL match on 2014-05-20: Sunrisers Hyderabad played against Royal Challengers Bengaluru at Rajiv Gandhi International Stadium, Uppal. Toss winner was Royal Challengers Bengaluru who chose to bat. Match winner was Sunrisers Hyderabad."
match,Kolkata Knight Riders vs Chennai Super Kings,IPL match on 2014-05-20: Kolkata Knight Riders played against Chennai Super Kings at Eden Gardens. Toss winner was Kolkata Knight Riders who chose to field. Match winner was Kolkata Knight Riders.
match,Punjab Kings vs Mumbai Indians,"IPL match on 2014-05-21: Punjab Kings played against Mumbai Indians at Punjab Cricket Association Stadium, Mohali. Toss winner was Mumbai Indians who chose to field. Match winner was Mumbai Indians."
match,Chennai Super Kings vs Sunrisers Hyderabad,IPL match on 2014-05-22: Chennai Super Kings played against Sunrisers Hyderabad at JSCA International Stadium Complex. Toss winner was Sunrisers Hyderabad who chose to field. Match winner was Sunrisers Hyderabad.
match,Kolkata Knight Riders vs Royal Challengers Bengaluru,IPL match on 2014-05-22: Kolkata Knight Riders played against Royal Challengers Bengaluru at Eden Gardens. Toss winner was Royal Challengers Bengaluru who chose to field. Match winner was Kolkata Knight Riders.
match,Mumbai Indians vs Delhi Capitals,IPL match on 2014-05-23: Mumbai Indians played against Delhi Capitals at Wankhede Stadium. Toss winner was Delhi Capitals who chose to field. Match winner was Mumbai Indians.
match,Punjab Kings vs Rajasthan Royals,"IPL match on 2014-05-23: Punjab Kings played against Rajasthan Royals at Punjab Cricket Association Stadium, Mohali. Toss winner was Rajasthan Royals who chose to field. Match winner was Punjab Kings."
match,Royal Challengers Bengaluru vs Chennai Super Kings,IPL match on 2014-05-24: Royal Challengers Bengaluru played against Chennai Super Kings at M Chinnaswamy Stadium. Toss winner was Chennai Super Kings who chose to field. Match winner was Chennai Super Kings.
match,Kolkata Knight Riders vs Sunrisers Hyderabad,IPL match on 2014-05-24: Kolkata Knight Riders played against Sunrisers Hyderabad at Eden Gardens. Toss winner was Kolkata Knight Riders who chose to field. Match winner was Kolkata Knight Riders.
match,Punjab Kings vs Delhi Capitals,"IPL match on 2014-05-25: Punjab Kings played against Delhi Capitals at Punjab Cricket Association Stadium, Mohali. Toss winner was Punjab Kings who chose to field. Match winner was Punjab Kings."
match,Mumbai Indians vs Rajasthan Royals,IPL match on 2014-05-25: Mumbai Indians played against Rajasthan Royals at Wankhede Stadium. Toss winner was Mumbai Indians who chose to field. Match winner was Mumbai Indians.
match,Punjab Kings vs Kolkata Knight Riders,IPL match on 2014-05-27: Punjab Kings played against Kolkata Knight Riders at Eden Gardens. Toss winner was Punjab Kings who chose to field. Match winner was Kolkata Knight Riders.
match,Chennai Super Kings vs Mumbai Indians,IPL match on 2014-05-28: Chennai Super Kings played against Mumbai Indians at Brabourne Stadium. Toss winner was Chennai Super Kings who chose to field. Match winner was Chennai Super Kings.
match,Chennai Super Kings vs Punjab Kings,IPL match on 2014-05-30: Chennai Super Kings played against Punjab Kings at Wankhede Stadium. Toss winner was Chennai Super Kings who chose to field. Match winner was Punjab Kings.
match,Kolkata Knight Riders vs Punjab Kings,IPL match on 2014-06-01: Kolkata Knight Riders played against Punjab Kings at M Chinnaswamy Stadium. Toss winner was Kolkata Knight Riders who chose to field. Match winner was Kolkata Knight Riders.
match,Kolkata Knight Riders vs Mumbai Indians,IPL match on 2015-04-08: Kolkata Knight Riders played against Mumbai Indians at Eden Gardens. Toss winner was Kolkata Knight Riders who chose to field. Match winner was Kolkata Knight Riders.
match,Chennai Super Kings vs Delhi Capitals,"IPL match on 2015-04-09: Chennai Super Kings played against Delhi Capitals at MA Chidambaram Stadium, Chepauk. Toss winner was Delhi Capitals who chose to field. Match winner was Chennai Super Kings."
match,Punjab Kings vs Rajasthan Royals,IPL match on 2015-04-10: Punjab Kings played against Rajasthan Royals at Maharashtra Cricket Association Stadium. Toss winner was Punjab Kings who chose to field. Match winner was Rajasthan Royals.
match,Chennai Super Kings vs Sunrisers Hyderabad,"IPL match on 2015-04-11: Chennai Super Kings played against Sunrisers Hyderabad at MA Chidambaram Stadium, Chepauk. Toss winner was Chennai Super Kings who chose to bat. Match winner was Chennai Super Kings."
match,Kolkata Knight Riders vs Royal Challengers Bengaluru,IPL match on 2015-04-11: Kolkata Knight Riders played against Royal Challengers Bengaluru at Eden Gardens. Toss winner was Royal Challengers Bengaluru who chose to field. Match winner was Royal Challengers Bengaluru.
match,Delhi Capitals vs Rajasthan Royals,IPL match on 2015-04-12: Delhi Capitals played against Rajasthan Royals at Feroz Shah Kotla. Toss winner was Rajasthan Royals who chose to field. Match winner was Rajasthan Royals.
match,Mumbai Indians vs Punjab Kings,IPL match on 2015-04-12: Mumbai Indians played against Punjab Kings at Wankhede Stadium. Toss winner was Mumbai Indians who chose to field. Match winner was Punjab Kings.
match,Royal Challengers Bengaluru vs Sunrisers Hyderabad,IPL match on 2015-04-13: Royal Challengers Bengaluru played against Sunrisers Hyderabad at M Chinnaswamy Stadium. Toss winner was Sunrisers Hyderabad who chose to field. Match winner was Sunrisers Hyderabad.
match,Rajasthan Royals vs Mumbai Indians,"IPL match on 2015-04-14: Rajasthan Royals played against Mumbai Indians at Sardar Patel Stadium, Motera. Toss winner was Mumbai Indians who chose to bat. Match winner was Rajasthan Royals."
match,Punjab Kings vs Delhi Capitals,IPL match on 2015-04-15: Punjab Kings played against Delhi Capitals at Maharashtra Cricket Association Stadium. Toss winner was Punjab Kings who chose to bat. Match winner was Delhi Capitals.
match,Sunrisers Hyderabad vs Rajasthan Royals,IPL match on 2015-04-16: Sunrisers Hyderabad played against Rajasthan Royals at Dr. Y.S. Rajasekhara Reddy ACA-VDCA Cricket Stadium. Toss winner was Rajasthan Royals who chose to field. Match winner was Rajasthan Royals.
match,Mumbai Indians vs Chennai Super Kings,IPL match on 2015-04-17: Mumbai Indians played against Chennai Super Kings at Wankhede Stadium. Toss winner was Mumbai Indians who chose to bat. Match winner was Chennai Super Kings.
match,Sunrisers Hyderabad vs Delhi Capitals,IPL match on 2015-04-18: Sunrisers Hyderabad played against Delhi Capitals at Dr. Y.S. Rajasekhara Reddy ACA-VDCA Cricket Stadium. Toss winner was Delhi Capitals who chose to bat. Match winner was Delhi Capitals.
match,Punjab Kings vs Kolkata Knight Riders,IPL match on 2015-04-18: Punjab Kings played against Kolkata Knight Riders at Maharashtra Cricket Association Stadium. Toss winner was Kolkata Knight Riders who chose to field. Match winner was Kolkata Knight Riders.
match,Rajasthan Royals vs Chennai Super Kings,"IPL match on 2015-04-19: Rajasthan Royals played against Chennai Super Kings at Sardar Patel Stadium, Motera. Toss winner was Chennai Super Kings who chose to bat. Match winner was Rajasthan Royals."
match,Royal Challengers Bengaluru vs Mumbai Indians,IPL match on 2015-04-19: Royal Challengers Bengaluru played against Mumbai Indians at M Chinnaswamy Stadium. Toss winner was Royal Challengers Bengaluru who chose to field. Match winner was Mumbai Indians.
match,Delhi Capitals vs Kolkata Knight Riders,IPL match on 2015-04-20: Delhi Capitals played against Kolkata Knight Riders at Feroz Shah Kotla. Toss winner was Kolkata Knight Riders who chose to field. Match winner was Kolkata Knight Riders.
match,Rajasthan Royals vs Punjab Kings,"IPL match on 2015-04-21: Rajasthan Royals played against Punjab Kings at Sardar Patel Stadium, Motera. Toss winner was Punjab Kings who chose to field. Match winner was No Result."
match,Sunrisers Hyderabad vs Kolkata Knight Riders,IPL match on 2015-04-22: Sunrisers Hyderabad played against Kolkata Knight Riders at Dr. Y.S. Rajasekhara Reddy ACA-VDCA Cricket Stadium. Toss winner was Kolkata Knight Riders who chose to field. Match winner was Sunrisers Hyderabad.
match,Royal Challengers Bengaluru vs Chennai Super Kings,IPL match on 2015-04-22: Royal Challengers Bengaluru played against Chennai Super Kings at M Chinnaswamy Stadium. Toss winner was Royal Challengers Bengaluru who chose to field. Match winner was Chennai Super Kings.
match,Delhi Capitals vs Mumbai Indians,IPL match on 2015-04-23: Delhi Capitals played against Mumbai Indians at Feroz Shah Kotla. Toss winner was Mumbai Indians who chose to field. Match winner was Delhi Capitals.
match,Rajasthan Royals vs Royal Challengers Bengaluru,"IPL match on 2015-04-24: Rajasthan Royals played against Royal Challengers Bengaluru at Sardar Patel Stadium, Motera. Toss winner was Royal Challengers Bengaluru who chose to field. Match winner was Royal Challengers Bengaluru."
match,Mumbai Indians vs Sunrisers Hyderabad,IPL match on 2015-04-25: Mumbai Indians played against Sunrisers Hyderabad at Wankhede Stadium. Toss winner was Mumbai Indians who chose to bat. Match winner was Mumbai Indians.
match,Chennai Super Kings vs Punjab Kings,"IPL match on 2015-04-25: Chennai Super Kings played against Punjab Kings at MA Chidambaram Stadium, Chepauk. Toss winner was Chennai Super Kings who chose to bat. Match winner was Chennai Super Kings."
match,Delhi Capitals vs Royal Challengers Bengaluru,IPL match on 2015-04-26: Delhi Capitals played against Royal Challengers Bengaluru at Feroz Shah Kotla. Toss winner was Royal Challengers Bengaluru who chose to field. Match winner was Royal Challengers Bengaluru.
match,Punjab Kings vs Sunrisers Hyderabad,"IPL match on 2015-04-27: Punjab Kings played against Sunrisers Hyderabad at Punjab Cricket Association Stadium, Mohali. Toss winner was Punjab Kings who chose to field. Match winner was Sunrisers Hyderabad."
match,Chennai Super Kings vs Kolkata Knight Riders,"IPL match on 2015-04-28: Chennai Super Kings played against Kolkata Knight Riders at MA Chidambaram Stadium, Chepauk. Toss winner was Kolkata Knight Riders who chose to field. Match winner was Chennai Super Kings."
match,Royal Challengers Bengaluru vs Rajasthan Royals,IPL match on 2015-04-29: Royal Challengers Bengaluru played against Rajasthan Royals at M Chinnaswamy Stadium. Toss winner was Rajasthan Royals who chose to field. Match winner was No Result.
match,Kolkata Knight Riders vs Chennai Super Kings,IPL match on 2015-04-30: Kolkata Knight Riders played against Chennai Super Kings at Eden Gardens. Toss winner was Kolkata Knight Riders who chose to field. Match winner was Kolkata Knight Riders.
match,Mumbai Indians vs Rajasthan Royals,IPL match on 2015-05-01: Mumbai Indians played against Rajasthan Royals at Wankhede Stadium. Toss winner was Rajasthan Royals who chose to field. Match winner was Mumbai Indians.
match,Delhi Capitals vs Punjab Kings,IPL match on 2015-05-01: Delhi Capitals played against Punjab Kings at Feroz Shah Kotla. Toss winner was Delhi Capitals who chose to field. Match winner was Delhi Capitals.
match,Royal Challengers Bengaluru vs Kolkata Knight Riders,IPL match on 2015-05-02: Royal Challengers Bengaluru played against Kolkata Knight Riders at M Chinnaswamy Stadium. Toss winner was Royal Challengers Bengaluru who chose to field. Match winner was Royal Challengers Bengaluru.
match,Sunrisers Hyderabad vs Chennai Super Kings,"IPL match on 2015-05-02: Sunrisers Hyderabad played against Chennai Super Kings at Rajiv Gandhi International Stadium, Uppal. Toss winner was Chennai Super Kings who chose to field. Match winner was Sunrisers Hyderabad."
match,Punjab Kings vs Mumbai Indians,"IPL match on 2015-05-03: Punjab Kings played against Mumbai Indians at Punjab Cricket Association Stadium, Mohali. Toss winner was Mumbai Indians who chose to bat. Match winner was Mumbai Indians."
match,Rajasthan Royals vs Delhi Capitals,IPL match on 2015-05-03: Rajasthan Royals played against Delhi Capitals at Brabourne Stadium. Toss winner was Delhi Capitals who chose to field. Match winner was Rajasthan Royals.
match,Chennai Super Kings vs Royal Challengers Bengaluru,"IPL match on 2015-05-04: Chennai Super Kings played against Royal Challengers Bengaluru at MA Chidambaram Stadium, Chepauk. Toss winner was Chennai Super Kings who chose to bat. Match winner was Chennai Super Kings."
match,Kolkata Knight Riders vs Sunrisers Hyderabad,IPL match on 2015-05-04: Kolkata Knight Riders played against Sunrisers Hyderabad at Eden Gardens. Toss winner was Sunrisers Hyderabad who chose to field. Match winner was Kolkata Knight Riders.
match,Mumbai Indians vs Delhi Capitals,IPL match on 2015-05-05: Mumbai Indians played against Delhi Capitals at Wankhede Stadium. Toss winner was Delhi Capitals who chose to bat. Match winner was Mumbai Indians.
match,Royal Challengers Bengaluru vs Punjab Kings,IPL match on 2015-05-06: Royal Challengers Bengaluru played against Punjab Kings at M Chinnaswamy Stadium. Toss winner was Punjab Kings who chose to field. Match winner was Royal Challengers Bengaluru.
match,Rajasthan Royals vs Sunrisers Hyderabad,IPL match on 2015-05-07: Rajasthan Royals played against Sunrisers Hyderabad at Brabourne Stadium. Toss winner was Rajasthan Royals who chose to field. Match winner was Sunrisers Hyderabad.
match,Kolkata Knight Riders vs Delhi Capitals,IPL match on 2015-05-07: Kolkata Knight Riders played against Delhi Capitals at Eden Gardens. Toss winner was Kolkata Knight Riders who chose to bat. Match winner was Kolkata Knight Riders.
match,Chennai Super Kings vs Mumbai Indians,"IPL match on 2015-05-08: Chennai Super Kings played against Mumbai Indians at MA Chidambaram Stadium, Chepauk. Toss winner was Chennai Super Kings who chose to bat. Match winner was Mumbai Indians."
match,Kolkata Knight Riders vs Punjab Kings,IPL match on 2015-05-09: Kolkata Knight Riders played against Punjab Kings at Eden Gardens. Toss winner was Punjab Kings who chose to bat. Match winner was Kolkata Knight Riders.
match,Delhi Capitals vs Sunrisers Hyderabad,IPL match on 2015-05-09: Delhi Capitals played against Sunrisers Hyderabad at Shaheed Veer Narayan Singh International Stadium. Toss winner was Sunrisers Hyderabad who chose to bat. Match winner was Sunrisers Hyderabad.
match,Mumbai Indians vs Royal Challengers Bengaluru,IPL match on 2015-05-10: Mumbai Indians played against Royal Challengers Bengaluru at Wankhede Stadium. Toss winner was Royal Challengers Bengaluru who chose to bat. Match winner was Royal Challengers Bengaluru.
match,Chennai Super Kings vs Rajasthan Royals,"IPL match on 2015-05-10: Chennai Super Kings played against Rajasthan Royals at MA Chidambaram Stadium, Chepauk. Toss winner was Chennai Super Kings who chose to bat. Match winner was Chennai Super Kings."
match,Sunrisers Hyderabad vs Punjab Kings,"IPL match on 2015-05-11: Sunrisers Hyderabad played against Punjab Kings at Rajiv Gandhi International Stadium, Uppal. Toss winner was Sunrisers Hyderabad who chose to bat. Match winner was Sunrisers Hyderabad."
match,Delhi Capitals vs Chennai Super Kings,IPL match on 2015-05-12: Delhi Capitals played against Chennai Super Kings at Shaheed Veer Narayan Singh International Stadium. Toss winner was Chennai Super Kings who chose to bat. Match winner was Delhi Capitals.
match,Punjab Kings vs Royal Challengers Bengaluru,"IPL match on 2015-05-13: Punjab Kings played against Royal Challengers Bengaluru at Punjab Cricket Association Stadium, Mohali. Toss winner was Royal Challengers Bengaluru who chose to field. Match winner was Punjab Kings."
match,Mumbai Indians vs Kolkata Knight Riders,IPL match on 2015-05-14: Mumbai Indians played against Kolkata Knight Riders at Wankhede Stadium. Toss winner was Kolkata Knight Riders who chose to field. Match winner was Mumbai Indians.
match,Sunrisers Hyderabad vs Royal Challengers Bengaluru,"IPL match on 2015-05-15: Sunrisers Hyderabad played against Royal Challengers Bengaluru at Rajiv Gandhi International Stadium, Uppal. Toss winner was Sunrisers Hyderabad who chose to bat. Match winner was Royal Challengers Bengaluru."
match,Rajasthan Royals vs Kolkata Knight Riders,IPL match on 2015-05-16: Rajasthan Royals played against Kolkata Knight Riders at Brabourne Stadium. Toss winner was Rajasthan Royals who chose to bat. Match winner was Rajasthan Royals.
match,Punjab Kings vs Chennai Super Kings,"IPL match on 2015-05-16: Punjab Kings played against Chennai Super Kings at Punjab Cricket Association Stadium, Mohali. Toss winner was Punjab Kings who chose to bat. Match winner was Chennai Super Kings."
match,Royal Challengers Bengaluru vs Delhi Capitals,IPL match on 2015-05-17: Royal Challengers Bengaluru played against Delhi Capitals at M Chinnaswamy Stadium. Toss winner was Royal Challengers Bengaluru who chose to field. Match winner was No Result.
match,Sunrisers Hyderabad vs Mumbai Indians,"IPL match on 2015-05-17: Sunrisers Hyderabad played against Mumbai Indians at Rajiv Gandhi International Stadium, Uppal. Toss winner was Sunrisers Hyderabad who chose to bat. Match winner was Mumbai Indians."
match,Chennai Super Kings vs Mumbai Indians,IPL match on 2015-05-19: Chennai Super Kings played against Mumbai Indians at Wankhede Stadium. Toss winner was Mumbai Indians who chose to bat. Match winner was Mumbai Indians.
match,Royal Challengers Bengaluru vs Rajasthan Royals,IPL match on 2015-05-20: Royal Challengers Bengaluru played against Rajasthan Royals at Maharashtra Cricket Association Stadium. Toss winner was Royal Challengers Bengaluru who chose to bat. Match winner was Royal Challengers Bengaluru.
match,Chennai Super Kings vs Royal Challengers Bengaluru,IPL match on 2015-05-22: Chennai Super Kings played against Royal Challengers Bengaluru at JSCA International Stadium Complex. Toss winner was Chennai Super Kings who chose to field. Match winner was Chennai Super Kings.
match,Mumbai Indians vs Chennai Super Kings,IPL match on 2015-05-24: Mumbai Indians played against Chennai Super Kings at Eden Gardens. Toss winner was Chennai Super Kings who chose to field. Match winner was Mumbai Indians.
match,Mumbai Indians vs Rising Pune Supergiant,IPL match on 2016-04-09: Mumbai Indians played against Rising Pune Supergiant at Wankhede Stadium. Toss winner was Mumbai Indians who chose to bat. Match winner was Rising Pune Supergiant.
match,Kolkata Knight Riders vs Delhi Capitals,IPL match on 2016-04-10: Kolkata Knight Riders played against Delhi Capitals at Eden Gardens. Toss winner was Kolkata Knight Riders who chose to field. Match winner was Kolkata Knight Riders.
match,Punjab Kings vs Gujarat Lions,"IPL match on 2016-04-11: Punjab Kings played against Gujarat Lions at Punjab Cricket Association IS Bindra Stadium, Mohali. Toss winner was Gujarat Lions who chose to field. Match winner was Gujarat Lions."
match,Royal Challengers Bengaluru vs Sunrisers Hyderabad,IPL match on 2016-04-12: Royal Challengers Bengaluru played against Sunrisers Hyderabad at M Chinnaswamy Stadium. Toss winner was Sunrisers Hyderabad who chose to field. Match winner was Royal Challengers Bengaluru.
match,Kolkata Knight Riders vs Mumbai Indians,IPL match on 2016-04-13: Kolkata Knight Riders played against Mumbai Indians at Eden Gardens. Toss winner was Mumbai Indians who chose to field. Match winner was Mumbai Indians.
match,Gujarat Lions vs Rising Pune Supergiant,IPL match on 2016-04-14: Gujarat Lions played against Rising Pune Supergiant at Saurashtra Cricket Association Stadium. Toss winner was Rising Pune Supergiant who chose to bat. Match winner was Gujarat Lions.
match,Delhi Capitals vs Punjab Kings,IPL match on 2016-04-15: Delhi Capitals played against Punjab Kings at Feroz Shah Kotla. Toss winner was Delhi Capitals who chose to field. Match winner was Delhi Capitals.
match,Mumbai Indians vs Gujarat Lions,IPL match on 2016-04-16: Mumbai Indians played against Gujarat Lions at Wankhede Stadium. Toss winner was Gujarat Lions who chose to field. Match winner was Gujarat Lions.
match,Sunrisers Hyderabad vs Kolkata Knight Riders,"IPL match on 2016-04-16: Sunrisers Hyderabad played against Kolkata Knight Riders at Rajiv Gandhi International Stadium, Uppal. Toss winner was Sunrisers Hyderabad who chose to bat. Match winner was Kolkata Knight Riders."
match,Royal Challengers Bengaluru vs Delhi Capitals,IPL match on 2016-04-17: Royal Challengers Bengaluru played against Delhi Capitals at M Chinnaswamy Stadium. Toss winner was Delhi Capitals who chose to field. Match winner was Delhi Capitals.
match,Punjab Kings vs Rising Pune Supergiant,"IPL match on 2016-04-17: Punjab Kings played against Rising Pune Supergiant at Punjab Cricket Association IS Bindra Stadium, Mohali. Toss winner was Rising Pune Supergiant who chose to bat. Match winner was Punjab Kings."
match,Sunrisers Hyderabad vs Mumbai Indians,"IPL match on 2016-04-18: Sunrisers Hyderabad played against Mumbai Indians at Rajiv Gandhi International Stadium, Uppal. Toss winner was Sunrisers Hyderabad who chose to field. Match winner was Sunrisers Hyderabad."
match,Punjab Kings vs Kolkata Knight Riders,"IPL match on 2016-04-19: Punjab Kings played against Kolkata Knight Riders at Punjab Cricket Association IS Bindra Stadium, Mohali. Toss winner was Kolkata Knight Riders who chose to field. Match winner was Kolkata Knight Riders."
match,Mumbai Indians vs Royal Challengers Bengaluru,IPL match on 2016-04-20: Mumbai Indians played against Royal Challengers Bengaluru at Wankhede Stadium. Toss winner was Mumbai Indians who chose to field. Match winner was Mumbai Indians.
match,Gujarat Lions vs Sunrisers Hyderabad,IPL match on 2016-04-21: Gujarat Lions played against Sunrisers Hyderabad at Saurashtra Cricket Association Stadium. Toss winner was Sunrisers Hyderabad who chose to field. Match winner was Sunrisers Hyderabad.
match,Rising Pune Supergiant vs Royal Challengers Bengaluru,IPL match on 2016-04-22: Rising Pune Supergiant played against Royal Challengers Bengaluru at Maharashtra Cricket Association Stadium. Toss winner was Rising Pune Supergiant who chose to field. Match winner was Royal Challengers Bengaluru.
match,Sunrisers Hyderabad vs Punjab Kings,"IPL match on 2016-04-23: Sunrisers Hyderabad played against Punjab Kings at Rajiv Gandhi International Stadium, Uppal. Toss winner was Sunrisers Hyderabad who chose to field. Match winner was Sunrisers Hyderabad."
match,Delhi Capitals vs Mumbai Indians,IPL match on 2016-04-23: Delhi Capitals played against Mumbai Indians at Feroz Shah Kotla. Toss winner was Mumbai Indians who chose to field. Match winner was Delhi Capitals.
match,Gujarat Lions vs Royal Challengers Bengaluru,IPL match on 2016-04-24: Gujarat Lions played against Royal Challengers Bengaluru at Saurashtra Cricket Association Stadium. Toss winner was Royal Challengers Bengaluru who chose to bat. Match winner was Gujarat Lions.
match,Rising Pune Supergiant vs Kolkata Knight Riders,IPL match on 2016-04-24: Rising Pune Supergiant played against Kolkata Knight Riders at Maharashtra Cricket Association Stadium. Toss winner was Kolkata Knight Riders who chose to field. Match winner was Kolkata Knight Riders.
match,Punjab Kings vs Mumbai Indians,"IPL match on 2016-04-25: Punjab Kings played against Mumbai Indians at Punjab Cricket Association IS Bindra Stadium, Mohali. Toss winner was Punjab Kings who chose to field. Match winner was Mumbai Indians."
match,Sunrisers Hyderabad vs Rising Pune Supergiant,"IPL match on 2016-04-26: Sunrisers Hyderabad played against Rising Pune Supergiant at Rajiv Gandhi International Stadium, Uppal. Toss winner was Rising Pune Supergiant who chose to field. Match winner was Rising Pune Supergiant."
match,Delhi Capitals vs Gujarat Lions,IPL match on 2016-04-27: Delhi Capitals played against Gujarat Lions at Feroz Shah Kotla. Toss winner was Delhi Capitals who chose to field. Match winner was Gujarat Lions.
match,Mumbai Indians vs Kolkata Knight Riders,IPL match on 2016-04-28: Mumbai Indians played against Kolkata Knight Riders at Wankhede Stadium. Toss winner was Mumbai Indians who chose to field. Match winner was Mumbai Indians.
match,Rising Pune Supergiant vs Gujarat Lions,IPL match on 2016-04-29: Rising Pune Supergiant played against Gujarat Lions at Maharashtra Cricket Association Stadium. Toss winner was Gujarat Lions who chose to field. Match winner was Gujarat Lions.
match,Delhi Capitals vs Kolkata Knight Riders,IPL match on 2016-04-30: Delhi Capitals played against Kolkata Knight Riders at Feroz Shah Kotla. Toss winner was Kolkata Knight Riders who chose to field. Match winner was Delhi Capitals.
match,Sunrisers Hyderabad vs Royal Challengers Bengaluru,"IPL match on 2016-04-30: Sunrisers Hyderabad played against Royal Challengers Bengaluru at Rajiv Gandhi International Stadium, Uppal. Toss winner was Royal Challengers Bengaluru who chose to field. Match winner was Sunrisers Hyderabad."
match,Rising Pune Supergiant vs Mumbai Indians,IPL match on 2016-05-01: Rising Pune Supergiant played against Mumbai Indians at Maharashtra Cricket Association Stadium. Toss winner was Mumbai Indians who chose to field. Match winner was Mumbai Indians.
match,Gujarat Lions vs Punjab Kings,IPL match on 2016-05-01: Gujarat Lions played against Punjab Kings at Saurashtra Cricket Association Stadium. Toss winner was Gujarat Lions who chose to field. Match winner was Punjab Kings.
match,Royal Challengers Bengaluru vs Kolkata Knight Riders,IPL match on 2016-05-02: Royal Challengers Bengaluru played against Kolkata Knight Riders at M Chinnaswamy Stadium. Toss winner was Kolkata Knight Riders who chose to field. Match winner was Kolkata Knight Riders.
match,Gujarat Lions vs Delhi Capitals,IPL match on 2016-05-03: Gujarat Lions played against Delhi Capitals at Saurashtra Cricket Association Stadium. Toss winner was Delhi Capitals who chose to field. Match winner was Delhi Capitals.
match,Kolkata Knight Riders vs Punjab Kings,IPL match on 2016-05-04: Kolkata Knight Riders played against Punjab Kings at Eden Gardens. Toss winner was Punjab Kings who chose to field. Match winner was Kolkata Knight Riders.
match,Delhi Capitals vs Rising Pune Supergiant,IPL match on 2016-05-05: Delhi Capitals played against Rising Pune Supergiant at Feroz Shah Kotla. Toss winner was Rising Pune Supergiant who chose to field. Match winner was Rising Pune Supergiant.
match,Sunrisers Hyderabad vs Gujarat Lions,"IPL match on 2016-05-06: Sunrisers Hyderabad played against Gujarat Lions at Rajiv Gandhi International Stadium, Uppal. Toss winner was Sunrisers Hyderabad who chose to field. Match winner was Sunrisers Hyderabad."
match,Royal Challengers Bengaluru vs Rising Pune Supergiant,IPL match on 2016-05-07: Royal Challengers Bengaluru played against Rising Pune Supergiant at M Chinnaswamy Stadium. Toss winner was Royal Challengers Bengaluru who chose to field. Match winner was Royal Challengers Bengaluru.
match,Punjab Kings vs Delhi Capitals,"IPL match on 2016-05-07: Punjab Kings played against Delhi Capitals at Punjab Cricket Association IS Bindra Stadium, Mohali. Toss winner was Delhi Capitals who chose to field. Match winner was Punjab Kings."
match,Mumbai Indians vs Sunrisers Hyderabad,IPL match on 2016-05-08: Mumbai Indians played against Sunrisers Hyderabad at Dr. Y.S. Rajasekhara Reddy ACA-VDCA Cricket Stadium. Toss winner was Mumbai Indians who chose to field. Match winner was Sunrisers Hyderabad.
match,Kolkata Knight Riders vs Gujarat Lions,IPL match on 2016-05-08: Kolkata Knight Riders played against Gujarat Lions at Eden Gardens. Toss winner was Gujarat Lions who chose to field. Match winner was Gujarat Lions.
match,Punjab Kings vs Royal Challengers Bengaluru,"IPL match on 2016-05-09: Punjab Kings played against Royal Challengers Bengaluru at Punjab Cricket Association IS Bindra Stadium, Mohali. Toss winner was Punjab Kings who chose to field. Match winner was Royal Challengers Bengaluru."
match,Rising Pune Supergiant vs Sunrisers Hyderabad,IPL match on 2016-05-10: Rising Pune Supergiant played against Sunrisers Hyderabad at Dr. Y.S. Rajasekhara Reddy ACA-VDCA Cricket Stadium. Toss winner was Sunrisers Hyderabad who chose to bat. Match winner was Sunrisers Hyderabad.
match,Royal Challengers Bengaluru vs Mumbai Indians,IPL match on 2016-05-11: Royal Challengers Bengaluru played against Mumbai Indians at M Chinnaswamy Stadium. Toss winner was Mumbai Indians who chose to field. Match winner was Mumbai Indians.
match,Sunrisers Hyderabad vs Delhi Capitals,"IPL match on 2016-05-12: Sunrisers Hyderabad played against Delhi Capitals at Rajiv Gandhi International Stadium, Uppal. Toss winner was Delhi Capitals who chose to field. Match winner was Delhi Capitals."
match,Mumbai Indians vs Punjab Kings,IPL match on 2016-05-13: Mumbai Indians played against Punjab Kings at Dr. Y.S. Rajasekhara Reddy ACA-VDCA Cricket Stadium. Toss winner was Mumbai Indians who chose to bat. Match winner was Punjab Kings.
match,Royal Challengers Bengaluru vs Gujarat Lions,IPL match on 2016-05-14: Royal Challengers Bengaluru played against Gujarat Lions at M Chinnaswamy Stadium. Toss winner was Gujarat Lions who chose to field. Match winner was Royal Challengers Bengaluru.
match,Kolkata Knight Riders vs Rising Pune Supergiant,IPL match on 2016-05-14: Kolkata Knight Riders played against Rising Pune Supergiant at Eden Gardens. Toss winner was Rising Pune Supergiant who chose to bat. Match winner was Kolkata Knight Riders.
match,Punjab Kings vs Sunrisers Hyderabad,"IPL match on 2016-05-15: Punjab Kings played against Sunrisers Hyderabad at Punjab Cricket Association IS Bindra Stadium, Mohali. Toss winner was Punjab Kings who chose to bat. Match winner was Sunrisers Hyderabad."
match,Mumbai Indians vs Delhi Capitals,IPL match on 2016-05-15: Mumbai Indians played against Delhi Capitals at Dr. Y.S. Rajasekhara Reddy ACA-VDCA Cricket Stadium. Toss winner was Delhi Capitals who chose to field. Match winner was Mumbai Indians.
match,Kolkata Knight Riders vs Royal Challengers Bengaluru,IPL match on 2016-05-16: Kolkata Knight Riders played against Royal Challengers Bengaluru at Eden Gardens. Toss winner was Royal Challengers Bengaluru who chose to field. Match winner was Royal Challengers Bengaluru.
match,Rising Pune Supergiant vs Delhi Capitals,IPL match on 2016-05-17: Rising Pune Supergiant played against Delhi Capitals at Dr. Y.S. Rajasekhara Reddy ACA-VDCA Cricket Stadium. Toss winner was Rising Pune Supergiant who chose to field. Match winner was Rising Pune Supergiant.
match,Royal Challengers Bengaluru vs Punjab Kings,IPL match on 2016-05-18: Royal Challengers Bengaluru played against Punjab Kings at M Chinnaswamy Stadium. Toss winner was Punjab Kings who chose to field. Match winner was Royal Challengers Bengaluru.
match,Gujarat Lions vs Kolkata Knight Riders,IPL match on 2016-05-19: Gujarat Lions played against Kolkata Knight Riders at Green Park. Toss winner was Gujarat Lions who chose to field. Match winner was Gujarat Lions.
match,Delhi Capitals vs Sunrisers Hyderabad,IPL match on 2016-05-20: Delhi Capitals played against Sunrisers Hyderabad at Shaheed Veer Narayan Singh International Stadium. Toss winner was Delhi Capitals who chose to field. Match winner was Delhi Capitals.
match,Rising Pune Supergiant vs Punjab Kings,IPL match on 2016-05-21: Rising Pune Supergiant played against Punjab Kings at Dr. Y.S. Rajasekhara Reddy ACA-VDCA Cricket Stadium. Toss winner was Punjab Kings who chose to bat. Match winner was Rising Pune Supergiant.
match,Gujarat Lions vs Mumbai Indians,IPL match on 2016-05-21: Gujarat Lions played against Mumbai Indians at Green Park. Toss winner was Gujarat Lions who chose to field. Match winner was Gujarat Lions.
match,Delhi Capitals vs Royal Challengers Bengaluru,IPL match on 2016-05-22: Delhi Capitals played against Royal Challengers Bengaluru at Shaheed Veer Narayan Singh International Stadium. Toss winner was Royal Challengers Bengaluru who chose to field. Match winner was Royal Challengers Bengaluru.
match,Kolkata Knight Riders vs Sunrisers Hyderabad,IPL match on 2016-05-22: Kolkata Knight Riders played against Sunrisers Hyderabad at Eden Gardens. Toss winner was Sunrisers Hyderabad who chose to field. Match winner was Kolkata Knight Riders.
match,Gujarat Lions vs Royal Challengers Bengaluru,IPL match on 2016-05-24: Gujarat Lions played against Royal Challengers Bengaluru at M Chinnaswamy Stadium. Toss winner was Royal Challengers Bengaluru who chose to field. Match winner was Royal Challengers Bengaluru.
match,Sunrisers Hyderabad vs Kolkata Knight Riders,IPL match on 2016-05-25: Sunrisers Hyderabad played against Kolkata Knight Riders at Feroz Shah Kotla. Toss winner was Kolkata Knight Riders who chose to field. Match winner was Sunrisers Hyderabad.
match,Gujarat Lions vs Sunrisers Hyderabad,IPL match on 2016-05-27: Gujarat Lions played against Sunrisers Hyderabad at Feroz Shah Kotla. Toss winner was Sunrisers Hyderabad who chose to field. Match winner was Sunrisers Hyderabad.
match,Royal Challengers Bengaluru vs Sunrisers Hyderabad,IPL match on 2016-05-29: Royal Challengers Bengaluru played against Sunrisers Hyderabad at M Chinnaswamy Stadium. Toss winner was Sunrisers Hyderabad who chose to bat. Match winner was Sunrisers Hyderabad.
match,Sunrisers Hyderabad vs Royal Challengers Bengaluru,"IPL match on 2017-04-05: Sunrisers Hyderabad played against Royal Challengers Bengaluru at Rajiv Gandhi International Stadium, Uppal. Toss winner was Royal Challengers Bengaluru who chose to field. Match winner was Sunrisers Hyderabad."
match,Rising Pune Supergiant vs Mumbai Indians,IPL match on 2017-04-06: Rising Pune Supergiant played against Mumbai Indians at Maharashtra Cricket Association Stadium. Toss winner was Rising Pune Supergiant who chose to field. Match winner was Rising Pune Supergiant.
match,Gujarat Lions vs Kolkata Knight Riders,IPL match on 2017-04-07: Gujarat Lions played against Kolkata Knight Riders at Saurashtra Cricket Association Stadium. Toss winner was Kolkata Knight Riders who chose to field. Match winner was Kolkata Knight Riders.
match,Punjab Kings vs Rising Pune Supergiant,IPL match on 2017-04-08: Punjab Kings played against Rising Pune Supergiant at Holkar Cricket Stadium. Toss winner was Punjab Kings who chose to field. Match winner was Punjab Kings.
match,Royal Challengers Bengaluru vs Delhi Capitals,IPL match on 2017-04-08: Royal Challengers Bengaluru played against Delhi Capitals at M.Chinnaswamy Stadium. Toss winner was Royal Challengers Bengaluru who chose to bat. Match winner was Royal Challengers Bengaluru.
match,Mumbai Indians vs Kolkata Knight Riders,IPL match on 2017-04-09: Mumbai Indians played against Kolkata Knight Riders at Wankhede Stadium. Toss winner was Mumbai Indians who chose to field. Match winner was Mumbai Indians.
match,Sunrisers Hyderabad vs Gujarat Lions,"IPL match on 2017-04-09: Sunrisers Hyderabad played against Gujarat Lions at Rajiv Gandhi International Stadium, Uppal. Toss winner was Sunrisers Hyderabad who chose to field. Match winner was Sunrisers Hyderabad."
match,Punjab Kings vs Royal Challengers Bengaluru,IPL match on 2017-04-10: Punjab Kings played against Royal Challengers Bengaluru at Holkar Cricket Stadium. Toss winner was Royal Challengers Bengaluru who chose to bat. Match winner was Punjab Kings.
match,Rising Pune Supergiant vs Delhi Capitals,IPL match on 2017-04-11: Rising Pune Supergiant played against Delhi Capitals at Maharashtra Cricket Association Stadium. Toss winner was Rising Pune Supergiant who chose to field. Match winner was Delhi Capitals.
match,Mumbai Indians vs Sunrisers Hyderabad,IPL match on 2017-04-12: Mumbai Indians played against Sunrisers Hyderabad at Wankhede Stadium. Toss winner was Mumbai Indians who chose to field. Match winner was Mumbai Indians.
match,Kolkata Knight Riders vs Punjab Kings,IPL match on 2017-04-13: Kolkata Knight Riders played against Punjab Kings at Eden Gardens. Toss winner was Kolkata Knight Riders who chose to field. Match winner was Kolkata Knight Riders.
match,Royal Challengers Bengaluru vs Mumbai Indians,IPL match on 2017-04-14: Royal Challengers Bengaluru played against Mumbai Indians at M Chinnaswamy Stadium. Toss winner was Mumbai Indians who chose to field. Match winner was Mumbai Indians.
match,Gujarat Lions vs Rising Pune Supergiant,IPL match on 2017-04-14: Gujarat Lions played against Rising Pune Supergiant at Saurashtra Cricket Association Stadium. Toss winner was Gujarat Lions who chose to field. Match winner was Gujarat Lions.
match,Kolkata Knight Riders vs Sunrisers Hyderabad,IPL match on 2017-04-15: Kolkata Knight Riders played against Sunrisers Hyderabad at Eden Gardens. Toss winner was Sunrisers Hyderabad who chose to field. Match winner was Kolkata Knight Riders.
match,Delhi Capitals vs Punjab Kings,IPL match on 2017-04-15: Delhi Capitals played against Punjab Kings at Feroz Shah Kotla. Toss winner was Delhi Capitals who chose to bat. Match winner was Delhi Capitals.
match,Mumbai Indians vs Gujarat Lions,IPL match on 2017-04-16: Mumbai Indians played against Gujarat Lions at Wankhede Stadium. Toss winner was Mumbai Indians who chose to field. Match winner was Mumbai Indians.
match,Royal Challengers Bengaluru vs Rising Pune Supergiant,IPL match on 2017-04-16: Royal Challengers Bengaluru played against Rising Pune Supergiant at M Chinnaswamy Stadium. Toss winner was Royal Challengers Bengaluru who chose to field. Match winner was Rising Pune Supergiant.
match,Sunrisers Hyderabad vs Punjab Kings,"IPL match on 2017-04-17: Sunrisers Hyderabad played against Punjab Kings at Rajiv Gandhi International Stadium, Uppal. Toss winner was Punjab Kings who chose to field. Match winner was Sunrisers Hyderabad."
match,Delhi Capitals vs Kolkata Knight Riders,IPL match on 2017-04-17: Delhi Capitals played against Kolkata Knight Riders at Feroz Shah Kotla. Toss winner was Delhi Capitals who chose to bat. Match winner was Kolkata Knight Riders.
match,Gujarat Lions vs Royal Challengers Bengaluru,IPL match on 2017-04-18: Gujarat Lions played against Royal Challengers Bengaluru at Saurashtra Cricket Association Stadium. Toss winner was Gujarat Lions who chose to field. Match winner was Royal Challengers Bengaluru.
match,Sunrisers Hyderabad vs Delhi Capitals,"IPL match on 2017-04-19: Sunrisers Hyderabad played against Delhi Capitals at Rajiv Gandhi International Stadium, Uppal. Toss winner was Sunrisers Hyderabad who chose to bat. Match winner was Sunrisers Hyderabad."
match,Punjab Kings vs Mumbai Indians,IPL match on 2017-04-20: Punjab Kings played against Mumbai Indians at Holkar Cricket Stadium. Toss winner was Mumbai Indians who chose to field. Match winner was Mumbai Indians.
match,Kolkata Knight Riders vs Gujarat Lions,IPL match on 2017-04-21: Kolkata Knight Riders played against Gujarat Lions at Eden Gardens. Toss winner was Gujarat Lions who chose to field. Match winner was Gujarat Lions.
match,Rising Pune Supergiant vs Sunrisers Hyderabad,IPL match on 2017-04-22: Rising Pune Supergiant played against Sunrisers Hyderabad at Maharashtra Cricket Association Stadium. Toss winner was Rising Pune Supergiant who chose to field. Match winner was Rising Pune Supergiant.
match,Mumbai Indians vs Delhi Capitals,IPL match on 2017-04-22: Mumbai Indians played against Delhi Capitals at Wankhede Stadium. Toss winner was Delhi Capitals who chose to field. Match winner was Mumbai Indians.
match,Kolkata Knight Riders vs Royal Challengers Bengaluru,IPL match on 2017-04-23: Kolkata Knight Riders played against Royal Challengers Bengaluru at Eden Gardens. Toss winner was Royal Challengers Bengaluru who chose to field. Match winner was Kolkata Knight Riders.
match,Gujarat Lions vs Punjab Kings,IPL match on 2017-04-23: Gujarat Lions played against Punjab Kings at Saurashtra Cricket Association Stadium. Toss winner was Gujarat Lions who chose to field. Match winner was Punjab Kings.
match,Mumbai Indians vs Rising Pune Supergiant,IPL match on 2017-04-24: Mumbai Indians played against Rising Pune Supergiant at Wankhede Stadium. Toss winner was Mumbai Indians who chose to field. Match winner was Rising Pune Supergiant.
match,Rising Pune Supergiant vs Kolkata Knight Riders,IPL match on 2017-04-26: Rising Pune Supergiant played against Kolkata Knight Riders at Maharashtra Cricket Association Stadium. Toss winner was Kolkata Knight Riders who chose to field. Match winner was Kolkata Knight Riders.
match,Royal Challengers Bengaluru vs Gujarat Lions,IPL match on 2017-04-27: Royal Challengers Bengaluru played against Gujarat Lions at M Chinnaswamy Stadium. Toss winner was Gujarat Lions who chose to field. Match winner was Gujarat Lions.
match,Kolkata Knight Riders vs Delhi Capitals,IPL match on 2017-04-28: Kolkata Knight Riders played against Delhi Capitals at Eden Gardens. Toss winner was Kolkata Knight Riders who chose to field. Match winner was Kolkata Knight Riders.
match,Punjab Kings vs Sunrisers Hyderabad,"IPL match on 2017-04-28: Punjab Kings played against Sunrisers Hyderabad at Punjab Cricket Association IS Bindra Stadium, Mohali. Toss winner was Punjab Kings who chose to field. Match winner was Sunrisers Hyderabad."
match,Rising Pune Supergiant vs Royal Challengers Bengaluru,IPL match on 2017-04-29: Rising Pune Supergiant played against Royal Challengers Bengaluru at Maharashtra Cricket Association Stadium. Toss winner was Royal Challengers Bengaluru who chose to field. Match winner was Rising Pune Supergiant.
match,Gujarat Lions vs Mumbai Indians,IPL match on 2017-04-29: Gujarat Lions played against Mumbai Indians at Saurashtra Cricket Association Stadium. Toss winner was Gujarat Lions who chose to bat. Match winner was No Result.
match,Sunrisers Hyderabad vs Kolkata Knight Riders,"IPL match on 2017-04-30: Sunrisers Hyderabad played against Kolkata Knight Riders at Rajiv Gandhi International Stadium, Uppal. Toss winner was Kolkata Knight Riders who chose to field. Match winner was Sunrisers Hyderabad."
match,Punjab Kings vs Delhi Capitals,"IPL match on 2017-04-30: Punjab Kings played against Delhi Capitals at Punjab Cricket Association IS Bindra Stadium, Mohali. Toss winner was Punjab Kings who chose to field. Match winner was Punjab Kings."
match,Rising Pune Supergiant vs Gujarat Lions,IPL match on 2017-05-01: Rising Pune Supergiant played against Gujarat Lions at Maharashtra Cricket Association Stadium. Toss winner was Rising Pune Supergiant who chose to field. Match winner was Rising Pune Supergiant.
match,Mumbai Indians vs Royal Challengers Bengaluru,IPL match on 2017-05-01: Mumbai Indians played against Royal Challengers Bengaluru at Wankhede Stadium. Toss winner was Royal Challengers Bengaluru who chose to bat. Match winner was Mumbai Indians.
match,Delhi Capitals vs Sunrisers Hyderabad,IPL match on 2017-05-02: Delhi Capitals played against Sunrisers Hyderabad at Feroz Shah Kotla. Toss winner was Delhi Capitals who chose to field. Match winner was Delhi Capitals.
match,Kolkata Knight Riders vs Rising Pune Supergiant,IPL match on 2017-05-03: Kolkata Knight Riders played against Rising Pune Supergiant at Eden Gardens. Toss winner was Rising Pune Supergiant who chose to field. Match winner was Rising Pune Supergiant.
match,Delhi Capitals vs Gujarat Lions,IPL match on 2017-05-04: Delhi Capitals played against Gujarat Lions at Feroz Shah Kotla. Toss winner was Delhi Capitals who chose to field. Match winner was Delhi Capitals.
match,Royal Challengers Bengaluru vs Punjab Kings,IPL match on 2017-05-05: Royal Challengers Bengaluru played against Punjab Kings at M Chinnaswamy Stadium. Toss winner was Royal Challengers Bengaluru who chose to field. Match winner was Punjab Kings.
match,Sunrisers Hyderabad vs Rising Pune Supergiant,"IPL match on 2017-05-06: Sunrisers Hyderabad played against Rising Pune Supergiant at Rajiv Gandhi International Stadium, Uppal. Toss winner was Sunrisers Hyderabad who chose to field. Match winner was Rising Pune Supergiant."
match,Delhi Capitals vs Mumbai Indians,IPL match on 2017-05-06: Delhi Capitals played against Mumbai Indians at Feroz Shah Kotla. Toss winner was Delhi Capitals who chose to field. Match winner was Mumbai Indians.
match,Punjab Kings vs Gujarat Lions,"IPL match on 2017-05-07: Punjab Kings played against Gujarat Lions at Punjab Cricket Association IS Bindra Stadium, Mohali. Toss winner was Gujarat Lions who chose to field. Match winner was Gujarat Lions."
match,Royal Challengers Bengaluru vs Kolkata Knight Riders,IPL match on 2017-05-07: Royal Challengers Bengaluru played against Kolkata Knight Riders at M Chinnaswamy Stadium. Toss winner was Kolkata Knight Riders who chose to field. Match winner was Kolkata Knight Riders.
match,Sunrisers Hyderabad vs Mumbai Indians,"IPL match on 2017-05-08: Sunrisers Hyderabad played against Mumbai Indians at Rajiv Gandhi International Stadium, Uppal. Toss winner was Mumbai Indians who chose to bat. Match winner was Sunrisers Hyderabad."
match,Punjab Kings vs Kolkata Knight Riders,"IPL match on 2017-05-09: Punjab Kings played against Kolkata Knight Riders at Punjab Cricket Association IS Bindra Stadium, Mohali. Toss winner was Kolkata Knight Riders who chose to field. Match winner was Punjab Kings."
match,Gujarat Lions vs Delhi Capitals,IPL match on 2017-05-10: Gujarat Lions played against Delhi Capitals at Green Park. Toss winner was Delhi Capitals who chose to field. Match winner was Delhi Capitals.
match,Mumbai Indians vs Punjab Kings,IPL match on 2017-05-11: Mumbai Indians played against Punjab Kings at Wankhede Stadium. Toss winner was Mumbai Indians who chose to field. Match winner was Punjab Kings.
match,Delhi Capitals vs Rising Pune Supergiant,IPL match on 2017-05-12: Delhi Capitals played against Rising Pune Supergiant at Feroz Shah Kotla. Toss winner was Delhi Capitals who chose to bat. Match winner was Delhi Capitals.
match,Gujarat Lions vs Sunrisers Hyderabad,IPL match on 2017-05-13: Gujarat Lions played against Sunrisers Hyderabad at Green Park. Toss winner was Sunrisers Hyderabad who chose to field. Match winner was Sunrisers Hyderabad.
match,Kolkata Knight Riders vs Mumbai Indians,IPL match on 2017-05-13: Kolkata Knight Riders played against Mumbai Indians at Eden Gardens. Toss winner was Kolkata Knight Riders who chose to field. Match winner was Mumbai Indians.
match,Delhi Capitals vs Royal Challengers Bengaluru,IPL match on 2017-05-14: Delhi Capitals played against Royal Challengers Bengaluru at Feroz Shah Kotla. Toss winner was Royal Challengers Bengaluru who chose to bat. Match winner was Royal Challengers Bengaluru.
match,Rising Pune Supergiant vs Punjab Kings,IPL match on 2017-05-14: Rising Pune Supergiant played against Punjab Kings at Maharashtra Cricket Association Stadium. Toss winner was Rising Pune Supergiant who chose to field. Match winner was Rising Pune Supergiant.
match,Mumbai Indians vs Rising Pune Supergiant,IPL match on 2017-05-16: Mumbai Indians played against Rising Pune Supergiant at Wankhede Stadium. Toss winner was Mumbai Indians who chose to field. Match winner was Rising Pune Supergiant.
match,Sunrisers Hyderabad vs Kolkata Knight Riders,IPL match on 2017-05-17: Sunrisers Hyderabad played against Kolkata Knight Riders at M Chinnaswamy Stadium. Toss winner was Kolkata Knight Riders who chose to field. Match winner was Kolkata Knight Riders.
match,Mumbai Indians vs Kolkata Knight Riders,IPL match on 2017-05-19: Mumbai Indians played against Kolkata Knight Riders at M Chinnaswamy Stadium. Toss winner was Mumbai Indians who chose to field. Match winner was Mumbai Indians.
match,Mumbai Indians vs Rising Pune Supergiant,"IPL match on 2017-05-21: Mumbai Indians played against Rising Pune Supergiant at Rajiv Gandhi International Stadium, Uppal. Toss winner was Mumbai Indians who chose to bat. Match winner was Mumbai Indians."
match,Mumbai Indians vs Chennai Super Kings,IPL match on 2018-04-07: Mumbai Indians played against Chennai Super Kings at Wankhede Stadium. Toss winner was Chennai Super Kings who chose to field. Match winner was Chennai Super Kings.
match,Royal Challengers Bengaluru vs Kolkata Knight Riders,IPL match on 2018-04-08: Royal Challengers Bengaluru played against Kolkata Knight Riders at Eden Gardens. Toss winner was Kolkata Knight Riders who chose to field. Match winner was Kolkata Knight Riders.
match,Delhi Capitals vs Punjab Kings,IPL match on 2018-04-08: Delhi Capitals played against Punjab Kings at Punjab Cricket Association IS Bindra Stadium. Toss winner was Punjab Kings who chose to field. Match winner was Punjab Kings.
match,Rajasthan Royals vs Sunrisers Hyderabad,IPL match on 2018-04-09: Rajasthan Royals played against Sunrisers Hyderabad at Rajiv Gandhi International Stadium. Toss winner was Sunrisers Hyderabad who chose to field. Match winner was Sunrisers Hyderabad.
match,Kolkata Knight Riders vs Chennai Super Kings,IPL match on 2018-04-10: Kolkata Knight Riders played against Chennai Super Kings at MA Chidambaram Stadium. Toss winner was Chennai Super Kings who chose to field. Match winner was Chennai Super Kings.
match,Rajasthan Royals vs Delhi Capitals,IPL match on 2018-04-11: Rajasthan Royals played against Delhi Capitals at Sawai Mansingh Stadium. Toss winner was Delhi Capitals who chose to field. Match winner was Rajasthan Royals.
match,Mumbai Indians vs Sunrisers Hyderabad,IPL match on 2018-04-12: Mumbai Indians played against Sunrisers Hyderabad at Rajiv Gandhi International Stadium. Toss winner was Sunrisers Hyderabad who chose to field. Match winner was Sunrisers Hyderabad.
match,Punjab Kings vs Royal Challengers Bengaluru,IPL match on 2018-04-13: Punjab Kings played against Royal Challengers Bengaluru at M.Chinnaswamy Stadium. Toss winner was Royal Challengers Bengaluru who chose to field. Match winner was Royal Challengers Bengaluru.
match,Mumbai Indians vs Delhi Capitals,IPL match on 2018-04-14: Mumbai Indians played against Delhi Capitals at Wankhede Stadium. Toss winner was Delhi Capitals who chose to field. Match winner was Delhi Capitals.
match,Kolkata Knight Riders vs Sunrisers Hyderabad,IPL match on 2018-04-14: Kolkata Knight Riders played against Sunrisers Hyderabad at Eden Gardens. Toss winner was Sunrisers Hyderabad who chose to field. Match winner was Sunrisers Hyderabad.
match,Rajasthan Royals vs Royal Challengers Bengaluru,IPL match on 2018-04-15: Rajasthan Royals played against Royal Challengers Bengaluru at M.Chinnaswamy Stadium. Toss winner was Royal Challengers Bengaluru who chose to field. Match winner was Rajasthan Royals.
match,Punjab Kings vs Chennai Super Kings,IPL match on 2018-04-15: Punjab Kings played against Chennai Super Kings at Punjab Cricket Association IS Bindra Stadium. Toss winner was Chennai Super Kings who chose to field. Match winner was Punjab Kings.
match,Kolkata Knight Riders vs Delhi Capitals,IPL match on 2018-04-16: Kolkata Knight Riders played against Delhi Capitals at Eden Gardens. Toss winner was Delhi Capitals who chose to field. Match winner was Kolkata Knight Riders.
match,Mumbai Indians vs Royal Challengers Bengaluru,IPL match on 2018-04-17: Mumbai Indians played against Royal Challengers Bengaluru at Wankhede Stadium. Toss winner was Royal Challengers Bengaluru who chose to field. Match winner was Mumbai Indians.
match,Rajasthan Royals vs Kolkata Knight Riders,IPL match on 2018-04-18: Rajasthan Royals played against Kolkata Knight Riders at Sawai Mansingh Stadium. Toss winner was Kolkata Knight Riders who chose to field. Match winner was Kolkata Knight Riders.
match,Punjab Kings vs Sunrisers Hyderabad,IPL match on 2018-04-19: Punjab Kings played against Sunrisers Hyderabad at Punjab Cricket Association IS Bindra Stadium. Toss winner was Punjab Kings who chose to bat. Match winner was Punjab Kings.
match,Chennai Super Kings vs Rajasthan Royals,IPL match on 2018-04-20: Chennai Super Kings played against Rajasthan Royals at Maharashtra Cricket Association Stadium. Toss winner was Rajasthan Royals who chose to field. Match winner was Chennai Super Kings.
match,Kolkata Knight Riders vs Punjab Kings,IPL match on 2018-04-21: Kolkata Knight Riders played against Punjab Kings at Eden Gardens. Toss winner was Punjab Kings who chose to field. Match winner was Punjab Kings.
match,Delhi Capitals vs Royal Challengers Bengaluru,IPL match on 2018-04-21: Delhi Capitals played against Royal Challengers Bengaluru at M.Chinnaswamy Stadium. Toss winner was Royal Challengers Bengaluru who chose to field. Match winner was Royal Challengers Bengaluru.
match,Mumbai Indians vs Rajasthan Royals,IPL match on 2018-04-22: Mumbai Indians played against Rajasthan Royals at Sawai Mansingh Stadium. Toss winner was Mumbai Indians who chose to bat. Match winner was Rajasthan Royals.
match,Chennai Super Kings vs Sunrisers Hyderabad,IPL match on 2018-04-22: Chennai Super Kings played against Sunrisers Hyderabad at Rajiv Gandhi International Stadium. Toss winner was Sunrisers Hyderabad who chose to field. Match winner was Chennai Super Kings.
match,Punjab Kings vs Delhi Capitals,IPL match on 2018-04-23: Punjab Kings played against Delhi Capitals at Arun Jaitley Stadium. Toss winner was Delhi Capitals who chose to field. Match winner was Punjab Kings.
match,Sunrisers Hyderabad vs Mumbai Indians,IPL match on 2018-04-24: Sunrisers Hyderabad played against Mumbai Indians at Wankhede Stadium. Toss winner was Mumbai Indians who chose to field. Match winner was Sunrisers Hyderabad.
match,Royal Challengers Bengaluru vs Chennai Super Kings,IPL match on 2018-04-25: Royal Challengers Bengaluru played against Chennai Super Kings at M.Chinnaswamy Stadium. Toss winner was Chennai Super Kings who chose to field. Match winner was Chennai Super Kings.
match,Sunrisers Hyderabad vs Punjab Kings,IPL match on 2018-04-26: Sunrisers Hyderabad played against Punjab Kings at Rajiv Gandhi International Stadium. Toss winner was Punjab Kings who chose to field. Match winner was Sunrisers Hyderabad.
match,Delhi Capitals vs Kolkata Knight Riders,IPL match on 2018-04-27: Delhi Capitals played against Kolkata Knight Riders at Arun Jaitley Stadium. Toss winner was Kolkata Knight Riders who chose to field. Match winner was Delhi Capitals.
match,Chennai Super Kings vs Mumbai Indians,IPL match on 2018-04-28: Chennai Super Kings played against Mumbai Indians at Maharashtra Cricket Association Stadium. Toss winner was Mumbai Indians who chose to field. Match winner was Mumbai Indians.
match,Sunrisers Hyderabad vs Rajasthan Royals,IPL match on 2018-04-29: Sunrisers Hyderabad played against Rajasthan Royals at Sawai Mansingh Stadium. Toss winner was Sunrisers Hyderabad who chose to bat. Match winner was Sunrisers Hyderabad.
match,Royal Challengers Bengaluru vs Kolkata Knight Riders,IPL match on 2018-04-29: Royal Challengers Bengaluru played against Kolkata Knight Riders at M.Chinnaswamy Stadium. Toss winner was Kolkata Knight Riders who chose to field. Match winner was Kolkata Knight Riders.
match,Chennai Super Kings vs Delhi Capitals,IPL match on 2018-04-30: Chennai Super Kings played against Delhi Capitals at Maharashtra Cricket Association Stadium. Toss winner was Delhi Capitals who chose to field. Match winner was Chennai Super Kings.
match,Royal Challengers Bengaluru vs Mumbai Indians,IPL match on 2018-05-01: Royal Challengers Bengaluru played against Mumbai Indians at M.Chinnaswamy Stadium. Toss winner was Mumbai Indians who chose to field. Match winner was Royal Challengers Bengaluru.
match,Delhi Capitals vs Rajasthan Royals,IPL match on 2018-05-02: Delhi Capitals played against Rajasthan Royals at Arun Jaitley Stadium. Toss winner was Rajasthan Royals who chose to field. Match winner was Delhi Capitals.
match,Chennai Super Kings vs Kolkata Knight Riders,IPL match on 2018-05-03: Chennai Super Kings played against Kolkata Knight Riders at Eden Gardens. Toss winner was Kolkata Knight Riders who chose to field. Match winner was Kolkata Knight Riders.
match,Punjab Kings vs Mumbai Indians,IPL match on 2018-05-04: Punjab Kings played against Mumbai Indians at Holkar Cricket Stadium. Toss winner was Mumbai Indians who chose to field. Match winner was Mumbai Indians.
match,Delhi Capitals vs Sunrisers Hyderabad,IPL match on 2018-05-05: Delhi Capitals played against Sunrisers Hyderabad at Rajiv Gandhi International Stadium. Toss winner was Delhi Capitals who chose to bat. Match winner was Sunrisers Hyderabad.
match,Royal Challengers Bengaluru vs Chennai Super Kings,IPL match on 2018-05-05: Royal Challengers Bengaluru played against Chennai Super Kings at Maharashtra Cricket Association Stadium. Toss winner was Chennai Super Kings who chose to field. Match winner was Chennai Super Kings.
match,Mumbai Indians vs Kolkata Knight Riders,IPL match on 2018-05-06: Mumbai Indians played against Kolkata Knight Riders at Wankhede Stadium. Toss winner was Kolkata Knight Riders who chose to field. Match winner was Mumbai Indians.
match,Rajasthan Royals vs Punjab Kings,IPL match on 2018-05-06: Rajasthan Royals played against Punjab Kings at Holkar Cricket Stadium. Toss winner was Punjab Kings who chose to field. Match winner was Punjab Kings.
match,Sunrisers Hyderabad vs Royal Challengers Bengaluru,IPL match on 2018-05-07: Sunrisers Hyderabad played against Royal Challengers Bengaluru at Rajiv Gandhi International Stadium. Toss winner was Royal Challengers Bengaluru who chose to field. Match winner was Sunrisers Hyderabad.
match,Rajasthan Royals vs Punjab Kings,IPL match on 2018-05-08: Rajasthan Royals played against Punjab Kings at Sawai Mansingh Stadium. Toss winner was Rajasthan Royals who chose to bat. Match winner was Rajasthan Royals.
match,Mumbai Indians vs Kolkata Knight Riders,IPL match on 2018-05-09: Mumbai Indians played against Kolkata Knight Riders at Eden Gardens. Toss winner was Kolkata Knight Riders who chose to field. Match winner was Mumbai Indians.
match,Delhi Capitals vs Sunrisers Hyderabad,IPL match on 2018-05-10: Delhi Capitals played against Sunrisers Hyderabad at Arun Jaitley Stadium. Toss winner was Delhi Capitals who chose to bat. Match winner was Sunrisers Hyderabad.
match,Chennai Super Kings vs Rajasthan Royals,IPL match on 2018-05-11: Chennai Super Kings played against Rajasthan Royals at Sawai Mansingh Stadium. Toss winner was Chennai Super Kings who chose to bat. Match winner was Rajasthan Royals.
match,Delhi Capitals vs Royal Challengers Bengaluru,IPL match on 2018-05-12: Delhi Capitals played against Royal Challengers Bengaluru at Arun Jaitley Stadium. Toss winner was Royal Challengers Bengaluru who chose to field. Match winner was Royal Challengers Bengaluru.
match,Kolkata Knight Riders vs Punjab Kings,IPL match on 2018-05-12: Kolkata Knight Riders played against Punjab Kings at Holkar Cricket Stadium. Toss winner was Punjab Kings who chose to field. Match winner was Kolkata Knight Riders.
match,Sunrisers Hyderabad vs Chennai Super Kings,IPL match on 2018-05-13: Sunrisers Hyderabad played against Chennai Super Kings at Maharashtra Cricket Association Stadium. Toss winner was Chennai Super Kings who chose to field. Match winner was Chennai Super Kings.
match,Mumbai Indians vs Rajasthan Royals,IPL match on 2018-05-13: Mumbai Indians played against Rajasthan Royals at Wankhede Stadium. Toss winner was Rajasthan Royals who chose to field. Match winner was Rajasthan Royals.
match,Punjab Kings vs Royal Challengers Bengaluru,IPL match on 2018-05-14: Punjab Kings played against Royal Challengers Bengaluru at Holkar Cricket Stadium. Toss winner was Royal Challengers Bengaluru who chose to field. Match winner was Royal Challengers Bengaluru.
match,Rajasthan Royals vs Kolkata Knight Riders,IPL match on 2018-05-15: Rajasthan Royals played against Kolkata Knight Riders at Eden Gardens. Toss winner was Kolkata Knight Riders who chose to field. Match winner was Kolkata Knight Riders.
match,Mumbai Indians vs Punjab Kings,IPL match on 2018-05-16: Mumbai Indians played against Punjab Kings at Wankhede Stadium. Toss winner was Punjab Kings who chose to field. Match winner was Mumbai Indians.
match,Royal Challengers Bengaluru vs Sunrisers Hyderabad,IPL match on 2018-05-17: Royal Challengers Bengaluru played against Sunrisers Hyderabad at M.Chinnaswamy Stadium. Toss winner was Sunrisers Hyderabad who chose to field. Match winner was Royal Challengers Bengaluru.
match,Delhi Capitals vs Chennai Super Kings,IPL match on 2018-05-18: Delhi Capitals played against Chennai Super Kings at Arun Jaitley Stadium. Toss winner was Chennai Super Kings who chose to field. Match winner was Delhi Capitals.
match,Sunrisers Hyderabad vs Kolkata Knight Riders,IPL match on 2018-05-19: Sunrisers Hyderabad played against Kolkata Knight Riders at Rajiv Gandhi International Stadium. Toss winner was Sunrisers Hyderabad who chose to bat. Match winner was Kolkata Knight Riders.
match,Rajasthan Royals vs Royal Challengers Bengaluru,IPL match on 2018-05-19: Rajasthan Royals played against Royal Challengers Bengaluru at Sawai Mansingh Stadium. Toss winner was Rajasthan Royals who chose to bat. Match winner was Rajasthan Royals.
match,Delhi Capitals vs Mumbai Indians,IPL match on 2018-05-20: Delhi Capitals played against Mumbai Indians at Arun Jaitley Stadium. Toss winner was Delhi Capitals who chose to bat. Match winner was Delhi Capitals.
match,Punjab Kings vs Chennai Super Kings,IPL match on 2018-05-20: Punjab Kings played against Chennai Super Kings at Maharashtra Cricket Association Stadium. Toss winner was Chennai Super Kings who chose to field. Match winner was Chennai Super Kings.
match,Sunrisers Hyderabad vs Chennai Super Kings,IPL match on 2018-05-22: Sunrisers Hyderabad played against Chennai Super Kings at Wankhede Stadium. Toss winner was Chennai Super Kings who chose to field. Match winner was Chennai Super Kings.
match,Kolkata Knight Riders vs Rajasthan Royals,IPL match on 2018-05-23: Kolkata Knight Riders played against Rajasthan Royals at Eden Gardens. Toss winner was Rajasthan Royals who chose to field. Match winner was Kolkata Knight Riders.
match,Sunrisers Hyderabad vs Kolkata Knight Riders,IPL match on 2018-05-25: Sunrisers Hyderabad played against Kolkata Knight Riders at Eden Gardens. Toss winner was Kolkata Knight Riders who chose to field. Match winner was Sunrisers Hyderabad.
match,Sunrisers Hyderabad vs Chennai Super Kings,IPL match on 2018-05-27: Sunrisers Hyderabad played against Chennai Super Kings at Wankhede Stadium. Toss winner was Chennai Super Kings who chose to field. Match winner was Chennai Super Kings.
match,Royal Challengers Bengaluru vs Chennai Super Kings,IPL match on 2019-03-23: Royal Challengers Bengaluru played against Chennai Super Kings at MA Chidambaram Stadium. Toss winner was Chennai Super Kings who chose to field. Match winner was Chennai Super Kings.
match,Sunrisers Hyderabad vs Kolkata Knight Riders,IPL match on 2019-03-24: Sunrisers Hyderabad played against Kolkata Knight Riders at Eden Gardens. Toss winner was Kolkata Knight Riders who chose to field. Match winner was Kolkata Knight Riders.
match,Delhi Capitals vs Mumbai Indians,IPL match on 2019-03-24: Delhi Capitals played against Mumbai Indians at Wankhede Stadium. Toss winner was Mumbai Indians who chose to field. Match winner was Delhi Capitals.
match,Punjab Kings vs Rajasthan Royals,IPL match on 2019-03-25: Punjab Kings played against Rajasthan Royals at Sawai Mansingh Stadium. Toss winner was Rajasthan Royals who chose to field. Match winner was Punjab Kings.
match,Delhi Capitals vs Chennai Super Kings,IPL match on 2019-03-26: Delhi Capitals played against Chennai Super Kings at Arun Jaitley Stadium. Toss winner was Delhi Capitals who chose to bat. Match winner was Chennai Super Kings.
match,Kolkata Knight Riders vs Punjab Kings,IPL match on 2019-03-27: Kolkata Knight Riders played against Punjab Kings at Eden Gardens. Toss winner was Punjab Kings who chose to field. Match winner was Kolkata Knight Riders.
match,Mumbai Indians vs Royal Challengers Bengaluru,IPL match on 2019-03-28: Mumbai Indians played against Royal Challengers Bengaluru at M.Chinnaswamy Stadium. Toss winner was Royal Challengers Bengaluru who chose to field. Match winner was Mumbai Indians.
match,Rajasthan Royals vs Sunrisers Hyderabad,IPL match on 2019-03-29: Rajasthan Royals played against Sunrisers Hyderabad at Rajiv Gandhi International Stadium. Toss winner was Rajasthan Royals who chose to bat. Match winner was Sunrisers Hyderabad.
match,Kolkata Knight Riders vs Delhi Capitals,IPL match on 2019-03-30: Kolkata Knight Riders played against Delhi Capitals at Arun Jaitley Stadium. Toss winner was Delhi Capitals who chose to field. Match winner was No Result.
match,Mumbai Indians vs Punjab Kings,IPL match on 2019-03-30: Mumbai Indians played against Punjab Kings at Punjab Cricket Association IS Bindra Stadium. Toss winner was Punjab Kings who chose to field. Match winner was Punjab Kings.
match,Sunrisers Hyderabad vs Royal Challengers Bengaluru,IPL match on 2019-03-31: Sunrisers Hyderabad played against Royal Challengers Bengaluru at Rajiv Gandhi International Stadium. Toss winner was Royal Challengers Bengaluru who chose to field. Match winner was Sunrisers Hyderabad.
match,Chennai Super Kings vs Rajasthan Royals,IPL match on 2019-03-31: Chennai Super Kings played against Rajasthan Royals at MA Chidambaram Stadium. Toss winner was Rajasthan Royals who chose to field. Match winner was Chennai Super Kings.
match,Punjab Kings vs Delhi Capitals,IPL match on 2019-04-01: Punjab Kings played against Delhi Capitals at Punjab Cricket Association IS Bindra Stadium. Toss winner was Delhi Capitals who chose to field. Match winner was Punjab Kings.
match,Royal Challengers Bengaluru vs Rajasthan Royals,IPL match on 2019-04-02: Royal Challengers Bengaluru played against Rajasthan Royals at Sawai Mansingh Stadium. Toss winner was Rajasthan Royals who chose to field. Match winner was Rajasthan Royals.
match,Mumbai Indians vs Chennai Super Kings,IPL match on 2019-04-03: Mumbai Indians played against Chennai Super Kings at Wankhede Stadium. Toss winner was Chennai Super Kings who chose to field. Match winner was Mumbai Indians.
match,Delhi Capitals vs Sunrisers Hyderabad,IPL match on 2019-04-04: Delhi Capitals played against Sunrisers Hyderabad at Arun Jaitley Stadium. Toss winner was Sunrisers Hyderabad who chose to field. Match winner was Sunrisers Hyderabad.
match,Royal Challengers Bengaluru vs Kolkata Knight Riders,IPL match on 2019-04-05: Royal Challengers Bengaluru played against Kolkata Knight Riders at M.Chinnaswamy Stadium. Toss winner was Kolkata Knight Riders who chose to field. Match winner was Kolkata Knight Riders.
match,Chennai Super Kings vs Punjab Kings,IPL match on 2019-04-06: Chennai Super Kings played against Punjab Kings at MA Chidambaram Stadium. Toss winner was Chennai Super Kings who chose to bat. Match winner was Chennai Super Kings.
match,Mumbai Indians vs Sunrisers Hyderabad,IPL match on 2019-04-06: Mumbai Indians played against Sunrisers Hyderabad at Rajiv Gandhi International Stadium. Toss winner was Sunrisers Hyderabad who chose to field. Match winner was Mumbai Indians.
match,Royal Challengers Bengaluru vs Delhi Capitals,IPL match on 2019-04-07: Royal Challengers Bengaluru played against Delhi Capitals at M.Chinnaswamy Stadium. Toss winner was Delhi Capitals who chose to field. Match winner was Delhi Capitals.
match,Rajasthan Royals vs Kolkata Knight Riders,IPL match on 2019-04-07: Rajasthan Royals played against Kolkata Knight Riders at Sawai Mansingh Stadium. Toss winner was Kolkata Knight Riders who chose to field. Match winner was Kolkata Knight Riders.
match,Sunrisers Hyderabad vs Punjab Kings,IPL match on 2019-04-08: Sunrisers Hyderabad played against Punjab Kings at Punjab Cricket Association IS Bindra Stadium. Toss winner was Punjab Kings who chose to field. Match winner was Punjab Kings.
match,Kolkata Knight Riders vs Chennai Super Kings,IPL match on 2019-04-09: Kolkata Knight Riders played against Chennai Super Kings at MA Chidambaram Stadium. Toss winner was Chennai Super Kings who chose to field. Match winner was Chennai Super Kings.
match,Punjab Kings vs Mumbai Indians,IPL match on 2019-04-10: Punjab Kings played against Mumbai Indians at Wankhede Stadium. Toss winner was Mumbai Indians who chose to field. Match winner was Mumbai Indians.
match,Rajasthan Royals vs Chennai Super Kings,IPL match on 2019-04-11: Rajasthan Royals played against Chennai Super Kings at Sawai Mansingh Stadium. Toss winner was Chennai Super Kings who chose to field. Match winner was Chennai Super Kings.
match,Kolkata Knight Riders vs Delhi Capitals,IPL match on 2019-04-12: Kolkata Knight Riders played against Delhi Capitals at Eden Gardens. Toss winner was Delhi Capitals who chose to field. Match winner was Delhi Capitals.
match,Punjab Kings vs Royal Challengers Bengaluru,IPL match on 2019-04-13: Punjab Kings played against Royal Challengers Bengaluru at Punjab Cricket Association IS Bindra Stadium. Toss winner was Royal Challengers Bengaluru who chose to field. Match winner was Royal Challengers Bengaluru.
match,Mumbai Indians vs Rajasthan Royals,IPL match on 2019-04-13: Mumbai Indians played against Rajasthan Royals at Wankhede Stadium. Toss winner was Rajasthan Royals who chose to field. Match winner was Rajasthan Royals.
match,Delhi Capitals vs Sunrisers Hyderabad,IPL match on 2019-04-14: Delhi Capitals played against Sunrisers Hyderabad at Rajiv Gandhi International Stadium. Toss winner was Sunrisers Hyderabad who chose to field. Match winner was Delhi Capitals.
match,Kolkata Knight Riders vs Chennai Super Kings,IPL match on 2019-04-14: Kolkata Knight Riders played against Chennai Super Kings at Eden Gardens. Toss winner was Chennai Super Kings who chose to field. Match winner was Chennai Super Kings.
match,Royal Challengers Bengaluru vs Mumbai Indians,IPL match on 2019-04-15: Royal Challengers Bengaluru played against Mumbai Indians at Wankhede Stadium. Toss winner was Mumbai Indians who chose to field. Match winner was Mumbai Indians.
match,Punjab Kings vs Rajasthan Royals,IPL match on 2019-04-16: Punjab Kings played against Rajasthan Royals at Punjab Cricket Association IS Bindra Stadium. Toss winner was Rajasthan Royals who chose to field. Match winner was Punjab Kings.
match,Chennai Super Kings vs Sunrisers Hyderabad,IPL match on 2019-04-17: Chennai Super Kings played against Sunrisers Hyderabad at Rajiv Gandhi International Stadium. Toss winner was Chennai Super Kings who chose to bat. Match winner was Sunrisers Hyderabad.
match,Mumbai Indians vs Delhi Capitals,IPL match on 2019-04-18: Mumbai Indians played against Delhi Capitals at Arun Jaitley Stadium. Toss winner was Mumbai Indians who chose to bat. Match winner was Mumbai Indians.
match,Royal Challengers Bengaluru vs Kolkata Knight Riders,IPL match on 2019-04-19: Royal Challengers Bengaluru played against Kolkata Knight Riders at Eden Gardens. Toss winner was Kolkata Knight Riders who chose to field. Match winner was Royal Challengers Bengaluru.
match,Mumbai Indians vs Rajasthan Royals,IPL match on 2019-04-20: Mumbai Indians played against Rajasthan Royals at Sawai Mansingh Stadium. Toss winner was Rajasthan Royals who chose to field. Match winner was Rajasthan Royals.
match,Punjab Kings vs Delhi Capitals,IPL match on 2019-04-20: Punjab Kings played against Delhi Capitals at Arun Jaitley Stadium. Toss winner was Delhi Capitals who chose to field. Match winner was Delhi Capitals.
match,Kolkata Knight Riders vs Sunrisers Hyderabad,IPL match on 2019-04-21: Kolkata Knight Riders played against Sunrisers Hyderabad at Rajiv Gandhi International Stadium. Toss winner was Sunrisers Hyderabad who chose to field. Match winner was Sunrisers Hyderabad.
match,Royal Challengers Bengaluru vs Chennai Super Kings,IPL match on 2019-04-21: Royal Challengers Bengaluru played against Chennai Super Kings at M.Chinnaswamy Stadium. Toss winner was Chennai Super Kings who chose to field. Match winner was Royal Challengers Bengaluru.
match,Rajasthan Royals vs Delhi Capitals,IPL match on 2019-04-22: Rajasthan Royals played against Delhi Capitals at Sawai Mansingh Stadium. Toss winner was Delhi Capitals who chose to field. Match winner was Delhi Capitals.
match,Sunrisers Hyderabad vs Chennai Super Kings,IPL match on 2019-04-23: Sunrisers Hyderabad played against Chennai Super Kings at MA Chidambaram Stadium. Toss winner was Chennai Super Kings who chose to field. Match winner was Chennai Super Kings.
match,Royal Challengers Bengaluru vs Punjab Kings,IPL match on 2019-04-24: Royal Challengers Bengaluru played against Punjab Kings at M.Chinnaswamy Stadium. Toss winner was Punjab Kings who chose to field. Match winner was Royal Challengers Bengaluru.
match,Kolkata Knight Riders vs Rajasthan Royals,IPL match on 2019-04-25: Kolkata Knight Riders played against Rajasthan Royals at Eden Gardens. Toss winner was Rajasthan Royals who chose to field. Match winner was Rajasthan Royals.
match,Mumbai Indians vs Chennai Super Kings,IPL match on 2019-04-26: Mumbai Indians played against Chennai Super Kings at MA Chidambaram Stadium. Toss winner was Chennai Super Kings who chose to field. Match winner was Mumbai Indians.
match,Sunrisers Hyderabad vs Rajasthan Royals,IPL match on 2019-04-27: Sunrisers Hyderabad played against Rajasthan Royals at Sawai Mansingh Stadium. Toss winner was Rajasthan Royals who chose to field. Match winner was Rajasthan Royals.
match,Kolkata Knight Riders vs Mumbai Indians,IPL match on 2019-04-28: Kolkata Knight Riders played against Mumbai Indians at Eden Gardens. Toss winner was Mumbai Indians who chose to field. Match winner was Kolkata Knight Riders.
match,Delhi Capitals vs Royal Challengers Bengaluru,IPL match on 2019-04-28: Delhi Capitals played against Royal Challengers Bengaluru at Arun Jaitley Stadium. Toss winner was Delhi Capitals who chose to bat. Match winner was Delhi Capitals.
match,Sunrisers Hyderabad vs Punjab Kings,IPL match on 2019-04-29: Sunrisers Hyderabad played against Punjab Kings at Rajiv Gandhi International Stadium. Toss winner was Punjab Kings who chose to field. Match winner was Sunrisers Hyderabad.
match,Royal Challengers Bengaluru vs Rajasthan Royals,IPL match on 2019-04-30: Royal Challengers Bengaluru played against Rajasthan Royals at M.Chinnaswamy Stadium. Toss winner was Rajasthan Royals who chose to field. Match winner was No Result.
match,Chennai Super Kings vs Delhi Capitals,IPL match on 2019-05-01: Chennai Super Kings played against Delhi Capitals at MA Chidambaram Stadium. Toss winner was Delhi Capitals who chose to field. Match winner was Chennai Super Kings.
match,Mumbai Indians vs Sunrisers Hyderabad,IPL match on 2019-05-02: Mumbai Indians played against Sunrisers Hyderabad at Wankhede Stadium. Toss winner was Mumbai Indians who chose to bat. Match winner was No Result.
match,Punjab Kings vs Kolkata Knight Riders,IPL match on 2019-05-03: Punjab Kings played against Kolkata Knight Riders at Punjab Cricket Association IS Bindra Stadium. Toss winner was Kolkata Knight Riders who chose to field. Match winner was Kolkata Knight Riders.
match,Rajasthan Royals vs Delhi Capitals,IPL match on 2019-05-04: Rajasthan Royals played against Delhi Capitals at Arun Jaitley Stadium. Toss winner was Rajasthan Royals who chose to bat. Match winner was Delhi Capitals.
match,Sunrisers Hyderabad vs Royal Challengers Bengaluru,IPL match on 2019-05-04: Sunrisers Hyderabad played against Royal Challengers Bengaluru at M.Chinnaswamy Stadium. Toss winner was Royal Challengers Bengaluru who chose to field. Match winner was Royal Challengers Bengaluru.
match,Chennai Super Kings vs Punjab Kings,IPL match on 2019-05-05: Chennai Super Kings played against Punjab Kings at Punjab Cricket Association IS Bindra Stadium. Toss winner was Punjab Kings who chose to field. Match winner was Punjab Kings.
match,Kolkata Knight Riders vs Mumbai Indians,IPL match on 2019-05-05: Kolkata Knight Riders played against Mumbai Indians at Wankhede Stadium. Toss winner was Mumbai Indians who chose to field. Match winner was Mumbai Indians.
match,Chennai Super Kings vs Mumbai Indians,IPL match on 2019-05-07: Chennai Super Kings played against Mumbai Indians at MA Chidambaram Stadium. Toss winner was Chennai Super Kings who chose to bat. Match winner was Mumbai Indians.
match,Sunrisers Hyderabad vs Delhi Capitals,IPL match on 2019-05-08: Sunrisers Hyderabad played against Delhi Capitals at Dr. Y.S. Rajasekhara Reddy ACA-VDCA Cricket Stadium. Toss winner was Delhi Capitals who chose to field. Match winner was Delhi Capitals.
match,Delhi Capitals vs Chennai Super Kings,IPL match on 2019-05-10: Delhi Capitals played against Chennai Super Kings at Dr. Y.S. Rajasekhara Reddy ACA-VDCA Cricket Stadium. Toss winner was Chennai Super Kings who chose to field. Match winner was Chennai Super Kings.
match,Mumbai Indians vs Chennai Super Kings,IPL match on 2019-05-12: Mumbai Indians played against Chennai Super Kings at Rajiv Gandhi International Stadium. Toss winner was Mumbai Indians who chose to bat. Match winner was Mumbai Indians.
match,Mumbai Indians vs Chennai Super Kings,IPL match on 2020-09-19: Mumbai Indians played against Chennai Super Kings at Sheikh Zayed Stadium. Toss winner was Chennai Super Kings who chose to field. Match winner was Chennai Super Kings.
match,Delhi Capitals vs Punjab Kings,IPL match on 2020-09-20: Delhi Capitals played against Punjab Kings at Dubai International Cricket Stadium. Toss winner was Punjab Kings who chose to field. Match winner was No Result.
match,Royal Challengers Bengaluru vs Sunrisers Hyderabad,IPL match on 2020-09-21: Royal Challengers Bengaluru played against Sunrisers Hyderabad at Dubai International Cricket Stadium. Toss winner was Sunrisers Hyderabad who chose to field. Match winner was Royal Challengers Bengaluru.
match,Rajasthan Royals vs Chennai Super Kings,IPL match on 2020-09-22: Rajasthan Royals played against Chennai Super Kings at Sharjah Cricket Stadium. Toss winner was Chennai Super Kings who chose to field. Match winner was Rajasthan Royals.
match,Mumbai Indians vs Kolkata Knight Riders,IPL match on 2020-09-23: Mumbai Indians played against Kolkata Knight Riders at Sheikh Zayed Stadium. Toss winner was Kolkata Knight Riders who chose to field. Match winner was Mumbai Indians.
match,Punjab Kings vs Royal Challengers Bengaluru,IPL match on 2020-09-24: Punjab Kings played against Royal Challengers Bengaluru at Dubai International Cricket Stadium. Toss winner was Royal Challengers Bengaluru who chose to field. Match winner was Punjab Kings.
match,Delhi Capitals vs Chennai Super Kings,IPL match on 2020-09-25: Delhi Capitals played against Chennai Super Kings at Dubai International Cricket Stadium. Toss winner was Chennai Super Kings who chose to field. Match winner was Delhi Capitals.
match,Sunrisers Hyderabad vs Kolkata Knight Riders,IPL match on 2020-09-26: Sunrisers Hyderabad played against Kolkata Knight Riders at Sheikh Zayed Stadium. Toss winner was Sunrisers Hyderabad who chose to bat. Match winner was Kolkata Knight Riders.
match,Punjab Kings vs Rajasthan Royals,IPL match on 2020-09-27: Punjab Kings played against Rajasthan Royals at Sharjah Cricket Stadium. Toss winner was Rajasthan Royals who chose to field. Match winner was Rajasthan Royals.
match,Royal Challengers Bengaluru vs Mumbai Indians,IPL match on 2020-09-28: Royal Challengers Bengaluru played against Mumbai Indians at Dubai International Cricket Stadium. Toss winner was Mumbai Indians who chose to field. Match winner was No Result.
match,Sunrisers Hyderabad vs Delhi Capitals,IPL match on 2020-09-29: Sunrisers Hyderabad played against Delhi Capitals at Sheikh Zayed Stadium. Toss winner was Delhi Capitals who chose to field. Match winner was Sunrisers Hyderabad.
match,Kolkata Knight Riders vs Rajasthan Royals,IPL match on 2020-09-30: Kolkata Knight Riders played against Rajasthan Royals at Dubai International Cricket Stadium. Toss winner was Rajasthan Royals who chose to field. Match winner was Kolkata Knight Riders.
match,Mumbai Indians vs Punjab Kings,IPL match on 2020-10-01: Mumbai Indians played against Punjab Kings at Sheikh Zayed Stadium. Toss winner was Punjab Kings who chose to field. Match winner was Mumbai Indians.
match,Sunrisers Hyderabad vs Chennai Super Kings,IPL match on 2020-10-02: Sunrisers Hyderabad played against Chennai Super Kings at Dubai International Cricket Stadium. Toss winner was Sunrisers Hyderabad who chose to bat. Match winner was Sunrisers Hyderabad.
match,Delhi Capitals vs Kolkata Knight Riders,IPL match on 2020-10-03: Delhi Capitals played against Kolkata Knight Riders at Sharjah Cricket Stadium. Toss winner was Kolkata Knight Riders who chose to field. Match winner was Delhi Capitals.
match,Rajasthan Royals vs Royal Challengers Bengaluru,IPL match on 2020-10-03: Rajasthan Royals played against Royal Challengers Bengaluru at Sheikh Zayed Stadium. Toss winner was Rajasthan Royals who chose to bat. Match winner was Royal Challengers Bengaluru.
match,Punjab Kings vs Chennai Super Kings,IPL match on 2020-10-04: Punjab Kings played against Chennai Super Kings at Dubai International Cricket Stadium. Toss winner was Punjab Kings who chose to bat. Match winner was Chennai Super Kings.
match,Mumbai Indians vs Sunrisers Hyderabad,IPL match on 2020-10-04: Mumbai Indians played against Sunrisers Hyderabad at Sharjah Cricket Stadium. Toss winner was Mumbai Indians who chose to bat. Match winner was Mumbai Indians.
match,Delhi Capitals vs Royal Challengers Bengaluru,IPL match on 2020-10-05: Delhi Capitals played against Royal Challengers Bengaluru at Dubai International Cricket Stadium. Toss winner was Royal Challengers Bengaluru who chose to field. Match winner was Delhi Capitals.
match,Mumbai Indians vs Rajasthan Royals,IPL match on 2020-10-06: Mumbai Indians played against Rajasthan Royals at Sheikh Zayed Stadium. Toss winner was Mumbai Indians who chose to bat. Match winner was Mumbai Indians.
match,Kolkata Knight Riders vs Chennai Super Kings,IPL match on 2020-10-07: Kolkata Knight Riders played against Chennai Super Kings at Sheikh Zayed Stadium. Toss winner was Kolkata Knight Riders who chose to bat. Match winner was Kolkata Knight Riders.
match,Sunrisers Hyderabad vs Punjab Kings,IPL match on 2020-10-08: Sunrisers Hyderabad played against Punjab Kings at Dubai International Cricket Stadium. Toss winner was Sunrisers Hyderabad who chose to bat. Match winner was Sunrisers Hyderabad.
match,Delhi Capitals vs Rajasthan Royals,IPL match on 2020-10-09: Delhi Capitals played against Rajasthan Royals at Sharjah Cricket Stadium. Toss winner was Rajasthan Royals who chose to field. Match winner was Delhi Capitals.
match,Kolkata Knight Riders vs Punjab Kings,IPL match on 2020-10-10: Kolkata Knight Riders played against Punjab Kings at Sheikh Zayed Stadium. Toss winner was Kolkata Knight Riders who chose to bat. Match winner was Kolkata Knight Riders.
match,Royal Challengers Bengaluru vs Chennai Super Kings,IPL match on 2020-10-10: Royal Challengers Bengaluru played against Chennai Super Kings at Dubai International Cricket Stadium. Toss winner was Royal Challengers Bengaluru who chose to bat. Match winner was Royal Challengers Bengaluru.
match,Delhi Capitals vs Mumbai Indians,IPL match on 2020-10-11: Delhi Capitals played against Mumbai Indians at Sheikh Zayed Stadium. Toss winner was Delhi Capitals who chose to bat. Match winner was Mumbai Indians.
match,Sunrisers Hyderabad vs Rajasthan Royals,IPL match on 2020-10-11: Sunrisers Hyderabad played against Rajasthan Royals at Dubai International Cricket Stadium. Toss winner was Sunrisers Hyderabad who chose to bat. Match winner was Rajasthan Royals.
match,Royal Challengers Bengaluru vs Kolkata Knight Riders,IPL match on 2020-10-12: Royal Challengers Bengaluru played against Kolkata Knight Riders at Sharjah Cricket Stadium. Toss winner was Royal Challengers Bengaluru who chose to bat. Match winner was Royal Challengers Bengaluru.
match,Chennai Super Kings vs Sunrisers Hyderabad,IPL match on 2020-10-13: Chennai Super Kings played against Sunrisers Hyderabad at Dubai International Cricket Stadium. Toss winner was Chennai Super Kings who chose to bat. Match winner was Chennai Super Kings.
match,Delhi Capitals vs Rajasthan Royals,IPL match on 2020-10-14: Delhi Capitals played against Rajasthan Royals at Dubai International Cricket Stadium. Toss winner was Delhi Capitals who chose to bat. Match winner was Delhi Capitals.
match,Royal Challengers Bengaluru vs Punjab Kings,IPL match on 2020-10-15: Royal Challengers Bengaluru played against Punjab Kings at Sharjah Cricket Stadium. Toss winner was Royal Challengers Bengaluru who chose to bat. Match winner was Punjab Kings.
match,Kolkata Knight Riders vs Mumbai Indians,IPL match on 2020-10-16: Kolkata Knight Riders played against Mumbai Indians at Sheikh Zayed Stadium. Toss winner was Kolkata Knight Riders who chose to bat. Match winner was Mumbai Indians.
match,Rajasthan Royals vs Royal Challengers Bengaluru,IPL match on 2020-10-17: Rajasthan Royals played against Royal Challengers Bengaluru at Dubai International Cricket Stadium. Toss winner was Rajasthan Royals who chose to bat. Match winner was Royal Challengers Bengaluru.
match,Chennai Super Kings vs Delhi Capitals,IPL match on 2020-10-17: Chennai Super Kings played against Delhi Capitals at Sharjah Cricket Stadium. Toss winner was Chennai Super Kings who chose to bat. Match winner was Delhi Capitals.
match,Mumbai Indians vs Punjab Kings,IPL match on 2020-10-18: Mumbai Indians played against Punjab Kings at Dubai International Cricket Stadium. Toss winner was Mumbai Indians who chose to bat. Match winner was No Result.
match,Kolkata Knight Riders vs Sunrisers Hyderabad,IPL match on 2020-10-18: Kolkata Knight Riders played against Sunrisers Hyderabad at Sheikh Zayed Stadium. Toss winner was Sunrisers Hyderabad who chose to field. Match winner was No Result.
match,Chennai Super Kings vs Rajasthan Royals,IPL match on 2020-10-19: Chennai Super Kings played against Rajasthan Royals at Sheikh Zayed Stadium. Toss winner was Chennai Super Kings who chose to bat. Match winner was Rajasthan Royals.
match,Delhi Capitals vs Punjab Kings,IPL match on 2020-10-20: Delhi Capitals played against Punjab Kings at Dubai International Cricket Stadium. Toss winner was Delhi Capitals who chose to bat. Match winner was Punjab Kings.
match,Kolkata Knight Riders vs Royal Challengers Bengaluru,IPL match on 2020-10-21: Kolkata Knight Riders played against Royal Challengers Bengaluru at Sheikh Zayed Stadium. Toss winner was Kolkata Knight Riders who chose to bat. Match winner was Royal Challengers Bengaluru.
match,Rajasthan Royals vs Sunrisers Hyderabad,IPL match on 2020-10-22: Rajasthan Royals played against Sunrisers Hyderabad at Dubai International Cricket Stadium. Toss winner was Sunrisers Hyderabad who chose to field. Match winner was Sunrisers Hyderabad.
match,Chennai Super Kings vs Mumbai Indians,IPL match on 2020-10-23: Chennai Super Kings played against Mumbai Indians at Sharjah Cricket Stadium. Toss winner was Mumbai Indians who chose to field. Match winner was Mumbai Indians.
match,Punjab Kings vs Sunrisers Hyderabad,IPL match on 2020-10-24: Punjab Kings played against Sunrisers Hyderabad at Dubai International Cricket Stadium. Toss winner was Sunrisers Hyderabad who chose to field. Match winner was Punjab Kings.
match,Kolkata Knight Riders vs Delhi Capitals,IPL match on 2020-10-24: Kolkata Knight Riders played against Delhi Capitals at Sheikh Zayed Stadium. Toss winner was Delhi Capitals who chose to field. Match winner was Kolkata Knight Riders.
match,Mumbai Indians vs Rajasthan Royals,IPL match on 2020-10-25: Mumbai Indians played against Rajasthan Royals at Sheikh Zayed Stadium. Toss winner was Mumbai Indians who chose to bat. Match winner was Rajasthan Royals.
match,Royal Challengers Bengaluru vs Chennai Super Kings,IPL match on 2020-10-25: Royal Challengers Bengaluru played against Chennai Super Kings at Dubai International Cricket Stadium. Toss winner was Royal Challengers Bengaluru who chose to bat. Match winner was Chennai Super Kings.
match,Kolkata Knight Riders vs Punjab Kings,IPL match on 2020-10-26: Kolkata Knight Riders played against Punjab Kings at Sharjah Cricket Stadium. Toss winner was Punjab Kings who chose to field. Match winner was Punjab Kings.
match,Sunrisers Hyderabad vs Delhi Capitals,IPL match on 2020-10-27: Sunrisers Hyderabad played against Delhi Capitals at Dubai International Cricket Stadium. Toss winner was Delhi Capitals who chose to field. Match winner was Sunrisers Hyderabad.
match,Royal Challengers Bengaluru vs Mumbai Indians,IPL match on 2020-10-28: Royal Challengers Bengaluru played against Mumbai Indians at Sheikh Zayed Stadium. Toss winner was Mumbai Indians who chose to field. Match winner was Mumbai Indians.
match,Kolkata Knight Riders vs Chennai Super Kings,IPL match on 2020-10-29: Kolkata Knight Riders played against Chennai Super Kings at Dubai International Cricket Stadium. Toss winner was Chennai Super Kings who chose to field. Match winner was Chennai Super Kings.
match,Punjab Kings vs Rajasthan Royals,IPL match on 2020-10-30: Punjab Kings played against Rajasthan Royals at Sheikh Zayed Stadium. Toss winner was Rajasthan Royals who chose to field. Match winner was Rajasthan Royals.
match,Royal Challengers Bengaluru vs Sunrisers Hyderabad,IPL match on 2020-10-31: Royal Challengers Bengaluru played against Sunrisers Hyderabad at Sharjah Cricket Stadium. Toss winner was Sunrisers Hyderabad who chose to field. Match winner was Sunrisers Hyderabad.
match,Delhi Capitals vs Mumbai Indians,IPL match on 2020-10-31: Delhi Capitals played against Mumbai Indians at Dubai International Cricket Stadium. Toss winner was Mumbai Indians who chose to field. Match winner was Mumbai Indians.
match,Punjab Kings vs Chennai Super Kings,IPL match on 2020-11-01: Punjab Kings played against Chennai Super Kings at Sheikh Zayed Stadium. Toss winner was Chennai Super Kings who chose to field. Match winner was Chennai Super Kings.
match,Kolkata Knight Riders vs Rajasthan Royals,IPL match on 2020-11-01: Kolkata Knight Riders played against Rajasthan Royals at Dubai International Cricket Stadium. Toss winner was Rajasthan Royals who chose to field. Match winner was Kolkata Knight Riders.
match,Royal Challengers Bengaluru vs Delhi Capitals,IPL match on 2020-11-02: Royal Challengers Bengaluru played against Delhi Capitals at Sheikh Zayed Stadium. Toss winner was Delhi Capitals who chose to field. Match winner was Delhi Capitals.
match,Mumbai Indians vs Sunrisers Hyderabad,IPL match on 2020-11-03: Mumbai Indians played against Sunrisers Hyderabad at Sharjah Cricket Stadium. Toss winner was Sunrisers Hyderabad who chose to field. Match winner was Sunrisers Hyderabad.
match,Mumbai Indians vs Delhi Capitals,IPL match on 2020-11-05: Mumbai Indians played against Delhi Capitals at Dubai International Cricket Stadium. Toss winner was Delhi Capitals who chose to field. Match winner was Mumbai Indians.
match,Royal Challengers Bengaluru vs Sunrisers Hyderabad,IPL match on 2020-11-06: Royal Challengers Bengaluru played against Sunrisers Hyderabad at Sheikh Zayed Stadium. Toss winner was Sunrisers Hyderabad who chose to field. Match winner was Sunrisers Hyderabad.
match,Delhi Capitals vs Sunrisers Hyderabad,IPL match on 2020-11-08: Delhi Capitals played against Sunrisers Hyderabad at Sheikh Zayed Stadium. Toss winner was Delhi Capitals who chose to bat. Match winner was Delhi Capitals.
match,Delhi Capitals vs Mumbai Indians,IPL match on 2020-11-10: Delhi Capitals played against Mumbai Indians at Dubai International Cricket Stadium. Toss winner was Delhi Capitals who chose to bat. Match winner was Mumbai Indians.
match,Mumbai Indians vs Royal Challengers Bengaluru,"IPL match on 2021-04-09: Mumbai Indians played against Royal Challengers Bengaluru at MA Chidambaram Stadium, Chepauk, Chennai. Toss winner was Royal Challengers Bengaluru who chose to field. Match winner was Royal Challengers Bengaluru."
match,Chennai Super Kings vs Delhi Capitals,"IPL match on 2021-04-10: Chennai Super Kings played against Delhi Capitals at Wankhede Stadium, Mumbai. Toss winner was Delhi Capitals who chose to field. Match winner was Delhi Capitals."
match,Kolkata Knight Riders vs Sunrisers Hyderabad,"IPL match on 2021-04-11: Kolkata Knight Riders played against Sunrisers Hyderabad at MA Chidambaram Stadium, Chepauk, Chennai. Toss winner was Sunrisers Hyderabad who chose to field. Match winner was Kolkata Knight Riders."
match,Punjab Kings vs Rajasthan Royals,"IPL match on 2021-04-12: Punjab Kings played against Rajasthan Royals at Wankhede Stadium, Mumbai. Toss winner was Rajasthan Royals who chose to field. Match winner was Punjab Kings."
match,Mumbai Indians vs Kolkata Knight Riders,"IPL match on 2021-04-13: Mumbai Indians played against Kolkata Knight Riders at MA Chidambaram Stadium, Chepauk, Chennai. Toss winner was Kolkata Knight Riders who chose to field. Match winner was Mumbai Indians."
match,Royal Challengers Bengaluru vs Sunrisers Hyderabad,"IPL match on 2021-04-14: Royal Challengers Bengaluru played against Sunrisers Hyderabad at MA Chidambaram Stadium, Chepauk, Chennai. Toss winner was Sunrisers Hyderabad who chose to field. Match winner was Royal Challengers Bengaluru."
match,Delhi Capitals vs Rajasthan Royals,"IPL match on 2021-04-15: Delhi Capitals played against Rajasthan Royals at Wankhede Stadium, Mumbai. Toss winner was Rajasthan Royals who chose to field. Match winner was Rajasthan Royals."
match,Punjab Kings vs Chennai Super Kings,"IPL match on 2021-04-16: Punjab Kings played against Chennai Super Kings at Wankhede Stadium, Mumbai. Toss winner was Chennai Super Kings who chose to field. Match winner was Chennai Super Kings."
match,Mumbai Indians vs Sunrisers Hyderabad,"IPL match on 2021-04-17: Mumbai Indians played against Sunrisers Hyderabad at MA Chidambaram Stadium, Chepauk, Chennai. Toss winner was Mumbai Indians who chose to bat. Match winner was Mumbai Indians."
match,Royal Challengers Bengaluru vs Kolkata Knight Riders,"IPL match on 2021-04-18: Royal Challengers Bengaluru played against Kolkata Knight Riders at MA Chidambaram Stadium, Chepauk, Chennai. Toss winner was Royal Challengers Bengaluru who chose to bat. Match winner was Royal Challengers Bengaluru."
match,Punjab Kings vs Delhi Capitals,"IPL match on 2021-04-18: Punjab Kings played against Delhi Capitals at Wankhede Stadium, Mumbai. Toss winner was Delhi Capitals who chose to field. Match winner was Delhi Capitals."
match,Chennai Super Kings vs Rajasthan Royals,"IPL match on 2021-04-19: Chennai Super Kings played against Rajasthan Royals at Wankhede Stadium, Mumbai. Toss winner was Rajasthan Royals who chose to field. Match winner was Chennai Super Kings."
match,Mumbai Indians vs Delhi Capitals,"IPL match on 2021-04-20: Mumbai Indians played against Delhi Capitals at MA Chidambaram Stadium, Chepauk, Chennai. Toss winner was Mumbai Indians who chose to bat. Match winner was Delhi Capitals."
match,Punjab Kings vs Sunrisers Hyderabad,"IPL match on 2021-04-21: Punjab Kings played against Sunrisers Hyderabad at MA Chidambaram Stadium, Chepauk, Chennai. Toss winner was Punjab Kings who chose to bat. Match winner was Sunrisers Hyderabad."
match,Chennai Super Kings vs Kolkata Knight Riders,"IPL match on 2021-04-21: Chennai Super Kings played against Kolkata Knight Riders at Wankhede Stadium, Mumbai. Toss winner was Kolkata Knight Riders who chose to field. Match winner was Chennai Super Kings."
match,Rajasthan Royals vs Royal Challengers Bengaluru,"IPL match on 2021-04-22: Rajasthan Royals played against Royal Challengers Bengaluru at Wankhede Stadium, Mumbai. Toss winner was Royal Challengers Bengaluru who chose to field. Match winner was Royal Challengers Bengaluru."
match,Mumbai Indians vs Punjab Kings,"IPL match on 2021-04-23: Mumbai Indians played against Punjab Kings at MA Chidambaram Stadium, Chepauk, Chennai. Toss winner was Punjab Kings who chose to field. Match winner was Punjab Kings."
match,Kolkata Knight Riders vs Rajasthan Royals,"IPL match on 2021-04-24: Kolkata Knight Riders played against Rajasthan Royals at Wankhede Stadium, Mumbai. Toss winner was Rajasthan Royals who chose to field. Match winner was Rajasthan Royals."
match,Delhi Capitals vs Sunrisers Hyderabad,"IPL match on 2021-04-25: Delhi Capitals played against Sunrisers Hyderabad at MA Chidambaram Stadium, Chepauk, Chennai. Toss winner was Delhi Capitals who chose to bat. Match winner was No Result."
match,Chennai Super Kings vs Royal Challengers Bengaluru,"IPL match on 2021-04-25: Chennai Super Kings played against Royal Challengers Bengaluru at Wankhede Stadium, Mumbai. Toss winner was Chennai Super Kings who chose to bat. Match winner was Chennai Super Kings."
match,Punjab Kings vs Kolkata Knight Riders,"IPL match on 2021-04-26: Punjab Kings played against Kolkata Knight Riders at Narendra Modi Stadium, Ahmedabad. Toss winner was Kolkata Knight Riders who chose to field. Match winner was Kolkata Knight Riders."
match,Royal Challengers Bengaluru vs Delhi Capitals,"IPL match on 2021-04-27: Royal Challengers Bengaluru played against Delhi Capitals at Narendra Modi Stadium, Ahmedabad. Toss winner was Delhi Capitals who chose to field. Match winner was Royal Challengers Bengaluru."
match,Sunrisers Hyderabad vs Chennai Super Kings,"IPL match on 2021-04-28: Sunrisers Hyderabad played against Chennai Super Kings at Arun Jaitley Stadium, Delhi. Toss winner was Sunrisers Hyderabad who chose to bat. Match winner was Chennai Super Kings."
match,Kolkata Knight Riders vs Delhi Capitals,"IPL match on 2021-04-29: Kolkata Knight Riders played against Delhi Capitals at Narendra Modi Stadium, Ahmedabad. Toss winner was Delhi Capitals who chose to field. Match winner was Delhi Capitals."
match,Rajasthan Royals vs Mumbai Indians,"IPL match on 2021-04-29: Rajasthan Royals played against Mumbai Indians at Arun Jaitley Stadium, Delhi. Toss winner was Mumbai Indians who chose to field. Match winner was Mumbai Indians."
match,Punjab Kings vs Royal Challengers Bengaluru,"IPL match on 2021-04-30: Punjab Kings played against Royal Challengers Bengaluru at Narendra Modi Stadium, Ahmedabad. Toss winner was Royal Challengers Bengaluru who chose to field. Match winner was Punjab Kings."
match,Chennai Super Kings vs Mumbai Indians,"IPL match on 2021-05-01: Chennai Super Kings played against Mumbai Indians at Arun Jaitley Stadium, Delhi. Toss winner was Mumbai Indians who chose to field. Match winner was Mumbai Indians."
match,Punjab Kings vs Delhi Capitals,"IPL match on 2021-05-02: Punjab Kings played against Delhi Capitals at Narendra Modi Stadium, Ahmedabad. Toss winner was Delhi Capitals who chose to field. Match winner was Delhi Capitals."
match,Rajasthan Royals vs Sunrisers Hyderabad,"IPL match on 2021-05-02: Rajasthan Royals played against Sunrisers Hyderabad at Arun Jaitley Stadium, Delhi. Toss winner was Sunrisers Hyderabad who chose to field. Match winner was Rajasthan Royals."
match,Chennai Super Kings vs Mumbai Indians,IPL match on 2021-09-19: Chennai Super Kings played against Mumbai Indians at Dubai International Cricket Stadium. Toss winner was Chennai Super Kings who chose to bat. Match winner was Chennai Super Kings.
match,Royal Challengers Bengaluru vs Kolkata Knight Riders,"IPL match on 2021-09-20: Royal Challengers Bengaluru played against Kolkata Knight Riders at Zayed Cricket Stadium, Abu Dhabi. Toss winner was Royal Challengers Bengaluru who chose to bat. Match winner was Kolkata Knight Riders."
match,Rajasthan Royals vs Punjab Kings,IPL match on 2021-09-21: Rajasthan Royals played against Punjab Kings at Dubai International Cricket Stadium. Toss winner was Punjab Kings who chose to field. Match winner was Rajasthan Royals.
match,Sunrisers Hyderabad vs Delhi Capitals,IPL match on 2021-09-22: Sunrisers Hyderabad played against Delhi Capitals at Dubai International Cricket Stadium. Toss winner was Sunrisers Hyderabad who chose to bat. Match winner was Delhi Capitals.
match,Mumbai Indians vs Kolkata Knight Riders,"IPL match on 2021-09-23: Mumbai Indians played against Kolkata Knight Riders at Zayed Cricket Stadium, Abu Dhabi. Toss winner was Kolkata Knight Riders who chose to field. Match winner was Kolkata Knight Riders."
match,Royal Challengers Bengaluru vs Chennai Super Kings,IPL match on 2021-09-24: Royal Challengers Bengaluru played against Chennai Super Kings at Sharjah Cricket Stadium. Toss winner was Chennai Super Kings who chose to field. Match winner was Chennai Super Kings.
match,Punjab Kings vs Sunrisers Hyderabad,IPL match on 2021-09-25: Punjab Kings played against Sunrisers Hyderabad at Sharjah Cricket Stadium. Toss winner was Sunrisers Hyderabad who chose to field. Match winner was Punjab Kings.
match,Delhi Capitals vs Rajasthan Royals,"IPL match on 2021-09-25: Delhi Capitals played against Rajasthan Royals at Zayed Cricket Stadium, Abu Dhabi. Toss winner was Rajasthan Royals who chose to field. Match winner was Delhi Capitals."
match,Royal Challengers Bengaluru vs Mumbai Indians,IPL match on 2021-09-26: Royal Challengers Bengaluru played against Mumbai Indians at Dubai International Cricket Stadium. Toss winner was Mumbai Indians who chose to field. Match winner was Royal Challengers Bengaluru.
match,Kolkata Knight Riders vs Chennai Super Kings,"IPL match on 2021-09-26: Kolkata Knight Riders played against Chennai Super Kings at Zayed Cricket Stadium, Abu Dhabi. Toss winner was Kolkata Knight Riders who chose to bat. Match winner was Chennai Super Kings."
match,Rajasthan Royals vs Sunrisers Hyderabad,IPL match on 2021-09-27: Rajasthan Royals played against Sunrisers Hyderabad at Dubai International Cricket Stadium. Toss winner was Rajasthan Royals who chose to bat. Match winner was Sunrisers Hyderabad.
match,Punjab Kings vs Mumbai Indians,"IPL match on 2021-09-28: Punjab Kings played against Mumbai Indians at Zayed Cricket Stadium, Abu Dhabi. Toss winner was Mumbai Indians who chose to field. Match winner was Mumbai Indians."
match,Delhi Capitals vs Kolkata Knight Riders,IPL match on 2021-09-28: Delhi Capitals played against Kolkata Knight Riders at Sharjah Cricket Stadium. Toss winner was Kolkata Knight Riders who chose to field. Match winner was Kolkata Knight Riders.
match,Rajasthan Royals vs Royal Challengers Bengaluru,IPL match on 2021-09-29: Rajasthan Royals played against Royal Challengers Bengaluru at Dubai International Cricket Stadium. Toss winner was Royal Challengers Bengaluru who chose to field. Match winner was Royal Challengers Bengaluru.
match,Sunrisers Hyderabad vs Chennai Super Kings,IPL match on 2021-09-30: Sunrisers Hyderabad played against Chennai Super Kings at Sharjah Cricket Stadium. Toss winner was Chennai Super Kings who chose to field. Match winner was Chennai Super Kings.
match,Kolkata Knight Riders vs Punjab Kings,IPL match on 2021-10-01: Kolkata Knight Riders played against Punjab Kings at Dubai International Cricket Stadium. Toss winner was Punjab Kings who chose to field. Match winner was Punjab Kings.
match,Mumbai Indians vs Delhi Capitals,IPL match on 2021-10-02: Mumbai Indians played against Delhi Capitals at Sharjah Cricket Stadium. Toss winner was Delhi Capitals who chose to field. Match winner was Delhi Capitals.
match,Chennai Super Kings vs Rajasthan Royals,"IPL match on 2021-10-02: Chennai Super Kings played against Rajasthan Royals at Zayed Cricket Stadium, Abu Dhabi. Toss winner was Rajasthan Royals who chose to field. Match winner was Rajasthan Royals."
match,Royal Challengers Bengaluru vs Punjab Kings,IPL match on 2021-10-03: Royal Challengers Bengaluru played against Punjab Kings at Sharjah Cricket Stadium. Toss winner was Royal Challengers Bengaluru who chose to bat. Match winner was Royal Challengers Bengaluru.
match,Sunrisers Hyderabad vs Kolkata Knight Riders,IPL match on 2021-10-03: Sunrisers Hyderabad played against Kolkata Knight Riders at Dubai International Cricket Stadium. Toss winner was Sunrisers Hyderabad who chose to bat. Match winner was Kolkata Knight Riders.
match,Chennai Super Kings vs Delhi Capitals,IPL match on 2021-10-04: Chennai Super Kings played against Delhi Capitals at Dubai International Cricket Stadium. Toss winner was Delhi Capitals who chose to field. Match winner was Delhi Capitals.
match,Rajasthan Royals vs Mumbai Indians,IPL match on 2021-10-05: Rajasthan Royals played against Mumbai Indians at Sharjah Cricket Stadium. Toss winner was Mumbai Indians who chose to field. Match winner was Mumbai Indians.
match,Sunrisers Hyderabad vs Royal Challengers Bengaluru,"IPL match on 2021-10-06: Sunrisers Hyderabad played against Royal Challengers Bengaluru at Zayed Cricket Stadium, Abu Dhabi. Toss winner was Royal Challengers Bengaluru who chose to field. Match winner was Sunrisers Hyderabad."
match,Chennai Super Kings vs Punjab Kings,IPL match on 2021-10-07: Chennai Super Kings played against Punjab Kings at Dubai International Cricket Stadium. Toss winner was Punjab Kings who chose to field. Match winner was Punjab Kings.
match,Kolkata Knight Riders vs Rajasthan Royals,IPL match on 2021-10-07: Kolkata Knight Riders played against Rajasthan Royals at Sharjah Cricket Stadium. Toss winner was Rajasthan Royals who chose to field. Match winner was Kolkata Knight Riders.
match,Delhi Capitals vs Royal Challengers Bengaluru,IPL match on 2021-10-08: Delhi Capitals played against Royal Challengers Bengaluru at Dubai International Cricket Stadium. Toss winner was Royal Challengers Bengaluru who chose to field. Match winner was Royal Challengers Bengaluru.
match,Mumbai Indians vs Sunrisers Hyderabad,"IPL match on 2021-10-08: Mumbai Indians played against Sunrisers Hyderabad at Zayed Cricket Stadium, Abu Dhabi. Toss winner was Mumbai Indians who chose to bat. Match winner was Mumbai Indians."
match,Delhi Capitals vs Chennai Super Kings,IPL match on 2021-10-10: Delhi Capitals played against Chennai Super Kings at Dubai International Cricket Stadium. Toss winner was Chennai Super Kings who chose to field. Match winner was Chennai Super Kings.
match,Royal Challengers Bengaluru vs Kolkata Knight Riders,IPL match on 2021-10-11: Royal Challengers Bengaluru played against Kolkata Knight Riders at Sharjah Cricket Stadium. Toss winner was Royal Challengers Bengaluru who chose to bat. Match winner was Kolkata Knight Riders.
match,Delhi Capitals vs Kolkata Knight Riders,IPL match on 2021-10-13: Delhi Capitals played against Kolkata Knight Riders at Sharjah Cricket Stadium. Toss winner was Kolkata Knight Riders who chose to field. Match winner was Kolkata Knight Riders.
match,Chennai Super Kings vs Kolkata Knight Riders,IPL match on 2021-10-15: Chennai Super Kings played against Kolkata Knight Riders at Dubai International Cricket Stadium. Toss winner was Kolkata Knight Riders who chose to field. Match winner was Chennai Super Kings.
match,Chennai Super Kings vs Kolkata Knight Riders,"IPL match on 2022-03-26: Chennai Super Kings played against Kolkata Knight Riders at Wankhede Stadium, Mumbai. Toss winner was Kolkata Knight Riders who chose to field. Match winner was Kolkata Knight Riders."
match,Mumbai Indians vs Delhi Capitals,"IPL match on 2022-03-27: Mumbai Indians played against Delhi Capitals at Brabourne Stadium, Mumbai. Toss winner was Delhi Capitals who chose to field. Match winner was Delhi Capitals."
match,Royal Challengers Bengaluru vs Punjab Kings,"IPL match on 2022-03-27: Royal Challengers Bengaluru played against Punjab Kings at Dr DY Patil Sports Academy, Mumbai. Toss winner was Punjab Kings who chose to field. Match winner was Punjab Kings."
match,Lucknow Super Giants vs Gujarat Titans,"IPL match on 2022-03-28: Lucknow Super Giants played against Gujarat Titans at Wankhede Stadium, Mumbai. Toss winner was Gujarat Titans who chose to field. Match winner was Gujarat Titans."
match,Rajasthan Royals vs Sunrisers Hyderabad,"IPL match on 2022-03-29: Rajasthan Royals played against Sunrisers Hyderabad at Maharashtra Cricket Association Stadium, Pune. Toss winner was Sunrisers Hyderabad who chose to field. Match winner was Rajasthan Royals."
match,Kolkata Knight Riders vs Royal Challengers Bengaluru,"IPL match on 2022-03-30: Kolkata Knight Riders played against Royal Challengers Bengaluru at Dr DY Patil Sports Academy, Mumbai. Toss winner was Royal Challengers Bengaluru who chose to field. Match winner was Royal Challengers Bengaluru."
match,Chennai Super Kings vs Lucknow Super Giants,"IPL match on 2022-03-31: Chennai Super Kings played against Lucknow Super Giants at Brabourne Stadium, Mumbai. Toss winner was Lucknow Super Giants who chose to field. Match winner was Lucknow Super Giants."
match,Punjab Kings vs Kolkata Knight Riders,"IPL match on 2022-04-01: Punjab Kings played against Kolkata Knight Riders at Wankhede Stadium, Mumbai. Toss winner was Kolkata Knight Riders who chose to field. Match winner was Kolkata Knight Riders."
match,Rajasthan Royals vs Mumbai Indians,"IPL match on 2022-04-02: Rajasthan Royals played against Mumbai Indians at Dr DY Patil Sports Academy, Mumbai. Toss winner was Mumbai Indians who chose to field. Match winner was Rajasthan Royals."
match,Gujarat Titans vs Delhi Capitals,"IPL match on 2022-04-02: Gujarat Titans played against Delhi Capitals at Maharashtra Cricket Association Stadium, Pune. Toss winner was Delhi Capitals who chose to field. Match winner was Gujarat Titans."
match,Punjab Kings vs Chennai Super Kings,"IPL match on 2022-04-03: Punjab Kings played against Chennai Super Kings at Brabourne Stadium, Mumbai. Toss winner was Chennai Super Kings who chose to field. Match winner was Punjab Kings."
match,Lucknow Super Giants vs Sunrisers Hyderabad,"IPL match on 2022-04-04: Lucknow Super Giants played against Sunrisers Hyderabad at Dr DY Patil Sports Academy, Mumbai. Toss winner was Sunrisers Hyderabad who chose to field. Match winner was Lucknow Super Giants."
match,Rajasthan Royals vs Royal Challengers Bengaluru,"IPL match on 2022-04-05: Rajasthan Royals played against Royal Challengers Bengaluru at Wankhede Stadium, Mumbai. Toss winner was Royal Challengers Bengaluru who chose to field. Match winner was Royal Challengers Bengaluru."
match,Mumbai Indians vs Kolkata Knight Riders,"IPL match on 2022-04-06: Mumbai Indians played against Kolkata Knight Riders at Maharashtra Cricket Association Stadium, Pune. Toss winner was Kolkata Knight Riders who chose to field. Match winner was Kolkata Knight Riders."
match,Delhi Capitals vs Lucknow Super Giants,"IPL match on 2022-04-07: Delhi Capitals played against Lucknow Super Giants at Dr DY Patil Sports Academy, Mumbai. Toss winner was Lucknow Super Giants who chose to field. Match winner was Lucknow Super Giants."
match,Punjab Kings vs Gujarat Titans,"IPL match on 2022-04-08: Punjab Kings played against Gujarat Titans at Brabourne Stadium, Mumbai. Toss winner was Gujarat Titans who chose to field. Match winner was Gujarat Titans."
match,Chennai Super Kings vs Sunrisers Hyderabad,"IPL match on 2022-04-09: Chennai Super Kings played against Sunrisers Hyderabad at Dr DY Patil Sports Academy, Mumbai. Toss winner was Sunrisers Hyderabad who chose to field. Match winner was Sunrisers Hyderabad."
match,Mumbai Indians vs Royal Challengers Bengaluru,"IPL match on 2022-04-09: Mumbai Indians played against Royal Challengers Bengaluru at Maharashtra Cricket Association Stadium, Pune. Toss winner was Royal Challengers Bengaluru who chose to field. Match winner was Royal Challengers Bengaluru."
match,Delhi Capitals vs Kolkata Knight Riders,"IPL match on 2022-04-10: Delhi Capitals played against Kolkata Knight Riders at Brabourne Stadium, Mumbai. Toss winner was Kolkata Knight Riders who chose to field. Match winner was Delhi Capitals."
match,Rajasthan Royals vs Lucknow Super Giants,"IPL match on 2022-04-10: Rajasthan Royals played against Lucknow Super Giants at Wankhede Stadium, Mumbai. Toss winner was Lucknow Super Giants who chose to field. Match winner was Rajasthan Royals."
match,Gujarat Titans vs Sunrisers Hyderabad,"IPL match on 2022-04-11: Gujarat Titans played against Sunrisers Hyderabad at Dr DY Patil Sports Academy, Mumbai. Toss winner was Sunrisers Hyderabad who chose to field. Match winner was Sunrisers Hyderabad."
match,Chennai Super Kings vs Royal Challengers Bengaluru,"IPL match on 2022-04-12: Chennai Super Kings played against Royal Challengers Bengaluru at Dr DY Patil Sports Academy, Mumbai. Toss winner was Royal Challengers Bengaluru who chose to field. Match winner was Chennai Super Kings."
match,Punjab Kings vs Mumbai Indians,"IPL match on 2022-04-13: Punjab Kings played against Mumbai Indians at Maharashtra Cricket Association Stadium, Pune. Toss winner was Mumbai Indians who chose to field. Match winner was Punjab Kings."
match,Gujarat Titans vs Rajasthan Royals,"IPL match on 2022-04-14: Gujarat Titans played against Rajasthan Royals at Dr DY Patil Sports Academy, Mumbai. Toss winner was Rajasthan Royals who chose to field. Match winner was Gujarat Titans."
match,Kolkata Knight Riders vs Sunrisers Hyderabad,"IPL match on 2022-04-15: Kolkata Knight Riders played against Sunrisers Hyderabad at Brabourne Stadium, Mumbai. Toss winner was Sunrisers Hyderabad who chose to field. Match winner was Sunrisers Hyderabad."
match,Lucknow Super Giants vs Mumbai Indians,"IPL match on 2022-04-16: Lucknow Super Giants played against Mumbai Indians at Brabourne Stadium, Mumbai. Toss winner was Mumbai Indians who chose to field. Match winner was Lucknow Super Giants."
match,Royal Challengers Bengaluru vs Delhi Capitals,"IPL match on 2022-04-16: Royal Challengers Bengaluru played against Delhi Capitals at Wankhede Stadium, Mumbai. Toss winner was Delhi Capitals who chose to field. Match winner was Royal Challengers Bengaluru."
match,Chennai Super Kings vs Gujarat Titans,"IPL match on 2022-04-17: Chennai Super Kings played against Gujarat Titans at Maharashtra Cricket Association Stadium, Pune. Toss winner was Gujarat Titans who chose to field. Match winner was Gujarat Titans."
match,Punjab Kings vs Sunrisers Hyderabad,"IPL match on 2022-04-17: Punjab Kings played against Sunrisers Hyderabad at Dr DY Patil Sports Academy, Mumbai. Toss winner was Sunrisers Hyderabad who chose to field. Match winner was Sunrisers Hyderabad."
match,Rajasthan Royals vs Kolkata Knight Riders,"IPL match on 2022-04-18: Rajasthan Royals played against Kolkata Knight Riders at Brabourne Stadium, Mumbai. Toss winner was Kolkata Knight Riders who chose to field. Match winner was Rajasthan Royals."
match,Royal Challengers Bengaluru vs Lucknow Super Giants,"IPL match on 2022-04-19: Royal Challengers Bengaluru played against Lucknow Super Giants at Dr DY Patil Sports Academy, Mumbai. Toss winner was Lucknow Super Giants who chose to field. Match winner was Royal Challengers Bengaluru."
match,Punjab Kings vs Delhi Capitals,"IPL match on 2022-04-20: Punjab Kings played against Delhi Capitals at Brabourne Stadium, Mumbai. Toss winner was Delhi Capitals who chose to field. Match winner was Delhi Capitals."
match,Mumbai Indians vs Chennai Super Kings,"IPL match on 2022-04-21: Mumbai Indians played against Chennai Super Kings at Dr DY Patil Sports Academy, Mumbai. Toss winner was Chennai Super Kings who chose to field. Match winner was Chennai Super Kings."
match,Rajasthan Royals vs Delhi Capitals,"IPL match on 2022-04-22: Rajasthan Royals played against Delhi Capitals at Wankhede Stadium, Mumbai. Toss winner was Delhi Capitals who chose to field. Match winner was Rajasthan Royals."
match,Royal Challengers Bengaluru vs Sunrisers Hyderabad,"IPL match on 2022-04-23: Royal Challengers Bengaluru played against Sunrisers Hyderabad at Brabourne Stadium, Mumbai. Toss winner was Sunrisers Hyderabad who chose to field. Match winner was Sunrisers Hyderabad."
match,Gujarat Titans vs Kolkata Knight Riders,"IPL match on 2022-04-23: Gujarat Titans played against Kolkata Knight Riders at Dr DY Patil Sports Academy, Mumbai. Toss winner was Gujarat Titans who chose to bat. Match winner was Gujarat Titans."
match,Lucknow Super Giants vs Mumbai Indians,"IPL match on 2022-04-24: Lucknow Super Giants played against Mumbai Indians at Wankhede Stadium, Mumbai. Toss winner was Mumbai Indians who chose to field. Match winner was Lucknow Super Giants."
match,Punjab Kings vs Chennai Super Kings,"IPL match on 2022-04-25: Punjab Kings played against Chennai Super Kings at Wankhede Stadium, Mumbai. Toss winner was Chennai Super Kings who chose to field. Match winner was Punjab Kings."
match,Rajasthan Royals vs Royal Challengers Bengaluru,"IPL match on 2022-04-26: Rajasthan Royals played against Royal Challengers Bengaluru at Maharashtra Cricket Association Stadium, Pune. Toss winner was Royal Challengers Bengaluru who chose to field. Match winner was Rajasthan Royals."
match,Sunrisers Hyderabad vs Gujarat Titans,"IPL match on 2022-04-27: Sunrisers Hyderabad played against Gujarat Titans at Wankhede Stadium, Mumbai. Toss winner was Gujarat Titans who chose to field. Match winner was Gujarat Titans."
match,Kolkata Knight Riders vs Delhi Capitals,"IPL match on 2022-04-28: Kolkata Knight Riders played against Delhi Capitals at Wankhede Stadium, Mumbai. Toss winner was Delhi Capitals who chose to field. Match winner was Delhi Capitals."
match,Lucknow Super Giants vs Punjab Kings,"IPL match on 2022-04-29: Lucknow Super Giants played against Punjab Kings at Maharashtra Cricket Association Stadium, Pune. Toss winner was Punjab Kings who chose to field. Match winner was Lucknow Super Giants."
match,Royal Challengers Bengaluru vs Gujarat Titans,"IPL match on 2022-04-30: Royal Challengers Bengaluru played against Gujarat Titans at Brabourne Stadium, Mumbai. Toss winner was Royal Challengers Bengaluru who chose to bat. Match winner was Gujarat Titans."
match,Rajasthan Royals vs Mumbai Indians,"IPL match on 2022-04-30: Rajasthan Royals played against Mumbai Indians at Dr DY Patil Sports Academy, Mumbai. Toss winner was Mumbai Indians who chose to field. Match winner was Mumbai Indians."
match,Lucknow Super Giants vs Delhi Capitals,"IPL match on 2022-05-01: Lucknow Super Giants played against Delhi Capitals at Wankhede Stadium, Mumbai. Toss winner was Lucknow Super Giants who chose to bat. Match winner was Lucknow Super Giants."
match,Chennai Super Kings vs Sunrisers Hyderabad,"IPL match on 2022-05-01: Chennai Super Kings played against Sunrisers Hyderabad at Maharashtra Cricket Association Stadium, Pune. Toss winner was Sunrisers Hyderabad who chose to field. Match winner was Chennai Super Kings."
match,Rajasthan Royals vs Kolkata Knight Riders,"IPL match on 2022-05-02: Rajasthan Royals played against Kolkata Knight Riders at Wankhede Stadium, Mumbai. Toss winner was Kolkata Knight Riders who chose to field. Match winner was Kolkata Knight Riders."
match,Gujarat Titans vs Punjab Kings,"IPL match on 2022-05-03: Gujarat Titans played against Punjab Kings at Dr DY Patil Sports Academy, Mumbai. Toss winner was Gujarat Titans who chose to bat. Match winner was Punjab Kings."
match,Royal Challengers Bengaluru vs Chennai Super Kings,"IPL match on 2022-05-04: Royal Challengers Bengaluru played against Chennai Super Kings at Maharashtra Cricket Association Stadium, Pune. Toss winner was Chennai Super Kings who chose to field. Match winner was Royal Challengers Bengaluru."
match,Delhi Capitals vs Sunrisers Hyderabad,"IPL match on 2022-05-05: Delhi Capitals played against Sunrisers Hyderabad at Brabourne Stadium, Mumbai. Toss winner was Sunrisers Hyderabad who chose to field. Match winner was Delhi Capitals."
match,Mumbai Indians vs Gujarat Titans,"IPL match on 2022-05-06: Mumbai Indians played against Gujarat Titans at Brabourne Stadium, Mumbai. Toss winner was Gujarat Titans who chose to field. Match winner was Mumbai Indians."
match,Lucknow Super Giants vs Kolkata Knight Riders,"IPL match on 2022-05-07: Lucknow Super Giants played against Kolkata Knight Riders at Maharashtra Cricket Association Stadium, Pune. Toss winner was Kolkata Knight Riders who chose to field. Match winner was Lucknow Super Giants."
match,Punjab Kings vs Rajasthan Royals,"IPL match on 2022-05-07: Punjab Kings played against Rajasthan Royals at Wankhede Stadium, Mumbai. Toss winner was Punjab Kings who chose to bat. Match winner was Rajasthan Royals."
match,Royal Challengers Bengaluru vs Sunrisers Hyderabad,"IPL match on 2022-05-08: Royal Challengers Bengaluru played against Sunrisers Hyderabad at Wankhede Stadium, Mumbai. Toss winner was Royal Challengers Bengaluru who chose to bat. Match winner was Royal Challengers Bengaluru."
match,Chennai Super Kings vs Delhi Capitals,"IPL match on 2022-05-08: Chennai Super Kings played against Delhi Capitals at Dr DY Patil Sports Academy, Mumbai. Toss winner was Delhi Capitals who chose to field. Match winner was Chennai Super Kings."
match,Kolkata Knight Riders vs Mumbai Indians,"IPL match on 2022-05-09: Kolkata Knight Riders played against Mumbai Indians at Dr DY Patil Sports Academy, Mumbai. Toss winner was Mumbai Indians who chose to field. Match winner was Kolkata Knight Riders."
match,Gujarat Titans vs Lucknow Super Giants,"IPL match on 2022-05-10: Gujarat Titans played against Lucknow Super Giants at Maharashtra Cricket Association Stadium, Pune. Toss winner was Gujarat Titans who chose to bat. Match winner was Gujarat Titans."
match,Rajasthan Royals vs Delhi Capitals,"IPL match on 2022-05-11: Rajasthan Royals played against Delhi Capitals at Dr DY Patil Sports Academy, Mumbai. Toss winner was Delhi Capitals who chose to field. Match winner was Delhi Capitals."
match,Chennai Super Kings vs Mumbai Indians,"IPL match on 2022-05-12: Chennai Super Kings played against Mumbai Indians at Wankhede Stadium, Mumbai. Toss winner was Mumbai Indians who chose to field. Match winner was Mumbai Indians."
match,Punjab Kings vs Royal Challengers Bengaluru,"IPL match on 2022-05-13: Punjab Kings played against Royal Challengers Bengaluru at Brabourne Stadium, Mumbai. Toss winner was Royal Challengers Bengaluru who chose to field. Match winner was Punjab Kings."
match,Kolkata Knight Riders vs Sunrisers Hyderabad,"IPL match on 2022-05-14: Kolkata Knight Riders played against Sunrisers Hyderabad at Maharashtra Cricket Association Stadium, Pune. Toss winner was Kolkata Knight Riders who chose to bat. Match winner was Kolkata Knight Riders."
match,Chennai Super Kings vs Gujarat Titans,"IPL match on 2022-05-15: Chennai Super Kings played against Gujarat Titans at Wankhede Stadium, Mumbai. Toss winner was Chennai Super Kings who chose to bat. Match winner was Gujarat Titans."
match,Rajasthan Royals vs Lucknow Super Giants,"IPL match on 2022-05-15: Rajasthan Royals played against Lucknow Super Giants at Brabourne Stadium, Mumbai. Toss winner was Rajasthan Royals who chose to bat. Match winner was Rajasthan Royals."
match,Delhi Capitals vs Punjab Kings,"IPL match on 2022-05-16: Delhi Capitals played against Punjab Kings at Dr DY Patil Sports Academy, Mumbai. Toss winner was Punjab Kings who chose to field. Match winner was Delhi Capitals."
match,Sunrisers Hyderabad vs Mumbai Indians,"IPL match on 2022-05-17: Sunrisers Hyderabad played against Mumbai Indians at Wankhede Stadium, Mumbai. Toss winner was Mumbai Indians who chose to field. Match winner was Sunrisers Hyderabad."
match,Lucknow Super Giants vs Kolkata Knight Riders,"IPL match on 2022-05-18: Lucknow Super Giants played against Kolkata Knight Riders at Dr DY Patil Sports Academy, Mumbai. Toss winner was Lucknow Super Giants who chose to bat. Match winner was Lucknow Super Giants."
match,Gujarat Titans vs Royal Challengers Bengaluru,"IPL match on 2022-05-19: Gujarat Titans played against Royal Challengers Bengaluru at Wankhede Stadium, Mumbai. Toss winner was Gujarat Titans who chose to bat. Match winner was Royal Challengers Bengaluru."
match,Chennai Super Kings vs Rajasthan Royals,"IPL match on 2022-05-20: Chennai Super Kings played against Rajasthan Royals at Brabourne Stadium, Mumbai. Toss winner was Chennai Super Kings who chose to bat. Match winner was Rajasthan Royals."
match,Delhi Capitals vs Mumbai Indians,"IPL match on 2022-05-21: Delhi Capitals played against Mumbai Indians at Wankhede Stadium, Mumbai. Toss winner was Mumbai Indians who chose to field. Match winner was Mumbai Indians."
match,Sunrisers Hyderabad vs Punjab Kings,"IPL match on 2022-05-22: Sunrisers Hyderabad played against Punjab Kings at Wankhede Stadium, Mumbai. Toss winner was Sunrisers Hyderabad who chose to bat. Match winner was Punjab Kings."
match,Rajasthan Royals vs Gujarat Titans,"IPL match on 2022-05-24: Rajasthan Royals played against Gujarat Titans at Eden Gardens, Kolkata. Toss winner was Gujarat Titans who chose to field. Match winner was Gujarat Titans."
match,Royal Challengers Bengaluru vs Lucknow Super Giants,"IPL match on 2022-05-25: Royal Challengers Bengaluru played against Lucknow Super Giants at Eden Gardens, Kolkata. Toss winner was Lucknow Super Giants who chose to field. Match winner was Royal Challengers Bengaluru."
match,Royal Challengers Bengaluru vs Rajasthan Royals,"IPL match on 2022-05-27: Royal Challengers Bengaluru played against Rajasthan Royals at Narendra Modi Stadium, Ahmedabad. Toss winner was Rajasthan Royals who chose to field. Match winner was Rajasthan Royals."
match,Rajasthan Royals vs Gujarat Titans,"IPL match on 2022-05-29: Rajasthan Royals played against Gujarat Titans at Narendra Modi Stadium, Ahmedabad. Toss winner was Rajasthan Royals who chose to bat. Match winner was Gujarat Titans."
match,Chennai Super Kings vs Gujarat Titans,"IPL match on 2023-03-31: Chennai Super Kings played against Gujarat Titans at Narendra Modi Stadium, Ahmedabad. Toss winner was Gujarat Titans who chose to field. Match winner was Gujarat Titans."
match,Punjab Kings vs Kolkata Knight Riders,"IPL match on 2023-04-01: Punjab Kings played against Kolkata Knight Riders at Punjab Cricket Association IS Bindra Stadium, Mohali, Chandigarh. Toss winner was Kolkata Knight Riders who chose to field. Match winner was Punjab Kings."
match,Lucknow Super Giants vs Delhi Capitals,"IPL match on 2023-04-01: Lucknow Super Giants played against Delhi Capitals at Bharat Ratna Shri Atal Bihari Vajpayee Ekana Cricket Stadium, Lucknow. Toss winner was Delhi Capitals who chose to field. Match winner was Lucknow Super Giants."
match,Rajasthan Royals vs Sunrisers Hyderabad,"IPL match on 2023-04-02: Rajasthan Royals played against Sunrisers Hyderabad at Rajiv Gandhi International Stadium, Uppal, Hyderabad. Toss winner was Sunrisers Hyderabad who chose to field. Match winner was Rajasthan Royals."
match,Mumbai Indians vs Royal Challengers Bengaluru,"IPL match on 2023-04-02: Mumbai Indians played against Royal Challengers Bengaluru at M Chinnaswamy Stadium, Bengaluru. Toss winner was Royal Challengers Bengaluru who chose to field. Match winner was Royal Challengers Bengaluru."
match,Chennai Super Kings vs Lucknow Super Giants,"IPL match on 2023-04-03: Chennai Super Kings played against Lucknow Super Giants at MA Chidambaram Stadium, Chepauk, Chennai. Toss winner was Lucknow Super Giants who chose to field. Match winner was Chennai Super Kings."
match,Delhi Capitals vs Gujarat Titans,"IPL match on 2023-04-04: Delhi Capitals played against Gujarat Titans at Arun Jaitley Stadium, Delhi. Toss winner was Gujarat Titans who chose to field. Match winner was Gujarat Titans."
match,Punjab Kings vs Rajasthan Royals,"IPL match on 2023-04-05: Punjab Kings played against Rajasthan Royals at Barsapara Cricket Stadium, Guwahati. Toss winner was Rajasthan Royals who chose to field. Match winner was Punjab Kings."
match,Kolkata Knight Riders vs Royal Challengers Bengaluru,"IPL match on 2023-04-06: Kolkata Knight Riders played against Royal Challengers Bengaluru at Eden Gardens, Kolkata. Toss winner was Royal Challengers Bengaluru who chose to field. Match winner was Kolkata Knight Riders."
match,Sunrisers Hyderabad vs Lucknow Super Giants,"IPL match on 2023-04-07: Sunrisers Hyderabad played against Lucknow Super Giants at Bharat Ratna Shri Atal Bihari Vajpayee Ekana Cricket Stadium, Lucknow. Toss winner was Sunrisers Hyderabad who chose to bat. Match winner was Lucknow Super Giants."
match,Mumbai Indians vs Chennai Super Kings,"IPL match on 2023-04-08: Mumbai Indians played against Chennai Super Kings at Wankhede Stadium, Mumbai. Toss winner was Chennai Super Kings who chose to field. Match winner was Chennai Super Kings."
match,Rajasthan Royals vs Delhi Capitals,"IPL match on 2023-04-08: Rajasthan Royals played against Delhi Capitals at Barsapara Cricket Stadium, Guwahati. Toss winner was Delhi Capitals who chose to field. Match winner was Rajasthan Royals."
match,Gujarat Titans vs Kolkata Knight Riders,"IPL match on 2023-04-09: Gujarat Titans played against Kolkata Knight Riders at Narendra Modi Stadium, Ahmedabad. Toss winner was Gujarat Titans who chose to bat. Match winner was Kolkata Knight Riders."
match,Punjab Kings vs Sunrisers Hyderabad,"IPL match on 2023-04-09: Punjab Kings played against Sunrisers Hyderabad at Rajiv Gandhi International Stadium, Uppal, Hyderabad. Toss winner was Sunrisers Hyderabad who chose to field. Match winner was Sunrisers Hyderabad."
match,Royal Challengers Bengaluru vs Lucknow Super Giants,"IPL match on 2023-04-10: Royal Challengers Bengaluru played against Lucknow Super Giants at M Chinnaswamy Stadium, Bengaluru. Toss winner was Lucknow Super Giants who chose to field. Match winner was Lucknow Super Giants."
match,Delhi Capitals vs Mumbai Indians,"IPL match on 2023-04-11: Delhi Capitals played against Mumbai Indians at Arun Jaitley Stadium, Delhi. Toss winner was Mumbai Indians who chose to field. Match winner was Mumbai Indians."
match,Rajasthan Royals vs Chennai Super Kings,"IPL match on 2023-04-12: Rajasthan Royals played against Chennai Super Kings at MA Chidambaram Stadium, Chepauk, Chennai. Toss winner was Chennai Super Kings who chose to field. Match winner was Rajasthan Royals."
match,Punjab Kings vs Gujarat Titans,"IPL match on 2023-04-13: Punjab Kings played against Gujarat Titans at Punjab Cricket Association IS Bindra Stadium, Mohali, Chandigarh. Toss winner was Gujarat Titans who chose to field. Match winner was Gujarat Titans."
match,Sunrisers Hyderabad vs Kolkata Knight Riders,"IPL match on 2023-04-14: Sunrisers Hyderabad played against Kolkata Knight Riders at Eden Gardens, Kolkata. Toss winner was Kolkata Knight Riders who chose to field. Match winner was Sunrisers Hyderabad."
match,Lucknow Super Giants vs Punjab Kings,"IPL match on 2023-04-15: Lucknow Super Giants played against Punjab Kings at Bharat Ratna Shri Atal Bihari Vajpayee Ekana Cricket Stadium, Lucknow. Toss winner was Punjab Kings who chose to field. Match winner was Punjab Kings."
match,Royal Challengers Bengaluru vs Delhi Capitals,"IPL match on 2023-04-15: Royal Challengers Bengaluru played against Delhi Capitals at M Chinnaswamy Stadium, Bengaluru. Toss winner was Delhi Capitals who chose to field. Match winner was Royal Challengers Bengaluru."
match,Kolkata Knight Riders vs Mumbai Indians,"IPL match on 2023-04-16: Kolkata Knight Riders played against Mumbai Indians at Wankhede Stadium, Mumbai. Toss winner was Mumbai Indians who chose to field. Match winner was Mumbai Indians."
match,Gujarat Titans vs Rajasthan Royals,"IPL match on 2023-04-16: Gujarat Titans played against Rajasthan Royals at Narendra Modi Stadium, Ahmedabad. Toss winner was Rajasthan Royals who chose to field. Match winner was Rajasthan Royals."
match,Chennai Super Kings vs Royal Challengers Bengaluru,"IPL match on 2023-04-17: Chennai Super Kings played against Royal Challengers Bengaluru at M Chinnaswamy Stadium, Bengaluru. Toss winner was Royal Challengers Bengaluru who chose to field. Match winner was Chennai Super Kings."
match,Mumbai Indians vs Sunrisers Hyderabad,"IPL match on 2023-04-18: Mumbai Indians played against Sunrisers Hyderabad at Rajiv Gandhi International Stadium, Uppal, Hyderabad. Toss winner was Sunrisers Hyderabad who chose to field. Match winner was Mumbai Indians."
match,Lucknow Super Giants vs Rajasthan Royals,"IPL match on 2023-04-19: Lucknow Super Giants played against Rajasthan Royals at Sawai Mansingh Stadium, Jaipur. Toss winner was Rajasthan Royals who chose to field. Match winner was Lucknow Super Giants."
match,Kolkata Knight Riders vs Delhi Capitals,"IPL match on 2023-04-20: Kolkata Knight Riders played against Delhi Capitals at Arun Jaitley Stadium, Delhi. Toss winner was Delhi Capitals who chose to field. Match winner was Delhi Capitals."
match,Royal Challengers Bengaluru vs Punjab Kings,"IPL match on 2023-04-20: Royal Challengers Bengaluru played against Punjab Kings at Punjab Cricket Association IS Bindra Stadium, Mohali, Chandigarh. Toss winner was Punjab Kings who chose to field. Match winner was Royal Challengers Bengaluru."
match,Sunrisers Hyderabad vs Chennai Super Kings,"IPL match on 2023-04-21: Sunrisers Hyderabad played against Chennai Super Kings at MA Chidambaram Stadium, Chepauk, Chennai. Toss winner was Chennai Super Kings who chose to field. Match winner was Chennai Super Kings."
match,Gujarat Titans vs Lucknow Super Giants,"IPL match on 2023-04-22: Gujarat Titans played against Lucknow Super Giants at Bharat Ratna Shri Atal Bihari Vajpayee Ekana Cricket Stadium, Lucknow. Toss winner was Gujarat Titans who chose to bat. Match winner was Gujarat Titans."
match,Punjab Kings vs Mumbai Indians,"IPL match on 2023-04-22: Punjab Kings played against Mumbai Indians at Wankhede Stadium, Mumbai. Toss winner was Mumbai Indians who chose to field. Match winner was Punjab Kings."
match,Chennai Super Kings vs Kolkata Knight Riders,"IPL match on 2023-04-23: Chennai Super Kings played against Kolkata Knight Riders at Eden Gardens, Kolkata. Toss winner was Kolkata Knight Riders who chose to field. Match winner was Chennai Super Kings."
match,Royal Challengers Bengaluru vs Rajasthan Royals,"IPL match on 2023-04-23: Royal Challengers Bengaluru played against Rajasthan Royals at M Chinnaswamy Stadium, Bengaluru. Toss winner was Rajasthan Royals who chose to field. Match winner was Royal Challengers Bengaluru."
match,Delhi Capitals vs Sunrisers Hyderabad,"IPL match on 2023-04-24: Delhi Capitals played against Sunrisers Hyderabad at Rajiv Gandhi International Stadium, Uppal, Hyderabad. Toss winner was Delhi Capitals who chose to bat. Match winner was Delhi Capitals."
match,Gujarat Titans vs Mumbai Indians,"IPL match on 2023-04-25: Gujarat Titans played against Mumbai Indians at Narendra Modi Stadium, Ahmedabad. Toss winner was Mumbai Indians who chose to field. Match winner was Gujarat Titans."
match,Kolkata Knight Riders vs Royal Challengers Bengaluru,"IPL match on 2023-04-26: Kolkata Knight Riders played against Royal Challengers Bengaluru at M Chinnaswamy Stadium, Bengaluru. Toss winner was Royal Challengers Bengaluru who chose to field. Match winner was Kolkata Knight Riders."
match,Rajasthan Royals vs Chennai Super Kings,"IPL match on 2023-04-27: Rajasthan Royals played against Chennai Super Kings at Sawai Mansingh Stadium, Jaipur. Toss winner was Rajasthan Royals who chose to bat. Match winner was Rajasthan Royals."
match,Lucknow Super Giants vs Punjab Kings,"IPL match on 2023-04-28: Lucknow Super Giants played against Punjab Kings at Punjab Cricket Association IS Bindra Stadium, Mohali, Chandigarh. Toss winner was Punjab Kings who chose to field. Match winner was Lucknow Super Giants."
match,Kolkata Knight Riders vs Gujarat Titans,"IPL match on 2023-04-29: Kolkata Knight Riders played against Gujarat Titans at Eden Gardens, Kolkata. Toss winner was Gujarat Titans who chose to field. Match winner was Gujarat Titans."
match,Sunrisers Hyderabad vs Delhi Capitals,"IPL match on 2023-04-29: Sunrisers Hyderabad played against Delhi Capitals at Arun Jaitley Stadium, Delhi. Toss winner was Sunrisers Hyderabad who chose to bat. Match winner was Sunrisers Hyderabad."
match,Chennai Super Kings vs Punjab Kings,"IPL match on 2023-04-30: Chennai Super Kings played against Punjab Kings at MA Chidambaram Stadium, Chepauk, Chennai. Toss winner was Chennai Super Kings who chose to bat. Match winner was Punjab Kings."
match,Rajasthan Royals vs Mumbai Indians,"IPL match on 2023-04-30: Rajasthan Royals played against Mumbai Indians at Wankhede Stadium, Mumbai. Toss winner was Rajasthan Royals who chose to bat. Match winner was Mumbai Indians."
match,Royal Challengers Bengaluru vs Lucknow Super Giants,"IPL match on 2023-05-01: Royal Challengers Bengaluru played against Lucknow Super Giants at Bharat Ratna Shri Atal Bihari Vajpayee Ekana Cricket Stadium, Lucknow. Toss winner was Royal Challengers Bengaluru who chose to bat. Match winner was Royal Challengers Bengaluru."
match,Delhi Capitals vs Gujarat Titans,"IPL match on 2023-05-02: Delhi Capitals played against Gujarat Titans at Narendra Modi Stadium, Ahmedabad. Toss winner was Delhi Capitals who chose to bat. Match winner was Delhi Capitals."
match,Lucknow Super Giants vs Chennai Super Kings,"IPL match on 2023-05-03: Lucknow Super Giants played against Chennai Super Kings at Bharat Ratna Shri Atal Bihari Vajpayee Ekana Cricket Stadium, Lucknow. Toss winner was Chennai Super Kings who chose to field. Match winner was No Result."
match,Punjab Kings vs Mumbai Indians,"IPL match on 2023-05-03: Punjab Kings played against Mumbai Indians at Punjab Cricket Association IS Bindra Stadium, Mohali, Chandigarh. Toss winner was Mumbai Indians who chose to field. Match winner was Mumbai Indians."
match,Kolkata Knight Riders vs Sunrisers Hyderabad,"IPL match on 2023-05-04: Kolkata Knight Riders played against Sunrisers Hyderabad at Rajiv Gandhi International Stadium, Uppal, Hyderabad. Toss winner was Kolkata Knight Riders who chose to bat. Match winner was Kolkata Knight Riders."
match,Rajasthan Royals vs Gujarat Titans,"IPL match on 2023-05-05: Rajasthan Royals played against Gujarat Titans at Sawai Mansingh Stadium, Jaipur. Toss winner was Rajasthan Royals who chose to bat. Match winner was Gujarat Titans."
match,Mumbai Indians vs Chennai Super Kings,"IPL match on 2023-05-06: Mumbai Indians played against Chennai Super Kings at MA Chidambaram Stadium, Chepauk, Chennai. Toss winner was Chennai Super Kings who chose to field. Match winner was Chennai Super Kings."
match,Royal Challengers Bengaluru vs Delhi Capitals,"IPL match on 2023-05-06: Royal Challengers Bengaluru played against Delhi Capitals at Arun Jaitley Stadium, Delhi. Toss winner was Royal Challengers Bengaluru who chose to bat. Match winner was Delhi Capitals."
match,Gujarat Titans vs Lucknow Super Giants,"IPL match on 2023-05-07: Gujarat Titans played against Lucknow Super Giants at Narendra Modi Stadium, Ahmedabad. Toss winner was Lucknow Super Giants who chose to field. Match winner was Gujarat Titans."
match,Rajasthan Royals vs Sunrisers Hyderabad,"IPL match on 2023-05-07: Rajasthan Royals played against Sunrisers Hyderabad at Sawai Mansingh Stadium, Jaipur. Toss winner was Rajasthan Royals who chose to bat. Match winner was Sunrisers Hyderabad."
match,Punjab Kings vs Kolkata Knight Riders,"IPL match on 2023-05-08: Punjab Kings played against Kolkata Knight Riders at Eden Gardens, Kolkata. Toss winner was Punjab Kings who chose to bat. Match winner was Kolkata Knight Riders."
match,Royal Challengers Bengaluru vs Mumbai Indians,"IPL match on 2023-05-09: Royal Challengers Bengaluru played against Mumbai Indians at Wankhede Stadium, Mumbai. Toss winner was Mumbai Indians who chose to field. Match winner was Mumbai Indians."
match,Chennai Super Kings vs Delhi Capitals,"IPL match on 2023-05-10: Chennai Super Kings played against Delhi Capitals at MA Chidambaram Stadium, Chepauk, Chennai. Toss winner was Chennai Super Kings who chose to bat. Match winner was Chennai Super Kings."
match,Kolkata Knight Riders vs Rajasthan Royals,"IPL match on 2023-05-11: Kolkata Knight Riders played against Rajasthan Royals at Eden Gardens, Kolkata. Toss winner was Rajasthan Royals who chose to field. Match winner was Rajasthan Royals."
match,Mumbai Indians vs Gujarat Titans,"IPL match on 2023-05-12: Mumbai Indians played against Gujarat Titans at Wankhede Stadium, Mumbai. Toss winner was Gujarat Titans who chose to field. Match winner was Mumbai Indians."
match,Punjab Kings vs Delhi Capitals,"IPL match on 2023-05-13: Punjab Kings played against Delhi Capitals at Arun Jaitley Stadium, Delhi. Toss winner was Delhi Capitals who chose to field. Match winner was Punjab Kings."
match,Sunrisers Hyderabad vs Lucknow Super Giants,"IPL match on 2023-05-13: Sunrisers Hyderabad played against Lucknow Super Giants at Rajiv Gandhi International Stadium, Uppal, Hyderabad. Toss winner was Sunrisers Hyderabad who chose to bat. Match winner was Lucknow Super Giants."
match,Chennai Super Kings vs Kolkata Knight Riders,"IPL match on 2023-05-14: Chennai Super Kings played against Kolkata Knight Riders at MA Chidambaram Stadium, Chepauk, Chennai. Toss winner was Chennai Super Kings who chose to bat. Match winner was Kolkata Knight Riders."
match,Royal Challengers Bengaluru vs Rajasthan Royals,"IPL match on 2023-05-14: Royal Challengers Bengaluru played against Rajasthan Royals at Sawai Mansingh Stadium, Jaipur. Toss winner was Royal Challengers Bengaluru who chose to bat. Match winner was Royal Challengers Bengaluru."
match,Gujarat Titans vs Sunrisers Hyderabad,"IPL match on 2023-05-15: Gujarat Titans played against Sunrisers Hyderabad at Narendra Modi Stadium, Ahmedabad. Toss winner was Sunrisers Hyderabad who chose to field. Match winner was Gujarat Titans."
match,Lucknow Super Giants vs Mumbai Indians,"IPL match on 2023-05-16: Lucknow Super Giants played against Mumbai Indians at Bharat Ratna Shri Atal Bihari Vajpayee Ekana Cricket Stadium, Lucknow. Toss winner was Mumbai Indians who chose to field. Match winner was Lucknow Super Giants."
match,Delhi Capitals vs Punjab Kings,"IPL match on 2023-05-17: Delhi Capitals played against Punjab Kings at Himachal Pradesh Cricket Association Stadium, Dharamsala. Toss winner was Punjab Kings who chose to field. Match winner was Delhi Capitals."
match,Sunrisers Hyderabad vs Royal Challengers Bengaluru,"IPL match on 2023-05-18: Sunrisers Hyderabad played against Royal Challengers Bengaluru at Rajiv Gandhi International Stadium, Uppal, Hyderabad. Toss winner was Royal Challengers Bengaluru who chose to field. Match winner was Royal Challengers Bengaluru."
match,Punjab Kings vs Rajasthan Royals,"IPL match on 2023-05-19: Punjab Kings played against Rajasthan Royals at Himachal Pradesh Cricket Association Stadium, Dharamsala. Toss winner was Rajasthan Royals who chose to field. Match winner was Rajasthan Royals."
match,Lucknow Super Giants vs Kolkata Knight Riders,"IPL match on 2023-05-20: Lucknow Super Giants played against Kolkata Knight Riders at Eden Gardens, Kolkata. Toss winner was Kolkata Knight Riders who chose to field. Match winner was Lucknow Super Giants."
match,Chennai Super Kings vs Delhi Capitals,"IPL match on 2023-05-20: Chennai Super Kings played against Delhi Capitals at Arun Jaitley Stadium, Delhi. Toss winner was Chennai Super Kings who chose to bat. Match winner was Chennai Super Kings."
match,Royal Challengers Bengaluru vs Gujarat Titans,"IPL match on 2023-05-21: Royal Challengers Bengaluru played against Gujarat Titans at M Chinnaswamy Stadium, Bengaluru. Toss winner was Gujarat Titans who chose to field. Match winner was Gujarat Titans."
match,Sunrisers Hyderabad vs Mumbai Indians,"IPL match on 2023-05-21: Sunrisers Hyderabad played against Mumbai Indians at Wankhede Stadium, Mumbai. Toss winner was Mumbai Indians who chose to field. Match winner was Mumbai Indians."
match,Chennai Super Kings vs Gujarat Titans,"IPL match on 2023-05-23: Chennai Super Kings played against Gujarat Titans at MA Chidambaram Stadium, Chepauk, Chennai. Toss winner was Gujarat Titans who chose to field. Match winner was Chennai Super Kings."
match,Mumbai Indians vs Lucknow Super Giants,"IPL match on 2023-05-24: Mumbai Indians played against Lucknow Super Giants at MA Chidambaram Stadium, Chepauk, Chennai. Toss winner was Mumbai Indians who chose to bat. Match winner was Mumbai Indians."
match,Gujarat Titans vs Mumbai Indians,"IPL match on 2023-05-26: Gujarat Titans played against Mumbai Indians at Narendra Modi Stadium, Ahmedabad. Toss winner was Mumbai Indians who chose to field. Match winner was Gujarat Titans."
match,Gujarat Titans vs Chennai Super Kings,"IPL match on 2023-05-29: Gujarat Titans played against Chennai Super Kings at Narendra Modi Stadium, Ahmedabad. Toss winner was Chennai Super Kings who chose to field. Match winner was Chennai Super Kings."
match,Royal Challengers Bengaluru vs Chennai Super Kings,"IPL match on 2024-03-22: Royal Challengers Bengaluru played against Chennai Super Kings at MA Chidambaram Stadium, Chepauk, Chennai. Toss winner was Royal Challengers Bengaluru who chose to bat. Match winner was Chennai Super Kings."
match,Delhi Capitals vs Punjab Kings,"IPL match on 2024-03-23: Delhi Capitals played against Punjab Kings at Maharaja Yadavindra Singh International Cricket Stadium, Mullanpur. Toss winner was Punjab Kings who chose to field. Match winner was Punjab Kings."
match,Kolkata Knight Riders vs Sunrisers Hyderabad,"IPL match on 2024-03-23: Kolkata Knight Riders played against Sunrisers Hyderabad at Eden Gardens, Kolkata. Toss winner was Sunrisers Hyderabad who chose to field. Match winner was Kolkata Knight Riders."
match,Rajasthan Royals vs Lucknow Super Giants,"IPL match on 2024-03-24: Rajasthan Royals played against Lucknow Super Giants at Sawai Mansingh Stadium, Jaipur. Toss winner was Rajasthan Royals who chose to bat. Match winner was Rajasthan Royals."
match,Gujarat Titans vs Mumbai Indians,"IPL match on 2024-03-24: Gujarat Titans played against Mumbai Indians at Narendra Modi Stadium, Ahmedabad. Toss winner was Mumbai Indians who chose to field. Match winner was Gujarat Titans."
match,Punjab Kings vs Royal Challengers Bengaluru,"IPL match on 2024-03-25: Punjab Kings played against Royal Challengers Bengaluru at M Chinnaswamy Stadium, Bengaluru. Toss winner was Royal Challengers Bengaluru who chose to field. Match winner was Royal Challengers Bengaluru."
match,Chennai Super Kings vs Gujarat Titans,"IPL match on 2024-03-26: Chennai Super Kings played against Gujarat Titans at MA Chidambaram Stadium, Chepauk, Chennai. Toss winner was Gujarat Titans who chose to field. Match winner was Chennai Super Kings."
match,Sunrisers Hyderabad vs Mumbai Indians,"IPL match on 2024-03-27: Sunrisers Hyderabad played against Mumbai Indians at Rajiv Gandhi International Stadium, Uppal, Hyderabad. Toss winner was Mumbai Indians who chose to field. Match winner was Sunrisers Hyderabad."
match,Rajasthan Royals vs Delhi Capitals,"IPL match on 2024-03-28: Rajasthan Royals played against Delhi Capitals at Sawai Mansingh Stadium, Jaipur. Toss winner was Delhi Capitals who chose to field. Match winner was Rajasthan Royals."
match,Royal Challengers Bengaluru vs Kolkata Knight Riders,"IPL match on 2024-03-29: Royal Challengers Bengaluru played against Kolkata Knight Riders at M Chinnaswamy Stadium, Bengaluru. Toss winner was Kolkata Knight Riders who chose to field. Match winner was Kolkata Knight Riders."
match,Lucknow Super Giants vs Punjab Kings,"IPL match on 2024-03-30: Lucknow Super Giants played against Punjab Kings at Bharat Ratna Shri Atal Bihari Vajpayee Ekana Cricket Stadium, Lucknow. Toss winner was Lucknow Super Giants who chose to bat. Match winner was Lucknow Super Giants."
match,Delhi Capitals vs Chennai Super Kings,"IPL match on 2024-03-31: Delhi Capitals played against Chennai Super Kings at Dr. Y.S. Rajasekhara Reddy ACA-VDCA Cricket Stadium, Visakhapatnam. Toss winner was Delhi Capitals who chose to bat. Match winner was Delhi Capitals."
match,Sunrisers Hyderabad vs Gujarat Titans,"IPL match on 2024-03-31: Sunrisers Hyderabad played against Gujarat Titans at Narendra Modi Stadium, Ahmedabad. Toss winner was Sunrisers Hyderabad who chose to bat. Match winner was Gujarat Titans."
match,Mumbai Indians vs Rajasthan Royals,"IPL match on 2024-04-01: Mumbai Indians played against Rajasthan Royals at Wankhede Stadium, Mumbai. Toss winner was Rajasthan Royals who chose to field. Match winner was Rajasthan Royals."
match,Lucknow Super Giants vs Royal Challengers Bengaluru,"IPL match on 2024-04-02: Lucknow Super Giants played against Royal Challengers Bengaluru at M Chinnaswamy Stadium, Bengaluru. Toss winner was Royal Challengers Bengaluru who chose to field. Match winner was Lucknow Super Giants."
match,Kolkata Knight Riders vs Delhi Capitals,"IPL match on 2024-04-03: Kolkata Knight Riders played against Delhi Capitals at Dr. Y.S. Rajasekhara Reddy ACA-VDCA Cricket Stadium, Visakhapatnam. Toss winner was Kolkata Knight Riders who chose to bat. Match winner was Kolkata Knight Riders."
match,Gujarat Titans vs Punjab Kings,"IPL match on 2024-04-04: Gujarat Titans played against Punjab Kings at Narendra Modi Stadium, Ahmedabad. Toss winner was Punjab Kings who chose to field. Match winner was Punjab Kings."
match,Chennai Super Kings vs Sunrisers Hyderabad,"IPL match on 2024-04-05: Chennai Super Kings played against Sunrisers Hyderabad at Rajiv Gandhi International Stadium, Uppal, Hyderabad. Toss winner was Sunrisers Hyderabad who chose to field. Match winner was Sunrisers Hyderabad."
match,Royal Challengers Bengaluru vs Rajasthan Royals,"IPL match on 2024-04-06: Royal Challengers Bengaluru played against Rajasthan Royals at Sawai Mansingh Stadium, Jaipur. Toss winner was Rajasthan Royals who chose to field. Match winner was Rajasthan Royals."
match,Lucknow Super Giants vs Gujarat Titans,"IPL match on 2024-04-07: Lucknow Super Giants played against Gujarat Titans at Bharat Ratna Shri Atal Bihari Vajpayee Ekana Cricket Stadium, Lucknow. Toss winner was Lucknow Super Giants who chose to bat. Match winner was Lucknow Super Giants."
match,Mumbai Indians vs Delhi Capitals,"IPL match on 2024-04-07: Mumbai Indians played against Delhi Capitals at Wankhede Stadium, Mumbai. Toss winner was Delhi Capitals who chose to field. Match winner was Mumbai Indians."
match,Kolkata Knight Riders vs Chennai Super Kings,"IPL match on 2024-04-08: Kolkata Knight Riders played against Chennai Super Kings at MA Chidambaram Stadium, Chepauk, Chennai. Toss winner was Chennai Super Kings who chose to field. Match winner was Chennai Super Kings."
match,Sunrisers Hyderabad vs Punjab Kings,"IPL match on 2024-04-09: Sunrisers Hyderabad played against Punjab Kings at Maharaja Yadavindra Singh International Cricket Stadium, Mullanpur. Toss winner was Punjab Kings who chose to field. Match winner was Sunrisers Hyderabad."
match,Rajasthan Royals vs Gujarat Titans,"IPL match on 2024-04-10: Rajasthan Royals played against Gujarat Titans at Sawai Mansingh Stadium, Jaipur. Toss winner was Gujarat Titans who chose to field. Match winner was Gujarat Titans."
match,Royal Challengers Bengaluru vs Mumbai Indians,"IPL match on 2024-04-11: Royal Challengers Bengaluru played against Mumbai Indians at Wankhede Stadium, Mumbai. Toss winner was Mumbai Indians who chose to field. Match winner was Mumbai Indians."
match,Lucknow Super Giants vs Delhi Capitals,"IPL match on 2024-04-12: Lucknow Super Giants played against Delhi Capitals at Bharat Ratna Shri Atal Bihari Vajpayee Ekana Cricket Stadium, Lucknow. Toss winner was Lucknow Super Giants who chose to bat. Match winner was Delhi Capitals."
match,Punjab Kings vs Rajasthan Royals,"IPL match on 2024-04-13: Punjab Kings played against Rajasthan Royals at Maharaja Yadavindra Singh International Cricket Stadium, Mullanpur. Toss winner was Rajasthan Royals who chose to field. Match winner was Rajasthan Royals."
match,Lucknow Super Giants vs Kolkata Knight Riders,"IPL match on 2024-04-14: Lucknow Super Giants played against Kolkata Knight Riders at Eden Gardens, Kolkata. Toss winner was Kolkata Knight Riders who chose to field. Match winner was Kolkata Knight Riders."
match,Chennai Super Kings vs Mumbai Indians,"IPL match on 2024-04-14: Chennai Super Kings played against Mumbai Indians at Wankhede Stadium, Mumbai. Toss winner was Mumbai Indians who chose to field. Match winner was Chennai Super Kings."
match,Sunrisers Hyderabad vs Royal Challengers Bengaluru,"IPL match on 2024-04-15: Sunrisers Hyderabad played against Royal Challengers Bengaluru at M Chinnaswamy Stadium, Bengaluru. Toss winner was Royal Challengers Bengaluru who chose to field. Match winner was Sunrisers Hyderabad."
match,Kolkata Knight Riders vs Rajasthan Royals,"IPL match on 2024-04-16: Kolkata Knight Riders played against Rajasthan Royals at Eden Gardens, Kolkata. Toss winner was Rajasthan Royals who chose to field. Match winner was Rajasthan Royals."
match,Gujarat Titans vs Delhi Capitals,"IPL match on 2024-04-17: Gujarat Titans played against Delhi Capitals at Narendra Modi Stadium, Ahmedabad. Toss winner was Delhi Capitals who chose to field. Match winner was Delhi Capitals."
match,Mumbai Indians vs Punjab Kings,"IPL match on 2024-04-18: Mumbai Indians played against Punjab Kings at Maharaja Yadavindra Singh International Cricket Stadium, Mullanpur. Toss winner was Punjab Kings who chose to field. Match winner was Mumbai Indians."
match,Chennai Super Kings vs Lucknow Super Giants,"IPL match on 2024-04-19: Chennai Super Kings played against Lucknow Super Giants at Bharat Ratna Shri Atal Bihari Vajpayee Ekana Cricket Stadium, Lucknow. Toss winner was Lucknow Super Giants who chose to field. Match winner was Lucknow Super Giants."
match,Sunrisers Hyderabad vs Delhi Capitals,"IPL match on 2024-04-20: Sunrisers Hyderabad played against Delhi Capitals at Arun Jaitley Stadium, Delhi. Toss winner was Delhi Capitals who chose to field. Match winner was Sunrisers Hyderabad."
match,Punjab Kings vs Gujarat Titans,"IPL match on 2024-04-21: Punjab Kings played against Gujarat Titans at Maharaja Yadavindra Singh International Cricket Stadium, Mullanpur. Toss winner was Punjab Kings who chose to bat. Match winner was Gujarat Titans."
match,Kolkata Knight Riders vs Royal Challengers Bengaluru,"IPL match on 2024-04-21: Kolkata Knight Riders played against Royal Challengers Bengaluru at Eden Gardens, Kolkata. Toss winner was Royal Challengers Bengaluru who chose to field. Match winner was Kolkata Knight Riders."
match,Mumbai Indians vs Rajasthan Royals,"IPL match on 2024-04-22: Mumbai Indians played against Rajasthan Royals at Sawai Mansingh Stadium, Jaipur. Toss winner was Mumbai Indians who chose to bat. Match winner was Rajasthan Royals."
match,Chennai Super Kings vs Lucknow Super Giants,"IPL match on 2024-04-23: Chennai Super Kings played against Lucknow Super Giants at MA Chidambaram Stadium, Chepauk, Chennai. Toss winner was Lucknow Super Giants who chose to field. Match winner was Lucknow Super Giants."
match,Delhi Capitals vs Gujarat Titans,"IPL match on 2024-04-24: Delhi Capitals played against Gujarat Titans at Arun Jaitley Stadium, Delhi. Toss winner was Gujarat Titans who chose to field. Match winner was Delhi Capitals."
match,Royal Challengers Bengaluru vs Sunrisers Hyderabad,"IPL match on 2024-04-25: Royal Challengers Bengaluru played against Sunrisers Hyderabad at Rajiv Gandhi International Stadium, Uppal, Hyderabad. Toss winner was Royal Challengers Bengaluru who chose to bat. Match winner was Royal Challengers Bengaluru."
match,Kolkata Knight Riders vs Punjab Kings,"IPL match on 2024-04-26: Kolkata Knight Riders played against Punjab Kings at Eden Gardens, Kolkata. Toss winner was Punjab Kings who chose to field. Match winner was Punjab Kings."
match,Delhi Capitals vs Mumbai Indians,"IPL match on 2024-04-27: Delhi Capitals played against Mumbai Indians at Arun Jaitley Stadium, Delhi. Toss winner was Mumbai Indians who chose to field. Match winner was Delhi Capitals."
match,Lucknow Super Giants vs Rajasthan Royals,"IPL match on 2024-04-27: Lucknow Super Giants played against Rajasthan Royals at Bharat Ratna Shri Atal Bihari Vajpayee Ekana Cricket Stadium, Lucknow. Toss winner was Rajasthan Royals who chose to field. Match winner was Rajasthan Royals."
match,Gujarat Titans vs Royal Challengers Bengaluru,"IPL match on 2024-04-28: Gujarat Titans played against Royal Challengers Bengaluru at Narendra Modi Stadium, Ahmedabad. Toss winner was Royal Challengers Bengaluru who chose to field. Match winner was Royal Challengers Bengaluru."
match,Chennai Super Kings vs Sunrisers Hyderabad,"IPL match on 2024-04-28: Chennai Super Kings played against Sunrisers Hyderabad at MA Chidambaram Stadium, Chepauk, Chennai. Toss winner was Sunrisers Hyderabad who chose to field. Match winner was Chennai Super Kings."
match,Delhi Capitals vs Kolkata Knight Riders,"IPL match on 2024-04-29: Delhi Capitals played against Kolkata Knight Riders at Eden Gardens, Kolkata. Toss winner was Delhi Capitals who chose to bat. Match winner was Kolkata Knight Riders."
match,Mumbai Indians vs Lucknow Super Giants,"IPL match on 2024-04-30: Mumbai Indians played against Lucknow Super Giants at Bharat Ratna Shri Atal Bihari Vajpayee Ekana Cricket Stadium, Lucknow. Toss winner was Lucknow Super Giants who chose to field. Match winner was Lucknow Super Giants."
match,Chennai Super Kings vs Punjab Kings,"IPL match on 2024-05-01: Chennai Super Kings played against Punjab Kings at MA Chidambaram Stadium, Chepauk, Chennai. Toss winner was Punjab Kings who chose to field. Match winner was Punjab Kings."
match,Sunrisers Hyderabad vs Rajasthan Royals,"IPL match on 2024-05-02: Sunrisers Hyderabad played against Rajasthan Royals at Rajiv Gandhi International Stadium, Uppal, Hyderabad. Toss winner was Sunrisers Hyderabad who chose to bat. Match winner was Sunrisers Hyderabad."
match,Kolkata Knight Riders vs Mumbai Indians,"IPL match on 2024-05-03: Kolkata Knight Riders played against Mumbai Indians at Wankhede Stadium, Mumbai. Toss winner was Mumbai Indians who chose to field. Match winner was Kolkata Knight Riders."
match,Gujarat Titans vs Royal Challengers Bengaluru,"IPL match on 2024-05-04: Gujarat Titans played against Royal Challengers Bengaluru at M Chinnaswamy Stadium, Bengaluru. Toss winner was Royal Challengers Bengaluru who chose to field. Match winner was Royal Challengers Bengaluru."
match,Chennai Super Kings vs Punjab Kings,"IPL match on 2024-05-05: Chennai Super Kings played against Punjab Kings at Himachal Pradesh Cricket Association Stadium, Dharamsala. Toss winner was Punjab Kings who chose to field. Match winner was Chennai Super Kings."
match,Kolkata Knight Riders vs Lucknow Super Giants,"IPL match on 2024-05-05: Kolkata Knight Riders played against Lucknow Super Giants at Bharat Ratna Shri Atal Bihari Vajpayee Ekana Cricket Stadium, Lucknow. Toss winner was Lucknow Super Giants who chose to field. Match winner was Kolkata Knight Riders."
match,Sunrisers Hyderabad vs Mumbai Indians,"IPL match on 2024-05-06: Sunrisers Hyderabad played against Mumbai Indians at Wankhede Stadium, Mumbai. Toss winner was Mumbai Indians who chose to field. Match winner was Mumbai Indians."
match,Delhi Capitals vs Rajasthan Royals,"IPL match on 2024-05-07: Delhi Capitals played against Rajasthan Royals at Arun Jaitley Stadium, Delhi. Toss winner was Rajasthan Royals who chose to field. Match winner was Delhi Capitals."
match,Lucknow Super Giants vs Sunrisers Hyderabad,"IPL match on 2024-05-08: Lucknow Super Giants played against Sunrisers Hyderabad at Rajiv Gandhi International Stadium, Uppal, Hyderabad. Toss winner was Lucknow Super Giants who chose to bat. Match winner was Sunrisers Hyderabad."
match,Royal Challengers Bengaluru vs Punjab Kings,"IPL match on 2024-05-09: Royal Challengers Bengaluru played against Punjab Kings at Himachal Pradesh Cricket Association Stadium, Dharamsala. Toss winner was Punjab Kings who chose to field. Match winner was Royal Challengers Bengaluru."
match,Gujarat Titans vs Chennai Super Kings,"IPL match on 2024-05-10: Gujarat Titans played against Chennai Super Kings at Narendra Modi Stadium, Ahmedabad. Toss winner was Chennai Super Kings who chose to field. Match winner was Gujarat Titans."
match,Kolkata Knight Riders vs Mumbai Indians,"IPL match on 2024-05-11: Kolkata Knight Riders played against Mumbai Indians at Eden Gardens, Kolkata. Toss winner was Mumbai Indians who chose to field. Match winner was Kolkata Knight Riders."
match,Royal Challengers Bengaluru vs Delhi Capitals,"IPL match on 2024-05-12: Royal Challengers Bengaluru played against Delhi Capitals at M Chinnaswamy Stadium, Bengaluru. Toss winner was Delhi Capitals who chose to field. Match winner was Royal Challengers Bengaluru."
match,Rajasthan Royals vs Chennai Super Kings,"IPL match on 2024-05-12: Rajasthan Royals played against Chennai Super Kings at MA Chidambaram Stadium, Chepauk, Chennai. Toss winner was Rajasthan Royals who chose to bat. Match winner was Chennai Super Kings."
match,Delhi Capitals vs Lucknow Super Giants,"IPL match on 2024-05-14: Delhi Capitals played against Lucknow Super Giants at Arun Jaitley Stadium, Delhi. Toss winner was Lucknow Super Giants who chose to field. Match winner was Delhi Capitals."
match,Rajasthan Royals vs Punjab Kings,"IPL match on 2024-05-15: Rajasthan Royals played against Punjab Kings at Barsapara Cricket Stadium, Guwahati. Toss winner was Rajasthan Royals who chose to bat. Match winner was Punjab Kings."
match,Lucknow Super Giants vs Mumbai Indians,"IPL match on 2024-05-17: Lucknow Super Giants played against Mumbai Indians at Wankhede Stadium, Mumbai. Toss winner was Mumbai Indians who chose to field. Match winner was Lucknow Super Giants."
match,Royal Challengers Bengaluru vs Chennai Super Kings,"IPL match on 2024-05-18: Royal Challengers Bengaluru played against Chennai Super Kings at M Chinnaswamy Stadium, Bengaluru. Toss winner was Chennai Super Kings who chose to field. Match winner was Royal Challengers Bengaluru."
match,Punjab Kings vs Sunrisers Hyderabad,"IPL match on 2024-05-19: Punjab Kings played against Sunrisers Hyderabad at Rajiv Gandhi International Stadium, Uppal, Hyderabad. Toss winner was Punjab Kings who chose to bat. Match winner was Sunrisers Hyderabad."
match,Sunrisers Hyderabad vs Kolkata Knight Riders,"IPL match on 2024-05-21: Sunrisers Hyderabad played against Kolkata Knight Riders at Narendra Modi Stadium, Ahmedabad. Toss winner was Sunrisers Hyderabad who chose to bat. Match winner was Kolkata Knight Riders."
match,Royal Challengers Bengaluru vs Rajasthan Royals,"IPL match on 2024-05-22: Royal Challengers Bengaluru played against Rajasthan Royals at Narendra Modi Stadium, Ahmedabad. Toss winner was Rajasthan Royals who chose to field. Match winner was Rajasthan Royals."
match,Sunrisers Hyderabad vs Rajasthan Royals,"IPL match on 2024-05-24: Sunrisers Hyderabad played against Rajasthan Royals at MA Chidambaram Stadium, Chepauk, Chennai. Toss winner was Rajasthan Royals who chose to field. Match winner was Sunrisers Hyderabad."
match,Sunrisers Hyderabad vs Kolkata Knight Riders,"IPL match on 2024-05-26: Sunrisers Hyderabad played against Kolkata Knight Riders at MA Chidambaram Stadium, Chepauk, Chennai. Toss winner was Sunrisers Hyderabad who chose to bat. Match winner was Kolkata Knight Riders."
match,Kolkata Knight Riders vs Royal Challengers Bengaluru,"IPL match on 2025-03-22: Kolkata Knight Riders played against Royal Challengers Bengaluru at Eden Gardens, Kolkata. Toss winner was Royal Challengers Bengaluru who chose to field. Match winner was Royal Challengers Bengaluru."
match,Mumbai Indians vs Chennai Super Kings,"IPL match on 2025-03-23: Mumbai Indians played against Chennai Super Kings at MA Chidambaram Stadium, Chepauk, Chennai. Toss winner was Chennai Super Kings who chose to field. Match winner was Chennai Super Kings."
match,Sunrisers Hyderabad vs Rajasthan Royals,"IPL match on 2025-03-23: Sunrisers Hyderabad played against Rajasthan Royals at Rajiv Gandhi International Stadium, Uppal, Hyderabad. Toss winner was Rajasthan Royals who chose to field. Match winner was Sunrisers Hyderabad."
match,Lucknow Super Giants vs Delhi Capitals,"IPL match on 2025-03-24: Lucknow Super Giants played against Delhi Capitals at Dr. Y.S. Rajasekhara Reddy ACA-VDCA Cricket Stadium, Visakhapatnam. Toss winner was Delhi Capitals who chose to field. Match winner was Delhi Capitals."
match,Punjab Kings vs Gujarat Titans,"IPL match on 2025-03-25: Punjab Kings played against Gujarat Titans at Narendra Modi Stadium, Ahmedabad. Toss winner was Gujarat Titans who chose to field. Match winner was Punjab Kings."
match,Rajasthan Royals vs Kolkata Knight Riders,"IPL match on 2025-03-26: Rajasthan Royals played against Kolkata Knight Riders at Barsapara Cricket Stadium, Guwahati. Toss winner was Kolkata Knight Riders who chose to field. Match winner was Kolkata Knight Riders."
match,Sunrisers Hyderabad vs Lucknow Super Giants,"IPL match on 2025-03-27: Sunrisers Hyderabad played against Lucknow Super Giants at Rajiv Gandhi International Stadium, Uppal, Hyderabad. Toss winner was Lucknow Super Giants who chose to field. Match winner was Lucknow Super Giants."
match,Royal Challengers Bengaluru vs Chennai Super Kings,"IPL match on 2025-03-28: Royal Challengers Bengaluru played against Chennai Super Kings at MA Chidambaram Stadium, Chepauk, Chennai. Toss winner was Chennai Super Kings who chose to field. Match winner was Royal Challengers Bengaluru."
match,Gujarat Titans vs Mumbai Indians,"IPL match on 2025-03-29: Gujarat Titans played against Mumbai Indians at Narendra Modi Stadium, Ahmedabad. Toss winner was Mumbai Indians who chose to field. Match winner was Gujarat Titans."
match,Rajasthan Royals vs Chennai Super Kings,"IPL match on 2025-03-30: Rajasthan Royals played against Chennai Super Kings at Barsapara Cricket Stadium, Guwahati. Toss winner was Chennai Super Kings who chose to field. Match winner was Rajasthan Royals."
match,Sunrisers Hyderabad vs Delhi Capitals,"IPL match on 2025-03-30: Sunrisers Hyderabad played against Delhi Capitals at Dr. Y.S. Rajasekhara Reddy ACA-VDCA Cricket Stadium, Visakhapatnam. Toss winner was Sunrisers Hyderabad who chose to bat. Match winner was Delhi Capitals."
match,Kolkata Knight Riders vs Mumbai Indians,"IPL match on 2025-03-31: Kolkata Knight Riders played against Mumbai Indians at Wankhede Stadium, Mumbai. Toss winner was Mumbai Indians who chose to field. Match winner was Mumbai Indians."
match,Lucknow Super Giants vs Punjab Kings,"IPL match on 2025-04-01: Lucknow Super Giants played against Punjab Kings at Bharat Ratna Shri Atal Bihari Vajpayee Ekana Cricket Stadium, Lucknow. Toss winner was Punjab Kings who chose to field. Match winner was Punjab Kings."
match,Royal Challengers Bengaluru vs Gujarat Titans,"IPL match on 2025-04-02: Royal Challengers Bengaluru played against Gujarat Titans at M Chinnaswamy Stadium, Bengaluru. Toss winner was Gujarat Titans who chose to field. Match winner was Gujarat Titans."
match,Kolkata Knight Riders vs Sunrisers Hyderabad,"IPL match on 2025-04-03: Kolkata Knight Riders played against Sunrisers Hyderabad at Eden Gardens, Kolkata. Toss winner was Sunrisers Hyderabad who chose to field. Match winner was Kolkata Knight Riders."
match,Lucknow Super Giants vs Mumbai Indians,"IPL match on 2025-04-04: Lucknow Super Giants played against Mumbai Indians at Bharat Ratna Shri Atal Bihari Vajpayee Ekana Cricket Stadium, Lucknow. Toss winner was Mumbai Indians who chose to field. Match winner was Lucknow Super Giants."
match,Delhi Capitals vs Chennai Super Kings,"IPL match on 2025-04-05: Delhi Capitals played against Chennai Super Kings at MA Chidambaram Stadium, Chepauk, Chennai. Toss winner was Delhi Capitals who chose to bat. Match winner was Delhi Capitals."
match,Rajasthan Royals vs Punjab Kings,"IPL match on 2025-04-05: Rajasthan Royals played against Punjab Kings at Maharaja Yadavindra Singh International Cricket Stadium, Mullanpur. Toss winner was Punjab Kings who chose to field. Match winner was Rajasthan Royals."
match,Sunrisers Hyderabad vs Gujarat Titans,"IPL match on 2025-04-06: Sunrisers Hyderabad played against Gujarat Titans at Rajiv Gandhi International Stadium, Uppal, Hyderabad. Toss winner was Gujarat Titans who chose to field. Match winner was Gujarat Titans."
match,Royal Challengers Bengaluru vs Mumbai Indians,"IPL match on 2025-04-07: Royal Challengers Bengaluru played against Mumbai Indians at Wankhede Stadium, Mumbai. Toss winner was Mumbai Indians who chose to field. Match winner was Royal Challengers Bengaluru."
match,Punjab Kings vs Chennai Super Kings,"IPL match on 2025-04-08: Punjab Kings played against Chennai Super Kings at Maharaja Yadavindra Singh International Cricket Stadium, Mullanpur. Toss winner was Punjab Kings who chose to bat. Match winner was Punjab Kings."
match,Lucknow Super Giants vs Kolkata Knight Riders,"IPL match on 2025-04-08: Lucknow Super Giants played against Kolkata Knight Riders at Eden Gardens, Kolkata. Toss winner was Kolkata Knight Riders who chose to field. Match winner was Lucknow Super Giants."
match,Gujarat Titans vs Rajasthan Royals,"IPL match on 2025-04-09: Gujarat Titans played against Rajasthan Royals at Narendra Modi Stadium, Ahmedabad. Toss winner was Rajasthan Royals who chose to field. Match winner was Gujarat Titans."
match,Royal Challengers Bengaluru vs Delhi Capitals,"IPL match on 2025-04-10: Royal Challengers Bengaluru played against Delhi Capitals at M Chinnaswamy Stadium, Bengaluru. Toss winner was Delhi Capitals who chose to field. Match winner was Delhi Capitals."
match,Chennai Super Kings vs Kolkata Knight Riders,"IPL match on 2025-04-11: Chennai Super Kings played against Kolkata Knight Riders at MA Chidambaram Stadium, Chepauk, Chennai. Toss winner was Kolkata Knight Riders who chose to field. Match winner was Kolkata Knight Riders."
match,Gujarat Titans vs Lucknow Super Giants,"IPL match on 2025-04-12: Gujarat Titans played against Lucknow Super Giants at Bharat Ratna Shri Atal Bihari Vajpayee Ekana Cricket Stadium, Lucknow. Toss winner was Lucknow Super Giants who chose to field. Match winner was Lucknow Super Giants."
match,Punjab Kings vs Sunrisers Hyderabad,"IPL match on 2025-04-12: Punjab Kings played against Sunrisers Hyderabad at Rajiv Gandhi International Stadium, Uppal, Hyderabad. Toss winner was Punjab Kings who chose to bat. Match winner was Sunrisers Hyderabad."
match,Rajasthan Royals vs Royal Challengers Bengaluru,"IPL match on 2025-04-13: Rajasthan Royals played against Royal Challengers Bengaluru at Sawai Mansingh Stadium, Jaipur. Toss winner was Royal Challengers Bengaluru who chose to field. Match winner was Royal Challengers Bengaluru."
match,Mumbai Indians vs Delhi Capitals,"IPL match on 2025-04-13: Mumbai Indians played against Delhi Capitals at Arun Jaitley Stadium, Delhi. Toss winner was Delhi Capitals who chose to field. Match winner was Mumbai Indians."
match,Lucknow Super Giants vs Chennai Super Kings,"IPL match on 2025-04-14: Lucknow Super Giants played against Chennai Super Kings at Bharat Ratna Shri Atal Bihari Vajpayee Ekana Cricket Stadium, Lucknow. Toss winner was Chennai Super Kings who chose to field. Match winner was Chennai Super Kings."
match,Punjab Kings vs Kolkata Knight Riders,"IPL match on 2025-04-15: Punjab Kings played against Kolkata Knight Riders at Maharaja Yadavindra Singh International Cricket Stadium, Mullanpur. Toss winner was Punjab Kings who chose to bat. Match winner was Punjab Kings."
match,Delhi Capitals vs Rajasthan Royals,"IPL match on 2025-04-16: Delhi Capitals played against Rajasthan Royals at Arun Jaitley Stadium, Delhi. Toss winner was Rajasthan Royals who chose to field. Match winner was No Result."
match,Sunrisers Hyderabad vs Mumbai Indians,"IPL match on 2025-04-17: Sunrisers Hyderabad played against Mumbai Indians at Wankhede Stadium, Mumbai. Toss winner was Mumbai Indians who chose to field. Match winner was Mumbai Indians."
match,Royal Challengers Bengaluru vs Punjab Kings,"IPL match on 2025-04-18: Royal Challengers Bengaluru played against Punjab Kings at M Chinnaswamy Stadium, Bengaluru. Toss winner was Punjab Kings who chose to field. Match winner was Punjab Kings."
match,Lucknow Super Giants vs Rajasthan Royals,"IPL match on 2025-04-19: Lucknow Super Giants played against Rajasthan Royals at Sawai Mansingh Stadium, Jaipur. Toss winner was Lucknow Super Giants who chose to bat. Match winner was Lucknow Super Giants."
match,Delhi Capitals vs Gujarat Titans,"IPL match on 2025-04-19: Delhi Capitals played against Gujarat Titans at Narendra Modi Stadium, Ahmedabad. Toss winner was Gujarat Titans who chose to field. Match winner was Gujarat Titans."
match,Punjab Kings vs Royal Challengers Bengaluru,"IPL match on 2025-04-20: Punjab Kings played against Royal Challengers Bengaluru at Maharaja Yadavindra Singh International Cricket Stadium, Mullanpur. Toss winner was Royal Challengers Bengaluru who chose to field. Match winner was Royal Challengers Bengaluru."
match,Chennai Super Kings vs Mumbai Indians,"IPL match on 2025-04-20: Chennai Super Kings played against Mumbai Indians at Wankhede Stadium, Mumbai. Toss winner was Mumbai Indians who chose to field. Match winner was Mumbai Indians."
match,Gujarat Titans vs Kolkata Knight Riders,"IPL match on 2025-04-21: Gujarat Titans played against Kolkata Knight Riders at Eden Gardens, Kolkata. Toss winner was Kolkata Knight Riders who chose to field. Match winner was Gujarat Titans."
match,Lucknow Super Giants vs Delhi Capitals,"IPL match on 2025-04-22: Lucknow Super Giants played against Delhi Capitals at Bharat Ratna Shri Atal Bihari Vajpayee Ekana Cricket Stadium, Lucknow. Toss winner was Delhi Capitals who chose to field. Match winner was Delhi Capitals."
match,Sunrisers Hyderabad vs Mumbai Indians,"IPL match on 2025-04-23: Sunrisers Hyderabad played against Mumbai Indians at Rajiv Gandhi International Stadium, Uppal, Hyderabad. Toss winner was Mumbai Indians who chose to field. Match winner was Mumbai Indians."
match,Royal Challengers Bengaluru vs Rajasthan Royals,"IPL match on 2025-04-24: Royal Challengers Bengaluru played against Rajasthan Royals at M Chinnaswamy Stadium, Bengaluru. Toss winner was Rajasthan Royals who chose to field. Match winner was Royal Challengers Bengaluru."
match,Chennai Super Kings vs Sunrisers Hyderabad,"IPL match on 2025-04-25: Chennai Super Kings played against Sunrisers Hyderabad at MA Chidambaram Stadium, Chepauk, Chennai. Toss winner was Sunrisers Hyderabad who chose to field. Match winner was Sunrisers Hyderabad."
match,Punjab Kings vs Kolkata Knight Riders,"IPL match on 2025-04-26: Punjab Kings played against Kolkata Knight Riders at Eden Gardens, Kolkata. Toss winner was Punjab Kings who chose to bat. Match winner was No Result."
match,Mumbai Indians vs Lucknow Super Giants,"IPL match on 2025-04-27: Mumbai Indians played against Lucknow Super Giants at Wankhede Stadium, Mumbai. Toss winner was Lucknow Super Giants who chose to field. Match winner was Mumbai Indians."
match,Delhi Capitals vs Royal Challengers Bengaluru,"IPL match on 2025-04-27: Delhi Capitals played against Royal Challengers Bengaluru at Arun Jaitley Stadium, Delhi. Toss winner was Royal Challengers Bengaluru who chose to field. Match winner was Royal Challengers Bengaluru."
match,Gujarat Titans vs Rajasthan Royals,"IPL match on 2025-04-28: Gujarat Titans played against Rajasthan Royals at Sawai Mansingh Stadium, Jaipur. Toss winner was Rajasthan Royals who chose to field. Match winner was Rajasthan Royals."
match,Kolkata Knight Riders vs Delhi Capitals,"IPL match on 2025-04-29: Kolkata Knight Riders played against Delhi Capitals at Arun Jaitley Stadium, Delhi. Toss winner was Delhi Capitals who chose to field. Match winner was Kolkata Knight Riders."
match,Chennai Super Kings vs Punjab Kings,"IPL match on 2025-04-30: Chennai Super Kings played against Punjab Kings at MA Chidambaram Stadium, Chepauk, Chennai. Toss winner was Punjab Kings who chose to field. Match winner was Punjab Kings."
match,Mumbai Indians vs Rajasthan Royals,"IPL match on 2025-05-01: Mumbai Indians played against Rajasthan Royals at Sawai Mansingh Stadium, Jaipur. Toss winner was Rajasthan Royals who chose to field. Match winner was Mumbai Indians."
match,Gujarat Titans vs Sunrisers Hyderabad,"IPL match on 2025-05-02: Gujarat Titans played against Sunrisers Hyderabad at Narendra Modi Stadium, Ahmedabad. Toss winner was Sunrisers Hyderabad who chose to field. Match winner was Gujarat Titans."
match,Royal Challengers Bengaluru vs Chennai Super Kings,"IPL match on 2025-05-03: Royal Challengers Bengaluru played against Chennai Super Kings at M Chinnaswamy Stadium, Bengaluru. Toss winner was Chennai Super Kings who chose to field. Match winner was Royal Challengers Bengaluru."
match,Kolkata Knight Riders vs Rajasthan Royals,"IPL match on 2025-05-04: Kolkata Knight Riders played against Rajasthan Royals at Eden Gardens, Kolkata. Toss winner was Kolkata Knight Riders who chose to bat. Match winner was Kolkata Knight Riders."
match,Punjab Kings vs Lucknow Super Giants,"IPL match on 2025-05-04: Punjab Kings played against Lucknow Super Giants at Himachal Pradesh Cricket Association Stadium, Dharamsala. Toss winner was Lucknow Super Giants who chose to field. Match winner was Punjab Kings."
match,Delhi Capitals vs Sunrisers Hyderabad,"IPL match on 2025-05-05: Delhi Capitals played against Sunrisers Hyderabad at Rajiv Gandhi International Stadium, Uppal, Hyderabad. Toss winner was Sunrisers Hyderabad who chose to field. Match winner was No Result."
match,Mumbai Indians vs Gujarat Titans,"IPL match on 2025-05-06: Mumbai Indians played against Gujarat Titans at Wankhede Stadium, Mumbai. Toss winner was Gujarat Titans who chose to field. Match winner was Gujarat Titans."
match,Kolkata Knight Riders vs Chennai Super Kings,"IPL match on 2025-05-07: Kolkata Knight Riders played against Chennai Super Kings at Eden Gardens, Kolkata. Toss winner was Kolkata Knight Riders who chose to bat. Match winner was Chennai Super Kings."
match,Punjab Kings vs Delhi Capitals,"IPL match on 2025-05-08: Punjab Kings played against Delhi Capitals at Himachal Pradesh Cricket Association Stadium, Dharamsala. Toss winner was Punjab Kings who chose to bat. Match winner was No Result."
match,Delhi Capitals vs Gujarat Titans,"IPL match on 2025-05-18: Delhi Capitals played against Gujarat Titans at Arun Jaitley Stadium, Delhi. Toss winner was Gujarat Titans who chose to field. Match winner was Gujarat Titans."
match,Punjab Kings vs Rajasthan Royals,"IPL match on 2025-05-18: Punjab Kings played against Rajasthan Royals at Sawai Mansingh Stadium, Jaipur. Toss winner was Punjab Kings who chose to bat. Match winner was Punjab Kings."
match,Lucknow Super Giants vs Sunrisers Hyderabad,"IPL match on 2025-05-19: Lucknow Super Giants played against Sunrisers Hyderabad at Bharat Ratna Shri Atal Bihari Vajpayee Ekana Cricket Stadium, Lucknow. Toss winner was Sunrisers Hyderabad who chose to field. Match winner was Sunrisers Hyderabad."
match,Chennai Super Kings vs Rajasthan Royals,"IPL match on 2025-05-20: Chennai Super Kings played against Rajasthan Royals at Arun Jaitley Stadium, Delhi. Toss winner was Rajasthan Royals who chose to field. Match winner was Rajasthan Royals."
match,Mumbai Indians vs Delhi Capitals,"IPL match on 2025-05-21: Mumbai Indians played against Delhi Capitals at Wankhede Stadium, Mumbai. Toss winner was Delhi Capitals who chose to field. Match winner was Mumbai Indians."
match,Lucknow Super Giants vs Gujarat Titans,"IPL match on 2025-05-22: Lucknow Super Giants played against Gujarat Titans at Narendra Modi Stadium, Ahmedabad. Toss winner was Gujarat Titans who chose to field. Match winner was Lucknow Super Giants."
match,Sunrisers Hyderabad vs Royal Challengers Bengaluru,"IPL match on 2025-05-23: Sunrisers Hyderabad played against Royal Challengers Bengaluru at Bharat Ratna Shri Atal Bihari Vajpayee Ekana Cricket Stadium, Lucknow. Toss winner was Royal Challengers Bengaluru who chose to field. Match winner was Sunrisers Hyderabad."
match,Punjab Kings vs Delhi Capitals,"IPL match on 2025-05-24: Punjab Kings played against Delhi Capitals at Sawai Mansingh Stadium, Jaipur. Toss winner was Delhi Capitals who chose to field. Match winner was Delhi Capitals."
match,Chennai Super Kings vs Gujarat Titans,"IPL match on 2025-05-25: Chennai Super Kings played against Gujarat Titans at Narendra Modi Stadium, Ahmedabad. Toss winner was Chennai Super Kings who chose to bat. Match winner was Chennai Super Kings."
match,Sunrisers Hyderabad vs Kolkata Knight Riders,"IPL match on 2025-05-25: Sunrisers Hyderabad played against Kolkata Knight Riders at Arun Jaitley Stadium, Delhi. Toss winner was Sunrisers Hyderabad who chose to bat. Match winner was Sunrisers Hyderabad."
match,Mumbai Indians vs Punjab Kings,"IPL match on 2025-05-26: Mumbai Indians played against Punjab Kings at Sawai Mansingh Stadium, Jaipur. Toss winner was Punjab Kings who chose to field. Match winner was Punjab Kings."
match,Lucknow Super Giants vs Royal Challengers Bengaluru,"IPL match on 2025-05-27: Lucknow Super Giants played against Royal Challengers Bengaluru at Bharat Ratna Shri Atal Bihari Vajpayee Ekana Cricket Stadium, Lucknow. Toss winner was Royal Challengers Bengaluru who chose to field. Match winner was Royal Challengers Bengaluru."
match,Punjab Kings vs Royal Challengers Bengaluru,"IPL match on 2025-05-29: Punjab Kings played against Royal Challengers Bengaluru at Maharaja Yadavindra Singh International Cricket Stadium, Mullanpur. Toss winner was Royal Challengers Bengaluru who chose to field. Match winner was Royal Challengers Bengaluru."
match,Mumbai Indians vs Gujarat Titans,"IPL match on 2025-05-30: Mumbai Indians played against Gujarat Titans at Maharaja Yadavindra Singh International Cricket Stadium, New Chandigarh. Toss winner was Mumbai Indians who chose to bat. Match winner was Mumbai Indians."
match,Mumbai Indians vs Punjab Kings,"IPL match on 2025-06-01: Mumbai Indians played against Punjab Kings at Narendra Modi Stadium, Ahmedabad. Toss winner was Punjab Kings who chose to field. Match winner was Punjab Kings."
match,Royal Challengers Bengaluru vs Punjab Kings,"IPL match on 2025-06-03: Royal Challengers Bengaluru played against Punjab Kings at Narendra Modi Stadium, Ahmedabad. Toss winner was Punjab Kings who chose to field. Match winner was Royal Challengers Bengaluru."
match,Sunrisers Hyderabad vs Royal Challengers Bengaluru,"IPL match on 2026-03-28: Sunrisers Hyderabad played against Royal Challengers Bengaluru at M Chinnaswamy Stadium, Bengaluru. Toss winner was Royal Challengers Bengaluru who chose to field. Match winner was Royal Challengers Bengaluru."
match,Kolkata Knight Riders vs Mumbai Indians,"IPL match on 2026-03-29: Kolkata Knight Riders played against Mumbai Indians at Wankhede Stadium, Mumbai. Toss winner was Mumbai Indians who chose to field. Match winner was Mumbai Indians."
match,Chennai Super Kings vs Rajasthan Royals,"IPL match on 2026-03-30: Chennai Super Kings played against Rajasthan Royals at Barsapara Cricket Stadium, Guwahati. Toss winner was Rajasthan Royals who chose to field. Match winner was Rajasthan Royals."
match,Gujarat Titans vs Punjab Kings,"IPL match on 2026-03-31: Gujarat Titans played against Punjab Kings at Maharaja Yadavindra Singh International Cricket Stadium, New Chandigarh. Toss winner was Punjab Kings who chose to field. Match winner was Punjab Kings."
match,Lucknow Super Giants vs Delhi Capitals,"IPL match on 2026-04-01: Lucknow Super Giants played against Delhi Capitals at Bharat Ratna Shri Atal Bihari Vajpayee Ekana Cricket Stadium, Lucknow. Toss winner was Delhi Capitals who chose to field. Match winner was Delhi Capitals."
match,Sunrisers Hyderabad vs Kolkata Knight Riders,"IPL match on 2026-04-02: Sunrisers Hyderabad played against Kolkata Knight Riders at Eden Gardens, Kolkata. Toss winner was Kolkata Knight Riders who chose to field. Match winner was Sunrisers Hyderabad."
match,Chennai Super Kings vs Punjab Kings,"IPL match on 2026-04-03: Chennai Super Kings played against Punjab Kings at MA Chidambaram Stadium, Chepauk, Chennai. Toss winner was Punjab Kings who chose to field. Match winner was Punjab Kings."
match,Mumbai Indians vs Delhi Capitals,"IPL match on 2026-04-04: Mumbai Indians played against Delhi Capitals at Arun Jaitley Stadium, Delhi. Toss winner was Delhi Capitals who chose to field. Match winner was Delhi Capitals."
match,Rajasthan Royals vs Gujarat Titans,"IPL match on 2026-04-04: Rajasthan Royals played against Gujarat Titans at Narendra Modi Stadium, Ahmedabad. Toss winner was Rajasthan Royals who chose to bat. Match winner was Rajasthan Royals."
match,Sunrisers Hyderabad vs Lucknow Super Giants,"IPL match on 2026-04-05: Sunrisers Hyderabad played against Lucknow Super Giants at Rajiv Gandhi International Stadium, Uppal, Hyderabad. Toss winner was Lucknow Super Giants who chose to field. Match winner was Lucknow Super Giants."
match,Royal Challengers Bengaluru vs Chennai Super Kings,"IPL match on 2026-04-05: Royal Challengers Bengaluru played against Chennai Super Kings at M Chinnaswamy Stadium, Bengaluru. Toss winner was Chennai Super Kings who chose to field. Match winner was Royal Challengers Bengaluru."
match,Kolkata Knight Riders vs Punjab Kings,"IPL match on 2026-04-06: Kolkata Knight Riders played against Punjab Kings at Eden Gardens, Kolkata. Toss winner was Kolkata Knight Riders who chose to bat. Match winner was No Result."
match,Rajasthan Royals vs Mumbai Indians,"IPL match on 2026-04-07: Rajasthan Royals played against Mumbai Indians at Barsapara Cricket Stadium, Guwahati. Toss winner was Mumbai Indians who chose to field. Match winner was Rajasthan Royals."
match,Gujarat Titans vs Delhi Capitals,"IPL match on 2026-04-08: Gujarat Titans played against Delhi Capitals at Arun Jaitley Stadium, Delhi. Toss winner was Delhi Capitals who chose to field. Match winner was Gujarat Titans."
match,Kolkata Knight Riders vs Lucknow Super Giants,"IPL match on 2026-04-09: Kolkata Knight Riders played against Lucknow Super Giants at Eden Gardens, Kolkata. Toss winner was Lucknow Super Giants who chose to field. Match winner was Lucknow Super Giants."
match,Royal Challengers Bengaluru vs Rajasthan Royals,"IPL match on 2026-04-10: Royal Challengers Bengaluru played against Rajasthan Royals at Barsapara Cricket Stadium, Guwahati. Toss winner was Rajasthan Royals who chose to field. Match winner was Rajasthan Royals."
match,Sunrisers Hyderabad vs Punjab Kings,"IPL match on 2026-04-11: Sunrisers Hyderabad played against Punjab Kings at Maharaja Yadavindra Singh International Cricket Stadium, New Chandigarh. Toss winner was Punjab Kings who chose to field. Match winner was Punjab Kings."
match,Chennai Super Kings vs Delhi Capitals,"IPL match on 2026-04-11: Chennai Super Kings played against Delhi Capitals at MA Chidambaram Stadium, Chepauk, Chennai. Toss winner was Delhi Capitals who chose to field. Match winner was Chennai Super Kings."
match,Lucknow Super Giants vs Gujarat Titans,"IPL match on 2026-04-12: Lucknow Super Giants played against Gujarat Titans at Bharat Ratna Shri Atal Bihari Vajpayee Ekana Cricket Stadium, Lucknow. Toss winner was Gujarat Titans who chose to field. Match winner was Gujarat Titans."
match,Royal Challengers Bengaluru vs Mumbai Indians,"IPL match on 2026-04-12: Royal Challengers Bengaluru played against Mumbai Indians at Wankhede Stadium, Mumbai. Toss winner was Mumbai Indians who chose to field. Match winner was Royal Challengers Bengaluru."
match,Sunrisers Hyderabad vs Rajasthan Royals,"IPL match on 2026-04-13: Sunrisers Hyderabad played against Rajasthan Royals at Rajiv Gandhi International Stadium, Uppal, Hyderabad. Toss winner was Rajasthan Royals who chose to field. Match winner was Sunrisers Hyderabad."
match,Chennai Super Kings vs Kolkata Knight Riders,"IPL match on 2026-04-14: Chennai Super Kings played against Kolkata Knight Riders at MA Chidambaram Stadium, Chepauk, Chennai. Toss winner was Kolkata Knight Riders who chose to field. Match winner was Chennai Super Kings."
match,Lucknow Super Giants vs Royal Challengers Bengaluru,"IPL match on 2026-04-15: Lucknow Super Giants played against Royal Challengers Bengaluru at M Chinnaswamy Stadium, Bengaluru. Toss winner was Royal Challengers Bengaluru who chose to field. Match winner was Royal Challengers Bengaluru."
match,Mumbai Indians vs Punjab Kings,"IPL match on 2026-04-16: Mumbai Indians played against Punjab Kings at Wankhede Stadium, Mumbai. Toss winner was Punjab Kings who chose to field. Match winner was Punjab Kings."
match,Kolkata Knight Riders vs Gujarat Titans,"IPL match on 2026-04-17: Kolkata Knight Riders played against Gujarat Titans at Narendra Modi Stadium, Ahmedabad. Toss winner was Kolkata Knight Riders who chose to bat. Match winner was Gujarat Titans."
match,Sunrisers Hyderabad vs Chennai Super Kings,"IPL match on 2026-04-18: Sunrisers Hyderabad played against Chennai Super Kings at Rajiv Gandhi International Stadium, Uppal, Hyderabad. Toss winner was Chennai Super Kings who chose to field. Match winner was Sunrisers Hyderabad."
match,Royal Challengers Bengaluru vs Delhi Capitals,"IPL match on 2026-04-18: Royal Challengers Bengaluru played against Delhi Capitals at M Chinnaswamy Stadium, Bengaluru. Toss winner was Delhi Capitals who chose to field. Match winner was Delhi Capitals."
match,Punjab Kings vs Lucknow Super Giants,"IPL match on 2026-04-19: Punjab Kings played against Lucknow Super Giants at Maharaja Yadavindra Singh International Cricket Stadium, New Chandigarh. Toss winner was Lucknow Super Giants who chose to field. Match winner was Punjab Kings."
match,Rajasthan Royals vs Kolkata Knight Riders,"IPL match on 2026-04-19: Rajasthan Royals played against Kolkata Knight Riders at Eden Gardens, Kolkata. Toss winner was Rajasthan Royals who chose to bat. Match winner was Kolkata Knight Riders."
match,Mumbai Indians vs Gujarat Titans,"IPL match on 2026-04-20: Mumbai Indians played against Gujarat Titans at Narendra Modi Stadium, Ahmedabad. Toss winner was Gujarat Titans who chose to field. Match winner was Mumbai Indians."
match,Sunrisers Hyderabad vs Delhi Capitals,"IPL match on 2026-04-21: Sunrisers Hyderabad played against Delhi Capitals at Rajiv Gandhi International Stadium, Uppal, Hyderabad. Toss winner was Delhi Capitals who chose to field. Match winner was Sunrisers Hyderabad."
match,Rajasthan Royals vs Lucknow Super Giants,"IPL match on 2026-04-22: Rajasthan Royals played against Lucknow Super Giants at Bharat Ratna Shri Atal Bihari Vajpayee Ekana Cricket Stadium, Lucknow. Toss winner was Lucknow Super Giants who chose to field. Match winner was Rajasthan Royals."
match,Chennai Super Kings vs Mumbai Indians,"IPL match on 2026-04-23: Chennai Super Kings played against Mumbai Indians at Wankhede Stadium, Mumbai. Toss winner was Mumbai Indians who chose to field. Match winner was Chennai Super Kings."
match,Gujarat Titans vs Royal Challengers Bengaluru,"IPL match on 2026-04-24: Gujarat Titans played against Royal Challengers Bengaluru at M Chinnaswamy Stadium, Bengaluru. Toss winner was Royal Challengers Bengaluru who chose to field. Match winner was Royal Challengers Bengaluru."
match,Rajasthan Royals vs Sunrisers Hyderabad,"IPL match on 2026-04-25: Rajasthan Royals played against Sunrisers Hyderabad at Sawai Mansingh Stadium, Jaipur. Toss winner was Sunrisers Hyderabad who chose to field. Match winner was Sunrisers Hyderabad."
match,Delhi Capitals vs Punjab Kings,"IPL match on 2026-04-25: Delhi Capitals played against Punjab Kings at Arun Jaitley Stadium, Delhi. Toss winner was Delhi Capitals who chose to bat. Match winner was Punjab Kings."
match,Chennai Super Kings vs Gujarat Titans,"IPL match on 2026-04-26: Chennai Super Kings played against Gujarat Titans at MA Chidambaram Stadium, Chepauk, Chennai. Toss winner was Gujarat Titans who chose to field. Match winner was Gujarat Titans."
match,Kolkata Knight Riders vs Lucknow Super Giants,"IPL match on 2026-04-26: Kolkata Knight Riders played against Lucknow Super Giants at Bharat Ratna Shri Atal Bihari Vajpayee Ekana Cricket Stadium, Lucknow. Toss winner was Lucknow Super Giants who chose to field. Match winner was No Result."
match,Delhi Capitals vs Royal Challengers Bengaluru,"IPL match on 2026-04-27: Delhi Capitals played against Royal Challengers Bengaluru at Arun Jaitley Stadium, Delhi. Toss winner was Royal Challengers Bengaluru who chose to field. Match winner was Royal Challengers Bengaluru."
match,Punjab Kings vs Rajasthan Royals,"IPL match on 2026-04-28: Punjab Kings played against Rajasthan Royals at Maharaja Yadavindra Singh International Cricket Stadium, New Chandigarh. Toss winner was Rajasthan Royals who chose to field. Match winner was Rajasthan Royals."
match,Mumbai Indians vs Sunrisers Hyderabad,"IPL match on 2026-04-29: Mumbai Indians played against Sunrisers Hyderabad at Wankhede Stadium, Mumbai. Toss winner was Mumbai Indians who chose to bat. Match winner was Sunrisers Hyderabad."
match,Royal Challengers Bengaluru vs Gujarat Titans,"IPL match on 2026-04-30: Royal Challengers Bengaluru played against Gujarat Titans at Narendra Modi Stadium, Ahmedabad. Toss winner was Gujarat Titans who chose to field. Match winner was Gujarat Titans."
match,Rajasthan Royals vs Delhi Capitals,"IPL match on 2026-05-01: Rajasthan Royals played against Delhi Capitals at Sawai Mansingh Stadium, Jaipur. Toss winner was Rajasthan Royals who chose to bat. Match winner was Delhi Capitals."
match,Mumbai Indians vs Chennai Super Kings,"IPL match on 2026-05-02: Mumbai Indians played against Chennai Super Kings at MA Chidambaram Stadium, Chepauk, Chennai. Toss winner was Mumbai Indians who chose to bat. Match winner was Chennai Super Kings."
match,Punjab Kings vs Gujarat Titans,"IPL match on 2026-05-03: Punjab Kings played against Gujarat Titans at Narendra Modi Stadium, Ahmedabad. Toss winner was Gujarat Titans who chose to field. Match winner was Gujarat Titans."
match,Sunrisers Hyderabad vs Kolkata Knight Riders,"IPL match on 2026-05-03: Sunrisers Hyderabad played against Kolkata Knight Riders at Rajiv Gandhi International Stadium, Uppal, Hyderabad. Toss winner was Sunrisers Hyderabad who chose to bat. Match winner was Kolkata Knight Riders."
match,Lucknow Super Giants vs Mumbai Indians,"IPL match on 2026-05-04: Lucknow Super Giants played against Mumbai Indians at Wankhede Stadium, Mumbai. Toss winner was Mumbai Indians who chose to field. Match winner was Mumbai Indians."
match,Delhi Capitals vs Chennai Super Kings,"IPL match on 2026-05-05: Delhi Capitals played against Chennai Super Kings at Arun Jaitley Stadium, Delhi. Toss winner was Delhi Capitals who chose to bat. Match winner was Chennai Super Kings."
match,Sunrisers Hyderabad vs Punjab Kings,"IPL match on 2026-05-06: Sunrisers Hyderabad played against Punjab Kings at Rajiv Gandhi International Stadium, Uppal, Hyderabad. Toss winner was Punjab Kings who chose to field. Match winner was Sunrisers Hyderabad."
match,Lucknow Super Giants vs Royal Challengers Bengaluru,"IPL match on 2026-05-07: Lucknow Super Giants played against Royal Challengers Bengaluru at Bharat Ratna Shri Atal Bihari Vajpayee Ekana Cricket Stadium, Lucknow. Toss winner was Royal Challengers Bengaluru who chose to field. Match winner was Lucknow Super Giants."
match,Delhi Capitals vs Kolkata Knight Riders,"IPL match on 2026-05-08: Delhi Capitals played against Kolkata Knight Riders at Arun Jaitley Stadium, Delhi. Toss winner was Kolkata Knight Riders who chose to field. Match winner was Kolkata Knight Riders."
match,Gujarat Titans vs Rajasthan Royals,"IPL match on 2026-05-09: Gujarat Titans played against Rajasthan Royals at Sawai Mansingh Stadium, Jaipur. Toss winner was Rajasthan Royals who chose to field. Match winner was Gujarat Titans."
match,Lucknow Super Giants vs Chennai Super Kings,"IPL match on 2026-05-10: Lucknow Super Giants played against Chennai Super Kings at MA Chidambaram Stadium, Chepauk, Chennai. Toss winner was Chennai Super Kings who chose to field. Match winner was Chennai Super Kings."
match,Mumbai Indians vs Royal Challengers Bengaluru,"IPL match on 2026-05-10: Mumbai Indians played against Royal Challengers Bengaluru at Shaheed Veer Narayan Singh International Stadium, Raipur. Toss winner was Royal Challengers Bengaluru who chose to field. Match winner was Royal Challengers Bengaluru."
match,Punjab Kings vs Delhi Capitals,"IPL match on 2026-05-11: Punjab Kings played against Delhi Capitals at Himachal Pradesh Cricket Association Stadium, Dharamsala. Toss winner was Delhi Capitals who chose to field. Match winner was Delhi Capitals."
match,Gujarat Titans vs Sunrisers Hyderabad,"IPL match on 2026-05-12: Gujarat Titans played against Sunrisers Hyderabad at Narendra Modi Stadium, Ahmedabad. Toss winner was Sunrisers Hyderabad who chose to field. Match winner was Gujarat Titans."
match,Kolkata Knight Riders vs Royal Challengers Bengaluru,"IPL match on 2026-05-13: Kolkata Knight Riders played against Royal Challengers Bengaluru at Shaheed Veer Narayan Singh International Stadium, Raipur. Toss winner was Royal Challengers Bengaluru who chose to field. Match winner was Royal Challengers Bengaluru."
match,Punjab Kings vs Mumbai Indians,"IPL match on 2026-05-14: Punjab Kings played against Mumbai Indians at Himachal Pradesh Cricket Association Stadium, Dharamsala. Toss winner was Mumbai Indians who chose to field. Match winner was Mumbai Indians."
match,Chennai Super Kings vs Lucknow Super Giants,"IPL match on 2026-05-15: Chennai Super Kings played against Lucknow Super Giants at Bharat Ratna Shri Atal Bihari Vajpayee Ekana Cricket Stadium, Lucknow. Toss winner was Lucknow Super Giants who chose to field. Match winner was Lucknow Super Giants."
match,Kolkata Knight Riders vs Gujarat Titans,"IPL match on 2026-05-16: Kolkata Knight Riders played against Gujarat Titans at Eden Gardens, Kolkata. Toss winner was Gujarat Titans who chose to field. Match winner was Kolkata Knight Riders."
match,Rajasthan Royals vs Delhi Capitals,"IPL match on 2026-05-17: Rajasthan Royals played against Delhi Capitals at Arun Jaitley Stadium, Delhi. Toss winner was Delhi Capitals who chose to field. Match winner was Delhi Capitals."
match,Royal Challengers Bengaluru vs Punjab Kings,"IPL match on 2026-05-17: Royal Challengers Bengaluru played against Punjab Kings at Himachal Pradesh Cricket Association Stadium, Dharamsala. Toss winner was Punjab Kings who chose to field. Match winner was Royal Challengers Bengaluru."
match,Chennai Super Kings vs Sunrisers Hyderabad,"IPL match on 2026-05-18: Chennai Super Kings played against Sunrisers Hyderabad at MA Chidambaram Stadium, Chepauk, Chennai. Toss winner was Chennai Super Kings who chose to bat. Match winner was Sunrisers Hyderabad."
match,Lucknow Super Giants vs Rajasthan Royals,"IPL match on 2026-05-19: Lucknow Super Giants played against Rajasthan Royals at Sawai Mansingh Stadium, Jaipur. Toss winner was Rajasthan Royals who chose to field. Match winner was Rajasthan Royals."
match,Mumbai Indians vs Kolkata Knight Riders,"IPL match on 2026-05-20: Mumbai Indians played against Kolkata Knight Riders at Eden Gardens, Kolkata. Toss winner was Kolkata Knight Riders who chose to field. Match winner was Kolkata Knight Riders."
match,Gujarat Titans vs Chennai Super Kings,"IPL match on 2026-05-21: Gujarat Titans played against Chennai Super Kings at Narendra Modi Stadium, Ahmedabad. Toss winner was Chennai Super Kings who chose to field. Match winner was Gujarat Titans."
match,Sunrisers Hyderabad vs Royal Challengers Bengaluru,"IPL match on 2026-05-22: Sunrisers Hyderabad played against Royal Challengers Bengaluru at Rajiv Gandhi International Stadium, Uppal, Hyderabad. Toss winner was Sunrisers Hyderabad who chose to bat. Match winner was Sunrisers Hyderabad."
match,Lucknow Super Giants vs Punjab Kings,"IPL match on 2026-05-23: Lucknow Super Giants played against Punjab Kings at Bharat Ratna Shri Atal Bihari Vajpayee Ekana Cricket Stadium, Lucknow. Toss winner was Punjab Kings who chose to field. Match winner was Punjab Kings."
match,Rajasthan Royals vs Mumbai Indians,"IPL match on 2026-05-24: Rajasthan Royals played against Mumbai Indians at Wankhede Stadium, Mumbai. Toss winner was Mumbai Indians who chose to field. Match winner was Rajasthan Royals."
match,Delhi Capitals vs Kolkata Knight Riders,"IPL match on 2026-05-24: Delhi Capitals played against Kolkata Knight Riders at Eden Gardens, Kolkata. Toss winner was Kolkata Knight Riders who chose to field. Match winner was Delhi Capitals."
match,Royal Challengers Bengaluru vs Gujarat Titans,"IPL match on 2026-05-26: Royal Challengers Bengaluru played against Gujarat Titans at Himachal Pradesh Cricket Association Stadium, Dharamsala. Toss winner was Gujarat Titans who chose to field. Match winner was Royal Challengers Bengaluru."
match,Rajasthan Royals vs Sunrisers Hyderabad,"IPL match on 2026-05-27: Rajasthan Royals played against Sunrisers Hyderabad at Maharaja Yadavindra Singh International Cricket Stadium, New Chandigarh. Toss winner was Sunrisers Hyderabad who chose to field. Match winner was Rajasthan Royals."
match,Rajasthan Royals vs Gujarat Titans,"IPL match on 2026-05-29: Rajasthan Royals played against Gujarat Titans at Maharaja Yadavindra Singh International Cricket Stadium, New Chandigarh. Toss winner was Rajasthan Royals who chose to bat. Match winner was Gujarat Titans."
match,Gujarat Titans vs Royal Challengers Bengaluru,"IPL match on 2026-05-31: Gujarat Titans played against Royal Challengers Bengaluru at Narendra Modi Stadium, Ahmedabad. Toss winner was Royal Challengers Bengaluru who chose to field. Match winner was Royal Challengers Bengaluru."
