match_id,date,venue,city,team1,team2,toss_winner,toss_decision,winner,win_by_runs,win_by_wickets,player_of_match,season,h2h_win_rate,team1_recent_form,team2_recent_form,bat_first,team1_encoded,team2_encoded,toss_winner_encoded,winner_encoded,venue_encoded
335982,2008-04-18,M Chinnaswamy Stadium,Bangalore,Royal Challengers Bengaluru,Kolkata Knight Riders,Royal Challengers Bengaluru,field,Kolkata Knight Riders,140,0,BB McCullum,2008,0.5,0.5,0.5,0,14,6,14,6,23
335983,2008-04-19,"Punjab Cricket Association Stadium, Mohali",Chandigarh,Punjab Kings,Chennai Super Kings,Chennai Super Kings,bat,Chennai Super Kings,33,0,MEK Hussey,2008,0.5,0.5,0.5,1,11,0,0,0,41
335984,2008-04-19,Feroz Shah Kotla,Delhi,Delhi Capitals,Rajasthan Royals,Rajasthan Royals,bat,Delhi Capitals,0,9,MF Maharoof,2008,0.5,0.5,0.5,1,2,12,12,2,16
335986,2008-04-20,Eden Gardens,Kolkata,Kolkata Knight Riders,Deccan Chargers,Deccan Chargers,bat,Kolkata Knight Riders,0,5,DJ Hussey,2008,0.5,1.0,0.5,1,6,1,1,6,14
335985,2008-04-20,Wankhede Stadium,Mumbai,Mumbai Indians,Royal Challengers Bengaluru,Mumbai Indians,bat,Royal Challengers Bengaluru,0,5,MV Boucher,2008,0.5,0.5,0.0,1,8,14,8,14,57
335987,2008-04-21,Sawai Mansingh Stadium,Jaipur,Rajasthan Royals,Punjab Kings,Punjab Kings,bat,Rajasthan Royals,0,6,SR Watson,2008,0.5,0.0,0.0,1,12,11,11,12,47
335988,2008-04-22,"Rajiv Gandhi International Stadium, Uppal",Hyderabad,Deccan Chargers,Delhi Capitals,Deccan Chargers,bat,Delhi Capitals,0,9,V Sehwag,2008,0.5,0.0,1.0,1,1,2,1,2,43
335989,2008-04-23,"MA Chidambaram Stadium, Chepauk",Chennai,Chennai Super Kings,Mumbai Indians,Mumbai Indians,field,Chennai Super Kings,6,0,ML Hayden,2008,0.5,1.0,0.0,0,0,8,8,0,27
335990,2008-04-24,"Rajiv Gandhi International Stadium, Uppal",Hyderabad,Deccan Chargers,Rajasthan Royals,Rajasthan Royals,field,Rajasthan Royals,0,3,YK Pathan,2008,0.5,0.0,0.5,0,1,12,12,12,43
335991,2008-04-25,"Punjab Cricket Association Stadium, Mohali",Chandigarh,Punjab Kings,Mumbai Indians,Mumbai Indians,field,Punjab Kings,66,0,KC Sangakkara,2008,0.5,0.0,0.0,0,11,8,8,11,41
335993,2008-04-26,"MA Chidambaram Stadium, Chepauk",Chennai,Chennai Super Kings,Kolkata Knight Riders,Kolkata Knight Riders,bat,Chennai Super Kings,0,9,JDP Oram,2008,0.5,1.0,1.0,1,0,6,6,0,27
335992,2008-04-26,M Chinnaswamy Stadium,Bangalore,Royal Challengers Bengaluru,Rajasthan Royals,Rajasthan Royals,field,Rajasthan Royals,0,7,SR Watson,2008,0.5,0.5,0.6666666666666666,0,14,12,12,12,23
335994,2008-04-27,Dr DY Patil Sports Academy,Mumbai,Mumbai Indians,Deccan Chargers,Deccan Chargers,field,Deccan Chargers,0,10,AC Gilchrist,2008,0.5,0.0,0.0,0,8,1,1,1,9
335995,2008-04-27,"Punjab Cricket Association Stadium, Mohali",Chandigarh,Punjab Kings,Delhi Capitals,Delhi Capitals,bat,Punjab Kings,0,4,SM Katich,2008,0.5,0.3333333333333333,1.0,1,11,2,2,11,41
335996,2008-04-28,M Chinnaswamy Stadium,Bangalore,Royal Challengers Bengaluru,Chennai Super Kings,Chennai Super Kings,bat,Chennai Super Kings,13,0,MS Dhoni,2008,0.5,0.3333333333333333,1.0,1,14,0,0,0,23
335997,2008-04-29,Eden Gardens,Kolkata,Kolkata Knight Riders,Mumbai Indians,Kolkata Knight Riders,bat,Mumbai Indians,0,7,ST Jayasuriya,2008,0.5,0.6666666666666666,0.0,1,6,8,6,8,14
335998,2008-04-30,Feroz Shah Kotla,Delhi,Delhi Capitals,Royal Challengers Bengaluru,Royal Challengers Bengaluru,field,Delhi Capitals,10,0,GD McGrath,2008,0.5,0.6666666666666666,0.25,0,2,14,14,2,16
335999,2008-05-01,"Rajiv Gandhi International Stadium, Uppal",Hyderabad,Deccan Chargers,Punjab Kings,Punjab Kings,field,Punjab Kings,0,7,SE Marsh,2008,0.5,0.25,0.5,0,1,11,11,11,43
336000,2008-05-01,Sawai Mansingh Stadium,Jaipur,Rajasthan Royals,Kolkata Knight Riders,Rajasthan Royals,bat,Rajasthan Royals,45,0,SA Asnodkar,2008,0.5,0.75,0.5,1,12,6,12,12,47
336001,2008-05-02,"MA Chidambaram Stadium, Chepauk",Chennai,Chennai Super Kings,Delhi Capitals,Chennai Super Kings,bat,Delhi Capitals,0,8,V Sehwag,2008,0.5,1.0,0.75,1,0,2,0,2,27
336034,2008-05-03,M Chinnaswamy Stadium,Bangalore,Royal Challengers Bengaluru,Deccan Chargers,Deccan Chargers,field,Royal Challengers Bengaluru,3,0,P Kumar,2008,0.5,0.2,0.2,0,14,1,1,14,23
336003,2008-05-03,"Punjab Cricket Association Stadium, Mohali",Chandigarh,Punjab Kings,Kolkata Knight Riders,Punjab Kings,bat,Punjab Kings,9,0,IK Pathan,2008,0.5,0.6,0.4,1,11,6,11,11,41
336004,2008-05-04,Dr DY Patil Sports Academy,Mumbai,Mumbai Indians,Delhi Capitals,Delhi Capitals,field,Mumbai Indians,29,0,SM Pollock,2008,0.5,0.2,0.8,0,8,2,2,8,9
336005,2008-05-04,Sawai Mansingh Stadium,Jaipur,Rajasthan Royals,Chennai Super Kings,Chennai Super Kings,bat,Rajasthan Royals,0,8,Sohail Tanvir,2008,0.5,0.8,0.8,1,12,0,0,12,47
336006,2008-05-05,M Chinnaswamy Stadium,Bangalore,Royal Challengers Bengaluru,Punjab Kings,Punjab Kings,field,Punjab Kings,0,6,S Sreesanth,2008,0.5,0.4,0.8,0,14,11,11,11,23
336007,2008-05-06,"MA Chidambaram Stadium, Chepauk",Chennai,Chennai Super Kings,Deccan Chargers,Deccan Chargers,field,Deccan Chargers,0,7,AC Gilchrist,2008,0.5,0.6,0.2,0,0,1,1,1,27
336008,2008-05-07,Dr DY Patil Sports Academy,Mumbai,Mumbai Indians,Rajasthan Royals,Mumbai Indians,field,Mumbai Indians,0,7,A Nehra,2008,0.5,0.4,1.0,0,8,12,8,8,9
336010,2008-05-08,Eden Gardens,Kolkata,Kolkata Knight Riders,Royal Challengers Bengaluru,Kolkata Knight Riders,bat,Kolkata Knight Riders,5,0,SC Ganguly,2008,1.0,0.2,0.2,1,6,14,6,6,14
336009,2008-05-08,Feroz Shah Kotla,Delhi,Delhi Capitals,Chennai Super Kings,Chennai Super Kings,field,Chennai Super Kings,0,4,MS Dhoni,2008,1.0,0.6,0.4,0,2,0,0,0,16
336011,2008-05-09,Sawai Mansingh Stadium,Jaipur,Rajasthan Royals,Deccan Chargers,Rajasthan Royals,field,Rajasthan Royals,0,8,YK Pathan,2008,1.0,0.8,0.4,0,12,1,12,12,47
336013,2008-05-10,"MA Chidambaram Stadium, Chepauk",Chennai,Chennai Super Kings,Punjab Kings,Punjab Kings,field,Chennai Super Kings,18,0,L Balaji,2008,1.0,0.4,1.0,0,0,11,11,0,27
336014,2008-05-11,"Rajiv Gandhi International Stadium, Uppal",Hyderabad,Deccan Chargers,Kolkata Knight Riders,Kolkata Knight Riders,bat,Kolkata Knight Riders,23,0,SC Ganguly,2008,0.0,0.4,0.2,1,1,6,6,6,43
336015,2008-05-11,Sawai Mansingh Stadium,Jaipur,Rajasthan Royals,Delhi Capitals,Rajasthan Royals,field,Rajasthan Royals,0,3,SR Watson,2008,0.0,0.8,0.4,0,12,2,12,12,47
336016,2008-05-12,"Punjab Cricket Association Stadium, Mohali",Chandigarh,Punjab Kings,Royal Challengers Bengaluru,Royal Challengers Bengaluru,bat,Punjab Kings,0,9,SE Marsh,2008,1.0,0.8,0.2,1,11,14,14,11,41
336017,2008-05-13,Eden Gardens,Kolkata,Kolkata Knight Riders,Delhi Capitals,Kolkata Knight Riders,bat,Kolkata Knight Riders,23,0,Shoaib Akhtar,2008,0.5,0.4,0.4,1,6,2,6,6,14
336018,2008-05-14,Wankhede Stadium,Mumbai,Mumbai Indians,Chennai Super Kings,Mumbai Indians,field,Mumbai Indians,0,9,ST Jayasuriya,2008,0.0,0.6,0.4,0,8,0,8,8,57
336020,2008-05-15,Feroz Shah Kotla,Delhi,Delhi Capitals,Deccan Chargers,Deccan Chargers,field,Delhi Capitals,12,0,A Mishra,2008,1.0,0.2,0.2,0,2,1,1,2,16
336021,2008-05-16,Wankhede Stadium,Mumbai,Mumbai Indians,Kolkata Knight Riders,Mumbai Indians,field,Mumbai Indians,0,8,SM Pollock,2008,1.0,0.8,0.6,0,8,6,8,8,57
336022,2008-05-17,Feroz Shah Kotla,Delhi,Delhi Capitals,Punjab Kings,Delhi Capitals,bat,Punjab Kings,6,0,DPMD Jayawardene,2008,0.0,0.2,0.8,1,2,11,2,11,16
336023,2008-05-17,Sawai Mansingh Stadium,Jaipur,Rajasthan Royals,Royal Challengers Bengaluru,Royal Challengers Bengaluru,field,Rajasthan Royals,65,0,GC Smith,2008,1.0,0.8,0.2,0,12,14,14,12,47
336025,2008-05-18,Eden Gardens,Kolkata,Kolkata Knight Riders,Chennai Super Kings,Kolkata Knight Riders,bat,Chennai Super Kings,3,0,M Ntini,2008,0.0,0.6,0.4,1,6,0,6,0,14
336024,2008-05-18,"Rajiv Gandhi International Stadium, Uppal",Hyderabad,Deccan Chargers,Mumbai Indians,Deccan Chargers,field,Mumbai Indians,25,0,DJ Bravo,2008,1.0,0.2,1.0,0,1,8,1,8,43
336026,2008-05-19,M Chinnaswamy Stadium,Bangalore,Royal Challengers Bengaluru,Delhi Capitals,Delhi Capitals,field,Delhi Capitals,0,5,SP Goswami,2008,0.0,0.2,0.2,0,14,2,2,2,23
336027,2008-05-20,Eden Gardens,Kolkata,Kolkata Knight Riders,Rajasthan Royals,Rajasthan Royals,field,Rajasthan Royals,0,6,YK Pathan,2008,0.0,0.6,0.8,0,6,12,12,12,14
336028,2008-05-21,Wankhede Stadium,Mumbai,Mumbai Indians,Punjab Kings,Mumbai Indians,field,Punjab Kings,1,0,SE Marsh,2008,0.0,1.0,0.8,0,8,11,8,11,57
336029,2008-05-21,"MA Chidambaram Stadium, Chepauk",Chennai,Chennai Super Kings,Royal Challengers Bengaluru,Royal Challengers Bengaluru,bat,Royal Challengers Bengaluru,14,0,A Kumble,2008,1.0,0.6,0.0,1,0,14,14,14,27
336031,2008-05-23,"Punjab Cricket Association Stadium, Mohali",Chandigarh,Punjab Kings,Deccan Chargers,Punjab Kings,field,Punjab Kings,0,6,SE Marsh,2008,1.0,0.8,0.2,0,11,1,11,11,41
336032,2008-05-24,Feroz Shah Kotla,Delhi,Delhi Capitals,Mumbai Indians,Delhi Capitals,field,Delhi Capitals,0,5,KD Karthik,2008,0.0,0.4,0.8,0,2,8,2,2,16
336033,2008-05-24,"MA Chidambaram Stadium, Chepauk",Chennai,Chennai Super Kings,Rajasthan Royals,Rajasthan Royals,bat,Rajasthan Royals,10,0,JA Morkel,2008,0.0,0.6,0.8,1,0,12,12,12,27
336035,2008-05-25,Eden Gardens,Kolkata,Kolkata Knight Riders,Punjab Kings,Punjab Kings,bat,Kolkata Knight Riders,0,3,Umar Gul,2008,0.0,0.4,0.8,1,6,11,11,6,14
336002,2008-05-25,"Rajiv Gandhi International Stadium, Uppal",Hyderabad,Deccan Chargers,Royal Challengers Bengaluru,Deccan Chargers,bat,Royal Challengers Bengaluru,0,5,R Vinay Kumar,2008,0.0,0.0,0.2,1,1,14,1,14,43
336036,2008-05-26,Sawai Mansingh Stadium,Jaipur,Rajasthan Royals,Mumbai Indians,Rajasthan Royals,field,Rajasthan Royals,0,5,Sohail Tanvir,2008,0.0,1.0,0.6,0,12,8,12,12,47
336037,2008-05-27,"Rajiv Gandhi International Stadium, Uppal",Hyderabad,Deccan Chargers,Chennai Super Kings,Deccan Chargers,bat,Chennai Super Kings,0,7,SK Raina,2008,1.0,0.0,0.4,1,1,0,1,0,43
336019,2008-05-28,"Punjab Cricket Association Stadium, Mohali",Chandigarh,Punjab Kings,Rajasthan Royals,Rajasthan Royals,field,Punjab Kings,41,0,SE Marsh,2008,0.0,0.8,1.0,0,11,12,12,11,41
336012,2008-05-28,M Chinnaswamy Stadium,Bangalore,Royal Challengers Bengaluru,Mumbai Indians,Mumbai Indians,field,Mumbai Indians,0,9,CRD Fernando,2008,1.0,0.4,0.4,0,14,8,8,8,23
336038,2008-05-30,Wankhede Stadium,Mumbai,Delhi Capitals,Rajasthan Royals,Delhi Capitals,field,Rajasthan Royals,105,0,SR Watson,2008,0.5,0.6,0.8,0,2,12,2,12,57
336039,2008-05-31,Wankhede Stadium,Mumbai,Chennai Super Kings,Punjab Kings,Punjab Kings,bat,Chennai Super Kings,0,9,M Ntini,2008,1.0,0.4,0.8,1,0,11,11,0,57
336040,2008-06-01,Dr DY Patil Sports Academy,Mumbai,Chennai Super Kings,Rajasthan Royals,Rajasthan Royals,field,Rajasthan Royals,0,3,YK Pathan,2008,0.0,0.6,0.8,0,0,12,12,12,9
392182,2009-04-18,Newlands,Cape Town,Royal Challengers Bengaluru,Rajasthan Royals,Royal Challengers Bengaluru,bat,Royal Challengers Bengaluru,75,0,R Dravid,2009,0.0,0.4,0.8,1,14,12,14,14,36
392181,2009-04-18,Newlands,Cape Town,Chennai Super Kings,Mumbai Indians,Chennai Super Kings,field,Mumbai Indians,19,0,SR Tendulkar,2009,0.5,0.4,0.4,0,0,8,0,8,36
392184,2009-04-19,Newlands,Cape Town,Deccan Chargers,Kolkata Knight Riders,Kolkata Knight Riders,bat,Deccan Chargers,0,8,RP Singh,2009,0.0,0.0,0.4,1,1,6,6,1,36
392183,2009-04-19,Newlands,Cape Town,Delhi Capitals,Punjab Kings,Delhi Capitals,field,Delhi Capitals,0,10,DL Vettori,2009,0.0,0.6,0.6,0,2,11,2,2,36
392185,2009-04-20,St George's Park,Port Elizabeth,Royal Challengers Bengaluru,Chennai Super Kings,Chennai Super Kings,bat,Chennai Super Kings,92,0,M Muralitharan,2009,0.5,0.6,0.4,1,14,0,0,0,53
392186,2009-04-21,Kingsmead,Durban,Punjab Kings,Kolkata Knight Riders,Kolkata Knight Riders,field,Kolkata Knight Riders,11,0,CH Gayle,2009,0.5,0.4,0.2,0,11,6,6,6,22
392188,2009-04-22,Newlands,Cape Town,Royal Challengers Bengaluru,Deccan Chargers,Deccan Chargers,bat,Deccan Chargers,24,0,AC Gilchrist,2009,1.0,0.6,0.2,1,14,1,1,1,36
392190,2009-04-23,Newlands,Cape Town,Kolkata Knight Riders,Rajasthan Royals,Kolkata Knight Riders,field,No Result,0,0,YK Pathan,2009,0.0,0.4,0.6,0,6,12,6,9,36
392189,2009-04-23,Kingsmead,Durban,Chennai Super Kings,Delhi Capitals,Delhi Capitals,bat,Delhi Capitals,9,0,AB de Villiers,2009,0.5,0.6,0.6,1,0,2,2,2,22
392191,2009-04-24,Kingsmead,Durban,Royal Challengers Bengaluru,Punjab Kings,Royal Challengers Bengaluru,bat,Punjab Kings,0,7,RS Bopara,2009,0.0,0.4,0.2,1,14,11,14,11,22
392192,2009-04-25,Kingsmead,Durban,Deccan Chargers,Mumbai Indians,Deccan Chargers,bat,Deccan Chargers,12,0,PP Ojha,2009,0.5,0.4,0.4,1,1,8,1,1,22
392194,2009-04-26,St George's Park,Port Elizabeth,Royal Challengers Bengaluru,Delhi Capitals,Royal Challengers Bengaluru,bat,Delhi Capitals,0,6,TM Dilshan,2009,0.0,0.2,0.8,1,14,2,14,2,53
392195,2009-04-26,Newlands,Cape Town,Punjab Kings,Rajasthan Royals,Punjab Kings,bat,Punjab Kings,27,0,KC Sangakkara,2009,0.5,0.4,0.4,1,11,12,11,11,36
392196,2009-04-27,Kingsmead,Durban,Chennai Super Kings,Deccan Chargers,Deccan Chargers,field,Deccan Chargers,0,6,HH Gibbs,2009,0.5,0.4,0.6,0,0,1,1,1,22
392197,2009-04-27,St George's Park,Port Elizabeth,Kolkata Knight Riders,Mumbai Indians,Mumbai Indians,bat,Mumbai Indians,92,0,SR Tendulkar,2009,0.0,0.4,0.4,1,6,8,8,8,53
392198,2009-04-28,SuperSport Park,Centurion,Delhi Capitals,Rajasthan Royals,Delhi Capitals,bat,Rajasthan Royals,0,5,YK Pathan,2009,0.3333333333333333,0.8,0.4,1,2,12,2,12,55
392200,2009-04-29,Kingsmead,Durban,Punjab Kings,Mumbai Indians,Punjab Kings,bat,Punjab Kings,3,0,KC Sangakkara,2009,1.0,0.4,0.6,1,11,8,11,11,22
392199,2009-04-29,Kingsmead,Durban,Royal Challengers Bengaluru,Kolkata Knight Riders,Kolkata Knight Riders,bat,Royal Challengers Bengaluru,0,5,MV Boucher,2009,0.0,0.2,0.4,1,14,6,6,14,22
392201,2009-04-30,SuperSport Park,Centurion,Deccan Chargers,Delhi Capitals,Delhi Capitals,field,Delhi Capitals,0,6,DP Nannes,2009,0.0,0.8,0.6,0,1,2,2,2,55
392202,2009-04-30,SuperSport Park,Centurion,Chennai Super Kings,Rajasthan Royals,Rajasthan Royals,field,Chennai Super Kings,38,0,SK Raina,2009,0.0,0.2,0.4,0,0,12,12,0,55
392203,2009-05-01,Buffalo Park,East London,Kolkata Knight Riders,Mumbai Indians,Mumbai Indians,bat,Mumbai Indians,9,0,JP Duminy,2009,0.0,0.2,0.6,1,6,8,8,8,7
392204,2009-05-01,Kingsmead,Durban,Royal Challengers Bengaluru,Punjab Kings,Royal Challengers Bengaluru,bat,Royal Challengers Bengaluru,8,0,Yuvraj Singh,2009,0.0,0.2,0.6,1,14,11,14,14,22
392205,2009-05-02,St George's Park,Port Elizabeth,Deccan Chargers,Rajasthan Royals,Deccan Chargers,bat,Rajasthan Royals,0,3,YK Pathan,2009,0.0,0.8,0.2,1,1,12,1,12,53
392206,2009-05-02,New Wanderers Stadium,Johannesburg,Chennai Super Kings,Delhi Capitals,Delhi Capitals,field,Chennai Super Kings,18,0,SB Jakati,2009,0.3333333333333333,0.4,0.8,0,0,2,2,0,35
392208,2009-05-03,New Wanderers Stadium,Johannesburg,Royal Challengers Bengaluru,Mumbai Indians,Mumbai Indians,bat,Royal Challengers Bengaluru,0,9,JH Kallis,2009,0.5,0.4,0.6,1,14,8,8,14,35
392207,2009-05-03,St George's Park,Port Elizabeth,Punjab Kings,Kolkata Knight Riders,Kolkata Knight Riders,bat,Punjab Kings,0,6,DPMD Jayawardene,2009,0.3333333333333333,0.6,0.2,1,11,6,6,11,53
392209,2009-05-04,Buffalo Park,East London,Chennai Super Kings,Deccan Chargers,Chennai Super Kings,bat,Chennai Super Kings,78,0,MS Dhoni,2009,0.3333333333333333,0.6,0.6,1,0,1,0,0,7
392210,2009-05-05,Kingsmead,Durban,Punjab Kings,Rajasthan Royals,Punjab Kings,field,Rajasthan Royals,78,0,GC Smith,2009,0.6666666666666666,0.8,0.4,0,11,12,11,12,22
392211,2009-05-05,Kingsmead,Durban,Delhi Capitals,Kolkata Knight Riders,Kolkata Knight Riders,bat,Delhi Capitals,0,9,G Gambhir,2009,0.0,0.6,0.0,1,2,6,6,2,22
392212,2009-05-06,SuperSport Park,Centurion,Deccan Chargers,Mumbai Indians,Deccan Chargers,bat,Deccan Chargers,19,0,RG Sharma,2009,0.6666666666666666,0.4,0.4,1,1,8,1,1,55
392213,2009-05-07,SuperSport Park,Centurion,Royal Challengers Bengaluru,Rajasthan Royals,Rajasthan Royals,field,Rajasthan Royals,0,7,A Singh,2009,0.3333333333333333,0.6,0.6,0,14,12,12,12,55
392214,2009-05-07,SuperSport Park,Centurion,Chennai Super Kings,Punjab Kings,Chennai Super Kings,bat,Chennai Super Kings,12,0,ML Hayden,2009,1.0,0.6,0.6,1,0,11,0,0,55
392215,2009-05-08,Buffalo Park,East London,Delhi Capitals,Mumbai Indians,Mumbai Indians,bat,Delhi Capitals,0,7,A Nehra,2009,0.5,0.6,0.4,1,2,8,8,2,7
392216,2009-05-09,De Beers Diamond Oval,Kimberley,Deccan Chargers,Punjab Kings,Punjab Kings,field,Punjab Kings,0,3,DPMD Jayawardene,2009,0.0,0.4,0.4,0,1,11,11,11,8
392217,2009-05-09,De Beers Diamond Oval,Kimberley,Chennai Super Kings,Rajasthan Royals,Rajasthan Royals,bat,Chennai Super Kings,0,7,S Badrinath,2009,0.25,0.8,0.8,1,0,12,12,0,8
392218,2009-05-10,St George's Park,Port Elizabeth,Royal Challengers Bengaluru,Mumbai Indians,Mumbai Indians,bat,Mumbai Indians,16,0,JP Duminy,2009,0.6666666666666666,0.6,0.2,1,14,8,8,8,53
392219,2009-05-10,New Wanderers Stadium,Johannesburg,Delhi Capitals,Kolkata Knight Riders,Delhi Capitals,field,Delhi Capitals,0,7,A Mishra,2009,0.5,0.6,0.0,0,2,6,2,2,35
392220,2009-05-11,De Beers Diamond Oval,Kimberley,Deccan Chargers,Rajasthan Royals,Deccan Chargers,bat,Deccan Chargers,53,0,DR Smith,2009,0.0,0.2,0.6,1,1,12,1,1,8
392222,2009-05-12,SuperSport Park,Centurion,Punjab Kings,Mumbai Indians,Punjab Kings,bat,Mumbai Indians,0,8,Harbhajan Singh,2009,1.0,0.4,0.4,1,11,8,11,8,55
392221,2009-05-12,SuperSport Park,Centurion,Royal Challengers Bengaluru,Kolkata Knight Riders,Royal Challengers Bengaluru,field,Royal Challengers Bengaluru,0,6,LRPL Taylor,2009,0.3333333333333333,0.6,0.0,0,14,6,14,14,55
392223,2009-05-13,Kingsmead,Durban,Deccan Chargers,Delhi Capitals,Deccan Chargers,field,Delhi Capitals,12,0,R Bhatia,2009,0.0,0.4,0.8,0,1,2,1,2,22
392224,2009-05-14,Kingsmead,Durban,Royal Challengers Bengaluru,Chennai Super Kings,Chennai Super Kings,bat,Royal Challengers Bengaluru,0,2,LRPL Taylor,2009,0.3333333333333333,0.6,1.0,1,14,0,0,14,22
392225,2009-05-14,Kingsmead,Durban,Mumbai Indians,Rajasthan Royals,Rajasthan Royals,bat,Rajasthan Royals,2,0,SK Warne,2009,0.5,0.4,0.6,1,8,12,12,12,22
392226,2009-05-15,OUTsurance Oval,Bloemfontein,Delhi Capitals,Punjab Kings,Punjab Kings,field,Punjab Kings,0,6,B Lee,2009,0.3333333333333333,0.8,0.4,0,2,11,11,11,37
392227,2009-05-16,St George's Park,Port Elizabeth,Chennai Super Kings,Mumbai Indians,Mumbai Indians,bat,Chennai Super Kings,0,7,ML Hayden,2009,0.3333333333333333,0.8,0.4,1,0,8,8,0,53
392228,2009-05-16,New Wanderers Stadium,Johannesburg,Deccan Chargers,Kolkata Knight Riders,Deccan Chargers,field,Deccan Chargers,0,6,RG Sharma,2009,0.3333333333333333,0.4,0.0,0,1,6,1,1,35
392229,2009-05-17,New Wanderers Stadium,Johannesburg,Deccan Chargers,Punjab Kings,Deccan Chargers,field,Punjab Kings,1,0,Yuvraj Singh,2009,0.0,0.6,0.4,0,1,11,1,11,35
392230,2009-05-17,OUTsurance Oval,Bloemfontein,Delhi Capitals,Rajasthan Royals,Delhi Capitals,bat,Delhi Capitals,14,0,AB de Villiers,2009,0.25,0.8,0.6,1,2,12,2,2,37
392231,2009-05-18,SuperSport Park,Centurion,Chennai Super Kings,Kolkata Knight Riders,Chennai Super Kings,bat,Kolkata Knight Riders,0,7,BJ Hodge,2009,1.0,0.8,0.0,1,0,6,0,6,55
392232,2009-05-19,New Wanderers Stadium,Johannesburg,Royal Challengers Bengaluru,Delhi Capitals,Delhi Capitals,bat,Royal Challengers Bengaluru,0,7,JH Kallis,2009,0.0,0.6,0.8,1,14,2,2,14,35
392233,2009-05-20,Kingsmead,Durban,Kolkata Knight Riders,Rajasthan Royals,Kolkata Knight Riders,field,Kolkata Knight Riders,0,4,LR Shukla,2009,0.0,0.2,0.4,0,6,12,6,6,22
392234,2009-05-20,Kingsmead,Durban,Chennai Super Kings,Punjab Kings,Chennai Super Kings,bat,Chennai Super Kings,24,0,M Muralitharan,2009,1.0,0.6,0.6,1,0,11,0,0,22
392236,2009-05-21,SuperSport Park,Centurion,Royal Challengers Bengaluru,Deccan Chargers,Royal Challengers Bengaluru,bat,Royal Challengers Bengaluru,12,0,MK Pandey,2009,0.6666666666666666,0.6,0.4,1,14,1,14,14,55
392235,2009-05-21,SuperSport Park,Centurion,Delhi Capitals,Mumbai Indians,Delhi Capitals,field,Delhi Capitals,0,4,V Sehwag,2009,0.6666666666666666,0.6,0.4,0,2,8,2,2,55
392237,2009-05-22,SuperSport Park,Centurion,Delhi Capitals,Deccan Chargers,Deccan Chargers,field,Deccan Chargers,0,6,AC Gilchrist,2009,1.0,0.6,0.4,0,2,1,1,1,55
392238,2009-05-23,New Wanderers Stadium,Johannesburg,Royal Challengers Bengaluru,Chennai Super Kings,Royal Challengers Bengaluru,field,Royal Challengers Bengaluru,0,6,MK Pandey,2009,0.5,0.8,0.6,0,14,0,14,14,35
392239,2009-05-24,New Wanderers Stadium,Johannesburg,Royal Challengers Bengaluru,Deccan Chargers,Royal Challengers Bengaluru,field,Deccan Chargers,6,0,A Kumble,2009,0.75,1.0,0.4,0,14,1,14,1,35
419106,2010-03-12,Dr DY Patil Sports Academy,Mumbai,Deccan Chargers,Kolkata Knight Riders,Deccan Chargers,field,Kolkata Knight Riders,11,0,AD Mathews,2010,0.5,0.6,0.4,0,1,6,1,6,9
419107,2010-03-13,Brabourne Stadium,Mumbai,Mumbai Indians,Rajasthan Royals,Mumbai Indians,bat,Mumbai Indians,4,0,YK Pathan,2010,0.3333333333333333,0.4,0.2,1,8,12,8,8,5
419108,2010-03-13,"Punjab Cricket Association Stadium, Mohali",Chandigarh,Punjab Kings,Delhi Capitals,Delhi Capitals,field,Delhi Capitals,0,5,G Gambhir,2010,0.75,0.6,0.4,0,11,2,2,2,41
419109,2010-03-14,Eden Gardens,Kolkata,Kolkata Knight Riders,Royal Challengers Bengaluru,Kolkata Knight Riders,field,Kolkata Knight Riders,0,7,MK Tiwary,2010,0.5,0.6,0.8,0,6,14,6,6,14
419110,2010-03-14,"MA Chidambaram Stadium, Chepauk",Chennai,Chennai Super Kings,Deccan Chargers,Deccan Chargers,bat,Deccan Chargers,31,0,WPUJC Vaas,2010,0.5,0.4,0.4,1,0,1,1,1,27
419111,2010-03-15,"Sardar Patel Stadium, Motera",Ahmedabad,Rajasthan Royals,Delhi Capitals,Delhi Capitals,field,Delhi Capitals,0,6,V Sehwag,2010,0.6,0.2,0.6,0,12,2,2,2,45
419112,2010-03-16,M Chinnaswamy Stadium,Bangalore,Royal Challengers Bengaluru,Punjab Kings,Punjab Kings,bat,Royal Challengers Bengaluru,0,8,JH Kallis,2010,0.25,0.6,0.4,1,14,11,11,14,23
419113,2010-03-16,Eden Gardens,Kolkata,Kolkata Knight Riders,Chennai Super Kings,Chennai Super Kings,bat,Chennai Super Kings,55,0,MS Dhoni,2010,0.3333333333333333,0.8,0.4,1,6,0,0,0,14
419114,2010-03-17,Feroz Shah Kotla,Delhi,Delhi Capitals,Mumbai Indians,Delhi Capitals,field,Mumbai Indians,98,0,SR Tendulkar,2010,0.75,0.6,0.4,0,2,8,2,8,16
419115,2010-03-18,M Chinnaswamy Stadium,Bangalore,Royal Challengers Bengaluru,Rajasthan Royals,Royal Challengers Bengaluru,field,Royal Challengers Bengaluru,0,10,JH Kallis,2010,0.25,0.6,0.2,0,14,12,14,14,23
419117,2010-03-19,Barabati Stadium,Cuttack,Deccan Chargers,Punjab Kings,Punjab Kings,field,Deccan Chargers,6,0,A Symonds,2010,0.0,0.6,0.4,0,1,11,11,1,2
419116,2010-03-19,Feroz Shah Kotla,Delhi,Delhi Capitals,Chennai Super Kings,Delhi Capitals,bat,Chennai Super Kings,0,5,ML Hayden,2010,0.5,0.6,0.4,1,2,0,2,0,16
419118,2010-03-20,"Sardar Patel Stadium, Motera",Ahmedabad,Rajasthan Royals,Kolkata Knight Riders,Rajasthan Royals,bat,Rajasthan Royals,34,0,AA Jhunjhunwala,2010,0.5,0.0,0.8,1,12,6,12,12,45
419119,2010-03-20,Brabourne Stadium,Mumbai,Mumbai Indians,Royal Challengers Bengaluru,Mumbai Indians,bat,Royal Challengers Bengaluru,0,7,JH Kallis,2010,0.5,0.4,0.6,1,8,14,8,14,5
419121,2010-03-21,"MA Chidambaram Stadium, Chepauk",Chennai,Chennai Super Kings,Punjab Kings,Chennai Super Kings,field,No Result,0,0,J Theron,2010,1.0,0.6,0.2,0,0,11,0,9,27
419120,2010-03-21,Barabati Stadium,Cuttack,Deccan Chargers,Delhi Capitals,Deccan Chargers,bat,Deccan Chargers,10,0,A Symonds,2010,0.2,0.8,0.4,1,1,2,1,1,2
419122,2010-03-22,Brabourne Stadium,Mumbai,Mumbai Indians,Kolkata Knight Riders,Kolkata Knight Riders,bat,Mumbai Indians,0,7,SR Tendulkar,2010,1.0,0.4,0.6,1,8,6,6,8,5
419123,2010-03-23,M Chinnaswamy Stadium,Bangalore,Royal Challengers Bengaluru,Chennai Super Kings,Chennai Super Kings,field,Royal Challengers Bengaluru,36,0,RV Uthappa,2010,0.6,0.6,0.4,0,14,0,0,14,23
419124,2010-03-24,"Punjab Cricket Association Stadium, Mohali",Chandigarh,Punjab Kings,Rajasthan Royals,Punjab Kings,field,Rajasthan Royals,31,0,AC Voges,2010,0.5,0.0,0.2,0,11,12,11,12,41
419128,2010-03-25,M Chinnaswamy Stadium,Bangalore,Royal Challengers Bengaluru,Delhi Capitals,Royal Challengers Bengaluru,field,Delhi Capitals,17,0,KM Jadhav,2010,0.25,0.8,0.4,0,14,2,14,2,23
419125,2010-03-25,"Brabourne Stadium, Mumbai",Mumbai,Chennai Super Kings,Mumbai Indians,Mumbai Indians,field,Mumbai Indians,0,5,SR Tendulkar,2010,0.5,0.4,0.6,0,0,8,8,8,6
419126,2010-03-26,"Sardar Patel Stadium, Motera",Ahmedabad,Rajasthan Royals,Deccan Chargers,Deccan Chargers,bat,Rajasthan Royals,0,8,YK Pathan,2010,0.75,0.4,0.8,1,12,1,1,12,45
419127,2010-03-27,"Punjab Cricket Association Stadium, Mohali",Chandigarh,Punjab Kings,Kolkata Knight Riders,Kolkata Knight Riders,bat,Kolkata Knight Riders,39,0,MK Tiwary,2010,0.5,0.0,0.4,1,11,6,6,6,41
419129,2010-03-28,"Sardar Patel Stadium, Motera",Ahmedabad,Rajasthan Royals,Chennai Super Kings,Rajasthan Royals,bat,Rajasthan Royals,17,0,NV Ojha,2010,0.6,0.6,0.4,1,12,0,12,12,45
419130,2010-03-28,Dr DY Patil Sports Academy,Mumbai,Deccan Chargers,Mumbai Indians,Deccan Chargers,field,Mumbai Indians,41,0,Harbhajan Singh,2010,0.75,0.6,0.8,0,1,8,1,8,9
419131,2010-03-29,Feroz Shah Kotla,Delhi,Delhi Capitals,Kolkata Knight Riders,Delhi Capitals,bat,Delhi Capitals,40,0,DA Warner,2010,0.6666666666666666,0.4,0.4,1,2,6,2,2,16
419132,2010-03-30,Brabourne Stadium,Mumbai,Mumbai Indians,Punjab Kings,Mumbai Indians,field,Mumbai Indians,0,4,SL Malinga,2010,0.25,0.8,0.0,0,8,11,8,8,5
419133,2010-03-31,"MA Chidambaram Stadium, Chepauk",Chennai,Chennai Super Kings,Royal Challengers Bengaluru,Royal Challengers Bengaluru,bat,Chennai Super Kings,0,5,M Vijay,2010,0.3333333333333333,0.2,0.8,1,0,14,14,0,27
419134,2010-03-31,Feroz Shah Kotla,Delhi,Delhi Capitals,Rajasthan Royals,Delhi Capitals,bat,Delhi Capitals,67,0,KD Karthik,2010,0.5,0.4,0.8,1,2,12,2,2,16
419135,2010-04-01,Eden Gardens,Kolkata,Kolkata Knight Riders,Deccan Chargers,Kolkata Knight Riders,bat,Kolkata Knight Riders,24,0,SC Ganguly,2010,0.6,0.2,0.6,1,6,1,6,6,14
419136,2010-04-02,"Punjab Cricket Association Stadium, Mohali",Chandigarh,Punjab Kings,Royal Challengers Bengaluru,Punjab Kings,bat,Royal Challengers Bengaluru,0,6,KP Pietersen,2010,0.6,0.0,0.6,1,11,14,11,14,41
419138,2010-04-03,Brabourne Stadium,Mumbai,Mumbai Indians,Deccan Chargers,Mumbai Indians,bat,Mumbai Indians,63,0,AT Rayudu,2010,0.4,0.8,0.4,1,8,1,8,8,5
419137,2010-04-03,"MA Chidambaram Stadium, Chepauk",Chennai,Chennai Super Kings,Rajasthan Royals,Chennai Super Kings,bat,Chennai Super Kings,23,0,M Vijay,2010,0.3333333333333333,0.2,0.8,1,0,12,0,0,27
419139,2010-04-04,Eden Gardens,Kolkata,Kolkata Knight Riders,Punjab Kings,Kolkata Knight Riders,bat,Punjab Kings,0,8,DPMD Jayawardene,2010,0.6,0.4,0.0,1,6,11,6,11,14
419140,2010-04-04,Feroz Shah Kotla,Delhi,Delhi Capitals,Royal Challengers Bengaluru,Delhi Capitals,bat,Delhi Capitals,37,0,PD Collingwood,2010,0.8,0.6,0.6,1,2,14,2,2,16
419141,2010-04-05,"Vidarbha Cricket Association Stadium, Jamtha",Nagpur,Deccan Chargers,Rajasthan Royals,Rajasthan Royals,bat,Rajasthan Royals,2,0,SK Warne,2010,0.2,0.2,0.6,1,1,12,12,12,56
419142,2010-04-06,"MA Chidambaram Stadium, Chepauk",Chennai,Chennai Super Kings,Mumbai Indians,Chennai Super Kings,bat,Chennai Super Kings,24,0,SK Raina,2010,0.4,0.4,1.0,1,0,8,0,0,27
419144,2010-04-07,Eden Gardens,Kolkata,Kolkata Knight Riders,Delhi Capitals,Kolkata Knight Riders,bat,Kolkata Knight Riders,14,0,SC Ganguly,2010,0.25,0.4,0.8,1,6,2,6,6,14
419143,2010-04-07,Sawai Mansingh Stadium,Jaipur,Rajasthan Royals,Punjab Kings,Punjab Kings,bat,Rajasthan Royals,0,9,MJ Lumb,2010,0.6,0.6,0.2,1,12,11,11,12,47
419145,2010-04-08,M Chinnaswamy Stadium,Bangalore,Royal Challengers Bengaluru,Deccan Chargers,Deccan Chargers,field,Deccan Chargers,0,7,TL Suman,2010,0.6,0.4,0.0,0,14,1,1,1,23
419146,2010-04-09,"Punjab Cricket Association Stadium, Mohali",Chandigarh,Punjab Kings,Mumbai Indians,Mumbai Indians,bat,Punjab Kings,0,6,KC Sangakkara,2010,0.6,0.2,0.8,1,11,8,8,11,41
419147,2010-04-10,"Vidarbha Cricket Association Stadium, Jamtha",Nagpur,Deccan Chargers,Chennai Super Kings,Chennai Super Kings,bat,Deccan Chargers,0,6,RJ Harris,2010,0.6,0.2,0.6,1,1,0,0,1,56
419148,2010-04-10,M Chinnaswamy Stadium,Bangalore,Royal Challengers Bengaluru,Kolkata Knight Riders,Royal Challengers Bengaluru,field,Royal Challengers Bengaluru,0,7,R Vinay Kumar,2010,0.4,0.2,0.6,0,14,6,14,14,23
419149,2010-04-11,Feroz Shah Kotla,Delhi,Delhi Capitals,Punjab Kings,Delhi Capitals,bat,Punjab Kings,0,7,PP Chawla,2010,0.4,0.8,0.4,1,2,11,2,11,16
419150,2010-04-11,Sawai Mansingh Stadium,Jaipur,Rajasthan Royals,Mumbai Indians,Rajasthan Royals,field,Mumbai Indians,37,0,SR Tendulkar,2010,0.5,0.6,0.6,0,12,8,12,8,47
419151,2010-04-12,"Vidarbha Cricket Association Stadium, Jamtha",Nagpur,Deccan Chargers,Royal Challengers Bengaluru,Royal Challengers Bengaluru,field,Deccan Chargers,13,0,Harmeet Singh,2010,0.5,0.4,0.4,0,1,14,14,1,56
419152,2010-04-13,Brabourne Stadium,Mumbai,Mumbai Indians,Delhi Capitals,Mumbai Indians,bat,Mumbai Indians,39,0,KA Pollard,2010,0.4,0.6,0.6,1,8,2,8,8,5
419153,2010-04-13,"MA Chidambaram Stadium, Chepauk",Chennai,Chennai Super Kings,Kolkata Knight Riders,Kolkata Knight Riders,bat,Chennai Super Kings,0,9,R Ashwin,2010,0.75,0.6,0.4,1,0,6,6,0,27
419154,2010-04-14,Sawai Mansingh Stadium,Jaipur,Rajasthan Royals,Royal Challengers Bengaluru,Rajasthan Royals,bat,Royal Challengers Bengaluru,0,5,KP Pietersen,2010,0.6,0.4,0.4,1,12,14,12,14,47
419155,2010-04-15,"MA Chidambaram Stadium, Chepauk",Chennai,Chennai Super Kings,Delhi Capitals,Chennai Super Kings,bat,Delhi Capitals,0,6,G Gambhir,2010,0.6,0.8,0.4,1,0,2,0,2,27
419156,2010-04-16,Himachal Pradesh Cricket Association Stadium,Dharamsala,Punjab Kings,Deccan Chargers,Deccan Chargers,field,Deccan Chargers,0,5,RG Sharma,2010,0.8,0.6,0.6,0,11,1,1,1,18
419157,2010-04-17,M Chinnaswamy Stadium,Bangalore,Royal Challengers Bengaluru,Mumbai Indians,Royal Challengers Bengaluru,field,Mumbai Indians,57,0,R McLaren,2010,0.6,0.4,0.6,0,14,8,14,8,23
419158,2010-04-17,Eden Gardens,Kolkata,Kolkata Knight Riders,Rajasthan Royals,Rajasthan Royals,bat,Kolkata Knight Riders,0,8,JD Unadkat,2010,0.2,0.4,0.4,1,6,12,12,6,14
419159,2010-04-18,Himachal Pradesh Cricket Association Stadium,Dharamsala,Punjab Kings,Chennai Super Kings,Chennai Super Kings,field,Chennai Super Kings,0,6,MS Dhoni,2010,0.0,0.6,0.6,0,11,0,0,0,18
419160,2010-04-18,Feroz Shah Kotla,Delhi,Delhi Capitals,Deccan Chargers,Deccan Chargers,bat,Deccan Chargers,11,0,A Symonds,2010,0.6666666666666666,0.4,0.8,1,2,1,1,1,16
419161,2010-04-19,Eden Gardens,Kolkata,Kolkata Knight Riders,Mumbai Indians,Mumbai Indians,bat,Kolkata Knight Riders,0,9,M Kartik,2010,0.0,0.4,0.6,1,6,8,8,6,14
419162,2010-04-21,Dr DY Patil Sports Academy,Mumbai,Royal Challengers Bengaluru,Mumbai Indians,Mumbai Indians,bat,Mumbai Indians,35,0,KA Pollard,2010,0.5,0.4,0.6,1,14,8,8,8,9
419163,2010-04-22,Dr DY Patil Sports Academy,Mumbai,Chennai Super Kings,Deccan Chargers,Chennai Super Kings,bat,Chennai Super Kings,38,0,DE Bollinger,2010,0.3333333333333333,0.6,1.0,1,0,1,0,0,9
419164,2010-04-24,Dr DY Patil Sports Academy,Mumbai,Royal Challengers Bengaluru,Deccan Chargers,Deccan Chargers,bat,Royal Challengers Bengaluru,0,9,A Kumble,2010,0.42857142857142855,0.4,0.8,1,14,1,1,14,9
419165,2010-04-25,Dr DY Patil Sports Academy,Mumbai,Chennai Super Kings,Mumbai Indians,Chennai Super Kings,bat,Chennai Super Kings,22,0,SK Raina,2010,0.5,0.6,0.8,1,0,8,0,0,9
501198,2011-04-08,"MA Chidambaram Stadium, Chepauk",Chennai,Chennai Super Kings,Kolkata Knight Riders,Chennai Super Kings,bat,Chennai Super Kings,2,0,S Anirudha,2011,0.8,0.8,0.6,1,0,6,0,0,27
501199,2011-04-09,"Rajiv Gandhi International Stadium, Uppal",Hyderabad,Deccan Chargers,Rajasthan Royals,Rajasthan Royals,field,Rajasthan Royals,0,8,SK Trivedi,2011,0.16666666666666666,0.6,0.4,0,1,12,12,12,43
501200,2011-04-09,Nehru Stadium,Kochi,Kochi Tuskers Kerala,Royal Challengers Bengaluru,Kochi Tuskers Kerala,bat,Royal Challengers Bengaluru,0,6,AB de Villiers,2011,0.5,0.5,0.4,1,5,14,5,14,34
501201,2011-04-10,Feroz Shah Kotla,Delhi,Delhi Capitals,Mumbai Indians,Delhi Capitals,bat,Mumbai Indians,0,8,SL Malinga,2011,0.5,0.2,0.6,1,2,8,2,8,16
501202,2011-04-10,Dr DY Patil Sports Academy,Mumbai,Pune Warriors,Punjab Kings,Punjab Kings,bat,Pune Warriors,0,7,SB Wagh,2011,0.5,0.5,0.4,1,10,11,11,10,9
501203,2011-04-11,Eden Gardens,Kolkata,Kolkata Knight Riders,Deccan Chargers,Kolkata Knight Riders,bat,Kolkata Knight Riders,9,0,JH Kallis,2011,0.6666666666666666,0.4,0.4,1,6,1,6,6,14
501205,2011-04-12,M Chinnaswamy Stadium,Bangalore,Royal Challengers Bengaluru,Mumbai Indians,Mumbai Indians,field,Mumbai Indians,0,9,SR Tendulkar,2011,0.42857142857142855,0.6,0.6,0,14,8,8,8,23
501204,2011-04-12,Sawai Mansingh Stadium,Jaipur,Rajasthan Royals,Delhi Capitals,Delhi Capitals,bat,Rajasthan Royals,0,6,SK Warne,2011,0.42857142857142855,0.4,0.2,1,12,2,2,12,47
501206,2011-04-13,"Punjab Cricket Association Stadium, Mohali",Chandigarh,Punjab Kings,Chennai Super Kings,Punjab Kings,field,Punjab Kings,0,6,PC Valthaty,2011,0.0,0.4,0.8,0,11,0,11,11,41
501207,2011-04-13,Dr DY Patil Sports Academy,Mumbai,Pune Warriors,Kochi Tuskers Kerala,Kochi Tuskers Kerala,bat,Pune Warriors,0,4,MD Mishra,2011,0.5,1.0,0.0,1,10,5,5,10,9
501208,2011-04-14,"Rajiv Gandhi International Stadium, Uppal",Hyderabad,Deccan Chargers,Royal Challengers Bengaluru,Royal Challengers Bengaluru,field,Deccan Chargers,33,0,DW Steyn,2011,0.5,0.2,0.4,0,1,14,14,1,43
501209,2011-04-15,Sawai Mansingh Stadium,Jaipur,Rajasthan Royals,Kolkata Knight Riders,Kolkata Knight Riders,field,Kolkata Knight Riders,0,9,G Gambhir,2011,0.5,0.4,0.6,0,12,6,6,6,47
501210,2011-04-15,Wankhede Stadium,Mumbai,Mumbai Indians,Kochi Tuskers Kerala,Kochi Tuskers Kerala,field,Kochi Tuskers Kerala,0,8,BB McCullum,2011,0.5,0.6,0.0,0,8,5,5,5,57
501212,2011-04-16,"Rajiv Gandhi International Stadium, Uppal",Hyderabad,Deccan Chargers,Punjab Kings,Punjab Kings,field,Punjab Kings,0,8,PC Valthaty,2011,0.3333333333333333,0.2,0.4,0,1,11,11,11,43
501211,2011-04-16,"MA Chidambaram Stadium, Chepauk",Chennai,Chennai Super Kings,Royal Challengers Bengaluru,Chennai Super Kings,bat,Chennai Super Kings,21,0,MEK Hussey,2011,0.42857142857142855,0.8,0.4,1,0,14,0,0,27
501213,2011-04-17,Dr DY Patil Sports Academy,Mumbai,Pune Warriors,Delhi Capitals,Delhi Capitals,field,Delhi Capitals,0,3,Yuvraj Singh,2011,0.5,1.0,0.2,0,10,2,2,2,9
501214,2011-04-17,Eden Gardens,Kolkata,Kolkata Knight Riders,Rajasthan Royals,Kolkata Knight Riders,field,Kolkata Knight Riders,0,8,L Balaji,2011,0.42857142857142855,0.8,0.4,0,6,12,6,6,14
501215,2011-04-18,Nehru Stadium,Kochi,Kochi Tuskers Kerala,Chennai Super Kings,Kochi Tuskers Kerala,field,Kochi Tuskers Kerala,0,7,BB McCullum,2011,0.5,0.3333333333333333,0.8,0,5,0,5,5,34
501216,2011-04-19,Feroz Shah Kotla,Delhi,Delhi Capitals,Deccan Chargers,Deccan Chargers,bat,Deccan Chargers,16,0,S Sohal,2011,0.5714285714285714,0.4,0.2,1,2,1,1,1,16
501218,2011-04-20,Wankhede Stadium,Mumbai,Mumbai Indians,Pune Warriors,Pune Warriors,bat,Mumbai Indians,0,7,MM Patel,2011,0.5,0.6,0.6666666666666666,1,8,10,10,8,57
501219,2011-04-20,Eden Gardens,Kolkata,Kolkata Knight Riders,Kochi Tuskers Kerala,Kolkata Knight Riders,field,Kochi Tuskers Kerala,6,0,DPMD Jayawardene,2011,0.5,0.8,0.5,0,6,5,6,5,14
501220,2011-04-21,"Punjab Cricket Association Stadium, Mohali",Chandigarh,Punjab Kings,Rajasthan Royals,Rajasthan Royals,field,Punjab Kings,48,0,SE Marsh,2011,0.3333333333333333,0.4,0.4,0,11,12,12,11,41
501221,2011-04-22,Wankhede Stadium,Mumbai,Mumbai Indians,Chennai Super Kings,Chennai Super Kings,field,Mumbai Indians,8,0,Harbhajan Singh,2011,0.42857142857142855,0.6,0.6,0,8,0,0,8,57
501222,2011-04-22,Eden Gardens,Kolkata,Kolkata Knight Riders,Royal Challengers Bengaluru,Royal Challengers Bengaluru,field,Royal Challengers Bengaluru,0,9,CH Gayle,2011,0.5,0.6,0.4,0,6,14,14,14,14
501223,2011-04-23,Feroz Shah Kotla,Delhi,Delhi Capitals,Punjab Kings,Punjab Kings,field,Delhi Capitals,29,0,DA Warner,2011,0.3333333333333333,0.2,0.6,0,2,11,11,2,16
501225,2011-04-24,Sawai Mansingh Stadium,Jaipur,Rajasthan Royals,Kochi Tuskers Kerala,Rajasthan Royals,field,Rajasthan Royals,0,8,SK Warne,2011,0.5,0.4,0.6,0,12,5,12,12,47
501224,2011-04-24,"Rajiv Gandhi International Stadium, Uppal",Hyderabad,Deccan Chargers,Mumbai Indians,Deccan Chargers,field,Mumbai Indians,37,0,SL Malinga,2011,0.5,0.4,0.8,0,1,8,1,8,43
501226,2011-04-25,"MA Chidambaram Stadium, Chepauk",Chennai,Chennai Super Kings,Pune Warriors,Pune Warriors,field,Chennai Super Kings,25,0,MEK Hussey,2011,0.5,0.4,0.5,0,0,10,10,0,27
501227,2011-04-26,Feroz Shah Kotla,Delhi,Delhi Capitals,Royal Challengers Bengaluru,Royal Challengers Bengaluru,field,Royal Challengers Bengaluru,0,3,V Kohli,2011,0.8333333333333334,0.4,0.4,0,2,14,14,14,16
501228,2011-04-27,Dr DY Patil Sports Academy,Mumbai,Pune Warriors,Chennai Super Kings,Pune Warriors,bat,Chennai Super Kings,0,8,DE Bollinger,2011,0.0,0.4,0.4,1,10,0,10,0,9
501229,2011-04-27,Nehru Stadium,Kochi,Kochi Tuskers Kerala,Deccan Chargers,Kochi Tuskers Kerala,field,Deccan Chargers,55,0,I Sharma,2011,0.5,0.6,0.4,0,5,1,5,1,34
501230,2011-04-28,Feroz Shah Kotla,Delhi,Delhi Capitals,Kolkata Knight Riders,Delhi Capitals,field,Kolkata Knight Riders,17,0,MK Tiwary,2011,0.6,0.4,0.6,0,2,6,2,6,16
501231,2011-04-29,Sawai Mansingh Stadium,Jaipur,Rajasthan Royals,Mumbai Indians,Rajasthan Royals,field,Rajasthan Royals,0,7,J Botha,2011,0.4,0.4,0.8,0,12,8,12,12,47
501232,2011-04-29,M Chinnaswamy Stadium,Bangalore,Royal Challengers Bengaluru,Pune Warriors,Pune Warriors,field,Royal Challengers Bengaluru,26,0,V Kohli,2011,0.5,0.4,0.2,0,14,10,10,14,23
501233,2011-04-30,Nehru Stadium,Kochi,Kochi Tuskers Kerala,Delhi Capitals,Delhi Capitals,bat,Delhi Capitals,38,0,V Sehwag,2011,0.5,0.6,0.4,1,5,2,2,2,34
501234,2011-04-30,Eden Gardens,Kolkata,Kolkata Knight Riders,Punjab Kings,Kolkata Knight Riders,field,Kolkata Knight Riders,0,8,Iqbal Abdulla,2011,0.5,0.6,0.6,0,6,11,6,6,14
501236,2011-05-01,"MA Chidambaram Stadium, Chepauk",Chennai,Chennai Super Kings,Deccan Chargers,Chennai Super Kings,bat,Chennai Super Kings,19,0,JA Morkel,2011,0.42857142857142855,0.6,0.6,1,0,1,0,0,27
501235,2011-05-01,Sawai Mansingh Stadium,Jaipur,Rajasthan Royals,Pune Warriors,Rajasthan Royals,field,Rajasthan Royals,0,6,LRPL Taylor,2011,0.5,0.4,0.0,0,12,10,12,12,47
501237,2011-05-02,Wankhede Stadium,Mumbai,Mumbai Indians,Punjab Kings,Punjab Kings,field,Mumbai Indians,23,0,KA Pollard,2011,0.3333333333333333,0.6,0.6,0,8,11,11,8,57
501238,2011-05-02,Feroz Shah Kotla,Delhi,Delhi Capitals,Kochi Tuskers Kerala,Kochi Tuskers Kerala,field,Kochi Tuskers Kerala,0,7,P Parameswaran,2011,1.0,0.4,0.4,0,2,5,5,5,16
501239,2011-05-03,"Rajiv Gandhi International Stadium, Uppal",Hyderabad,Deccan Chargers,Kolkata Knight Riders,Deccan Chargers,field,Kolkata Knight Riders,20,0,YK Pathan,2011,0.2857142857142857,0.4,0.6,0,1,6,1,6,43
501241,2011-05-04,Dr DY Patil Sports Academy,Mumbai,Pune Warriors,Mumbai Indians,Pune Warriors,field,Mumbai Indians,21,0,R Sharma,2011,0.0,0.0,0.8,0,10,8,10,8,9
501240,2011-05-04,"MA Chidambaram Stadium, Chepauk",Chennai,Chennai Super Kings,Rajasthan Royals,Rajasthan Royals,bat,Chennai Super Kings,0,8,MEK Hussey,2011,0.42857142857142855,0.6,0.6,1,0,12,12,0,27
501243,2011-05-05,"Rajiv Gandhi International Stadium, Uppal",Hyderabad,Deccan Chargers,Delhi Capitals,Delhi Capitals,field,Delhi Capitals,0,4,V Sehwag,2011,0.5,0.4,0.4,0,1,2,2,2,43
501242,2011-05-05,Nehru Stadium,Kochi,Kochi Tuskers Kerala,Kolkata Knight Riders,Kolkata Knight Riders,field,Kochi Tuskers Kerala,17,0,BJ Hodge,2011,1.0,0.4,0.6,0,5,6,6,5,34
501244,2011-05-06,M Chinnaswamy Stadium,Bangalore,Royal Challengers Bengaluru,Punjab Kings,Punjab Kings,field,Royal Challengers Bengaluru,85,0,CH Gayle,2011,0.5,0.6,0.4,0,14,11,11,14,23
501246,2011-05-07,Wankhede Stadium,Mumbai,Mumbai Indians,Delhi Capitals,Delhi Capitals,field,Mumbai Indians,32,0,AT Rayudu,2011,0.5714285714285714,0.8,0.4,0,8,2,2,8,57
501245,2011-05-07,Eden Gardens,Kolkata,Kolkata Knight Riders,Chennai Super Kings,Chennai Super Kings,bat,Kolkata Knight Riders,10,0,Iqbal Abdulla,2011,0.16666666666666666,0.6,0.8,1,6,0,0,6,14
501247,2011-05-08,M Chinnaswamy Stadium,Bangalore,Royal Challengers Bengaluru,Kochi Tuskers Kerala,Kochi Tuskers Kerala,bat,Royal Challengers Bengaluru,0,9,CH Gayle,2011,1.0,0.8,0.4,1,14,5,5,14,23
501248,2011-05-08,"Punjab Cricket Association Stadium, Mohali",Chandigarh,Punjab Kings,Pune Warriors,Punjab Kings,bat,Pune Warriors,0,5,R Sharma,2011,0.0,0.2,0.0,1,11,10,11,10,41
501249,2011-05-09,Sawai Mansingh Stadium,Jaipur,Rajasthan Royals,Chennai Super Kings,Rajasthan Royals,field,Chennai Super Kings,63,0,M Vijay,2011,0.5,0.6,0.8,0,12,0,12,0,47
501250,2011-05-10,"Rajiv Gandhi International Stadium, Uppal",Hyderabad,Deccan Chargers,Pune Warriors,Deccan Chargers,bat,Pune Warriors,0,6,MR Marsh,2011,0.5,0.2,0.2,1,1,10,1,10,43
501251,2011-05-10,"Punjab Cricket Association Stadium, Mohali",Chandigarh,Punjab Kings,Mumbai Indians,Mumbai Indians,field,Punjab Kings,76,0,BA Bhatt,2011,0.5714285714285714,0.0,0.8,0,11,8,8,11,41
501252,2011-05-11,Sawai Mansingh Stadium,Jaipur,Rajasthan Royals,Royal Challengers Bengaluru,Royal Challengers Bengaluru,field,Royal Challengers Bengaluru,0,9,S Aravind,2011,0.5,0.6,1.0,0,12,14,14,14,47
501253,2011-05-12,"MA Chidambaram Stadium, Chepauk",Chennai,Chennai Super Kings,Delhi Capitals,Chennai Super Kings,bat,Chennai Super Kings,18,0,MS Dhoni,2011,0.5,0.8,0.4,1,0,2,0,0,27
501254,2011-05-13,Holkar Cricket Stadium,Indore,Kochi Tuskers Kerala,Punjab Kings,Punjab Kings,field,Punjab Kings,0,6,KD Karthik,2011,0.5,0.4,0.2,0,5,11,11,11,20
501256,2011-05-14,Wankhede Stadium,Mumbai,Mumbai Indians,Deccan Chargers,Deccan Chargers,bat,Deccan Chargers,10,0,A Mishra,2011,0.5714285714285714,0.6,0.2,1,8,1,1,1,57
501255,2011-05-14,M Chinnaswamy Stadium,Bangalore,Royal Challengers Bengaluru,Kolkata Knight Riders,Royal Challengers Bengaluru,field,Royal Challengers Bengaluru,0,4,CH Gayle,2011,0.5714285714285714,1.0,0.8,0,14,6,14,14,23
501257,2011-05-15,Himachal Pradesh Cricket Association Stadium,Dharamsala,Punjab Kings,Delhi Capitals,Delhi Capitals,field,Punjab Kings,29,0,PP Chawla,2011,0.5714285714285714,0.4,0.4,0,11,2,2,11,18
501258,2011-05-15,Holkar Cricket Stadium,Indore,Kochi Tuskers Kerala,Rajasthan Royals,Kochi Tuskers Kerala,field,Kochi Tuskers Kerala,0,8,BJ Hodge,2011,0.0,0.4,0.4,0,5,12,5,5,20
501259,2011-05-16,Dr DY Patil Sports Academy,Mumbai,Pune Warriors,Deccan Chargers,Deccan Chargers,field,Deccan Chargers,0,6,A Mishra,2011,1.0,0.4,0.2,0,10,1,1,1,9
501260,2011-05-17,Himachal Pradesh Cricket Association Stadium,Dharamsala,Punjab Kings,Royal Challengers Bengaluru,Punjab Kings,bat,Punjab Kings,111,0,AC Gilchrist,2011,0.42857142857142855,0.6,1.0,1,11,14,11,11,18
501261,2011-05-18,"MA Chidambaram Stadium, Chepauk",Chennai,Chennai Super Kings,Kochi Tuskers Kerala,Chennai Super Kings,bat,Chennai Super Kings,11,0,WP Saha,2011,0.0,0.8,0.6,1,0,5,0,0,27
501262,2011-05-19,Dr DY Patil Sports Academy,Mumbai,Pune Warriors,Kolkata Knight Riders,Kolkata Knight Riders,field,Kolkata Knight Riders,0,7,YK Pathan,2011,0.5,0.4,0.6,0,10,6,6,6,9
501263,2011-05-20,Wankhede Stadium,Mumbai,Mumbai Indians,Rajasthan Royals,Mumbai Indians,bat,Rajasthan Royals,0,10,SR Watson,2011,0.5,0.6,0.2,1,8,12,8,12,57
501265,2011-05-21,Feroz Shah Kotla,Delhi,Delhi Capitals,Pune Warriors,Delhi Capitals,bat,No Result,0,0,Unknown,2011,1.0,0.2,0.4,1,2,10,2,9,16
501264,2011-05-21,Himachal Pradesh Cricket Association Stadium,Dharamsala,Punjab Kings,Deccan Chargers,Punjab Kings,field,Deccan Chargers,82,0,S Dhawan,2011,0.7142857142857143,0.8,0.4,0,11,1,11,1,18
501266,2011-05-22,M Chinnaswamy Stadium,Bangalore,Royal Challengers Bengaluru,Chennai Super Kings,Royal Challengers Bengaluru,field,Royal Challengers Bengaluru,0,8,CH Gayle,2011,0.5,0.8,0.8,0,14,0,14,14,23
501267,2011-05-22,Eden Gardens,Kolkata,Kolkata Knight Riders,Mumbai Indians,Mumbai Indians,field,Mumbai Indians,0,5,JEC Franklin,2011,0.16666666666666666,0.6,0.4,0,6,8,8,8,14
501268,2011-05-24,Wankhede Stadium,Mumbai,Royal Challengers Bengaluru,Chennai Super Kings,Chennai Super Kings,field,Chennai Super Kings,0,6,SK Raina,2011,0.5555555555555556,0.8,0.6,0,14,0,0,0,57
501269,2011-05-25,Wankhede Stadium,Mumbai,Mumbai Indians,Kolkata Knight Riders,Mumbai Indians,field,Mumbai Indians,0,4,MM Patel,2011,0.8571428571428571,0.4,0.4,0,8,6,8,8,57
501270,2011-05-27,"MA Chidambaram Stadium, Chepauk",Chennai,Royal Challengers Bengaluru,Mumbai Indians,Mumbai Indians,field,Royal Challengers Bengaluru,43,0,CH Gayle,2011,0.375,0.6,0.4,0,14,8,8,14,27
501271,2011-05-28,"MA Chidambaram Stadium, Chepauk",Chennai,Chennai Super Kings,Royal Challengers Bengaluru,Chennai Super Kings,bat,Chennai Super Kings,58,0,M Vijay,2011,0.5,0.8,0.6,1,0,14,0,0,27
548306,2012-04-04,"MA Chidambaram Stadium, Chepauk",Chennai,Chennai Super Kings,Mumbai Indians,Mumbai Indians,field,Mumbai Indians,0,8,RE Levi,2012,0.5,0.8,0.4,0,0,8,8,8,27
548307,2012-04-05,Eden Gardens,Kolkata,Kolkata Knight Riders,Delhi Capitals,Delhi Capitals,field,Delhi Capitals,0,8,IK Pathan,2012,0.5,0.4,0.2,0,6,2,2,2,14
548309,2012-04-06,Sawai Mansingh Stadium,Jaipur,Rajasthan Royals,Punjab Kings,Punjab Kings,field,Rajasthan Royals,31,0,AM Rahane,2012,0.5714285714285714,0.2,0.8,0,12,11,11,12,47
548308,2012-04-06,Wankhede Stadium,Mumbai,Mumbai Indians,Pune Warriors,Mumbai Indians,field,Pune Warriors,28,0,SPD Smith,2012,1.0,0.6,0.4,0,8,10,8,10,57
548311,2012-04-07,Dr. Y.S. Rajasekhara Reddy ACA-VDCA Cricket Stadium,Visakhapatnam,Deccan Chargers,Chennai Super Kings,Deccan Chargers,field,Chennai Super Kings,74,0,RA Jadeja,2012,0.5,0.6,0.6,0,1,0,1,0,11
548310,2012-04-07,M Chinnaswamy Stadium,Bangalore,Royal Challengers Bengaluru,Delhi Capitals,Delhi Capitals,field,Royal Challengers Bengaluru,20,0,AB de Villiers,2012,0.2857142857142857,0.4,0.2,0,14,2,2,14,23
548313,2012-04-08,Subrata Roy Sahara Stadium,Pune,Pune Warriors,Punjab Kings,Pune Warriors,bat,Pune Warriors,22,0,MN Samuels,2012,1.0,0.4,0.6,1,10,11,10,10,54
548312,2012-04-08,Sawai Mansingh Stadium,Jaipur,Rajasthan Royals,Kolkata Knight Riders,Kolkata Knight Riders,field,Rajasthan Royals,22,0,BJ Hodge,2012,0.375,0.4,0.2,0,12,6,6,12,47
548314,2012-04-09,Dr. Y.S. Rajasekhara Reddy ACA-VDCA Cricket Stadium,Visakhapatnam,Deccan Chargers,Mumbai Indians,Deccan Chargers,bat,Mumbai Indians,0,5,RG Sharma,2012,0.5,0.6,0.6,1,1,8,1,8,11
548316,2012-04-10,Feroz Shah Kotla,Delhi,Delhi Capitals,Chennai Super Kings,Delhi Capitals,field,Delhi Capitals,0,8,M Morkel,2012,0.42857142857142855,0.2,0.6,0,2,0,2,2,16
548315,2012-04-10,M Chinnaswamy Stadium,Bangalore,Royal Challengers Bengaluru,Kolkata Knight Riders,Royal Challengers Bengaluru,field,Kolkata Knight Riders,42,0,L Balaji,2012,0.625,0.6,0.2,0,14,6,14,6,23
548317,2012-04-11,Wankhede Stadium,Mumbai,Mumbai Indians,Rajasthan Royals,Rajasthan Royals,field,Mumbai Indians,27,0,KA Pollard,2012,0.42857142857142855,0.6,0.6,0,8,12,12,8,57
548319,2012-04-12,"Punjab Cricket Association Stadium, Mohali",Chandigarh,Punjab Kings,Pune Warriors,Punjab Kings,field,Punjab Kings,0,7,AD Mascarenhas,2012,0.0,0.4,0.4,0,11,10,11,11,41
548318,2012-04-12,"MA Chidambaram Stadium, Chepauk",Chennai,Chennai Super Kings,Royal Challengers Bengaluru,Royal Challengers Bengaluru,bat,Chennai Super Kings,0,5,F du Plessis,2012,0.5454545454545454,0.6,0.4,1,0,14,14,0,27
548320,2012-04-13,Eden Gardens,Kolkata,Kolkata Knight Riders,Rajasthan Royals,Rajasthan Royals,bat,Kolkata Knight Riders,0,5,Shakib Al Hasan,2012,0.4444444444444444,0.2,0.6,1,6,12,12,6,14
548322,2012-04-14,Subrata Roy Sahara Stadium,Pune,Pune Warriors,Chennai Super Kings,Chennai Super Kings,bat,Pune Warriors,0,7,JD Ryder,2012,0.0,0.4,0.6,1,10,0,0,10,54
548323,2012-04-15,Eden Gardens,Kolkata,Kolkata Knight Riders,Punjab Kings,Kolkata Knight Riders,field,Punjab Kings,2,0,SP Narine,2012,0.5714285714285714,0.4,0.4,0,6,11,6,11,14
548324,2012-04-15,M Chinnaswamy Stadium,Bangalore,Royal Challengers Bengaluru,Rajasthan Royals,Rajasthan Royals,bat,Rajasthan Royals,59,0,AM Rahane,2012,0.5714285714285714,0.4,0.6,1,14,12,12,12,23
548325,2012-04-16,Wankhede Stadium,Mumbai,Mumbai Indians,Delhi Capitals,Delhi Capitals,field,Delhi Capitals,0,7,S Nadeem,2012,0.625,0.6,0.4,0,8,2,2,2,57
548326,2012-04-17,Sawai Mansingh Stadium,Jaipur,Rajasthan Royals,Deccan Chargers,Deccan Chargers,bat,Rajasthan Royals,0,5,BJ Hodge,2012,0.8571428571428571,0.6,0.6,1,12,1,1,12,47
548327,2012-04-17,M Chinnaswamy Stadium,Bangalore,Royal Challengers Bengaluru,Pune Warriors,Pune Warriors,bat,Royal Challengers Bengaluru,0,6,CH Gayle,2012,1.0,0.2,0.6,1,14,10,10,14,23
548328,2012-04-18,"Punjab Cricket Association Stadium, Mohali",Chandigarh,Punjab Kings,Kolkata Knight Riders,Punjab Kings,bat,Kolkata Knight Riders,0,8,G Gambhir,2012,0.5,0.4,0.4,1,11,6,11,6,41
548321,2012-04-19,Feroz Shah Kotla,Delhi,Delhi Capitals,Deccan Chargers,Deccan Chargers,bat,Delhi Capitals,0,5,KP Pietersen,2012,0.5555555555555556,0.6,0.4,1,2,1,1,2,16
548330,2012-04-19,"MA Chidambaram Stadium, Chepauk",Chennai,Chennai Super Kings,Pune Warriors,Pune Warriors,field,Chennai Super Kings,13,0,KMDN Kulasekara,2012,0.6666666666666666,0.4,0.6,0,0,10,10,0,27
548331,2012-04-20,"Punjab Cricket Association Stadium, Mohali",Chandigarh,Punjab Kings,Royal Challengers Bengaluru,Royal Challengers Bengaluru,field,Royal Challengers Bengaluru,0,5,CH Gayle,2012,0.5,0.4,0.4,0,11,14,14,14,41
548332,2012-04-21,"MA Chidambaram Stadium, Chepauk",Chennai,Chennai Super Kings,Rajasthan Royals,Rajasthan Royals,bat,Chennai Super Kings,0,7,F du Plessis,2012,0.5555555555555556,0.6,0.6,1,0,12,12,0,27
548333,2012-04-21,Feroz Shah Kotla,Delhi,Delhi Capitals,Pune Warriors,Delhi Capitals,field,Pune Warriors,20,0,SC Ganguly,2012,0.5,0.8,0.4,0,2,10,2,10,16
548334,2012-04-22,Wankhede Stadium,Mumbai,Mumbai Indians,Punjab Kings,Mumbai Indians,bat,Punjab Kings,0,6,SE Marsh,2012,0.375,0.6,0.4,1,8,11,8,11,57
548335,2012-04-22,Barabati Stadium,Cuttack,Deccan Chargers,Kolkata Knight Riders,Kolkata Knight Riders,field,Kolkata Knight Riders,0,5,B Lee,2012,0.25,0.2,0.6,0,1,6,6,6,2
548336,2012-04-23,Sawai Mansingh Stadium,Jaipur,Rajasthan Royals,Royal Challengers Bengaluru,Rajasthan Royals,field,Royal Challengers Bengaluru,46,0,AB de Villiers,2012,0.5,0.4,0.4,0,12,14,12,14,47
548337,2012-04-24,Subrata Roy Sahara Stadium,Pune,Pune Warriors,Delhi Capitals,Pune Warriors,bat,Delhi Capitals,0,8,V Sehwag,2012,0.3333333333333333,0.4,0.6,1,10,2,10,2,54
548339,2012-04-25,"Punjab Cricket Association Stadium, Mohali",Chandigarh,Punjab Kings,Mumbai Indians,Punjab Kings,bat,Mumbai Indians,0,4,AT Rayudu,2012,0.6666666666666666,0.6,0.4,1,11,8,11,8,41
548341,2012-04-26,Subrata Roy Sahara Stadium,Pune,Pune Warriors,Deccan Chargers,Deccan Chargers,bat,Deccan Chargers,18,0,CL White,2012,0.5,0.4,0.0,1,10,1,1,1,54
548342,2012-04-27,Feroz Shah Kotla,Delhi,Delhi Capitals,Mumbai Indians,Mumbai Indians,field,Delhi Capitals,37,0,V Sehwag,2012,0.4444444444444444,0.8,0.6,0,2,8,8,2,16
548343,2012-04-28,"MA Chidambaram Stadium, Chepauk",Chennai,Chennai Super Kings,Punjab Kings,Punjab Kings,bat,Punjab Kings,7,0,Mandeep Singh,2012,0.75,0.6,0.4,1,0,11,11,11,27
548344,2012-04-28,Eden Gardens,Kolkata,Kolkata Knight Riders,Royal Challengers Bengaluru,Kolkata Knight Riders,bat,Kolkata Knight Riders,47,0,G Gambhir,2012,0.4444444444444444,0.8,0.6,1,6,14,6,6,14
548345,2012-04-29,Feroz Shah Kotla,Delhi,Delhi Capitals,Rajasthan Royals,Delhi Capitals,bat,Delhi Capitals,1,0,V Sehwag,2012,0.5,0.8,0.4,1,2,12,2,2,16
548346,2012-04-29,Wankhede Stadium,Mumbai,Mumbai Indians,Deccan Chargers,Mumbai Indians,field,Mumbai Indians,0,5,DW Steyn,2012,0.5555555555555556,0.4,0.2,0,8,1,8,8,57
548347,2012-04-30,"MA Chidambaram Stadium, Chepauk",Chennai,Chennai Super Kings,Kolkata Knight Riders,Chennai Super Kings,bat,Kolkata Knight Riders,0,5,G Gambhir,2012,0.7142857142857143,0.6,0.8,1,0,6,0,6,27
548348,2012-05-01,Barabati Stadium,Cuttack,Deccan Chargers,Pune Warriors,Deccan Chargers,bat,Deccan Chargers,13,0,KC Sangakkara,2012,0.6666666666666666,0.2,0.2,1,1,10,1,1,2
548349,2012-05-01,Sawai Mansingh Stadium,Jaipur,Rajasthan Royals,Delhi Capitals,Rajasthan Royals,bat,Delhi Capitals,0,6,P Negi,2012,0.4444444444444444,0.4,0.8,1,12,2,12,2,47
548350,2012-05-02,M Chinnaswamy Stadium,Bangalore,Royal Challengers Bengaluru,Punjab Kings,Punjab Kings,field,Punjab Kings,0,4,Azhar Mahmood,2012,0.5555555555555556,0.6,0.4,0,14,11,11,11,23
548351,2012-05-03,Subrata Roy Sahara Stadium,Pune,Pune Warriors,Mumbai Indians,Mumbai Indians,bat,Mumbai Indians,1,0,SL Malinga,2012,0.3333333333333333,0.2,0.4,1,10,8,8,8,54
548352,2012-05-04,"MA Chidambaram Stadium, Chepauk",Chennai,Chennai Super Kings,Deccan Chargers,Chennai Super Kings,bat,Chennai Super Kings,10,0,SK Raina,2012,0.5555555555555556,0.4,0.4,1,0,1,0,0,27
548353,2012-05-05,Eden Gardens,Kolkata,Kolkata Knight Riders,Pune Warriors,Kolkata Knight Riders,bat,Kolkata Knight Riders,7,0,SP Narine,2012,1.0,0.8,0.2,1,6,10,6,6,14
548354,2012-05-05,"Punjab Cricket Association Stadium, Mohali",Chandigarh,Punjab Kings,Rajasthan Royals,Rajasthan Royals,bat,Rajasthan Royals,43,0,SR Watson,2012,0.375,0.6,0.2,1,11,12,12,12,41
548355,2012-05-06,Wankhede Stadium,Mumbai,Mumbai Indians,Chennai Super Kings,Mumbai Indians,field,Mumbai Indians,0,2,DR Smith,2012,0.5555555555555556,0.6,0.6,0,8,0,8,8,57
548356,2012-05-06,M Chinnaswamy Stadium,Bangalore,Royal Challengers Bengaluru,Deccan Chargers,Royal Challengers Bengaluru,field,Royal Challengers Bengaluru,0,5,AB de Villiers,2012,0.4444444444444444,0.6,0.4,0,14,1,14,14,23
548357,2012-05-07,Feroz Shah Kotla,Delhi,Delhi Capitals,Kolkata Knight Riders,Delhi Capitals,bat,Kolkata Knight Riders,0,6,JH Kallis,2012,0.5714285714285714,0.8,1.0,1,2,6,2,6,16
548358,2012-05-08,Subrata Roy Sahara Stadium,Pune,Pune Warriors,Rajasthan Royals,Pune Warriors,bat,Rajasthan Royals,0,7,SR Watson,2012,0.0,0.0,0.2,1,10,12,10,12,54
548359,2012-05-08,"Rajiv Gandhi International Stadium, Uppal",Hyderabad,Deccan Chargers,Punjab Kings,Deccan Chargers,field,Punjab Kings,25,0,Mandeep Singh,2012,0.375,0.4,0.6,0,1,11,1,11,43
548360,2012-05-09,Wankhede Stadium,Mumbai,Mumbai Indians,Royal Challengers Bengaluru,Royal Challengers Bengaluru,field,Royal Challengers Bengaluru,0,9,CH Gayle,2012,0.5555555555555556,0.8,0.6,0,8,14,14,14,57
548361,2012-05-10,Sawai Mansingh Stadium,Jaipur,Rajasthan Royals,Chennai Super Kings,Chennai Super Kings,field,Chennai Super Kings,0,4,BW Hilfenhaus,2012,0.4,0.4,0.4,0,12,0,0,0,47
548329,2012-05-10,"Rajiv Gandhi International Stadium, Uppal",Hyderabad,Deccan Chargers,Delhi Capitals,Deccan Chargers,bat,Delhi Capitals,0,9,DA Warner,2012,0.4,0.2,0.8,1,1,2,1,2,43
548362,2012-05-11,Subrata Roy Sahara Stadium,Pune,Pune Warriors,Royal Challengers Bengaluru,Pune Warriors,field,Royal Challengers Bengaluru,35,0,CH Gayle,2012,0.0,0.0,0.6,0,10,14,10,14,54
548363,2012-05-12,Eden Gardens,Kolkata,Kolkata Knight Riders,Mumbai Indians,Mumbai Indians,bat,Mumbai Indians,27,0,RG Sharma,2012,0.125,1.0,0.6,1,6,8,8,8,14
548364,2012-05-12,"MA Chidambaram Stadium, Chepauk",Chennai,Chennai Super Kings,Delhi Capitals,Chennai Super Kings,field,Chennai Super Kings,0,9,BW Hilfenhaus,2012,0.5,0.4,0.8,0,0,2,0,0,27
548365,2012-05-13,Sawai Mansingh Stadium,Jaipur,Rajasthan Royals,Pune Warriors,Rajasthan Royals,bat,Rajasthan Royals,45,0,A Chandila,2012,1.0,0.4,0.0,1,12,10,12,12,47
548366,2012-05-13,"Punjab Cricket Association Stadium, Mohali",Chandigarh,Punjab Kings,Deccan Chargers,Deccan Chargers,bat,Punjab Kings,0,4,DJ Hussey,2012,0.6666666666666666,0.6,0.2,1,11,1,1,11,41
548368,2012-05-14,Eden Gardens,Kolkata,Kolkata Knight Riders,Chennai Super Kings,Chennai Super Kings,field,Chennai Super Kings,0,5,MEK Hussey,2012,0.375,0.8,0.6,0,6,0,0,0,14
548367,2012-05-14,M Chinnaswamy Stadium,Bangalore,Royal Challengers Bengaluru,Mumbai Indians,Mumbai Indians,field,Mumbai Indians,0,5,AT Rayudu,2012,0.5,0.6,0.8,0,14,8,8,8,23
548369,2012-05-15,Feroz Shah Kotla,Delhi,Delhi Capitals,Punjab Kings,Punjab Kings,bat,Delhi Capitals,0,5,UT Yadav,2012,0.375,0.6,0.8,1,2,11,11,2,16
548370,2012-05-16,Wankhede Stadium,Mumbai,Mumbai Indians,Kolkata Knight Riders,Mumbai Indians,field,Kolkata Knight Riders,32,0,SP Narine,2012,0.8888888888888888,0.8,0.6,0,8,6,8,6,57
548372,2012-05-17,Feroz Shah Kotla,Delhi,Delhi Capitals,Royal Challengers Bengaluru,Delhi Capitals,field,Royal Challengers Bengaluru,21,0,CH Gayle,2012,0.625,0.6,0.6,0,2,14,2,14,16
548371,2012-05-17,Himachal Pradesh Cricket Association Stadium,Dharamsala,Punjab Kings,Chennai Super Kings,Punjab Kings,field,Punjab Kings,0,6,AC Gilchrist,2012,0.2222222222222222,0.6,0.8,0,11,0,11,11,18
548373,2012-05-18,"Rajiv Gandhi International Stadium, Uppal",Hyderabad,Deccan Chargers,Rajasthan Royals,Rajasthan Royals,bat,Deccan Chargers,0,5,DW Steyn,2012,0.125,0.0,0.6,1,1,12,12,1,43
548374,2012-05-19,Himachal Pradesh Cricket Association Stadium,Dharamsala,Punjab Kings,Delhi Capitals,Delhi Capitals,field,Delhi Capitals,0,6,UT Yadav,2012,0.5555555555555556,0.6,0.4,0,11,2,2,2,18
548375,2012-05-19,Subrata Roy Sahara Stadium,Pune,Pune Warriors,Kolkata Knight Riders,Kolkata Knight Riders,bat,Kolkata Knight Riders,34,0,Shakib Al Hasan,2012,0.0,0.0,0.6,1,10,6,6,6,54
548377,2012-05-20,Sawai Mansingh Stadium,Jaipur,Rajasthan Royals,Mumbai Indians,Rajasthan Royals,bat,Mumbai Indians,0,10,DR Smith,2012,0.5,0.6,0.6,1,12,8,12,8,47
548376,2012-05-20,"Rajiv Gandhi International Stadium, Uppal",Hyderabad,Deccan Chargers,Royal Challengers Bengaluru,Royal Challengers Bengaluru,field,Deccan Chargers,9,0,DW Steyn,2012,0.5,0.2,0.8,0,1,14,14,1,43
548378,2012-05-22,Subrata Roy Sahara Stadium,Pune,Delhi Capitals,Kolkata Knight Riders,Kolkata Knight Riders,bat,Kolkata Knight Riders,18,0,YK Pathan,2012,0.5,0.6,0.6,1,2,6,6,6,54
548379,2012-05-23,M Chinnaswamy Stadium,Bangalore,Chennai Super Kings,Mumbai Indians,Mumbai Indians,field,Chennai Super Kings,38,0,MS Dhoni,2012,0.4,0.6,0.6,0,0,8,8,0,23
548380,2012-05-25,"MA Chidambaram Stadium, Chepauk",Chennai,Delhi Capitals,Chennai Super Kings,Delhi Capitals,field,Chennai Super Kings,86,0,M Vijay,2012,0.4444444444444444,0.4,0.8,0,2,0,2,0,27
548381,2012-05-27,"MA Chidambaram Stadium, Chepauk",Chennai,Kolkata Knight Riders,Chennai Super Kings,Chennai Super Kings,bat,Kolkata Knight Riders,0,5,MS Bisla,2012,0.3333333333333333,0.6,0.8,1,6,0,0,6,27
597998,2013-04-03,Eden Gardens,Kolkata,Kolkata Knight Riders,Delhi Capitals,Kolkata Knight Riders,field,Kolkata Knight Riders,0,6,SP Narine,2013,0.5555555555555556,0.8,0.4,0,6,2,6,6,14
597999,2013-04-04,M Chinnaswamy Stadium,Bangalore,Royal Challengers Bengaluru,Mumbai Indians,Mumbai Indians,field,Royal Challengers Bengaluru,2,0,CH Gayle,2013,0.45454545454545453,0.6,0.6,0,14,8,8,14,23
598000,2013-04-05,"Rajiv Gandhi International Stadium, Uppal",Hyderabad,Sunrisers Hyderabad,Pune Warriors,Pune Warriors,field,Sunrisers Hyderabad,22,0,A Mishra,2013,0.5,0.5,0.0,0,15,10,10,15,43
598001,2013-04-06,Feroz Shah Kotla,Delhi,Delhi Capitals,Rajasthan Royals,Rajasthan Royals,bat,Rajasthan Royals,5,0,R Dravid,2013,0.6,0.2,0.4,1,2,12,12,12,16
598002,2013-04-06,"MA Chidambaram Stadium, Chepauk",Chennai,Chennai Super Kings,Mumbai Indians,Mumbai Indians,bat,Mumbai Indians,9,0,KA Pollard,2013,0.45454545454545453,0.6,0.4,1,0,8,8,8,27
598003,2013-04-07,Subrata Roy Sahara Stadium,Pune,Pune Warriors,Punjab Kings,Pune Warriors,bat,Punjab Kings,0,8,M Vohra,2013,0.75,0.0,0.6,1,10,11,10,11,54
598004,2013-04-07,"Rajiv Gandhi International Stadium, Uppal",Hyderabad,Sunrisers Hyderabad,Royal Challengers Bengaluru,Royal Challengers Bengaluru,bat,No Result,0,0,GH Vihari,2013,0.5,1.0,0.6,1,15,14,14,9,43
598005,2013-04-08,Sawai Mansingh Stadium,Jaipur,Rajasthan Royals,Kolkata Knight Riders,Kolkata Knight Riders,field,Rajasthan Royals,19,0,SK Trivedi,2013,0.4,0.4,1.0,0,12,6,6,12,47
598006,2013-04-09,Wankhede Stadium,Mumbai,Mumbai Indians,Delhi Capitals,Mumbai Indians,bat,Mumbai Indians,44,0,KD Karthik,2013,0.5,0.4,0.2,1,8,2,8,8,57
598048,2013-04-09,M Chinnaswamy Stadium,Bangalore,Royal Challengers Bengaluru,Sunrisers Hyderabad,Sunrisers Hyderabad,bat,Royal Challengers Bengaluru,0,7,V Kohli,2013,0.0,0.4,0.5,1,14,15,15,14,23
598007,2013-04-10,"Punjab Cricket Association Stadium, Mohali",Chandigarh,Punjab Kings,Chennai Super Kings,Chennai Super Kings,field,Chennai Super Kings,0,10,MEK Hussey,2013,0.3,0.6,0.4,0,11,0,0,0,41
598008,2013-04-11,M Chinnaswamy Stadium,Bangalore,Royal Challengers Bengaluru,Kolkata Knight Riders,Royal Challengers Bengaluru,field,Royal Challengers Bengaluru,0,8,CH Gayle,2013,0.5,0.6,0.8,0,14,6,14,14,23
598009,2013-04-11,Subrata Roy Sahara Stadium,Pune,Pune Warriors,Rajasthan Royals,Rajasthan Royals,bat,Pune Warriors,0,7,AJ Finch,2013,0.0,0.0,0.6,1,10,12,12,10,54
598010,2013-04-12,Feroz Shah Kotla,Delhi,Delhi Capitals,Sunrisers Hyderabad,Delhi Capitals,bat,Sunrisers Hyderabad,0,3,A Mishra,2013,0.5,0.0,0.3333333333333333,1,2,15,2,15,16
598012,2013-04-13,"MA Chidambaram Stadium, Chepauk",Chennai,Chennai Super Kings,Royal Challengers Bengaluru,Chennai Super Kings,field,Chennai Super Kings,0,4,RA Jadeja,2013,0.5833333333333334,0.6,0.6,0,0,14,0,0,27
598011,2013-04-13,Wankhede Stadium,Mumbai,Mumbai Indians,Pune Warriors,Mumbai Indians,bat,Mumbai Indians,41,0,RG Sharma,2013,0.75,0.6,0.2,1,8,10,8,8,57
598013,2013-04-14,Eden Gardens,Kolkata,Kolkata Knight Riders,Sunrisers Hyderabad,Kolkata Knight Riders,bat,Kolkata Knight Riders,48,0,G Gambhir,2013,0.5,0.6,0.5,1,6,15,6,6,14
598014,2013-04-14,Sawai Mansingh Stadium,Jaipur,Rajasthan Royals,Punjab Kings,Rajasthan Royals,field,Rajasthan Royals,0,6,JP Faulkner,2013,0.6666666666666666,0.4,0.4,0,12,11,12,12,47
598015,2013-04-15,"MA Chidambaram Stadium, Chepauk",Chennai,Chennai Super Kings,Pune Warriors,Pune Warriors,bat,Pune Warriors,24,0,SPD Smith,2013,0.75,0.6,0.2,1,0,10,10,10,27
598016,2013-04-16,"Punjab Cricket Association Stadium, Mohali",Chandigarh,Punjab Kings,Kolkata Knight Riders,Kolkata Knight Riders,field,Punjab Kings,4,0,MS Gony,2013,0.4444444444444444,0.4,0.6,0,11,6,6,11,41
598017,2013-04-16,M Chinnaswamy Stadium,Bangalore,Royal Challengers Bengaluru,Delhi Capitals,Royal Challengers Bengaluru,field,No Result,0,0,V Kohli,2013,0.4444444444444444,0.6,0.0,0,14,2,14,9,23
598018,2013-04-17,Maharashtra Cricket Association Stadium,Pune,Pune Warriors,Sunrisers Hyderabad,Pune Warriors,field,Sunrisers Hyderabad,11,0,A Mishra,2013,0.0,0.4,0.4,0,10,15,10,15,31
598019,2013-04-17,Sawai Mansingh Stadium,Jaipur,Rajasthan Royals,Mumbai Indians,Rajasthan Royals,bat,Rajasthan Royals,87,0,AM Rahane,2013,0.4444444444444444,0.6,0.6,1,12,8,12,12,47
598020,2013-04-18,Feroz Shah Kotla,Delhi,Delhi Capitals,Chennai Super Kings,Chennai Super Kings,bat,Chennai Super Kings,86,0,MEK Hussey,2013,0.4,0.0,0.4,1,2,0,0,0,16
598021,2013-04-19,"Rajiv Gandhi International Stadium, Uppal",Hyderabad,Sunrisers Hyderabad,Punjab Kings,Punjab Kings,bat,Sunrisers Hyderabad,0,5,GH Vihari,2013,0.5,0.4,0.4,1,15,11,11,15,43
598022,2013-04-20,Eden Gardens,Kolkata,Kolkata Knight Riders,Chennai Super Kings,Kolkata Knight Riders,bat,Chennai Super Kings,0,4,RA Jadeja,2013,0.4,0.4,0.6,1,6,0,6,0,14
598023,2013-04-20,M Chinnaswamy Stadium,Bangalore,Royal Challengers Bengaluru,Rajasthan Royals,Royal Challengers Bengaluru,field,Royal Challengers Bengaluru,0,7,R Vinay Kumar,2013,0.5555555555555556,0.4,0.8,0,14,12,14,14,23
598025,2013-04-21,"Punjab Cricket Association Stadium, Mohali",Chandigarh,Punjab Kings,Pune Warriors,Punjab Kings,field,Punjab Kings,0,7,DA Miller,2013,0.4,0.4,0.4,0,11,10,11,11,41
598024,2013-04-21,Feroz Shah Kotla,Delhi,Delhi Capitals,Mumbai Indians,Mumbai Indians,bat,Delhi Capitals,0,9,V Sehwag,2013,0.45454545454545453,0.0,0.6,1,2,8,8,2,16
598026,2013-04-22,"MA Chidambaram Stadium, Chepauk",Chennai,Chennai Super Kings,Rajasthan Royals,Rajasthan Royals,bat,Chennai Super Kings,0,5,MEK Hussey,2013,0.6363636363636364,0.8,0.6,1,0,12,12,0,27
598059,2013-04-23,Feroz Shah Kotla,Delhi,Delhi Capitals,Punjab Kings,Punjab Kings,field,Punjab Kings,0,5,Harmeet Singh,2013,0.5,0.2,0.4,0,2,11,11,11,16
598027,2013-04-23,M Chinnaswamy Stadium,Bangalore,Royal Challengers Bengaluru,Pune Warriors,Pune Warriors,field,Royal Challengers Bengaluru,130,0,CH Gayle,2013,1.0,0.6,0.4,0,14,10,10,14,23
598029,2013-04-24,Eden Gardens,Kolkata,Kolkata Knight Riders,Mumbai Indians,Kolkata Knight Riders,bat,Mumbai Indians,0,5,DR Smith,2013,0.2,0.2,0.6,1,6,8,6,8,14
598030,2013-04-25,"MA Chidambaram Stadium, Chepauk",Chennai,Chennai Super Kings,Sunrisers Hyderabad,Sunrisers Hyderabad,bat,Chennai Super Kings,0,5,MS Dhoni,2013,0.5,0.8,0.6,1,0,15,15,0,27
598031,2013-04-26,Eden Gardens,Kolkata,Kolkata Knight Riders,Punjab Kings,Punjab Kings,bat,Kolkata Knight Riders,0,6,JH Kallis,2013,0.5,0.2,0.6,1,6,11,11,6,14
598032,2013-04-27,Sawai Mansingh Stadium,Jaipur,Rajasthan Royals,Sunrisers Hyderabad,Sunrisers Hyderabad,bat,Rajasthan Royals,0,8,JP Faulkner,2013,0.5,0.4,0.6,1,12,15,15,12,47
598033,2013-04-27,Wankhede Stadium,Mumbai,Mumbai Indians,Royal Challengers Bengaluru,Mumbai Indians,bat,Mumbai Indians,58,0,DR Smith,2013,0.5,0.6,0.6,1,8,14,8,8,57
598035,2013-04-28,Shaheed Veer Narayan Singh International Stadium,Raipur,Delhi Capitals,Pune Warriors,Pune Warriors,field,Delhi Capitals,15,0,DA Warner,2013,0.5,0.2,0.2,0,2,10,10,2,49
598034,2013-04-28,"MA Chidambaram Stadium, Chepauk",Chennai,Chennai Super Kings,Kolkata Knight Riders,Kolkata Knight Riders,field,Chennai Super Kings,14,0,MEK Hussey,2013,0.6363636363636364,0.8,0.4,0,0,6,6,0,27
598036,2013-04-29,Sawai Mansingh Stadium,Jaipur,Rajasthan Royals,Royal Challengers Bengaluru,Rajasthan Royals,field,Rajasthan Royals,0,4,SV Samson,2013,0.4,0.6,0.4,0,12,14,12,12,47
598037,2013-04-29,Wankhede Stadium,Mumbai,Mumbai Indians,Punjab Kings,Mumbai Indians,bat,Mumbai Indians,4,0,RG Sharma,2013,0.4,0.6,0.6,1,8,11,8,8,57
598038,2013-04-30,Subrata Roy Sahara Stadium,Pune,Pune Warriors,Chennai Super Kings,Chennai Super Kings,bat,Chennai Super Kings,37,0,MS Dhoni,2013,0.4,0.2,1.0,1,10,0,0,0,54
598039,2013-05-01,"Rajiv Gandhi International Stadium, Uppal",Hyderabad,Sunrisers Hyderabad,Mumbai Indians,Mumbai Indians,bat,Sunrisers Hyderabad,0,7,I Sharma,2013,0.5,0.4,0.6,1,15,8,8,15,43
598040,2013-05-01,Shaheed Veer Narayan Singh International Stadium,Raipur,Delhi Capitals,Kolkata Knight Riders,Kolkata Knight Riders,bat,Delhi Capitals,0,7,DA Warner,2013,0.4,0.4,0.2,1,2,6,6,2,49
598041,2013-05-02,"MA Chidambaram Stadium, Chepauk",Chennai,Chennai Super Kings,Punjab Kings,Chennai Super Kings,bat,Chennai Super Kings,15,0,SK Raina,2013,0.6363636363636364,1.0,0.4,1,0,11,0,0,27
598042,2013-05-02,Subrata Roy Sahara Stadium,Pune,Pune Warriors,Royal Challengers Bengaluru,Royal Challengers Bengaluru,bat,Royal Challengers Bengaluru,17,0,AB de Villiers,2013,0.0,0.0,0.4,1,10,14,14,14,54
598043,2013-05-03,Eden Gardens,Kolkata,Kolkata Knight Riders,Rajasthan Royals,Rajasthan Royals,bat,Kolkata Knight Riders,0,8,YK Pathan,2013,0.45454545454545453,0.2,0.6,1,6,12,12,6,14
598044,2013-05-04,"Rajiv Gandhi International Stadium, Uppal",Hyderabad,Sunrisers Hyderabad,Delhi Capitals,Delhi Capitals,bat,Sunrisers Hyderabad,0,6,DJG Sammy,2013,1.0,0.6,0.6,1,15,2,2,15,43
598046,2013-05-05,Wankhede Stadium,Mumbai,Mumbai Indians,Chennai Super Kings,Mumbai Indians,bat,Mumbai Indians,60,0,MG Johnson,2013,0.5833333333333334,0.6,1.0,1,8,0,8,8,57
598047,2013-05-05,Sawai Mansingh Stadium,Jaipur,Rajasthan Royals,Pune Warriors,Pune Warriors,bat,Rajasthan Royals,0,5,AM Rahane,2013,0.75,0.4,0.0,1,12,10,10,12,47
598064,2013-05-06,"Punjab Cricket Association Stadium, Mohali",Chandigarh,Punjab Kings,Royal Challengers Bengaluru,Punjab Kings,field,Punjab Kings,0,6,DA Miller,2013,0.5,0.4,0.6,0,11,14,11,11,41
598049,2013-05-07,Sawai Mansingh Stadium,Jaipur,Rajasthan Royals,Delhi Capitals,Delhi Capitals,bat,Rajasthan Royals,0,9,AM Rahane,2013,0.45454545454545453,0.6,0.6,1,12,2,2,12,47
598050,2013-05-07,Wankhede Stadium,Mumbai,Mumbai Indians,Kolkata Knight Riders,Mumbai Indians,bat,Mumbai Indians,65,0,SR Tendulkar,2013,0.8181818181818182,0.8,0.4,1,8,6,8,8,57
598051,2013-05-08,"Rajiv Gandhi International Stadium, Uppal",Hyderabad,Sunrisers Hyderabad,Chennai Super Kings,Sunrisers Hyderabad,field,Chennai Super Kings,77,0,SK Raina,2013,0.0,0.6,0.8,0,15,0,15,0,43
598052,2013-05-09,"Punjab Cricket Association Stadium, Mohali",Chandigarh,Punjab Kings,Rajasthan Royals,Rajasthan Royals,field,Rajasthan Royals,0,8,KK Cooper,2013,0.3,0.4,0.8,0,11,12,12,12,41
598053,2013-05-09,Subrata Roy Sahara Stadium,Pune,Pune Warriors,Kolkata Knight Riders,Kolkata Knight Riders,bat,Kolkata Knight Riders,46,0,G Gambhir,2013,0.0,0.0,0.4,1,10,6,6,6,54
598054,2013-05-10,Feroz Shah Kotla,Delhi,Delhi Capitals,Royal Challengers Bengaluru,Delhi Capitals,field,Royal Challengers Bengaluru,4,0,JD Unadkat,2013,0.5,0.4,0.4,0,2,14,2,14,16
598055,2013-05-11,Subrata Roy Sahara Stadium,Pune,Pune Warriors,Mumbai Indians,Pune Warriors,bat,Mumbai Indians,0,5,MG Johnson,2013,0.2,0.0,0.8,1,10,8,10,8,54
598056,2013-05-11,"Punjab Cricket Association Stadium, Mohali",Chandigarh,Punjab Kings,Sunrisers Hyderabad,Punjab Kings,field,Sunrisers Hyderabad,30,0,PA Patel,2013,0.0,0.2,0.4,0,11,15,11,15,41
598057,2013-05-12,JSCA International Stadium Complex,Ranchi,Kolkata Knight Riders,Royal Challengers Bengaluru,Kolkata Knight Riders,field,Kolkata Knight Riders,0,5,JH Kallis,2013,0.45454545454545453,0.4,0.4,0,6,14,6,6,21
598058,2013-05-12,Sawai Mansingh Stadium,Jaipur,Rajasthan Royals,Chennai Super Kings,Rajasthan Royals,field,Rajasthan Royals,0,5,SR Watson,2013,0.3333333333333333,0.8,0.8,0,12,0,12,12,47
598060,2013-05-13,Wankhede Stadium,Mumbai,Mumbai Indians,Sunrisers Hyderabad,Sunrisers Hyderabad,bat,Mumbai Indians,0,7,KA Pollard,2013,0.0,0.8,0.6,1,8,15,15,8,57
598045,2013-05-14,M Chinnaswamy Stadium,Bangalore,Royal Challengers Bengaluru,Punjab Kings,Punjab Kings,field,Punjab Kings,0,7,AC Gilchrist,2013,0.45454545454545453,0.4,0.2,0,14,11,11,11,23
598062,2013-05-14,"MA Chidambaram Stadium, Chepauk",Chennai,Chennai Super Kings,Delhi Capitals,Chennai Super Kings,bat,Chennai Super Kings,33,0,MS Dhoni,2013,0.6363636363636364,0.6,0.4,1,0,2,0,0,27
598063,2013-05-15,Wankhede Stadium,Mumbai,Mumbai Indians,Rajasthan Royals,Rajasthan Royals,field,Mumbai Indians,14,0,AP Tare,2013,0.5,0.8,0.8,0,8,12,12,8,57
598061,2013-05-15,JSCA International Stadium Complex,Ranchi,Kolkata Knight Riders,Pune Warriors,Kolkata Knight Riders,field,Pune Warriors,7,0,MK Pandey,2013,1.0,0.6,0.0,0,6,10,6,10,21
598028,2013-05-16,Himachal Pradesh Cricket Association Stadium,Dharamsala,Punjab Kings,Delhi Capitals,Delhi Capitals,field,Punjab Kings,7,0,DA Miller,2013,0.5454545454545454,0.4,0.2,0,11,2,2,11,18
598065,2013-05-17,"Rajiv Gandhi International Stadium, Uppal",Hyderabad,Sunrisers Hyderabad,Rajasthan Royals,Sunrisers Hyderabad,bat,Sunrisers Hyderabad,23,0,A Mishra,2013,0.0,0.6,0.8,1,15,12,15,15,43
598066,2013-05-18,Himachal Pradesh Cricket Association Stadium,Dharamsala,Punjab Kings,Mumbai Indians,Mumbai Indians,field,Punjab Kings,50,0,Azhar Mahmood,2013,0.5454545454545454,0.6,1.0,0,11,8,8,11,18
598068,2013-05-18,M Chinnaswamy Stadium,Bangalore,Royal Challengers Bengaluru,Chennai Super Kings,Chennai Super Kings,field,Royal Challengers Bengaluru,24,0,V Kohli,2013,0.38461538461538464,0.4,0.6,0,14,0,0,14,23
598067,2013-05-19,Subrata Roy Sahara Stadium,Pune,Pune Warriors,Delhi Capitals,Pune Warriors,bat,Pune Warriors,38,0,LJ Wright,2013,0.2,0.2,0.0,1,10,2,10,10,54
598069,2013-05-19,"Rajiv Gandhi International Stadium, Uppal",Hyderabad,Sunrisers Hyderabad,Kolkata Knight Riders,Kolkata Knight Riders,bat,Sunrisers Hyderabad,0,5,PA Patel,2013,0.0,0.6,0.6,1,15,6,6,15,43
598070,2013-05-21,Feroz Shah Kotla,Delhi,Chennai Super Kings,Mumbai Indians,Chennai Super Kings,bat,Chennai Super Kings,48,0,MEK Hussey,2013,0.38461538461538464,0.4,0.8,1,0,8,0,0,16
598071,2013-05-22,Feroz Shah Kotla,Delhi,Rajasthan Royals,Sunrisers Hyderabad,Sunrisers Hyderabad,bat,Rajasthan Royals,0,4,BJ Hodge,2013,0.5,0.6,0.6,1,12,15,15,12,16
598072,2013-05-24,Eden Gardens,Kolkata,Mumbai Indians,Rajasthan Royals,Rajasthan Royals,bat,Mumbai Indians,0,4,Harbhajan Singh,2013,0.5454545454545454,0.6,0.6,1,8,12,12,8,14
598073,2013-05-26,Eden Gardens,Kolkata,Chennai Super Kings,Mumbai Indians,Mumbai Indians,bat,Mumbai Indians,23,0,KA Pollard,2013,0.42857142857142855,0.6,0.6,1,0,8,8,8,14
729279,2014-04-16,Sheikh Zayed Stadium,Abu Dhabi,Mumbai Indians,Kolkata Knight Riders,Kolkata Knight Riders,bat,Kolkata Knight Riders,41,0,JH Kallis,2014,0.8333333333333334,0.6,0.4,1,8,6,6,6,52
729281,2014-04-17,Sharjah Cricket Stadium,Unknown,Delhi Capitals,Royal Challengers Bengaluru,Royal Challengers Bengaluru,field,Royal Challengers Bengaluru,0,8,YS Chahal,2014,0.45454545454545453,0.0,0.4,0,2,14,14,14,51
729285,2014-04-18,Sheikh Zayed Stadium,Abu Dhabi,Sunrisers Hyderabad,Rajasthan Royals,Rajasthan Royals,field,Rajasthan Royals,0,4,AM Rahane,2014,0.3333333333333333,0.6,0.4,0,15,12,12,12,52
729283,2014-04-18,Sheikh Zayed Stadium,Abu Dhabi,Chennai Super Kings,Punjab Kings,Chennai Super Kings,bat,Punjab Kings,0,6,GJ Maxwell,2014,0.6666666666666666,0.4,0.6,1,0,11,0,11,52
729287,2014-04-19,Dubai International Cricket Stadium,Unknown,Royal Challengers Bengaluru,Mumbai Indians,Royal Challengers Bengaluru,field,Royal Challengers Bengaluru,0,7,PA Patel,2014,0.46153846153846156,0.6,0.4,0,14,8,14,14,13
729289,2014-04-19,Dubai International Cricket Stadium,Unknown,Kolkata Knight Riders,Delhi Capitals,Kolkata Knight Riders,bat,Delhi Capitals,0,4,JP Duminy,2014,0.5454545454545454,0.6,0.0,1,6,2,6,2,13
729291,2014-04-20,Sharjah Cricket Stadium,Unknown,Rajasthan Royals,Punjab Kings,Punjab Kings,field,Punjab Kings,0,7,GJ Maxwell,2014,0.7272727272727273,0.4,0.8,0,12,11,11,11,51
729293,2014-04-21,Sheikh Zayed Stadium,Abu Dhabi,Chennai Super Kings,Delhi Capitals,Chennai Super Kings,bat,Chennai Super Kings,93,0,SK Raina,2014,0.6666666666666666,0.4,0.2,1,0,2,0,0,52
729295,2014-04-22,Sharjah Cricket Stadium,Unknown,Punjab Kings,Sunrisers Hyderabad,Sunrisers Hyderabad,field,Punjab Kings,72,0,GJ Maxwell,2014,0.0,1.0,0.4,0,11,15,15,11,51
729297,2014-04-23,Dubai International Cricket Stadium,Unknown,Rajasthan Royals,Chennai Super Kings,Rajasthan Royals,field,Chennai Super Kings,7,0,RA Jadeja,2014,0.38461538461538464,0.4,0.4,0,12,0,12,0,13
729299,2014-04-24,Sharjah Cricket Stadium,Unknown,Royal Challengers Bengaluru,Kolkata Knight Riders,Royal Challengers Bengaluru,field,Kolkata Knight Riders,2,0,CA Lynn,2014,0.5,0.6,0.4,0,14,6,14,6,51
729301,2014-04-25,Dubai International Cricket Stadium,Unknown,Sunrisers Hyderabad,Delhi Capitals,Sunrisers Hyderabad,bat,Sunrisers Hyderabad,4,0,AJ Finch,2014,1.0,0.4,0.2,1,15,2,15,15,13
729303,2014-04-25,Dubai International Cricket Stadium,Unknown,Chennai Super Kings,Mumbai Indians,Mumbai Indians,bat,Chennai Super Kings,0,7,MM Sharma,2014,0.4,0.6,0.4,1,0,8,8,0,13
729305,2014-04-26,Sheikh Zayed Stadium,Abu Dhabi,Rajasthan Royals,Royal Challengers Bengaluru,Rajasthan Royals,field,Rajasthan Royals,0,6,PV Tambe,2014,0.45454545454545453,0.4,0.6,0,12,14,12,12,52
729307,2014-04-26,Sheikh Zayed Stadium,Abu Dhabi,Kolkata Knight Riders,Punjab Kings,Kolkata Knight Riders,field,Punjab Kings,23,0,Sandeep Sharma,2014,0.5454545454545454,0.4,1.0,0,6,11,6,11,52
729309,2014-04-27,Sharjah Cricket Stadium,Unknown,Delhi Capitals,Mumbai Indians,Mumbai Indians,bat,Delhi Capitals,0,6,M Vijay,2014,0.5,0.2,0.4,1,2,8,8,2,51
729311,2014-04-27,Sharjah Cricket Stadium,Unknown,Sunrisers Hyderabad,Chennai Super Kings,Sunrisers Hyderabad,bat,Chennai Super Kings,0,5,DR Smith,2014,0.0,0.4,0.6,1,15,0,15,0,51
729313,2014-04-28,Dubai International Cricket Stadium,Unknown,Punjab Kings,Royal Challengers Bengaluru,Punjab Kings,field,Punjab Kings,0,5,Sandeep Sharma,2014,0.5833333333333334,1.0,0.6,0,11,14,11,11,13
729315,2014-04-29,Sheikh Zayed Stadium,Abu Dhabi,Kolkata Knight Riders,Rajasthan Royals,Rajasthan Royals,bat,No Result,0,0,JP Faulkner,2014,0.5,0.4,0.4,1,6,12,12,9,52
729317,2014-04-30,Dubai International Cricket Stadium,Unknown,Mumbai Indians,Sunrisers Hyderabad,Mumbai Indians,field,Sunrisers Hyderabad,15,0,B Kumar,2014,0.5,0.2,0.2,0,8,15,8,15,13
733971,2014-05-02,JSCA International Stadium Complex,Ranchi,Chennai Super Kings,Kolkata Knight Riders,Chennai Super Kings,bat,Chennai Super Kings,34,0,RA Jadeja,2014,0.6666666666666666,0.8,0.4,1,0,6,0,0,21
733975,2014-05-03,Feroz Shah Kotla,Delhi,Delhi Capitals,Rajasthan Royals,Rajasthan Royals,field,Rajasthan Royals,0,7,KK Nair,2014,0.5,0.4,0.4,0,2,12,12,12,16
733973,2014-05-03,Wankhede Stadium,Mumbai,Mumbai Indians,Punjab Kings,Punjab Kings,bat,Mumbai Indians,0,5,CJ Anderson,2014,0.4166666666666667,0.0,1.0,1,8,11,11,8,57
733977,2014-05-04,M Chinnaswamy Stadium,Bangalore,Royal Challengers Bengaluru,Sunrisers Hyderabad,Royal Challengers Bengaluru,field,Royal Challengers Bengaluru,0,4,AB de Villiers,2014,0.5,0.4,0.4,0,14,15,14,14,23
733979,2014-05-05,"Sardar Patel Stadium, Motera",Ahmedabad,Rajasthan Royals,Kolkata Knight Riders,Kolkata Knight Riders,field,Rajasthan Royals,10,0,PV Tambe,2014,0.38461538461538464,0.4,0.2,0,12,6,6,12,45
733981,2014-05-05,Feroz Shah Kotla,Delhi,Delhi Capitals,Chennai Super Kings,Chennai Super Kings,field,Chennai Super Kings,0,8,DR Smith,2014,0.3076923076923077,0.4,1.0,0,2,0,0,0,16
733983,2014-05-06,Wankhede Stadium,Mumbai,Mumbai Indians,Royal Challengers Bengaluru,Royal Challengers Bengaluru,field,Mumbai Indians,19,0,RG Sharma,2014,0.5,0.2,0.4,0,8,14,14,8,57
733985,2014-05-07,Feroz Shah Kotla,Delhi,Delhi Capitals,Kolkata Knight Riders,Delhi Capitals,bat,Kolkata Knight Riders,0,8,G Gambhir,2014,0.5,0.2,0.2,1,2,6,2,6,16
733987,2014-05-07,Barabati Stadium,Cuttack,Punjab Kings,Chennai Super Kings,Chennai Super Kings,field,Punjab Kings,44,0,GJ Maxwell,2014,0.3076923076923077,0.8,1.0,0,11,0,0,11,2
733989,2014-05-08,"Sardar Patel Stadium, Motera",Ahmedabad,Rajasthan Royals,Sunrisers Hyderabad,Rajasthan Royals,field,Sunrisers Hyderabad,32,0,B Kumar,2014,0.75,0.6,0.4,0,12,15,12,15,45
733991,2014-05-09,M Chinnaswamy Stadium,Bangalore,Royal Challengers Bengaluru,Punjab Kings,Royal Challengers Bengaluru,field,Punjab Kings,32,0,Sandeep Sharma,2014,0.38461538461538464,0.2,0.8,0,14,11,14,11,23
733993,2014-05-10,Feroz Shah Kotla,Delhi,Delhi Capitals,Sunrisers Hyderabad,Sunrisers Hyderabad,field,Sunrisers Hyderabad,0,8,DW Steyn,2014,0.0,0.2,0.6,0,2,15,15,15,16
733995,2014-05-10,Wankhede Stadium,Mumbai,Mumbai Indians,Chennai Super Kings,Chennai Super Kings,field,Chennai Super Kings,0,4,DR Smith,2014,0.5625,0.4,0.8,0,8,0,0,0,57
733999,2014-05-11,M Chinnaswamy Stadium,Bangalore,Royal Challengers Bengaluru,Rajasthan Royals,Royal Challengers Bengaluru,bat,Rajasthan Royals,0,5,JP Faulkner,2014,0.5,0.2,0.6,1,14,12,14,12,23
733997,2014-05-11,Barabati Stadium,Cuttack,Punjab Kings,Kolkata Knight Riders,Kolkata Knight Riders,field,Kolkata Knight Riders,0,9,G Gambhir,2014,0.5,0.8,0.2,0,11,6,6,6,2
734001,2014-05-12,"Rajiv Gandhi International Stadium, Uppal",Hyderabad,Sunrisers Hyderabad,Mumbai Indians,Sunrisers Hyderabad,bat,Mumbai Indians,0,7,AT Rayudu,2014,0.6666666666666666,0.6,0.4,1,15,8,15,8,43
734003,2014-05-13,JSCA International Stadium Complex,Ranchi,Chennai Super Kings,Rajasthan Royals,Rajasthan Royals,bat,Chennai Super Kings,0,5,RA Jadeja,2014,0.6428571428571429,0.8,0.6,1,0,12,12,0,21
734005,2014-05-13,M Chinnaswamy Stadium,Bangalore,Royal Challengers Bengaluru,Delhi Capitals,Delhi Capitals,field,Royal Challengers Bengaluru,16,0,Yuvraj Singh,2014,0.5,0.2,0.2,0,14,2,2,14,23
734007,2014-05-14,"Rajiv Gandhi International Stadium, Uppal",Hyderabad,Sunrisers Hyderabad,Punjab Kings,Punjab Kings,field,Punjab Kings,0,6,WP Saha,2014,0.6666666666666666,0.6,0.6,0,15,11,11,11,43
734009,2014-05-14,Barabati Stadium,Cuttack,Kolkata Knight Riders,Mumbai Indians,Kolkata Knight Riders,field,Kolkata Knight Riders,0,6,RV Uthappa,2014,0.23076923076923078,0.4,0.6,0,6,8,6,6,2
734011,2014-05-15,"Sardar Patel Stadium, Motera",Ahmedabad,Rajasthan Royals,Delhi Capitals,Delhi Capitals,field,Rajasthan Royals,62,0,AM Rahane,2014,0.5384615384615384,0.6,0.0,0,12,2,2,12,45
734013,2014-05-18,JSCA International Stadium Complex,Ranchi,Chennai Super Kings,Royal Challengers Bengaluru,Chennai Super Kings,bat,Royal Challengers Bengaluru,0,5,AB de Villiers,2014,0.5714285714285714,0.8,0.4,1,0,14,0,14,21
734015,2014-05-18,"Rajiv Gandhi International Stadium, Uppal",Hyderabad,Sunrisers Hyderabad,Kolkata Knight Riders,Sunrisers Hyderabad,bat,Kolkata Knight Riders,0,7,UT Yadav,2014,0.5,0.4,0.6,1,15,6,15,6,43
734017,2014-05-19,"Sardar Patel Stadium, Motera",Ahmedabad,Rajasthan Royals,Mumbai Indians,Mumbai Indians,bat,Mumbai Indians,25,0,MEK Hussey,2014,0.4166666666666667,0.6,0.6,1,12,8,8,8,45
734019,2014-05-19,Feroz Shah Kotla,Delhi,Delhi Capitals,Punjab Kings,Punjab Kings,field,Punjab Kings,0,4,AR Patel,2014,0.4166666666666667,0.0,0.6,0,2,11,11,11,16
734021,2014-05-20,"Rajiv Gandhi International Stadium, Uppal",Hyderabad,Sunrisers Hyderabad,Royal Challengers Bengaluru,Royal Challengers Bengaluru,bat,Sunrisers Hyderabad,0,7,DA Warner,2014,0.0,0.4,0.4,1,15,14,14,15,43
734023,2014-05-20,Eden Gardens,Kolkata,Kolkata Knight Riders,Chennai Super Kings,Kolkata Knight Riders,field,Kolkata Knight Riders,0,8,RV Uthappa,2014,0.3076923076923077,0.8,0.6,0,6,0,6,6,14
734025,2014-05-21,"Punjab Cricket Association Stadium, Mohali",Chandigarh,Punjab Kings,Mumbai Indians,Mumbai Indians,field,Mumbai Indians,0,7,LMP Simmons,2014,0.5384615384615384,0.8,0.6,0,11,8,8,8,41
734029,2014-05-22,JSCA International Stadium Complex,Ranchi,Chennai Super Kings,Sunrisers Hyderabad,Sunrisers Hyderabad,field,Sunrisers Hyderabad,0,6,DA Warner,2014,1.0,0.4,0.4,0,0,15,15,15,21
734027,2014-05-22,Eden Gardens,Kolkata,Kolkata Knight Riders,Royal Challengers Bengaluru,Royal Challengers Bengaluru,field,Kolkata Knight Riders,30,0,RV Uthappa,2014,0.5384615384615384,1.0,0.4,0,6,14,14,6,14
734031,2014-05-23,Wankhede Stadium,Mumbai,Mumbai Indians,Delhi Capitals,Delhi Capitals,field,Mumbai Indians,15,0,MEK Hussey,2014,0.46153846153846156,0.6,0.0,0,8,2,2,8,57
734033,2014-05-23,"Punjab Cricket Association Stadium, Mohali",Chandigarh,Punjab Kings,Rajasthan Royals,Rajasthan Royals,field,Punjab Kings,16,0,SE Marsh,2014,0.3333333333333333,0.6,0.4,0,11,12,12,11,41
734035,2014-05-24,M Chinnaswamy Stadium,Bangalore,Royal Challengers Bengaluru,Chennai Super Kings,Chennai Super Kings,field,Chennai Super Kings,0,8,MS Dhoni,2014,0.4666666666666667,0.4,0.4,0,14,0,0,0,23
734037,2014-05-24,Eden Gardens,Kolkata,Kolkata Knight Riders,Sunrisers Hyderabad,Kolkata Knight Riders,field,Kolkata Knight Riders,0,4,YK Pathan,2014,0.6666666666666666,1.0,0.4,0,6,15,6,6,14
734039,2014-05-25,"Punjab Cricket Association Stadium, Mohali",Chandigarh,Punjab Kings,Delhi Capitals,Punjab Kings,field,Punjab Kings,0,7,M Vohra,2014,0.6153846153846154,0.6,0.0,0,11,2,11,11,41
734041,2014-05-25,Wankhede Stadium,Mumbai,Mumbai Indians,Rajasthan Royals,Mumbai Indians,field,Mumbai Indians,0,5,CJ Anderson,2014,0.6153846153846154,0.8,0.4,0,8,12,8,8,57
734043,2014-05-27,Eden Gardens,Kolkata,Punjab Kings,Kolkata Knight Riders,Punjab Kings,field,Kolkata Knight Riders,28,0,UT Yadav,2014,0.46153846153846156,0.8,1.0,0,11,6,11,6,14
734045,2014-05-28,Brabourne Stadium,Mumbai,Chennai Super Kings,Mumbai Indians,Chennai Super Kings,field,Chennai Super Kings,0,7,SK Raina,2014,0.47058823529411764,0.4,0.8,0,0,8,0,0,5
734047,2014-05-30,Wankhede Stadium,Mumbai,Chennai Super Kings,Punjab Kings,Chennai Super Kings,field,Punjab Kings,24,0,V Sehwag,2014,0.5714285714285714,0.4,0.6,0,0,11,0,11,57
734049,2014-06-01,M Chinnaswamy Stadium,Bangalore,Kolkata Knight Riders,Punjab Kings,Kolkata Knight Riders,field,Kolkata Knight Riders,0,3,MK Pandey,2014,0.5714285714285714,1.0,0.6,0,6,11,6,6,23
829705,2015-04-08,Eden Gardens,Kolkata,Kolkata Knight Riders,Mumbai Indians,Kolkata Knight Riders,field,Kolkata Knight Riders,0,7,M Morkel,2015,0.2857142857142857,1.0,0.8,0,6,8,6,6,14
829707,2015-04-09,"MA Chidambaram Stadium, Chepauk",Chennai,Chennai Super Kings,Delhi Capitals,Delhi Capitals,field,Chennai Super Kings,1,0,A Nehra,2015,0.7142857142857143,0.4,0.0,0,0,2,2,0,27
829709,2015-04-10,Maharashtra Cricket Association Stadium,Pune,Punjab Kings,Rajasthan Royals,Punjab Kings,field,Rajasthan Royals,26,0,JP Faulkner,2015,0.38461538461538464,0.6,0.2,0,11,12,11,12,31
829711,2015-04-11,"MA Chidambaram Stadium, Chepauk",Chennai,Chennai Super Kings,Sunrisers Hyderabad,Chennai Super Kings,bat,Chennai Super Kings,45,0,BB McCullum,2015,0.75,0.6,0.4,1,0,15,0,0,27
829713,2015-04-11,Eden Gardens,Kolkata,Kolkata Knight Riders,Royal Challengers Bengaluru,Royal Challengers Bengaluru,field,Royal Challengers Bengaluru,0,3,CH Gayle,2015,0.5714285714285714,1.0,0.4,0,6,14,14,14,14
829715,2015-04-12,Feroz Shah Kotla,Delhi,Delhi Capitals,Rajasthan Royals,Rajasthan Royals,field,Rajasthan Royals,0,3,DJ Hooda,2015,0.42857142857142855,0.0,0.4,0,2,12,12,12,16
829717,2015-04-12,Wankhede Stadium,Mumbai,Mumbai Indians,Punjab Kings,Mumbai Indians,field,Punjab Kings,18,0,GJ Bailey,2015,0.5,0.6,0.4,0,8,11,8,11,57
829719,2015-04-13,M Chinnaswamy Stadium,Bangalore,Royal Challengers Bengaluru,Sunrisers Hyderabad,Sunrisers Hyderabad,field,Sunrisers Hyderabad,0,8,DA Warner,2015,0.5,0.4,0.4,0,14,15,15,15,23
829721,2015-04-14,"Sardar Patel Stadium, Motera",Ahmedabad,Rajasthan Royals,Mumbai Indians,Mumbai Indians,bat,Rajasthan Royals,0,7,SPD Smith,2015,0.35714285714285715,0.4,0.4,1,12,8,8,12,45
829725,2015-04-15,Maharashtra Cricket Association Stadium,Pune,Punjab Kings,Delhi Capitals,Punjab Kings,bat,Delhi Capitals,0,5,MA Agarwal,2015,0.6428571428571429,0.4,0.0,1,11,2,11,2,31
829727,2015-04-16,Dr. Y.S. Rajasekhara Reddy ACA-VDCA Cricket Stadium,Visakhapatnam,Sunrisers Hyderabad,Rajasthan Royals,Rajasthan Royals,field,Rajasthan Royals,0,6,AM Rahane,2015,0.4,0.6,0.6,0,15,12,12,12,11
829729,2015-04-17,Wankhede Stadium,Mumbai,Mumbai Indians,Chennai Super Kings,Mumbai Indians,bat,Chennai Super Kings,0,6,A Nehra,2015,0.5,0.2,0.8,1,8,0,8,0,57
829731,2015-04-18,Dr. Y.S. Rajasekhara Reddy ACA-VDCA Cricket Stadium,Visakhapatnam,Sunrisers Hyderabad,Delhi Capitals,Delhi Capitals,bat,Delhi Capitals,4,0,JP Duminy,2015,1.0,0.4,0.2,1,15,2,2,2,11
829733,2015-04-18,Maharashtra Cricket Association Stadium,Pune,Punjab Kings,Kolkata Knight Riders,Kolkata Knight Riders,field,Kolkata Knight Riders,0,4,AD Russell,2015,0.4,0.4,0.8,0,11,6,6,6,31
829735,2015-04-19,"Sardar Patel Stadium, Motera",Ahmedabad,Rajasthan Royals,Chennai Super Kings,Chennai Super Kings,bat,Rajasthan Royals,0,8,AM Rahane,2015,0.3333333333333333,0.8,0.8,1,12,0,0,12,45
829737,2015-04-19,M Chinnaswamy Stadium,Bangalore,Royal Challengers Bengaluru,Mumbai Indians,Royal Challengers Bengaluru,field,Mumbai Indians,18,0,Harbhajan Singh,2015,0.4666666666666667,0.2,0.0,0,14,8,14,8,23
829739,2015-04-20,Feroz Shah Kotla,Delhi,Delhi Capitals,Kolkata Knight Riders,Kolkata Knight Riders,field,Kolkata Knight Riders,0,6,UT Yadav,2015,0.46153846153846156,0.4,0.8,0,2,6,6,6,16
829741,2015-04-21,"Sardar Patel Stadium, Motera",Ahmedabad,Rajasthan Royals,Punjab Kings,Punjab Kings,field,No Result,0,0,SE Marsh,2015,0.6428571428571429,1.0,0.2,0,12,11,11,9,45
829743,2015-04-22,Dr. Y.S. Rajasekhara Reddy ACA-VDCA Cricket Stadium,Visakhapatnam,Sunrisers Hyderabad,Kolkata Knight Riders,Kolkata Knight Riders,field,Sunrisers Hyderabad,16,0,DA Warner,2015,0.25,0.2,0.8,0,15,6,6,15,11
829745,2015-04-22,M Chinnaswamy Stadium,Bangalore,Royal Challengers Bengaluru,Chennai Super Kings,Royal Challengers Bengaluru,field,Chennai Super Kings,27,0,SK Raina,2015,0.4375,0.2,0.6,0,14,0,14,0,23
829747,2015-04-23,Feroz Shah Kotla,Delhi,Delhi Capitals,Mumbai Indians,Mumbai Indians,field,Delhi Capitals,37,0,SS Iyer,2015,0.5,0.4,0.2,0,2,8,8,2,16
829749,2015-04-24,"Sardar Patel Stadium, Motera",Ahmedabad,Rajasthan Royals,Royal Challengers Bengaluru,Royal Challengers Bengaluru,field,Royal Challengers Bengaluru,0,9,MA Starc,2015,0.5384615384615384,0.8,0.2,0,12,14,14,14,45
829751,2015-04-25,Wankhede Stadium,Mumbai,Mumbai Indians,Sunrisers Hyderabad,Mumbai Indians,bat,Mumbai Indians,20,0,SL Malinga,2015,0.5,0.2,0.4,1,8,15,8,8,57
829753,2015-04-25,"MA Chidambaram Stadium, Chepauk",Chennai,Chennai Super Kings,Punjab Kings,Chennai Super Kings,bat,Chennai Super Kings,97,0,BB McCullum,2015,0.5333333333333333,0.8,0.2,1,0,11,0,0,27
829757,2015-04-26,Feroz Shah Kotla,Delhi,Delhi Capitals,Royal Challengers Bengaluru,Royal Challengers Bengaluru,field,Royal Challengers Bengaluru,0,10,VR Aaron,2015,0.38461538461538464,0.6,0.4,0,2,14,14,14,16
829759,2015-04-27,"Punjab Cricket Association Stadium, Mohali",Chandigarh,Punjab Kings,Sunrisers Hyderabad,Punjab Kings,field,Sunrisers Hyderabad,20,0,TA Boult,2015,0.5,0.2,0.4,0,11,15,11,15,41
829765,2015-04-28,"MA Chidambaram Stadium, Chepauk",Chennai,Chennai Super Kings,Kolkata Knight Riders,Kolkata Knight Riders,field,Chennai Super Kings,2,0,DJ Bravo,2015,0.6428571428571429,0.8,0.6,0,0,6,6,0,27
829763,2015-04-29,M Chinnaswamy Stadium,Bangalore,Royal Challengers Bengaluru,Rajasthan Royals,Rajasthan Royals,field,No Result,0,0,Unknown,2015,0.5,0.4,0.6,0,14,12,12,9,23
829723,2015-04-30,Eden Gardens,Kolkata,Kolkata Knight Riders,Chennai Super Kings,Kolkata Knight Riders,field,Kolkata Knight Riders,0,7,AD Russell,2015,0.3333333333333333,0.4,0.8,0,6,0,6,6,14
829769,2015-05-01,Wankhede Stadium,Mumbai,Mumbai Indians,Rajasthan Royals,Rajasthan Royals,field,Mumbai Indians,8,0,AT Rayudu,2015,0.6,0.4,0.4,0,8,12,12,8,57
829767,2015-05-01,Feroz Shah Kotla,Delhi,Delhi Capitals,Punjab Kings,Delhi Capitals,field,Delhi Capitals,0,9,NM Coulter-Nile,2015,0.4,0.6,0.0,0,2,11,2,2,16
829771,2015-05-02,M Chinnaswamy Stadium,Bangalore,Royal Challengers Bengaluru,Kolkata Knight Riders,Royal Challengers Bengaluru,field,Royal Challengers Bengaluru,0,7,Mandeep Singh,2015,0.4666666666666667,0.4,0.6,0,14,6,14,14,23
829773,2015-05-02,"Rajiv Gandhi International Stadium, Uppal",Hyderabad,Sunrisers Hyderabad,Chennai Super Kings,Chennai Super Kings,field,Sunrisers Hyderabad,22,0,DA Warner,2015,0.2,0.4,0.6,0,15,0,0,15,43
829775,2015-05-03,"Punjab Cricket Association Stadium, Mohali",Chandigarh,Punjab Kings,Mumbai Indians,Mumbai Indians,bat,Mumbai Indians,23,0,LMP Simmons,2015,0.5333333333333333,0.0,0.6,1,11,8,8,8,41
829777,2015-05-03,Brabourne Stadium,Mumbai,Rajasthan Royals,Delhi Capitals,Delhi Capitals,field,Rajasthan Royals,14,0,AM Rahane,2015,0.6,0.2,0.6,0,12,2,2,12,5
829779,2015-05-04,"MA Chidambaram Stadium, Chepauk",Chennai,Chennai Super Kings,Royal Challengers Bengaluru,Chennai Super Kings,bat,Chennai Super Kings,24,0,SK Raina,2015,0.5882352941176471,0.6,0.6,1,0,14,0,0,27
829781,2015-05-04,Eden Gardens,Kolkata,Kolkata Knight Riders,Sunrisers Hyderabad,Sunrisers Hyderabad,field,Kolkata Knight Riders,35,0,UT Yadav,2015,0.6,0.4,0.6,0,6,15,15,6,14
829783,2015-05-05,Wankhede Stadium,Mumbai,Mumbai Indians,Delhi Capitals,Delhi Capitals,bat,Mumbai Indians,0,5,Harbhajan Singh,2015,0.4666666666666667,0.8,0.4,1,8,2,2,8,57
829785,2015-05-06,M Chinnaswamy Stadium,Bangalore,Royal Challengers Bengaluru,Punjab Kings,Punjab Kings,field,Royal Challengers Bengaluru,138,0,CH Gayle,2015,0.35714285714285715,0.6,0.0,0,14,11,11,14,23
829787,2015-05-07,Brabourne Stadium,Mumbai,Rajasthan Royals,Sunrisers Hyderabad,Rajasthan Royals,field,Sunrisers Hyderabad,7,0,EJG Morgan,2015,0.6666666666666666,0.2,0.6,0,12,15,12,15,5
829761,2015-05-07,Eden Gardens,Kolkata,Kolkata Knight Riders,Delhi Capitals,Kolkata Knight Riders,bat,Kolkata Knight Riders,13,0,PP Chawla,2015,0.5714285714285714,0.4,0.4,1,6,2,6,6,14
829789,2015-05-08,"MA Chidambaram Stadium, Chepauk",Chennai,Chennai Super Kings,Mumbai Indians,Chennai Super Kings,bat,Mumbai Indians,0,6,HH Pandya,2015,0.5263157894736842,0.6,0.8,1,0,8,0,8,27
829791,2015-05-09,Eden Gardens,Kolkata,Kolkata Knight Riders,Punjab Kings,Punjab Kings,bat,Kolkata Knight Riders,0,1,AD Russell,2015,0.625,0.6,0.0,1,6,11,11,6,14
829793,2015-05-09,Shaheed Veer Narayan Singh International Stadium,Raipur,Delhi Capitals,Sunrisers Hyderabad,Sunrisers Hyderabad,bat,Sunrisers Hyderabad,6,0,MC Henriques,2015,0.2,0.2,0.6,1,2,15,15,15,49
829795,2015-05-10,Wankhede Stadium,Mumbai,Mumbai Indians,Royal Challengers Bengaluru,Royal Challengers Bengaluru,bat,Royal Challengers Bengaluru,39,0,AB de Villiers,2015,0.5625,1.0,0.6,1,8,14,14,14,57
829797,2015-05-10,"MA Chidambaram Stadium, Chepauk",Chennai,Chennai Super Kings,Rajasthan Royals,Chennai Super Kings,bat,Chennai Super Kings,12,0,RA Jadeja,2015,0.625,0.4,0.2,1,0,12,0,0,27
829799,2015-05-11,"Rajiv Gandhi International Stadium, Uppal",Hyderabad,Sunrisers Hyderabad,Punjab Kings,Sunrisers Hyderabad,bat,Sunrisers Hyderabad,5,0,DA Warner,2015,0.6,0.8,0.0,1,15,11,15,15,43
829801,2015-05-12,Shaheed Veer Narayan Singh International Stadium,Raipur,Delhi Capitals,Chennai Super Kings,Chennai Super Kings,bat,Delhi Capitals,0,6,Z Khan,2015,0.26666666666666666,0.2,0.4,1,2,0,0,2,49
829803,2015-05-13,"Punjab Cricket Association Stadium, Mohali",Chandigarh,Punjab Kings,Royal Challengers Bengaluru,Royal Challengers Bengaluru,field,Punjab Kings,22,0,AR Patel,2015,0.6,0.0,0.6,0,11,14,14,11,41
829805,2015-05-14,Wankhede Stadium,Mumbai,Mumbai Indians,Kolkata Knight Riders,Kolkata Knight Riders,field,Mumbai Indians,5,0,HH Pandya,2015,0.6666666666666666,0.8,0.8,0,8,6,6,8,57
829807,2015-05-15,"Rajiv Gandhi International Stadium, Uppal",Hyderabad,Sunrisers Hyderabad,Royal Challengers Bengaluru,Sunrisers Hyderabad,bat,Royal Challengers Bengaluru,0,6,V Kohli,2015,0.4,0.8,0.6,1,15,14,15,14,43
829811,2015-05-16,Brabourne Stadium,Mumbai,Rajasthan Royals,Kolkata Knight Riders,Rajasthan Royals,bat,Rajasthan Royals,9,0,SR Watson,2015,0.42857142857142855,0.2,0.6,1,12,6,12,12,5
829809,2015-05-16,"Punjab Cricket Association Stadium, Mohali",Chandigarh,Punjab Kings,Chennai Super Kings,Punjab Kings,bat,Chennai Super Kings,0,7,P Negi,2015,0.375,0.2,0.4,1,11,0,11,0,41
829813,2015-05-17,M Chinnaswamy Stadium,Bangalore,Royal Challengers Bengaluru,Delhi Capitals,Royal Challengers Bengaluru,field,No Result,0,0,Unknown,2015,0.5714285714285714,0.6,0.2,0,14,2,14,9,23
829815,2015-05-17,"Rajiv Gandhi International Stadium, Uppal",Hyderabad,Sunrisers Hyderabad,Mumbai Indians,Sunrisers Hyderabad,bat,Mumbai Indians,0,9,MJ McClenaghan,2015,0.4,0.6,0.8,1,15,8,15,8,43
829817,2015-05-19,Wankhede Stadium,Mumbai,Chennai Super Kings,Mumbai Indians,Mumbai Indians,bat,Mumbai Indians,25,0,KA Pollard,2015,0.5,0.6,0.8,1,0,8,8,8,57
829819,2015-05-20,Maharashtra Cricket Association Stadium,Pune,Royal Challengers Bengaluru,Rajasthan Royals,Royal Challengers Bengaluru,bat,Royal Challengers Bengaluru,71,0,AB de Villiers,2015,0.4666666666666667,0.6,0.4,1,14,12,14,14,31
829821,2015-05-22,JSCA International Stadium Complex,Ranchi,Chennai Super Kings,Royal Challengers Bengaluru,Chennai Super Kings,field,Chennai Super Kings,0,3,A Nehra,2015,0.6111111111111112,0.4,0.6,0,0,14,0,0,21
829823,2015-05-24,Eden Gardens,Kolkata,Mumbai Indians,Chennai Super Kings,Chennai Super Kings,field,Mumbai Indians,41,0,RG Sharma,2015,0.5238095238095238,0.8,0.6,0,8,0,0,8,14
980901,2016-04-09,Wankhede Stadium,Mumbai,Mumbai Indians,Rising Pune Supergiant,Mumbai Indians,bat,Rising Pune Supergiant,0,9,AM Rahane,2016,0.5,0.8,0.5,1,8,13,8,13,57
980903,2016-04-10,Eden Gardens,Kolkata,Kolkata Knight Riders,Delhi Capitals,Kolkata Knight Riders,field,Kolkata Knight Riders,0,9,AD Russell,2016,0.6,0.6,0.2,0,6,2,6,6,14
980905,2016-04-11,"Punjab Cricket Association IS Bindra Stadium, Mohali",Chandigarh,Punjab Kings,Gujarat Lions,Gujarat Lions,field,Gujarat Lions,0,5,AJ Finch,2016,0.5,0.2,0.5,0,11,3,3,3,39
980907,2016-04-12,M Chinnaswamy Stadium,Bangalore,Royal Challengers Bengaluru,Sunrisers Hyderabad,Sunrisers Hyderabad,field,Royal Challengers Bengaluru,45,0,AB de Villiers,2016,0.5,0.4,0.6,0,14,15,15,14,23
980909,2016-04-13,Eden Gardens,Kolkata,Kolkata Knight Riders,Mumbai Indians,Mumbai Indians,field,Mumbai Indians,0,6,RG Sharma,2016,0.3125,0.6,0.8,0,6,8,8,8,14
980911,2016-04-14,Saurashtra Cricket Association Stadium,Rajkot,Gujarat Lions,Rising Pune Supergiant,Rising Pune Supergiant,bat,Gujarat Lions,0,7,AJ Finch,2016,0.5,1.0,1.0,1,3,13,13,3,46
980913,2016-04-15,Feroz Shah Kotla,Delhi,Delhi Capitals,Punjab Kings,Delhi Capitals,field,Delhi Capitals,0,8,A Mishra,2016,0.4375,0.2,0.2,0,2,11,2,2,16
980917,2016-04-16,Wankhede Stadium,Mumbai,Mumbai Indians,Gujarat Lions,Gujarat Lions,field,Gujarat Lions,0,3,AJ Finch,2016,0.5,0.8,1.0,0,8,3,3,3,57
980915,2016-04-16,"Rajiv Gandhi International Stadium, Uppal",Hyderabad,Sunrisers Hyderabad,Kolkata Knight Riders,Sunrisers Hyderabad,bat,Kolkata Knight Riders,0,8,G Gambhir,2016,0.3333333333333333,0.4,0.4,1,15,6,15,6,43
980921,2016-04-17,M Chinnaswamy Stadium,Bangalore,Royal Challengers Bengaluru,Delhi Capitals,Delhi Capitals,field,Delhi Capitals,0,7,Q de Kock,2016,0.5333333333333333,0.6,0.4,0,14,2,2,2,23
980919,2016-04-17,"Punjab Cricket Association IS Bindra Stadium, Mohali",Chandigarh,Punjab Kings,Rising Pune Supergiant,Rising Pune Supergiant,bat,Punjab Kings,0,6,M Vohra,2016,0.5,0.2,0.5,1,11,13,13,11,39
980923,2016-04-18,"Rajiv Gandhi International Stadium, Uppal",Hyderabad,Sunrisers Hyderabad,Mumbai Indians,Sunrisers Hyderabad,field,Sunrisers Hyderabad,0,7,DA Warner,2016,0.3333333333333333,0.2,0.6,0,15,8,15,15,43
980925,2016-04-19,"Punjab Cricket Association IS Bindra Stadium, Mohali",Chandigarh,Punjab Kings,Kolkata Knight Riders,Kolkata Knight Riders,field,Kolkata Knight Riders,0,6,RV Uthappa,2016,0.35294117647058826,0.4,0.4,0,11,6,6,6,39
980927,2016-04-20,Wankhede Stadium,Mumbai,Mumbai Indians,Royal Challengers Bengaluru,Mumbai Indians,field,Mumbai Indians,0,6,RG Sharma,2016,0.5294117647058824,0.4,0.4,0,8,14,8,8,57
980929,2016-04-21,Saurashtra Cricket Association Stadium,Rajkot,Gujarat Lions,Sunrisers Hyderabad,Sunrisers Hyderabad,field,Sunrisers Hyderabad,0,10,B Kumar,2016,0.5,1.0,0.2,0,3,15,15,15,46
980931,2016-04-22,Maharashtra Cricket Association Stadium,Pune,Rising Pune Supergiant,Royal Challengers Bengaluru,Rising Pune Supergiant,field,Royal Challengers Bengaluru,13,0,AB de Villiers,2016,0.5,0.3333333333333333,0.4,0,13,14,13,14,31
980935,2016-04-23,"Rajiv Gandhi International Stadium, Uppal",Hyderabad,Sunrisers Hyderabad,Punjab Kings,Sunrisers Hyderabad,field,Sunrisers Hyderabad,0,5,Mustafizur Rahman,2016,0.6666666666666666,0.4,0.2,0,15,11,15,15,43
980933,2016-04-23,Feroz Shah Kotla,Delhi,Delhi Capitals,Mumbai Indians,Mumbai Indians,field,Delhi Capitals,10,0,SV Samson,2016,0.5,0.6,0.4,0,2,8,8,2,16
980937,2016-04-24,Saurashtra Cricket Association Stadium,Rajkot,Gujarat Lions,Royal Challengers Bengaluru,Royal Challengers Bengaluru,bat,Gujarat Lions,0,6,V Kohli,2016,0.5,0.75,0.4,1,3,14,14,3,46
980939,2016-04-24,Maharashtra Cricket Association Stadium,Pune,Rising Pune Supergiant,Kolkata Knight Riders,Kolkata Knight Riders,field,Kolkata Knight Riders,0,2,SA Yadav,2016,0.5,0.25,0.6,0,13,6,6,6,31
980941,2016-04-25,"Punjab Cricket Association IS Bindra Stadium, Mohali",Chandigarh,Punjab Kings,Mumbai Indians,Punjab Kings,field,Mumbai Indians,25,0,PA Patel,2016,0.5,0.2,0.4,0,11,8,11,8,39
980943,2016-04-26,"Rajiv Gandhi International Stadium, Uppal",Hyderabad,Sunrisers Hyderabad,Rising Pune Supergiant,Rising Pune Supergiant,field,Rising Pune Supergiant,34,0,AB Dinda,2016,0.5,0.6,0.2,0,15,13,13,13,43
980945,2016-04-27,Feroz Shah Kotla,Delhi,Delhi Capitals,Gujarat Lions,Delhi Capitals,field,Gujarat Lions,1,0,CH Morris,2016,0.5,0.6,0.8,0,2,3,2,3,16
980947,2016-04-28,Wankhede Stadium,Mumbai,Mumbai Indians,Kolkata Knight Riders,Mumbai Indians,field,Mumbai Indians,0,6,RG Sharma,2016,0.7058823529411765,0.4,0.8,0,8,6,8,8,57
980949,2016-04-29,Maharashtra Cricket Association Stadium,Pune,Rising Pune Supergiant,Gujarat Lions,Gujarat Lions,field,Gujarat Lions,0,3,DR Smith,2016,0.0,0.2,0.8,0,13,3,3,3,31
980951,2016-04-30,Feroz Shah Kotla,Delhi,Delhi Capitals,Kolkata Knight Riders,Kolkata Knight Riders,field,Delhi Capitals,27,0,CR Brathwaite,2016,0.375,0.6,0.6,0,2,6,6,2,16
980953,2016-04-30,"Rajiv Gandhi International Stadium, Uppal",Hyderabad,Sunrisers Hyderabad,Royal Challengers Bengaluru,Royal Challengers Bengaluru,field,Sunrisers Hyderabad,15,0,DA Warner,2016,0.2857142857142857,0.6,0.4,0,15,14,14,15,43
980957,2016-05-01,Maharashtra Cricket Association Stadium,Pune,Rising Pune Supergiant,Mumbai Indians,Mumbai Indians,field,Mumbai Indians,0,8,RG Sharma,2016,1.0,0.2,0.6,0,13,8,8,8,31
980955,2016-05-01,Saurashtra Cricket Association Stadium,Rajkot,Gujarat Lions,Punjab Kings,Gujarat Lions,field,Punjab Kings,23,0,AR Patel,2016,1.0,0.8,0.2,0,3,11,3,11,46
980959,2016-05-02,M Chinnaswamy Stadium,Bangalore,Royal Challengers Bengaluru,Kolkata Knight Riders,Kolkata Knight Riders,field,Kolkata Knight Riders,0,5,AD Russell,2016,0.5,0.2,0.6,0,14,6,6,6,23
980961,2016-05-03,Saurashtra Cricket Association Stadium,Rajkot,Gujarat Lions,Delhi Capitals,Delhi Capitals,field,Delhi Capitals,0,8,RR Pant,2016,1.0,0.6,0.8,0,3,2,2,2,46
980963,2016-05-04,Eden Gardens,Kolkata,Kolkata Knight Riders,Punjab Kings,Punjab Kings,field,Kolkata Knight Riders,7,0,AD Russell,2016,0.6666666666666666,0.6,0.4,0,6,11,11,6,14
980965,2016-05-05,Feroz Shah Kotla,Delhi,Delhi Capitals,Rising Pune Supergiant,Rising Pune Supergiant,field,Rising Pune Supergiant,0,7,AM Rahane,2016,0.5,0.8,0.2,0,2,13,13,13,16
980967,2016-05-06,"Rajiv Gandhi International Stadium, Uppal",Hyderabad,Sunrisers Hyderabad,Gujarat Lions,Sunrisers Hyderabad,field,Sunrisers Hyderabad,0,5,B Kumar,2016,1.0,0.8,0.6,0,15,3,15,15,43
980969,2016-05-07,M Chinnaswamy Stadium,Bangalore,Royal Challengers Bengaluru,Rising Pune Supergiant,Royal Challengers Bengaluru,field,Royal Challengers Bengaluru,0,7,V Kohli,2016,1.0,0.2,0.4,0,14,13,14,14,23
980971,2016-05-07,"Punjab Cricket Association IS Bindra Stadium, Mohali",Chandigarh,Punjab Kings,Delhi Capitals,Delhi Capitals,field,Punjab Kings,9,0,MP Stoinis,2016,0.5294117647058824,0.2,0.6,0,11,2,2,11,39
980973,2016-05-08,Dr. Y.S. Rajasekhara Reddy ACA-VDCA Cricket Stadium,Visakhapatnam,Mumbai Indians,Sunrisers Hyderabad,Mumbai Indians,field,Sunrisers Hyderabad,85,0,A Nehra,2016,0.5714285714285714,0.8,0.8,0,8,15,8,15,11
980975,2016-05-08,Eden Gardens,Kolkata,Kolkata Knight Riders,Gujarat Lions,Gujarat Lions,field,Gujarat Lions,0,5,P Kumar,2016,0.5,0.6,0.4,0,6,3,3,3,14
980977,2016-05-09,"Punjab Cricket Association IS Bindra Stadium, Mohali",Chandigarh,Punjab Kings,Royal Challengers Bengaluru,Punjab Kings,field,Royal Challengers Bengaluru,1,0,SR Watson,2016,0.625,0.4,0.4,0,11,14,11,14,39
980979,2016-05-10,Dr. Y.S. Rajasekhara Reddy ACA-VDCA Cricket Stadium,Visakhapatnam,Rising Pune Supergiant,Sunrisers Hyderabad,Sunrisers Hyderabad,bat,Sunrisers Hyderabad,4,0,A Zampa,2016,1.0,0.4,0.8,1,13,15,15,15,11
980981,2016-05-11,M Chinnaswamy Stadium,Bangalore,Royal Challengers Bengaluru,Mumbai Indians,Mumbai Indians,field,Mumbai Indians,0,6,KH Pandya,2016,0.4444444444444444,0.4,0.6,0,14,8,8,8,23
980983,2016-05-12,"Rajiv Gandhi International Stadium, Uppal",Hyderabad,Sunrisers Hyderabad,Delhi Capitals,Delhi Capitals,field,Delhi Capitals,0,7,CH Morris,2016,0.8333333333333334,0.8,0.4,0,15,2,2,2,43
980985,2016-05-13,Dr. Y.S. Rajasekhara Reddy ACA-VDCA Cricket Stadium,Visakhapatnam,Mumbai Indians,Punjab Kings,Mumbai Indians,bat,Punjab Kings,0,7,MP Stoinis,2016,0.5294117647058824,0.8,0.4,1,8,11,8,11,11
980987,2016-05-14,M Chinnaswamy Stadium,Bangalore,Royal Challengers Bengaluru,Gujarat Lions,Gujarat Lions,field,Royal Challengers Bengaluru,144,0,AB de Villiers,2016,0.0,0.4,0.4,0,14,3,3,14,23
980989,2016-05-14,Eden Gardens,Kolkata,Kolkata Knight Riders,Rising Pune Supergiant,Rising Pune Supergiant,bat,Kolkata Knight Riders,0,8,YK Pathan,2016,1.0,0.4,0.2,1,6,13,13,6,14
980991,2016-05-15,"Punjab Cricket Association IS Bindra Stadium, Mohali",Chandigarh,Punjab Kings,Sunrisers Hyderabad,Punjab Kings,bat,Sunrisers Hyderabad,0,7,HM Amla,2016,0.2857142857142857,0.6,0.8,1,11,15,11,15,39
980993,2016-05-15,Dr. Y.S. Rajasekhara Reddy ACA-VDCA Cricket Stadium,Visakhapatnam,Mumbai Indians,Delhi Capitals,Delhi Capitals,field,Mumbai Indians,80,0,KH Pandya,2016,0.47058823529411764,0.6,0.6,0,8,2,2,8,11
980995,2016-05-16,Eden Gardens,Kolkata,Kolkata Knight Riders,Royal Challengers Bengaluru,Royal Challengers Bengaluru,field,Royal Challengers Bengaluru,0,9,V Kohli,2016,0.5294117647058824,0.6,0.6,0,6,14,14,14,14
980997,2016-05-17,Dr. Y.S. Rajasekhara Reddy ACA-VDCA Cricket Stadium,Visakhapatnam,Rising Pune Supergiant,Delhi Capitals,Rising Pune Supergiant,field,Rising Pune Supergiant,19,0,AB Dinda,2016,1.0,0.2,0.4,0,13,2,13,13,11
980999,2016-05-18,M Chinnaswamy Stadium,Bangalore,Royal Challengers Bengaluru,Punjab Kings,Punjab Kings,field,Royal Challengers Bengaluru,82,0,V Kohli,2016,0.4117647058823529,0.8,0.4,0,14,11,11,14,23
981001,2016-05-19,Green Park,Kanpur,Gujarat Lions,Kolkata Knight Riders,Gujarat Lions,field,Gujarat Lions,0,6,DR Smith,2016,1.0,0.2,0.6,0,3,6,3,3,17
981003,2016-05-20,Shaheed Veer Narayan Singh International Stadium,Raipur,Delhi Capitals,Sunrisers Hyderabad,Delhi Capitals,field,Delhi Capitals,0,6,KK Nair,2016,0.2857142857142857,0.2,0.8,0,2,15,2,2,49
981005,2016-05-21,Dr. Y.S. Rajasekhara Reddy ACA-VDCA Cricket Stadium,Visakhapatnam,Rising Pune Supergiant,Punjab Kings,Punjab Kings,bat,Rising Pune Supergiant,0,4,MS Dhoni,2016,0.0,0.4,0.4,1,13,11,11,13,11
981007,2016-05-21,Green Park,Kanpur,Gujarat Lions,Mumbai Indians,Gujarat Lions,field,Gujarat Lions,0,6,SK Raina,2016,1.0,0.4,0.6,0,3,8,3,3,17
981011,2016-05-22,Shaheed Veer Narayan Singh International Stadium,Raipur,Delhi Capitals,Royal Challengers Bengaluru,Royal Challengers Bengaluru,field,Royal Challengers Bengaluru,0,6,V Kohli,2016,0.375,0.4,0.8,0,2,14,14,14,49
981009,2016-05-22,Eden Gardens,Kolkata,Kolkata Knight Riders,Sunrisers Hyderabad,Sunrisers Hyderabad,field,Kolkata Knight Riders,22,0,YK Pathan,2016,0.7142857142857143,0.4,0.6,0,6,15,15,6,14
981013,2016-05-24,M Chinnaswamy Stadium,Bangalore,Gujarat Lions,Royal Challengers Bengaluru,Royal Challengers Bengaluru,field,Royal Challengers Bengaluru,0,4,AB de Villiers,2016,0.5,0.6,0.8,0,3,14,14,14,23
981015,2016-05-25,Feroz Shah Kotla,Delhi,Sunrisers Hyderabad,Kolkata Knight Riders,Kolkata Knight Riders,field,Sunrisers Hyderabad,22,0,MC Henriques,2016,0.25,0.4,0.4,0,15,6,6,15,16
981017,2016-05-27,Feroz Shah Kotla,Delhi,Gujarat Lions,Sunrisers Hyderabad,Sunrisers Hyderabad,field,Sunrisers Hyderabad,0,4,DA Warner,2016,0.0,0.6,0.4,0,3,15,15,15,16
981019,2016-05-29,M Chinnaswamy Stadium,Bangalore,Royal Challengers Bengaluru,Sunrisers Hyderabad,Sunrisers Hyderabad,bat,Sunrisers Hyderabad,8,0,BCJ Cutting,2016,0.5,1.0,0.6,1,14,15,15,15,23
1082591,2017-04-05,"Rajiv Gandhi International Stadium, Uppal",Hyderabad,Sunrisers Hyderabad,Royal Challengers Bengaluru,Royal Challengers Bengaluru,field,Sunrisers Hyderabad,35,0,Yuvraj Singh,2017,0.4444444444444444,0.6,0.8,0,15,14,14,15,43
1082592,2017-04-06,Maharashtra Cricket Association Stadium,Pune,Rising Pune Supergiant,Mumbai Indians,Rising Pune Supergiant,field,Rising Pune Supergiant,0,7,SPD Smith,2017,0.5,0.4,0.4,0,13,8,13,13,31
1082593,2017-04-07,Saurashtra Cricket Association Stadium,Rajkot,Gujarat Lions,Kolkata Knight Riders,Kolkata Knight Riders,field,Kolkata Knight Riders,0,10,CA Lynn,2017,1.0,0.4,0.4,0,3,6,6,6,46
1082594,2017-04-08,Holkar Cricket Stadium,Indore,Punjab Kings,Rising Pune Supergiant,Punjab Kings,field,Punjab Kings,0,6,GJ Maxwell,2017,0.5,0.2,0.6,0,11,13,11,11,20
1082595,2017-04-08,M.Chinnaswamy Stadium,Bengaluru,Royal Challengers Bengaluru,Delhi Capitals,Royal Challengers Bengaluru,bat,Royal Challengers Bengaluru,15,0,KM Jadhav,2017,0.5294117647058824,0.6,0.4,1,14,2,14,14,25
1082597,2017-04-09,Wankhede Stadium,Mumbai,Mumbai Indians,Kolkata Knight Riders,Mumbai Indians,field,Mumbai Indians,0,4,N Rana,2017,0.7222222222222222,0.4,0.4,0,8,6,8,8,57
1082596,2017-04-09,"Rajiv Gandhi International Stadium, Uppal",Hyderabad,Sunrisers Hyderabad,Gujarat Lions,Sunrisers Hyderabad,field,Sunrisers Hyderabad,0,9,Rashid Khan,2017,1.0,0.8,0.4,0,15,3,15,15,43
1082598,2017-04-10,Holkar Cricket Stadium,Indore,Punjab Kings,Royal Challengers Bengaluru,Royal Challengers Bengaluru,bat,Punjab Kings,0,8,AR Patel,2017,0.5555555555555556,0.4,0.6,1,11,14,14,11,20
1082599,2017-04-11,Maharashtra Cricket Association Stadium,Pune,Rising Pune Supergiant,Delhi Capitals,Rising Pune Supergiant,field,Delhi Capitals,97,0,SV Samson,2017,1.0,0.6,0.2,0,13,2,13,2,31
1082600,2017-04-12,Wankhede Stadium,Mumbai,Mumbai Indians,Sunrisers Hyderabad,Mumbai Indians,field,Mumbai Indians,0,4,JJ Bumrah,2017,0.5,0.4,1.0,0,8,15,8,8,57
1082601,2017-04-13,Eden Gardens,Kolkata,Kolkata Knight Riders,Punjab Kings,Kolkata Knight Riders,field,Kolkata Knight Riders,0,8,SP Narine,2017,0.6842105263157895,0.4,0.4,0,6,11,6,6,14
1082602,2017-04-14,M Chinnaswamy Stadium,Bangalore,Royal Challengers Bengaluru,Mumbai Indians,Mumbai Indians,field,Mumbai Indians,0,4,KA Pollard,2017,0.42105263157894735,0.4,0.6,0,14,8,8,8,23
1082603,2017-04-14,Saurashtra Cricket Association Stadium,Rajkot,Gujarat Lions,Rising Pune Supergiant,Gujarat Lions,field,Gujarat Lions,0,7,AJ Tye,2017,1.0,0.2,0.6,0,3,13,3,3,46
1082604,2017-04-15,Eden Gardens,Kolkata,Kolkata Knight Riders,Sunrisers Hyderabad,Sunrisers Hyderabad,field,Kolkata Knight Riders,17,0,RV Uthappa,2017,0.6666666666666666,0.6,0.8,0,6,15,15,6,14
1082605,2017-04-15,Feroz Shah Kotla,Delhi,Delhi Capitals,Punjab Kings,Delhi Capitals,bat,Delhi Capitals,51,0,CJ Anderson,2017,0.4444444444444444,0.4,0.4,1,2,11,2,2,16
1082606,2017-04-16,Wankhede Stadium,Mumbai,Mumbai Indians,Gujarat Lions,Mumbai Indians,field,Mumbai Indians,0,6,N Rana,2017,0.0,0.6,0.2,0,8,3,8,8,57
1082607,2017-04-16,M Chinnaswamy Stadium,Bangalore,Royal Challengers Bengaluru,Rising Pune Supergiant,Royal Challengers Bengaluru,field,Rising Pune Supergiant,27,0,BA Stokes,2017,1.0,0.2,0.4,0,14,13,14,13,23
1082609,2017-04-17,"Rajiv Gandhi International Stadium, Uppal",Hyderabad,Sunrisers Hyderabad,Punjab Kings,Punjab Kings,field,Sunrisers Hyderabad,5,0,B Kumar,2017,0.75,0.6,0.4,0,15,11,11,15,43
1082608,2017-04-17,Feroz Shah Kotla,Delhi,Delhi Capitals,Kolkata Knight Riders,Delhi Capitals,bat,Kolkata Knight Riders,0,4,NM Coulter-Nile,2017,0.4117647058823529,0.6,0.6,1,2,6,2,6,16
1082610,2017-04-18,Saurashtra Cricket Association Stadium,Rajkot,Gujarat Lions,Royal Challengers Bengaluru,Gujarat Lions,field,Royal Challengers Bengaluru,21,0,CH Gayle,2017,0.3333333333333333,0.2,0.2,0,3,14,3,14,46
1082611,2017-04-19,"Rajiv Gandhi International Stadium, Uppal",Hyderabad,Sunrisers Hyderabad,Delhi Capitals,Sunrisers Hyderabad,bat,Sunrisers Hyderabad,15,0,KS Williamson,2017,0.625,0.6,0.4,1,15,2,15,15,43
1082612,2017-04-20,Holkar Cricket Stadium,Indore,Punjab Kings,Mumbai Indians,Mumbai Indians,field,Mumbai Indians,0,8,JC Buttler,2017,0.5,0.4,0.8,0,11,8,8,8,20
1082613,2017-04-21,Eden Gardens,Kolkata,Kolkata Knight Riders,Gujarat Lions,Gujarat Lions,field,Gujarat Lions,0,4,SK Raina,2017,0.3333333333333333,0.8,0.2,0,6,3,3,3,14
1082615,2017-04-22,Maharashtra Cricket Association Stadium,Pune,Rising Pune Supergiant,Sunrisers Hyderabad,Rising Pune Supergiant,field,Rising Pune Supergiant,0,6,MS Dhoni,2017,0.5,0.4,0.6,0,13,15,13,13,31
1082614,2017-04-22,Wankhede Stadium,Mumbai,Mumbai Indians,Delhi Capitals,Delhi Capitals,field,Mumbai Indians,14,0,MJ McClenaghan,2017,0.5,1.0,0.4,0,8,2,2,8,57
1082617,2017-04-23,Eden Gardens,Kolkata,Kolkata Knight Riders,Royal Challengers Bengaluru,Royal Challengers Bengaluru,field,Kolkata Knight Riders,82,0,NM Coulter-Nile,2017,0.5,0.6,0.4,0,6,14,14,6,14
1082616,2017-04-23,Saurashtra Cricket Association Stadium,Rajkot,Gujarat Lions,Punjab Kings,Gujarat Lions,field,Punjab Kings,26,0,HM Amla,2017,0.5,0.4,0.2,0,3,11,3,11,46
1082618,2017-04-24,Wankhede Stadium,Mumbai,Mumbai Indians,Rising Pune Supergiant,Mumbai Indians,field,Rising Pune Supergiant,3,0,BA Stokes,2017,0.3333333333333333,1.0,0.4,0,8,13,8,13,57
1082620,2017-04-26,Maharashtra Cricket Association Stadium,Pune,Rising Pune Supergiant,Kolkata Knight Riders,Kolkata Knight Riders,field,Kolkata Knight Riders,0,7,RV Uthappa,2017,0.0,0.6,0.8,0,13,6,6,6,31
1082621,2017-04-27,M Chinnaswamy Stadium,Bangalore,Royal Challengers Bengaluru,Gujarat Lions,Gujarat Lions,field,Gujarat Lions,0,7,AJ Tye,2017,0.75,0.2,0.4,0,14,3,3,3,23
1082622,2017-04-28,Eden Gardens,Kolkata,Kolkata Knight Riders,Delhi Capitals,Kolkata Knight Riders,field,Kolkata Knight Riders,0,7,G Gambhir,2017,0.6111111111111112,0.8,0.4,0,6,2,6,6,14
1082623,2017-04-28,"Punjab Cricket Association IS Bindra Stadium, Mohali",Chandigarh,Punjab Kings,Sunrisers Hyderabad,Punjab Kings,field,Sunrisers Hyderabad,26,0,Rashid Khan,2017,0.2222222222222222,0.2,0.4,0,11,15,11,15,39
1082624,2017-04-29,Maharashtra Cricket Association Stadium,Pune,Rising Pune Supergiant,Royal Challengers Bengaluru,Royal Challengers Bengaluru,field,Rising Pune Supergiant,61,0,LH Ferguson,2017,0.3333333333333333,0.6,0.2,0,13,14,14,13,31
1082625,2017-04-29,Saurashtra Cricket Association Stadium,Rajkot,Gujarat Lions,Mumbai Indians,Gujarat Lions,bat,No Result,0,0,KH Pandya,2017,0.6666666666666666,0.4,0.8,1,3,8,3,9,46
1082627,2017-04-30,"Rajiv Gandhi International Stadium, Uppal",Hyderabad,Sunrisers Hyderabad,Kolkata Knight Riders,Kolkata Knight Riders,field,Sunrisers Hyderabad,48,0,DA Warner,2017,0.3,0.6,0.8,0,15,6,6,15,43
1082626,2017-04-30,"Punjab Cricket Association IS Bindra Stadium, Mohali",Chandigarh,Punjab Kings,Delhi Capitals,Punjab Kings,field,Punjab Kings,0,10,Sandeep Sharma,2017,0.5263157894736842,0.2,0.2,0,11,2,11,11,39
1082629,2017-05-01,Maharashtra Cricket Association Stadium,Pune,Rising Pune Supergiant,Gujarat Lions,Rising Pune Supergiant,field,Rising Pune Supergiant,0,5,BA Stokes,2017,0.0,0.8,0.4,0,13,3,13,13,31
1082628,2017-05-01,Wankhede Stadium,Mumbai,Mumbai Indians,Royal Challengers Bengaluru,Royal Challengers Bengaluru,bat,Mumbai Indians,0,5,RG Sharma,2017,0.6,0.6,0.2,1,8,14,14,8,57
1082630,2017-05-02,Feroz Shah Kotla,Delhi,Delhi Capitals,Sunrisers Hyderabad,Delhi Capitals,field,Delhi Capitals,0,6,Mohammed Shami,2017,0.3333333333333333,0.0,0.8,0,2,15,2,2,16
1082631,2017-05-03,Eden Gardens,Kolkata,Kolkata Knight Riders,Rising Pune Supergiant,Rising Pune Supergiant,field,Rising Pune Supergiant,0,4,RA Tripathi,2017,1.0,0.6,0.8,0,6,13,13,13,14
1082632,2017-05-04,Feroz Shah Kotla,Delhi,Delhi Capitals,Gujarat Lions,Delhi Capitals,field,Delhi Capitals,0,7,RR Pant,2017,0.5,0.2,0.4,0,2,3,2,2,16
1082633,2017-05-05,M Chinnaswamy Stadium,Bangalore,Royal Challengers Bengaluru,Punjab Kings,Royal Challengers Bengaluru,field,Punjab Kings,19,0,Sandeep Sharma,2017,0.42105263157894735,0.2,0.4,0,14,11,14,11,23
1082634,2017-05-06,"Rajiv Gandhi International Stadium, Uppal",Hyderabad,Sunrisers Hyderabad,Rising Pune Supergiant,Sunrisers Hyderabad,field,Rising Pune Supergiant,12,0,JD Unadkat,2017,0.3333333333333333,0.6,0.8,0,15,13,15,13,43
1082635,2017-05-06,Feroz Shah Kotla,Delhi,Delhi Capitals,Mumbai Indians,Delhi Capitals,field,Mumbai Indians,146,0,LMP Simmons,2017,0.47368421052631576,0.4,0.6,0,2,8,2,8,16
1082637,2017-05-07,"Punjab Cricket Association IS Bindra Stadium, Mohali",Chandigarh,Punjab Kings,Gujarat Lions,Gujarat Lions,field,Gujarat Lions,0,6,DR Smith,2017,0.6666666666666666,0.6,0.2,0,11,3,3,3,39
1082636,2017-05-07,M Chinnaswamy Stadium,Bangalore,Royal Challengers Bengaluru,Kolkata Knight Riders,Kolkata Knight Riders,field,Kolkata Knight Riders,0,6,SP Narine,2017,0.47368421052631576,0.0,0.6,0,14,6,6,6,23
1082638,2017-05-08,"Rajiv Gandhi International Stadium, Uppal",Hyderabad,Sunrisers Hyderabad,Mumbai Indians,Mumbai Indians,bat,Sunrisers Hyderabad,0,7,S Dhawan,2017,0.4444444444444444,0.4,0.6,1,15,8,8,15,43
1082639,2017-05-09,"Punjab Cricket Association IS Bindra Stadium, Mohali",Chandigarh,Punjab Kings,Kolkata Knight Riders,Kolkata Knight Riders,field,Punjab Kings,14,0,MM Sharma,2017,0.3,0.6,0.6,0,11,6,6,11,39
1082640,2017-05-10,Green Park,Kanpur,Gujarat Lions,Delhi Capitals,Delhi Capitals,field,Delhi Capitals,0,2,SS Iyer,2017,0.3333333333333333,0.4,0.4,0,3,2,2,2,17
1082641,2017-05-11,Wankhede Stadium,Mumbai,Mumbai Indians,Punjab Kings,Mumbai Indians,field,Punjab Kings,7,0,WP Saha,2017,0.5263157894736842,0.4,0.6,0,8,11,8,11,57
1082642,2017-05-12,Feroz Shah Kotla,Delhi,Delhi Capitals,Rising Pune Supergiant,Delhi Capitals,bat,Delhi Capitals,7,0,KK Nair,2017,0.3333333333333333,0.6,0.8,1,2,13,2,2,16
1082643,2017-05-13,Green Park,Kanpur,Gujarat Lions,Sunrisers Hyderabad,Sunrisers Hyderabad,field,Sunrisers Hyderabad,0,8,Mohammed Siraj,2017,0.0,0.2,0.6,0,3,15,15,15,17
1082644,2017-05-13,Eden Gardens,Kolkata,Kolkata Knight Riders,Mumbai Indians,Kolkata Knight Riders,field,Mumbai Indians,9,0,AT Rayudu,2017,0.2631578947368421,0.4,0.4,0,6,8,6,8,14
1082646,2017-05-14,Feroz Shah Kotla,Delhi,Delhi Capitals,Royal Challengers Bengaluru,Royal Challengers Bengaluru,bat,Royal Challengers Bengaluru,10,0,HV Patel,2017,0.3333333333333333,0.8,0.0,1,2,14,14,14,16
1082645,2017-05-14,Maharashtra Cricket Association Stadium,Pune,Rising Pune Supergiant,Punjab Kings,Rising Pune Supergiant,field,Rising Pune Supergiant,0,9,JD Unadkat,2017,0.3333333333333333,0.8,0.8,0,13,11,13,13,31
1082647,2017-05-16,Wankhede Stadium,Mumbai,Mumbai Indians,Rising Pune Supergiant,Mumbai Indians,field,Rising Pune Supergiant,20,0,Washington Sundar,2017,0.25,0.6,0.8,0,8,13,8,13,57
1082648,2017-05-17,M Chinnaswamy Stadium,Bangalore,Sunrisers Hyderabad,Kolkata Knight Riders,Kolkata Knight Riders,field,Kolkata Knight Riders,0,7,NM Coulter-Nile,2017,0.36363636363636365,0.6,0.2,0,15,6,6,6,23
1082649,2017-05-19,M Chinnaswamy Stadium,Bangalore,Mumbai Indians,Kolkata Knight Riders,Mumbai Indians,field,Mumbai Indians,0,6,KV Sharma,2017,0.75,0.4,0.4,0,8,6,8,8,23
1082650,2017-05-21,"Rajiv Gandhi International Stadium, Uppal",Hyderabad,Mumbai Indians,Rising Pune Supergiant,Mumbai Indians,bat,Mumbai Indians,1,0,KH Pandya,2017,0.2,0.4,0.8,1,8,13,8,8,43
1136561,2018-04-07,Wankhede Stadium,Mumbai,Mumbai Indians,Chennai Super Kings,Chennai Super Kings,field,Chennai Super Kings,0,1,DJ Bravo,2018,0.5454545454545454,0.6,0.4,0,8,0,0,0,57
1136563,2018-04-08,Eden Gardens,Kolkata,Royal Challengers Bengaluru,Kolkata Knight Riders,Kolkata Knight Riders,field,Kolkata Knight Riders,0,4,SP Narine,2018,0.45,0.2,0.4,0,14,6,6,6,14
1136562,2018-04-08,Punjab Cricket Association IS Bindra Stadium,Chandigarh,Delhi Capitals,Punjab Kings,Punjab Kings,field,Punjab Kings,0,6,KL Rahul,2018,0.45,0.6,0.6,0,2,11,11,11,38
1136564,2018-04-09,Rajiv Gandhi International Stadium,Hyderabad,Rajasthan Royals,Sunrisers Hyderabad,Sunrisers Hyderabad,field,Sunrisers Hyderabad,0,9,S Dhawan,2018,0.5714285714285714,0.4,0.4,0,12,15,15,15,42
1136565,2018-04-10,MA Chidambaram Stadium,Chennai,Kolkata Knight Riders,Chennai Super Kings,Chennai Super Kings,field,Chennai Super Kings,0,5,SW Billings,2018,0.375,0.4,0.6,0,6,0,0,0,26
1136566,2018-04-11,Sawai Mansingh Stadium,Jaipur,Rajasthan Royals,Delhi Capitals,Delhi Capitals,field,Rajasthan Royals,10,0,SV Samson,2018,0.625,0.2,0.4,0,12,2,2,12,47
1136567,2018-04-12,Rajiv Gandhi International Stadium,Hyderabad,Mumbai Indians,Sunrisers Hyderabad,Sunrisers Hyderabad,field,Sunrisers Hyderabad,0,1,Rashid Khan,2018,0.5,0.6,0.6,0,8,15,15,15,42
1136568,2018-04-13,M.Chinnaswamy Stadium,Bengaluru,Punjab Kings,Royal Challengers Bengaluru,Royal Challengers Bengaluru,field,Royal Challengers Bengaluru,0,4,UT Yadav,2018,0.6,0.6,0.2,0,11,14,14,14,25
1136569,2018-04-14,Wankhede Stadium,Mumbai,Mumbai Indians,Delhi Capitals,Delhi Capitals,field,Delhi Capitals,0,7,JJ Roy,2018,0.55,0.4,0.4,0,8,2,2,2,57
1136570,2018-04-14,Eden Gardens,Kolkata,Kolkata Knight Riders,Sunrisers Hyderabad,Sunrisers Hyderabad,field,Sunrisers Hyderabad,0,5,B Stanlake,2018,0.6666666666666666,0.4,0.8,0,6,15,15,15,14
1136571,2018-04-15,M.Chinnaswamy Stadium,Bengaluru,Rajasthan Royals,Royal Challengers Bengaluru,Royal Challengers Bengaluru,field,Rajasthan Royals,19,0,SV Samson,2018,0.4375,0.4,0.4,0,12,14,14,12,25
1136572,2018-04-15,Punjab Cricket Association IS Bindra Stadium,Chandigarh,Punjab Kings,Chennai Super Kings,Chennai Super Kings,field,Punjab Kings,4,0,CH Gayle,2018,0.35294117647058826,0.6,0.6,0,11,0,0,11,38
1136573,2018-04-16,Eden Gardens,Kolkata,Kolkata Knight Riders,Delhi Capitals,Delhi Capitals,field,Kolkata Knight Riders,71,0,N Rana,2018,0.631578947368421,0.4,0.4,0,6,2,2,6,14
1136574,2018-04-17,Wankhede Stadium,Mumbai,Mumbai Indians,Royal Challengers Bengaluru,Royal Challengers Bengaluru,field,Mumbai Indians,46,0,RG Sharma,2018,0.6190476190476191,0.4,0.4,0,8,14,14,8,57
1136575,2018-04-18,Sawai Mansingh Stadium,Jaipur,Rajasthan Royals,Kolkata Knight Riders,Kolkata Knight Riders,field,Kolkata Knight Riders,0,7,N Rana,2018,0.4666666666666667,0.6,0.4,0,12,6,6,6,47
1136576,2018-04-19,Punjab Cricket Association IS Bindra Stadium,Chandigarh,Punjab Kings,Sunrisers Hyderabad,Punjab Kings,bat,Punjab Kings,15,0,CH Gayle,2018,0.2,0.6,0.8,1,11,15,11,11,38
1136577,2018-04-20,Maharashtra Cricket Association Stadium,Pune,Chennai Super Kings,Rajasthan Royals,Rajasthan Royals,field,Chennai Super Kings,64,0,SR Watson,2018,0.6470588235294118,0.6,0.4,0,0,12,12,0,31
1136578,2018-04-21,Eden Gardens,Kolkata,Kolkata Knight Riders,Punjab Kings,Punjab Kings,field,Punjab Kings,0,9,KL Rahul,2018,0.6666666666666666,0.6,0.6,0,6,11,11,11,14
1136579,2018-04-21,M.Chinnaswamy Stadium,Bengaluru,Delhi Capitals,Royal Challengers Bengaluru,Royal Challengers Bengaluru,field,Royal Challengers Bengaluru,0,6,AB de Villiers,2018,0.3157894736842105,0.2,0.4,0,2,14,14,14,25
1136581,2018-04-22,Sawai Mansingh Stadium,Jaipur,Mumbai Indians,Rajasthan Royals,Mumbai Indians,bat,Rajasthan Royals,0,3,JC Archer,2018,0.625,0.4,0.4,1,8,12,8,12,47
1136580,2018-04-22,Rajiv Gandhi International Stadium,Hyderabad,Chennai Super Kings,Sunrisers Hyderabad,Sunrisers Hyderabad,field,Chennai Super Kings,4,0,AT Rayudu,2018,0.6666666666666666,0.6,0.6,0,0,15,15,0,42
1136582,2018-04-23,Arun Jaitley Stadium,Delhi,Punjab Kings,Delhi Capitals,Delhi Capitals,field,Punjab Kings,4,0,AS Rajpoot,2018,0.5714285714285714,0.8,0.2,0,11,2,2,11,0
1136583,2018-04-24,Wankhede Stadium,Mumbai,Sunrisers Hyderabad,Mumbai Indians,Mumbai Indians,field,Sunrisers Hyderabad,31,0,Rashid Khan,2018,0.5454545454545454,0.6,0.2,0,15,8,8,15,57
1136584,2018-04-25,M.Chinnaswamy Stadium,Bengaluru,Royal Challengers Bengaluru,Chennai Super Kings,Chennai Super Kings,field,Chennai Super Kings,0,5,MS Dhoni,2018,0.3684210526315789,0.4,0.8,0,14,0,0,0,25
1136585,2018-04-26,Rajiv Gandhi International Stadium,Hyderabad,Sunrisers Hyderabad,Punjab Kings,Punjab Kings,field,Sunrisers Hyderabad,13,0,AS Rajpoot,2018,0.7272727272727273,0.6,0.8,0,15,11,11,15,42
1136586,2018-04-27,Arun Jaitley Stadium,Delhi,Delhi Capitals,Kolkata Knight Riders,Kolkata Knight Riders,field,Delhi Capitals,55,0,SS Iyer,2018,0.35,0.2,0.4,0,2,6,6,2,0
1136587,2018-04-28,Maharashtra Cricket Association Stadium,Pune,Chennai Super Kings,Mumbai Indians,Mumbai Indians,field,Mumbai Indians,0,8,RG Sharma,2018,0.4782608695652174,0.8,0.2,0,0,8,8,8,31
1136588,2018-04-29,Sawai Mansingh Stadium,Jaipur,Sunrisers Hyderabad,Rajasthan Royals,Sunrisers Hyderabad,bat,Sunrisers Hyderabad,11,0,KS Williamson,2018,0.5,0.6,0.6,1,15,12,15,15,47
1136589,2018-04-29,M.Chinnaswamy Stadium,Bengaluru,Royal Challengers Bengaluru,Kolkata Knight Riders,Kolkata Knight Riders,field,Kolkata Knight Riders,0,6,CA Lynn,2018,0.42857142857142855,0.4,0.4,0,14,6,6,6,25
1136590,2018-04-30,Maharashtra Cricket Association Stadium,Pune,Chennai Super Kings,Delhi Capitals,Delhi Capitals,field,Chennai Super Kings,13,0,SR Watson,2018,0.6875,0.6,0.4,0,0,2,2,0,31
1136591,2018-05-01,M.Chinnaswamy Stadium,Bengaluru,Royal Challengers Bengaluru,Mumbai Indians,Mumbai Indians,field,Royal Challengers Bengaluru,14,0,TG Southee,2018,0.36363636363636365,0.2,0.4,0,14,8,8,14,25
1136592,2018-05-02,Arun Jaitley Stadium,Delhi,Delhi Capitals,Rajasthan Royals,Rajasthan Royals,field,Delhi Capitals,4,0,RR Pant,2018,0.35294117647058826,0.2,0.4,0,2,12,12,2,0
1136593,2018-05-03,Eden Gardens,Kolkata,Chennai Super Kings,Kolkata Knight Riders,Kolkata Knight Riders,field,Kolkata Knight Riders,0,6,SP Narine,2018,0.6470588235294118,0.8,0.6,0,0,6,6,6,14
1136594,2018-05-04,Holkar Cricket Stadium,Indore,Punjab Kings,Mumbai Indians,Mumbai Indians,field,Mumbai Indians,0,6,SA Yadav,2018,0.5,0.8,0.4,0,11,8,8,8,20
1136596,2018-05-05,Rajiv Gandhi International Stadium,Hyderabad,Delhi Capitals,Sunrisers Hyderabad,Delhi Capitals,bat,Sunrisers Hyderabad,0,7,Rashid Khan,2018,0.4,0.4,0.6,1,2,15,2,15,42
1136595,2018-05-05,Maharashtra Cricket Association Stadium,Pune,Royal Challengers Bengaluru,Chennai Super Kings,Chennai Super Kings,field,Chennai Super Kings,0,6,RA Jadeja,2018,0.35,0.4,0.6,0,14,0,0,0,31
1136597,2018-05-06,Wankhede Stadium,Mumbai,Mumbai Indians,Kolkata Knight Riders,Kolkata Knight Riders,field,Mumbai Indians,13,0,HH Pandya,2018,0.7619047619047619,0.4,0.6,0,8,6,6,8,57
1136598,2018-05-06,Holkar Cricket Stadium,Indore,Rajasthan Royals,Punjab Kings,Punjab Kings,field,Punjab Kings,0,6,Mujeeb Ur Rahman,2018,0.6,0.2,0.6,0,12,11,11,11,20
1136599,2018-05-07,Rajiv Gandhi International Stadium,Hyderabad,Sunrisers Hyderabad,Royal Challengers Bengaluru,Royal Challengers Bengaluru,field,Sunrisers Hyderabad,5,0,KS Williamson,2018,0.5,0.8,0.4,0,15,14,14,15,42
1136600,2018-05-08,Sawai Mansingh Stadium,Jaipur,Rajasthan Royals,Punjab Kings,Rajasthan Royals,bat,Rajasthan Royals,15,0,JC Buttler,2018,0.5625,0.2,0.6,1,12,11,12,12,47
1136601,2018-05-09,Eden Gardens,Kolkata,Mumbai Indians,Kolkata Knight Riders,Kolkata Knight Riders,field,Mumbai Indians,102,0,Ishan Kishan,2018,0.7727272727272727,0.6,0.4,0,8,6,6,8,14
1136602,2018-05-10,Arun Jaitley Stadium,Delhi,Delhi Capitals,Sunrisers Hyderabad,Delhi Capitals,bat,Sunrisers Hyderabad,0,9,S Dhawan,2018,0.36363636363636365,0.4,1.0,1,2,15,2,15,0
1136603,2018-05-11,Sawai Mansingh Stadium,Jaipur,Chennai Super Kings,Rajasthan Royals,Chennai Super Kings,bat,Rajasthan Royals,0,4,JC Buttler,2018,0.6666666666666666,0.6,0.4,1,0,12,0,12,47
1136605,2018-05-12,Arun Jaitley Stadium,Delhi,Delhi Capitals,Royal Challengers Bengaluru,Royal Challengers Bengaluru,field,Royal Challengers Bengaluru,0,5,AB de Villiers,2018,0.3,0.4,0.2,0,2,14,14,14,0
1136604,2018-05-12,Holkar Cricket Stadium,Indore,Kolkata Knight Riders,Punjab Kings,Punjab Kings,field,Kolkata Knight Riders,31,0,SP Narine,2018,0.6363636363636364,0.4,0.4,0,6,11,11,6,20
1136606,2018-05-13,Maharashtra Cricket Association Stadium,Pune,Sunrisers Hyderabad,Chennai Super Kings,Chennai Super Kings,field,Chennai Super Kings,0,8,AT Rayudu,2018,0.2857142857142857,1.0,0.4,0,15,0,0,0,31
1136607,2018-05-13,Wankhede Stadium,Mumbai,Mumbai Indians,Rajasthan Royals,Rajasthan Royals,field,Rajasthan Royals,0,7,JC Buttler,2018,0.5882352941176471,0.8,0.4,0,8,12,12,12,57
1136608,2018-05-14,Holkar Cricket Stadium,Indore,Punjab Kings,Royal Challengers Bengaluru,Royal Challengers Bengaluru,field,Royal Challengers Bengaluru,0,10,UT Yadav,2018,0.5714285714285714,0.2,0.4,0,11,14,14,14,20
1136609,2018-05-15,Eden Gardens,Kolkata,Rajasthan Royals,Kolkata Knight Riders,Kolkata Knight Riders,field,Kolkata Knight Riders,0,6,Kuldeep Yadav,2018,0.4375,0.6,0.6,0,12,6,6,6,14
1136610,2018-05-16,Wankhede Stadium,Mumbai,Mumbai Indians,Punjab Kings,Punjab Kings,field,Mumbai Indians,3,0,JJ Bumrah,2018,0.5238095238095238,0.6,0.2,0,8,11,11,8,57
1136611,2018-05-17,M.Chinnaswamy Stadium,Bengaluru,Royal Challengers Bengaluru,Sunrisers Hyderabad,Sunrisers Hyderabad,field,Royal Challengers Bengaluru,14,0,AB de Villiers,2018,0.36363636363636365,0.6,0.8,0,14,15,15,14,25
1136612,2018-05-18,Arun Jaitley Stadium,Delhi,Delhi Capitals,Chennai Super Kings,Chennai Super Kings,field,Delhi Capitals,34,0,HV Patel,2018,0.29411764705882354,0.2,0.6,0,2,0,0,2,0
1136614,2018-05-19,Rajiv Gandhi International Stadium,Hyderabad,Sunrisers Hyderabad,Kolkata Knight Riders,Sunrisers Hyderabad,bat,Kolkata Knight Riders,0,5,CA Lynn,2018,0.38461538461538464,0.6,0.6,1,15,6,15,6,42
1136613,2018-05-19,Sawai Mansingh Stadium,Jaipur,Rajasthan Royals,Royal Challengers Bengaluru,Rajasthan Royals,bat,Rajasthan Royals,30,0,S Gopal,2018,0.47058823529411764,0.6,0.6,1,12,14,12,12,47
1136615,2018-05-20,Arun Jaitley Stadium,Delhi,Delhi Capitals,Mumbai Indians,Delhi Capitals,bat,Delhi Capitals,11,0,A Mishra,2018,0.47619047619047616,0.4,0.8,1,2,8,2,2,0
1136616,2018-05-20,Maharashtra Cricket Association Stadium,Pune,Punjab Kings,Chennai Super Kings,Chennai Super Kings,field,Chennai Super Kings,0,5,L Ngidi,2018,0.3888888888888889,0.2,0.4,0,11,0,0,0,31
1136617,2018-05-22,Wankhede Stadium,Mumbai,Sunrisers Hyderabad,Chennai Super Kings,Chennai Super Kings,field,Chennai Super Kings,0,2,F du Plessis,2018,0.25,0.4,0.6,0,15,0,0,0,57
1136618,2018-05-23,Eden Gardens,Kolkata,Kolkata Knight Riders,Rajasthan Royals,Rajasthan Royals,field,Kolkata Knight Riders,25,0,AD Russell,2018,0.47058823529411764,0.6,0.8,0,6,12,12,6,14
1136619,2018-05-25,Eden Gardens,Kolkata,Sunrisers Hyderabad,Kolkata Knight Riders,Kolkata Knight Riders,field,Sunrisers Hyderabad,14,0,Rashid Khan,2018,0.35714285714285715,0.2,0.8,0,15,6,6,15,14
1136620,2018-05-27,Wankhede Stadium,Mumbai,Sunrisers Hyderabad,Chennai Super Kings,Chennai Super Kings,field,Chennai Super Kings,0,8,SR Watson,2018,0.2222222222222222,0.2,0.6,0,15,0,0,0,57
1175356,2019-03-23,MA Chidambaram Stadium,Chennai,Royal Challengers Bengaluru,Chennai Super Kings,Chennai Super Kings,field,Chennai Super Kings,0,7,Harbhajan Singh,2019,0.3333333333333333,0.6,0.8,0,14,0,0,0,26
1175357,2019-03-24,Eden Gardens,Kolkata,Sunrisers Hyderabad,Kolkata Knight Riders,Kolkata Knight Riders,field,Kolkata Knight Riders,0,6,AD Russell,2019,0.4,0.2,0.8,0,15,6,6,6,14
1175358,2019-03-24,Wankhede Stadium,Mumbai,Delhi Capitals,Mumbai Indians,Mumbai Indians,field,Delhi Capitals,37,0,RR Pant,2019,0.5,0.4,0.6,0,2,8,8,2,57
1175359,2019-03-25,Sawai Mansingh Stadium,Jaipur,Punjab Kings,Rajasthan Royals,Rajasthan Royals,field,Punjab Kings,14,0,CH Gayle,2019,0.35294117647058826,0.0,0.6,0,11,12,12,11,47
1175360,2019-03-26,Arun Jaitley Stadium,Delhi,Delhi Capitals,Chennai Super Kings,Delhi Capitals,bat,Chennai Super Kings,0,6,SR Watson,2019,0.3333333333333333,0.6,0.8,1,2,0,2,0,0
1175361,2019-03-27,Eden Gardens,Kolkata,Kolkata Knight Riders,Punjab Kings,Punjab Kings,field,Kolkata Knight Riders,28,0,AD Russell,2019,0.6521739130434783,0.8,0.2,0,6,11,11,6,14
1175362,2019-03-28,M.Chinnaswamy Stadium,Bengaluru,Mumbai Indians,Royal Challengers Bengaluru,Royal Challengers Bengaluru,field,Mumbai Indians,6,0,JJ Bumrah,2019,0.6086956521739131,0.4,0.6,0,8,14,14,8,25
1175363,2019-03-29,Rajiv Gandhi International Stadium,Hyderabad,Rajasthan Royals,Sunrisers Hyderabad,Rajasthan Royals,bat,Sunrisers Hyderabad,0,5,Rashid Khan,2019,0.4444444444444444,0.4,0.2,1,12,15,12,15,42
1175365,2019-03-30,Arun Jaitley Stadium,Delhi,Kolkata Knight Riders,Delhi Capitals,Delhi Capitals,field,No Result,0,0,PP Shaw,2019,0.6190476190476191,0.8,0.6,0,6,2,2,9,0
1175364,2019-03-30,Punjab Cricket Association IS Bindra Stadium,Chandigarh,Mumbai Indians,Punjab Kings,Punjab Kings,field,Punjab Kings,0,8,MA Agarwal,2019,0.5454545454545454,0.4,0.2,0,8,11,11,11,38
1175366,2019-03-31,Rajiv Gandhi International Stadium,Hyderabad,Sunrisers Hyderabad,Royal Challengers Bengaluru,Royal Challengers Bengaluru,field,Sunrisers Hyderabad,118,0,JM Bairstow,2019,0.5,0.4,0.4,0,15,14,14,15,42
1175367,2019-03-31,MA Chidambaram Stadium,Chennai,Chennai Super Kings,Rajasthan Royals,Rajasthan Royals,field,Chennai Super Kings,8,0,MS Dhoni,2019,0.631578947368421,1.0,0.2,0,0,12,12,0,26
1175368,2019-04-01,Punjab Cricket Association IS Bindra Stadium,Chandigarh,Punjab Kings,Delhi Capitals,Delhi Capitals,field,Punjab Kings,14,0,SM Curran,2019,0.5909090909090909,0.4,0.6,0,11,2,2,11,38
1175369,2019-04-02,Sawai Mansingh Stadium,Jaipur,Royal Challengers Bengaluru,Rajasthan Royals,Rajasthan Royals,field,Rajasthan Royals,0,7,S Gopal,2019,0.4444444444444444,0.2,0.2,0,14,12,12,12,47
1175370,2019-04-03,Wankhede Stadium,Mumbai,Mumbai Indians,Chennai Super Kings,Chennai Super Kings,field,Mumbai Indians,37,0,HH Pandya,2019,0.5416666666666666,0.4,1.0,0,8,0,0,8,57
1175371,2019-04-04,Arun Jaitley Stadium,Delhi,Delhi Capitals,Sunrisers Hyderabad,Sunrisers Hyderabad,field,Sunrisers Hyderabad,0,5,JM Bairstow,2019,0.3333333333333333,0.4,0.6,0,2,15,15,15,0
1175372,2019-04-05,M.Chinnaswamy Stadium,Bengaluru,Royal Challengers Bengaluru,Kolkata Knight Riders,Kolkata Knight Riders,field,Kolkata Knight Riders,0,5,AD Russell,2019,0.4090909090909091,0.0,0.6,0,14,6,6,6,25
1178393,2019-04-06,MA Chidambaram Stadium,Chennai,Chennai Super Kings,Punjab Kings,Chennai Super Kings,bat,Chennai Super Kings,22,0,Harbhajan Singh,2019,0.5789473684210527,0.8,0.6,1,0,11,0,0,26
1178394,2019-04-06,Rajiv Gandhi International Stadium,Hyderabad,Mumbai Indians,Sunrisers Hyderabad,Sunrisers Hyderabad,field,Mumbai Indians,40,0,AS Joseph,2019,0.4166666666666667,0.4,0.6,0,8,15,15,8,42
1178395,2019-04-07,M.Chinnaswamy Stadium,Bengaluru,Royal Challengers Bengaluru,Delhi Capitals,Delhi Capitals,field,Delhi Capitals,0,4,K Rabada,2019,0.6190476190476191,0.0,0.2,0,14,2,2,2,25
1178396,2019-04-07,Sawai Mansingh Stadium,Jaipur,Rajasthan Royals,Kolkata Knight Riders,Kolkata Knight Riders,field,Kolkata Knight Riders,0,8,HF Gurney,2019,0.3888888888888889,0.2,0.6,0,12,6,6,6,47
1178397,2019-04-08,Punjab Cricket Association IS Bindra Stadium,Chandigarh,Sunrisers Hyderabad,Punjab Kings,Punjab Kings,field,Punjab Kings,0,6,KL Rahul,2019,0.75,0.6,0.6,0,15,11,11,11,38
1178398,2019-04-09,MA Chidambaram Stadium,Chennai,Kolkata Knight Riders,Chennai Super Kings,Chennai Super Kings,field,Chennai Super Kings,0,7,DL Chahar,2019,0.3888888888888889,0.8,0.8,0,6,0,0,0,26
1178399,2019-04-10,Wankhede Stadium,Mumbai,Punjab Kings,Mumbai Indians,Mumbai Indians,field,Mumbai Indians,0,3,KA Pollard,2019,0.4782608695652174,0.6,0.6,0,11,8,8,8,57
1178400,2019-04-11,Sawai Mansingh Stadium,Jaipur,Rajasthan Royals,Chennai Super Kings,Chennai Super Kings,field,Chennai Super Kings,0,4,MS Dhoni,2019,0.35,0.2,0.8,0,12,0,0,0,47
1178401,2019-04-12,Eden Gardens,Kolkata,Kolkata Knight Riders,Delhi Capitals,Delhi Capitals,field,Delhi Capitals,0,7,S Dhawan,2019,0.5909090909090909,0.6,0.2,0,6,2,2,2,14
1178403,2019-04-13,Punjab Cricket Association IS Bindra Stadium,Chandigarh,Punjab Kings,Royal Challengers Bengaluru,Royal Challengers Bengaluru,field,Royal Challengers Bengaluru,0,8,AB de Villiers,2019,0.5454545454545454,0.6,0.0,0,11,14,14,14,38
1178402,2019-04-13,Wankhede Stadium,Mumbai,Mumbai Indians,Rajasthan Royals,Rajasthan Royals,field,Rajasthan Royals,0,4,JC Buttler,2019,0.5555555555555556,0.8,0.2,0,8,12,12,12,57
1178405,2019-04-14,Rajiv Gandhi International Stadium,Hyderabad,Delhi Capitals,Sunrisers Hyderabad,Sunrisers Hyderabad,field,Delhi Capitals,39,0,KMA Paul,2019,0.3076923076923077,0.4,0.6,0,2,15,15,2,42
1178404,2019-04-14,Eden Gardens,Kolkata,Kolkata Knight Riders,Chennai Super Kings,Chennai Super Kings,field,Chennai Super Kings,0,5,Imran Tahir,2019,0.3684210526315789,0.4,0.8,0,6,0,0,0,14
1178406,2019-04-15,Wankhede Stadium,Mumbai,Royal Challengers Bengaluru,Mumbai Indians,Mumbai Indians,field,Mumbai Indians,0,5,SL Malinga,2019,0.375,0.2,0.6,0,14,8,8,8,57
1178407,2019-04-16,Punjab Cricket Association IS Bindra Stadium,Chandigarh,Punjab Kings,Rajasthan Royals,Rajasthan Royals,field,Punjab Kings,12,0,R Ashwin,2019,0.3888888888888889,0.4,0.4,0,11,12,12,11,38
1178408,2019-04-17,Rajiv Gandhi International Stadium,Hyderabad,Chennai Super Kings,Sunrisers Hyderabad,Chennai Super Kings,bat,Sunrisers Hyderabad,0,6,DA Warner,2019,0.8,0.8,0.4,1,0,15,0,15,42
1178409,2019-04-18,Arun Jaitley Stadium,Delhi,Mumbai Indians,Delhi Capitals,Mumbai Indians,bat,Mumbai Indians,40,0,HH Pandya,2019,0.4782608695652174,0.8,0.6,1,8,2,8,8,0
1178410,2019-04-19,Eden Gardens,Kolkata,Royal Challengers Bengaluru,Kolkata Knight Riders,Kolkata Knight Riders,field,Royal Challengers Bengaluru,10,0,V Kohli,2019,0.391304347826087,0.2,0.4,0,14,6,6,14,14
1178411,2019-04-20,Sawai Mansingh Stadium,Jaipur,Mumbai Indians,Rajasthan Royals,Rajasthan Royals,field,Rajasthan Royals,0,5,SPD Smith,2019,0.5263157894736842,0.8,0.4,0,8,12,12,12,47
1178412,2019-04-20,Arun Jaitley Stadium,Delhi,Punjab Kings,Delhi Capitals,Delhi Capitals,field,Delhi Capitals,0,5,SS Iyer,2019,0.6086956521739131,0.4,0.6,0,11,2,2,2,0
1178413,2019-04-21,Rajiv Gandhi International Stadium,Hyderabad,Kolkata Knight Riders,Sunrisers Hyderabad,Sunrisers Hyderabad,field,Sunrisers Hyderabad,0,9,KK Ahmed,2019,0.625,0.2,0.4,0,6,15,15,15,42
1178414,2019-04-21,M.Chinnaswamy Stadium,Bengaluru,Royal Challengers Bengaluru,Chennai Super Kings,Chennai Super Kings,field,Royal Challengers Bengaluru,1,0,PA Patel,2019,0.3181818181818182,0.4,0.8,0,14,0,0,14,25
1178415,2019-04-22,Sawai Mansingh Stadium,Jaipur,Rajasthan Royals,Delhi Capitals,Delhi Capitals,field,Delhi Capitals,0,6,RR Pant,2019,0.6111111111111112,0.4,0.8,0,12,2,2,2,47
1178416,2019-04-23,MA Chidambaram Stadium,Chennai,Sunrisers Hyderabad,Chennai Super Kings,Chennai Super Kings,field,Chennai Super Kings,0,6,SR Watson,2019,0.2727272727272727,0.4,0.6,0,15,0,0,0,26
1178417,2019-04-24,M.Chinnaswamy Stadium,Bengaluru,Royal Challengers Bengaluru,Punjab Kings,Punjab Kings,field,Royal Challengers Bengaluru,17,0,AB de Villiers,2019,0.4782608695652174,0.6,0.4,0,14,11,11,14,25
1178418,2019-04-25,Eden Gardens,Kolkata,Kolkata Knight Riders,Rajasthan Royals,Rajasthan Royals,field,Rajasthan Royals,0,3,VR Aaron,2019,0.5263157894736842,0.0,0.4,0,6,12,12,12,14
1178419,2019-04-26,MA Chidambaram Stadium,Chennai,Mumbai Indians,Chennai Super Kings,Chennai Super Kings,field,Mumbai Indians,46,0,RG Sharma,2019,0.56,0.6,0.6,0,8,0,0,8,26
1178420,2019-04-27,Sawai Mansingh Stadium,Jaipur,Sunrisers Hyderabad,Rajasthan Royals,Rajasthan Royals,field,Rajasthan Royals,0,7,JD Unadkat,2019,0.6,0.4,0.6,0,15,12,12,12,47
1178422,2019-04-28,Eden Gardens,Kolkata,Kolkata Knight Riders,Mumbai Indians,Mumbai Indians,field,Kolkata Knight Riders,34,0,AD Russell,2019,0.21739130434782608,0.0,0.6,0,6,8,8,6,14
1178421,2019-04-28,Arun Jaitley Stadium,Delhi,Delhi Capitals,Royal Challengers Bengaluru,Delhi Capitals,bat,Delhi Capitals,16,0,S Dhawan,2019,0.3181818181818182,0.8,0.8,1,2,14,2,2,0
1178423,2019-04-29,Rajiv Gandhi International Stadium,Hyderabad,Sunrisers Hyderabad,Punjab Kings,Punjab Kings,field,Sunrisers Hyderabad,45,0,DA Warner,2019,0.6923076923076923,0.4,0.2,0,15,11,11,15,42
1178424,2019-04-30,M.Chinnaswamy Stadium,Bengaluru,Royal Challengers Bengaluru,Rajasthan Royals,Rajasthan Royals,field,No Result,0,0,Unknown,2019,0.42105263157894735,0.6,0.6,0,14,12,12,9,25
1178425,2019-05-01,MA Chidambaram Stadium,Chennai,Chennai Super Kings,Delhi Capitals,Delhi Capitals,field,Chennai Super Kings,80,0,MS Dhoni,2019,0.6842105263157895,0.4,0.8,0,0,2,2,0,26
1178426,2019-05-02,Wankhede Stadium,Mumbai,Mumbai Indians,Sunrisers Hyderabad,Mumbai Indians,bat,No Result,0,0,JJ Bumrah,2019,0.46153846153846156,0.6,0.6,1,8,15,8,9,57
1178427,2019-05-03,Punjab Cricket Association IS Bindra Stadium,Chandigarh,Punjab Kings,Kolkata Knight Riders,Kolkata Knight Riders,field,Kolkata Knight Riders,0,7,Shubman Gill,2019,0.3333333333333333,0.2,0.2,0,11,6,6,6,38
1178428,2019-05-04,Arun Jaitley Stadium,Delhi,Rajasthan Royals,Delhi Capitals,Rajasthan Royals,bat,Delhi Capitals,0,5,A Mishra,2019,0.5789473684210527,0.6,0.6,1,12,2,12,2,0
1178429,2019-05-04,M.Chinnaswamy Stadium,Bengaluru,Sunrisers Hyderabad,Royal Challengers Bengaluru,Royal Challengers Bengaluru,field,Royal Challengers Bengaluru,0,4,SO Hetmyer,2019,0.5384615384615384,0.4,0.6,0,15,14,14,14,25
1178430,2019-05-05,Punjab Cricket Association IS Bindra Stadium,Chandigarh,Chennai Super Kings,Punjab Kings,Punjab Kings,field,Punjab Kings,0,6,KL Rahul,2019,0.6,0.4,0.2,0,0,11,11,11,38
1178431,2019-05-05,Wankhede Stadium,Mumbai,Kolkata Knight Riders,Mumbai Indians,Mumbai Indians,field,Mumbai Indians,0,9,HH Pandya,2019,0.25,0.4,0.4,0,6,8,8,8,57
1181764,2019-05-07,MA Chidambaram Stadium,Chennai,Chennai Super Kings,Mumbai Indians,Chennai Super Kings,bat,Mumbai Indians,0,6,SA Yadav,2019,0.4230769230769231,0.4,0.4,1,0,8,0,8,26
1181766,2019-05-08,Dr. Y.S. Rajasekhara Reddy ACA-VDCA Cricket Stadium,Visakhapatnam,Sunrisers Hyderabad,Delhi Capitals,Delhi Capitals,field,Delhi Capitals,0,2,RR Pant,2019,0.6428571428571429,0.2,0.8,0,15,2,2,2,11
1181767,2019-05-10,Dr. Y.S. Rajasekhara Reddy ACA-VDCA Cricket Stadium,Visakhapatnam,Delhi Capitals,Chennai Super Kings,Chennai Super Kings,field,Chennai Super Kings,0,6,F du Plessis,2019,0.3,0.8,0.4,0,2,0,0,0,11
1181768,2019-05-12,Rajiv Gandhi International Stadium,Hyderabad,Mumbai Indians,Chennai Super Kings,Mumbai Indians,bat,Mumbai Indians,1,0,JJ Bumrah,2019,0.5925925925925926,0.6,0.4,1,8,0,8,8,42
1216492,2020-09-19,Sheikh Zayed Stadium,Abu Dhabi,Mumbai Indians,Chennai Super Kings,Chennai Super Kings,field,Chennai Super Kings,0,5,AT Rayudu,2020,0.6071428571428571,0.6,0.4,0,8,0,0,0,52
1216493,2020-09-20,Dubai International Cricket Stadium,Unknown,Delhi Capitals,Punjab Kings,Punjab Kings,field,No Result,0,0,MP Stoinis,2020,0.4166666666666667,0.6,0.2,0,2,11,11,9,13
1216534,2020-09-21,Dubai International Cricket Stadium,Unknown,Royal Challengers Bengaluru,Sunrisers Hyderabad,Sunrisers Hyderabad,field,Royal Challengers Bengaluru,10,0,YS Chahal,2020,0.42857142857142855,0.6,0.2,0,14,15,15,14,13
1216496,2020-09-22,Sharjah Cricket Stadium,Unknown,Rajasthan Royals,Chennai Super Kings,Chennai Super Kings,field,Rajasthan Royals,16,0,SV Samson,2020,0.3333333333333333,0.4,0.4,0,12,0,0,12,51
1216508,2020-09-23,Sheikh Zayed Stadium,Abu Dhabi,Mumbai Indians,Kolkata Knight Riders,Kolkata Knight Riders,field,Mumbai Indians,49,0,RG Sharma,2020,0.76,0.6,0.4,0,8,6,6,8,52
1216510,2020-09-24,Dubai International Cricket Stadium,Unknown,Punjab Kings,Royal Challengers Bengaluru,Royal Challengers Bengaluru,field,Punjab Kings,97,0,KL Rahul,2020,0.5,0.2,0.6,0,11,14,14,11,13
1216539,2020-09-25,Dubai International Cricket Stadium,Unknown,Delhi Capitals,Chennai Super Kings,Chennai Super Kings,field,Delhi Capitals,44,0,PP Shaw,2020,0.2857142857142857,0.4,0.4,0,2,0,0,2,13
1216545,2020-09-26,Sheikh Zayed Stadium,Abu Dhabi,Sunrisers Hyderabad,Kolkata Knight Riders,Sunrisers Hyderabad,bat,Kolkata Knight Riders,0,7,Shubman Gill,2020,0.4117647058823529,0.2,0.4,1,15,6,15,6,52
1216527,2020-09-27,Sharjah Cricket Stadium,Unknown,Punjab Kings,Rajasthan Royals,Rajasthan Royals,field,Rajasthan Royals,0,4,SV Samson,2020,0.42105263157894735,0.4,0.6,0,11,12,12,12,51
1216547,2020-09-28,Dubai International Cricket Stadium,Unknown,Royal Challengers Bengaluru,Mumbai Indians,Mumbai Indians,field,No Result,0,0,AB de Villiers,2020,0.36,0.4,0.8,0,14,8,8,9,13
1216532,2020-09-29,Sheikh Zayed Stadium,Abu Dhabi,Sunrisers Hyderabad,Delhi Capitals,Delhi Capitals,field,Sunrisers Hyderabad,15,0,Rashid Khan,2020,0.6,0.0,0.6,0,15,2,2,15,52
1216504,2020-09-30,Dubai International Cricket Stadium,Unknown,Kolkata Knight Riders,Rajasthan Royals,Rajasthan Royals,field,Kolkata Knight Riders,37,0,Shivam Mavi,2020,0.5,0.6,0.6,0,6,12,12,6,13
1216503,2020-10-01,Sheikh Zayed Stadium,Abu Dhabi,Mumbai Indians,Punjab Kings,Punjab Kings,field,Mumbai Indians,48,0,KA Pollard,2020,0.5416666666666666,0.6,0.4,0,8,11,11,8,52
1216516,2020-10-02,Dubai International Cricket Stadium,Unknown,Sunrisers Hyderabad,Chennai Super Kings,Sunrisers Hyderabad,bat,Sunrisers Hyderabad,7,0,PK Garg,2020,0.25,0.2,0.4,1,15,0,15,15,13
1216515,2020-10-03,Sharjah Cricket Stadium,Unknown,Delhi Capitals,Kolkata Knight Riders,Kolkata Knight Riders,field,Delhi Capitals,18,0,SS Iyer,2020,0.391304347826087,0.4,0.6,0,2,6,6,2,51
1216514,2020-10-03,Sheikh Zayed Stadium,Abu Dhabi,Rajasthan Royals,Royal Challengers Bengaluru,Rajasthan Royals,bat,Royal Challengers Bengaluru,0,8,YS Chahal,2020,0.5,0.4,0.4,1,12,14,12,14,52
1216513,2020-10-04,Dubai International Cricket Stadium,Unknown,Punjab Kings,Chennai Super Kings,Punjab Kings,bat,Chennai Super Kings,0,10,SR Watson,2020,0.38095238095238093,0.4,0.2,1,11,0,11,0,13
1216538,2020-10-04,Sharjah Cricket Stadium,Unknown,Mumbai Indians,Sunrisers Hyderabad,Mumbai Indians,bat,Mumbai Indians,34,0,TA Boult,2020,0.42857142857142855,0.6,0.4,1,8,15,8,8,51
1216519,2020-10-05,Dubai International Cricket Stadium,Unknown,Delhi Capitals,Royal Challengers Bengaluru,Royal Challengers Bengaluru,field,Delhi Capitals,59,0,AR Patel,2020,0.34782608695652173,0.4,0.6,0,2,14,14,2,13
1216511,2020-10-06,Sheikh Zayed Stadium,Abu Dhabi,Mumbai Indians,Rajasthan Royals,Mumbai Indians,bat,Mumbai Indians,57,0,SA Yadav,2020,0.5,0.6,0.4,1,8,12,8,8,52
1216501,2020-10-07,Sheikh Zayed Stadium,Abu Dhabi,Kolkata Knight Riders,Chennai Super Kings,Kolkata Knight Riders,bat,Kolkata Knight Riders,10,0,RA Tripathi,2020,0.35,0.4,0.4,1,6,0,6,6,52
1216542,2020-10-08,Dubai International Cricket Stadium,Unknown,Sunrisers Hyderabad,Punjab Kings,Sunrisers Hyderabad,bat,Sunrisers Hyderabad,69,0,JM Bairstow,2020,0.7142857142857143,0.4,0.2,1,15,11,15,15,13
1216500,2020-10-09,Sharjah Cricket Stadium,Unknown,Delhi Capitals,Rajasthan Royals,Rajasthan Royals,field,Delhi Capitals,46,0,R Ashwin,2020,0.45,0.6,0.4,0,2,12,12,2,51
1216523,2020-10-10,Sheikh Zayed Stadium,Abu Dhabi,Kolkata Knight Riders,Punjab Kings,Kolkata Knight Riders,bat,Kolkata Knight Riders,2,0,KD Karthik,2020,0.68,0.6,0.2,1,6,11,6,6,52
1216525,2020-10-10,Dubai International Cricket Stadium,Unknown,Royal Challengers Bengaluru,Chennai Super Kings,Royal Challengers Bengaluru,bat,Royal Challengers Bengaluru,37,0,V Kohli,2020,0.34782608695652173,0.4,0.2,1,14,0,14,14,13
1216529,2020-10-11,Sheikh Zayed Stadium,Abu Dhabi,Delhi Capitals,Mumbai Indians,Delhi Capitals,bat,Mumbai Indians,0,5,Q de Kock,2020,0.5,0.8,0.8,1,2,8,2,8,52
1216507,2020-10-11,Dubai International Cricket Stadium,Unknown,Sunrisers Hyderabad,Rajasthan Royals,Sunrisers Hyderabad,bat,Rajasthan Royals,0,5,R Tewatia,2020,0.5454545454545454,0.6,0.2,1,15,12,15,12,13
1216540,2020-10-12,Sharjah Cricket Stadium,Unknown,Royal Challengers Bengaluru,Kolkata Knight Riders,Royal Challengers Bengaluru,bat,Royal Challengers Bengaluru,82,0,AB de Villiers,2020,0.4166666666666667,0.4,0.8,1,14,6,14,14,51
1216528,2020-10-13,Dubai International Cricket Stadium,Unknown,Chennai Super Kings,Sunrisers Hyderabad,Chennai Super Kings,bat,Chennai Super Kings,20,0,RA Jadeja,2020,0.6923076923076923,0.2,0.6,1,0,15,0,0,13
1216543,2020-10-14,Dubai International Cricket Stadium,Unknown,Delhi Capitals,Rajasthan Royals,Delhi Capitals,bat,Delhi Capitals,13,0,A Nortje,2020,0.47619047619047616,0.6,0.2,1,2,12,2,2,13
1216531,2020-10-15,Sharjah Cricket Stadium,Unknown,Royal Challengers Bengaluru,Punjab Kings,Royal Challengers Bengaluru,bat,Punjab Kings,0,8,KL Rahul,2020,0.48,0.6,0.0,1,14,11,14,11,51
1216526,2020-10-16,Sheikh Zayed Stadium,Abu Dhabi,Kolkata Knight Riders,Mumbai Indians,Kolkata Knight Riders,bat,Mumbai Indians,0,8,Q de Kock,2020,0.23076923076923078,0.6,0.8,1,6,8,6,8,52
1216522,2020-10-17,Dubai International Cricket Stadium,Unknown,Rajasthan Royals,Royal Challengers Bengaluru,Rajasthan Royals,bat,Royal Challengers Bengaluru,0,7,AB de Villiers,2020,0.47619047619047616,0.2,0.6,1,12,14,12,14,13
1216509,2020-10-17,Sharjah Cricket Stadium,Unknown,Chennai Super Kings,Delhi Capitals,Chennai Super Kings,bat,Delhi Capitals,0,5,S Dhawan,2020,0.6818181818181818,0.4,0.8,1,0,2,0,2,51
1216517,2020-10-18,Dubai International Cricket Stadium,Unknown,Mumbai Indians,Punjab Kings,Mumbai Indians,bat,No Result,0,0,KL Rahul,2020,0.56,1.0,0.2,1,8,11,8,9,13
1216512,2020-10-18,Sheikh Zayed Stadium,Abu Dhabi,Kolkata Knight Riders,Sunrisers Hyderabad,Sunrisers Hyderabad,field,No Result,0,0,LH Ferguson,2020,0.6111111111111112,0.4,0.4,0,6,15,15,9,52
1216533,2020-10-19,Sheikh Zayed Stadium,Abu Dhabi,Chennai Super Kings,Rajasthan Royals,Chennai Super Kings,bat,Rajasthan Royals,0,7,JC Buttler,2020,0.6363636363636364,0.4,0.2,1,0,12,0,12,52
1216546,2020-10-20,Dubai International Cricket Stadium,Unknown,Delhi Capitals,Punjab Kings,Delhi Capitals,bat,Punjab Kings,0,5,S Dhawan,2020,0.4,0.8,0.2,1,2,11,2,11,13
1216494,2020-10-21,Sheikh Zayed Stadium,Abu Dhabi,Kolkata Knight Riders,Royal Challengers Bengaluru,Kolkata Knight Riders,bat,Royal Challengers Bengaluru,0,8,Mohammed Siraj,2020,0.56,0.4,0.6,1,6,14,6,14,52
1216518,2020-10-22,Dubai International Cricket Stadium,Unknown,Rajasthan Royals,Sunrisers Hyderabad,Sunrisers Hyderabad,field,Sunrisers Hyderabad,0,8,MK Pandey,2020,0.5,0.4,0.2,0,12,15,15,15,13
1216521,2020-10-23,Sharjah Cricket Stadium,Unknown,Chennai Super Kings,Mumbai Indians,Mumbai Indians,field,Mumbai Indians,0,10,TA Boult,2020,0.41379310344827586,0.2,0.8,0,0,8,8,8,51
1216498,2020-10-24,Dubai International Cricket Stadium,Unknown,Punjab Kings,Sunrisers Hyderabad,Sunrisers Hyderabad,field,Punjab Kings,12,0,CJ Jordan,2020,0.26666666666666666,0.4,0.4,0,11,15,15,11,13
1216497,2020-10-24,Sheikh Zayed Stadium,Abu Dhabi,Kolkata Knight Riders,Delhi Capitals,Delhi Capitals,field,Kolkata Knight Riders,59,0,CV Varun,2020,0.5416666666666666,0.2,0.6,0,6,2,2,6,52
1216541,2020-10-25,Sheikh Zayed Stadium,Abu Dhabi,Mumbai Indians,Rajasthan Royals,Mumbai Indians,bat,Rajasthan Royals,0,8,BA Stokes,2020,0.5238095238095238,0.8,0.4,1,8,12,8,12,52
1216544,2020-10-25,Dubai International Cricket Stadium,Unknown,Royal Challengers Bengaluru,Chennai Super Kings,Royal Challengers Bengaluru,bat,Chennai Super Kings,0,8,RD Gaikwad,2020,0.375,0.8,0.2,1,14,0,14,0,13
1216520,2020-10-26,Sharjah Cricket Stadium,Unknown,Kolkata Knight Riders,Punjab Kings,Punjab Kings,field,Punjab Kings,0,8,CH Gayle,2020,0.6923076923076923,0.2,0.6,0,6,11,11,11,51
1216524,2020-10-27,Dubai International Cricket Stadium,Unknown,Sunrisers Hyderabad,Delhi Capitals,Delhi Capitals,field,Sunrisers Hyderabad,88,0,WP Saha,2020,0.625,0.2,0.4,0,15,2,2,15,13
1216499,2020-10-28,Sheikh Zayed Stadium,Abu Dhabi,Royal Challengers Bengaluru,Mumbai Indians,Mumbai Indians,field,Mumbai Indians,0,5,SA Yadav,2020,0.34615384615384615,0.6,0.6,0,14,8,8,8,52
1216536,2020-10-29,Dubai International Cricket Stadium,Unknown,Kolkata Knight Riders,Chennai Super Kings,Chennai Super Kings,field,Chennai Super Kings,0,6,RD Gaikwad,2020,0.38095238095238093,0.2,0.4,0,6,0,0,0,13
1216537,2020-10-30,Sheikh Zayed Stadium,Abu Dhabi,Punjab Kings,Rajasthan Royals,Rajasthan Royals,field,Rajasthan Royals,0,7,BA Stokes,2020,0.4,0.8,0.4,0,11,12,12,12,52
1216502,2020-10-31,Sharjah Cricket Stadium,Unknown,Royal Challengers Bengaluru,Sunrisers Hyderabad,Sunrisers Hyderabad,field,Sunrisers Hyderabad,0,5,Sandeep Sharma,2020,0.4666666666666667,0.4,0.4,0,14,15,15,15,51
1216535,2020-10-31,Dubai International Cricket Stadium,Unknown,Delhi Capitals,Mumbai Indians,Mumbai Indians,field,Mumbai Indians,0,9,Ishan Kishan,2020,0.48,0.4,0.6,0,2,8,8,8,13
1216506,2020-11-01,Sheikh Zayed Stadium,Abu Dhabi,Punjab Kings,Chennai Super Kings,Chennai Super Kings,field,Chennai Super Kings,0,9,RD Gaikwad,2020,0.36363636363636365,0.6,0.4,0,11,0,0,0,52
1216530,2020-11-01,Dubai International Cricket Stadium,Unknown,Kolkata Knight Riders,Rajasthan Royals,Rajasthan Royals,field,Kolkata Knight Riders,60,0,PJ Cummins,2020,0.5238095238095238,0.2,0.6,0,6,12,12,6,13
1216505,2020-11-02,Sheikh Zayed Stadium,Abu Dhabi,Royal Challengers Bengaluru,Delhi Capitals,Delhi Capitals,field,Delhi Capitals,0,6,A Nortje,2020,0.5416666666666666,0.4,0.2,0,14,2,2,2,52
1216495,2020-11-03,Sharjah Cricket Stadium,Unknown,Mumbai Indians,Sunrisers Hyderabad,Sunrisers Hyderabad,field,Sunrisers Hyderabad,0,10,S Nadeem,2020,0.4666666666666667,0.6,0.6,0,8,15,15,15,51
1237177,2020-11-05,Dubai International Cricket Stadium,Unknown,Mumbai Indians,Delhi Capitals,Delhi Capitals,field,Mumbai Indians,57,0,JJ Bumrah,2020,0.5384615384615384,0.6,0.2,0,8,2,2,8,13
1237178,2020-11-06,Sheikh Zayed Stadium,Abu Dhabi,Royal Challengers Bengaluru,Sunrisers Hyderabad,Sunrisers Hyderabad,field,Sunrisers Hyderabad,0,6,KS Williamson,2020,0.4375,0.2,0.8,0,14,15,15,15,52
1237180,2020-11-08,Sheikh Zayed Stadium,Abu Dhabi,Delhi Capitals,Sunrisers Hyderabad,Delhi Capitals,bat,Delhi Capitals,17,0,MP Stoinis,2020,0.35294117647058826,0.2,0.8,1,2,15,2,2,52
1237181,2020-11-10,Dubai International Cricket Stadium,Unknown,Delhi Capitals,Mumbai Indians,Delhi Capitals,bat,Mumbai Indians,0,5,TA Boult,2020,0.4444444444444444,0.4,0.6,1,2,8,2,8,13
1254058,2021-04-09,"MA Chidambaram Stadium, Chepauk, Chennai",Chennai,Mumbai Indians,Royal Challengers Bengaluru,Royal Challengers Bengaluru,field,Royal Challengers Bengaluru,0,2,HV Patel,2021,0.6296296296296297,0.8,0.0,0,8,14,14,14,28
1254059,2021-04-10,"Wankhede Stadium, Mumbai",Mumbai,Chennai Super Kings,Delhi Capitals,Delhi Capitals,field,Delhi Capitals,0,7,S Dhawan,2021,0.6521739130434783,0.6,0.4,0,0,2,2,2,58
1254060,2021-04-11,"MA Chidambaram Stadium, Chepauk, Chennai",Chennai,Kolkata Knight Riders,Sunrisers Hyderabad,Sunrisers Hyderabad,field,Kolkata Knight Riders,10,0,N Rana,2021,0.5789473684210527,0.4,0.8,0,6,15,15,6,28
1254061,2021-04-12,"Wankhede Stadium, Mumbai",Mumbai,Punjab Kings,Rajasthan Royals,Rajasthan Royals,field,Punjab Kings,4,0,SV Samson,2021,0.38095238095238093,0.6,0.6,0,11,12,12,11,58
1254062,2021-04-13,"MA Chidambaram Stadium, Chepauk, Chennai",Chennai,Mumbai Indians,Kolkata Knight Riders,Kolkata Knight Riders,field,Mumbai Indians,10,0,RD Chahar,2021,0.7777777777777778,0.6,0.6,0,8,6,6,8,28
1254063,2021-04-14,"MA Chidambaram Stadium, Chepauk, Chennai",Chennai,Royal Challengers Bengaluru,Sunrisers Hyderabad,Sunrisers Hyderabad,field,Royal Challengers Bengaluru,6,0,GJ Maxwell,2021,0.4117647058823529,0.2,0.6,0,14,15,15,14,28
1254064,2021-04-15,"Wankhede Stadium, Mumbai",Mumbai,Delhi Capitals,Rajasthan Royals,Rajasthan Royals,field,Rajasthan Royals,0,3,JD Unadkat,2021,0.5,0.6,0.4,0,2,12,12,12,58
1254065,2021-04-16,"Wankhede Stadium, Mumbai",Mumbai,Punjab Kings,Chennai Super Kings,Chennai Super Kings,field,Chennai Super Kings,0,6,DL Chahar,2021,0.34782608695652173,0.6,0.6,0,11,0,0,0,58
1254066,2021-04-17,"MA Chidambaram Stadium, Chepauk, Chennai",Chennai,Mumbai Indians,Sunrisers Hyderabad,Mumbai Indians,bat,Mumbai Indians,13,0,KA Pollard,2021,0.4375,0.6,0.4,1,8,15,8,8,28
1254067,2021-04-18,"MA Chidambaram Stadium, Chepauk, Chennai",Chennai,Royal Challengers Bengaluru,Kolkata Knight Riders,Royal Challengers Bengaluru,bat,Royal Challengers Bengaluru,38,0,AB de Villiers,2021,0.46153846153846156,0.4,0.4,1,14,6,14,14,28
1254068,2021-04-18,"Wankhede Stadium, Mumbai",Mumbai,Punjab Kings,Delhi Capitals,Delhi Capitals,field,Delhi Capitals,0,6,S Dhawan,2021,0.5769230769230769,0.4,0.4,0,11,2,2,2,58
1254069,2021-04-19,"Wankhede Stadium, Mumbai",Mumbai,Chennai Super Kings,Rajasthan Royals,Rajasthan Royals,field,Chennai Super Kings,45,0,MM Ali,2021,0.6086956521739131,0.8,0.6,0,0,12,12,0,58
1254070,2021-04-20,"MA Chidambaram Stadium, Chepauk, Chennai",Chennai,Mumbai Indians,Delhi Capitals,Mumbai Indians,bat,Delhi Capitals,0,6,A Mishra,2021,0.5714285714285714,0.8,0.6,1,8,2,8,2,28
1254071,2021-04-21,"MA Chidambaram Stadium, Chepauk, Chennai",Chennai,Punjab Kings,Sunrisers Hyderabad,Punjab Kings,bat,Sunrisers Hyderabad,0,9,JM Bairstow,2021,0.3125,0.2,0.2,1,11,15,11,15,28
1254072,2021-04-21,"Wankhede Stadium, Mumbai",Mumbai,Chennai Super Kings,Kolkata Knight Riders,Kolkata Knight Riders,field,Chennai Super Kings,18,0,F du Plessis,2021,0.6363636363636364,0.8,0.4,0,0,6,6,0,58
1254073,2021-04-22,"Wankhede Stadium, Mumbai",Mumbai,Rajasthan Royals,Royal Challengers Bengaluru,Royal Challengers Bengaluru,field,Royal Challengers Bengaluru,0,10,D Padikkal,2021,0.45454545454545453,0.4,0.6,0,12,14,14,14,58
1254074,2021-04-23,"MA Chidambaram Stadium, Chepauk, Chennai",Chennai,Mumbai Indians,Punjab Kings,Punjab Kings,field,Punjab Kings,0,9,KL Rahul,2021,0.5384615384615384,0.6,0.2,0,8,11,11,11,28
1254075,2021-04-24,"Wankhede Stadium, Mumbai",Mumbai,Kolkata Knight Riders,Rajasthan Royals,Rajasthan Royals,field,Rajasthan Royals,0,6,CH Morris,2021,0.5454545454545454,0.4,0.2,0,6,12,12,12,58
1254077,2021-04-25,"MA Chidambaram Stadium, Chepauk, Chennai",Chennai,Delhi Capitals,Sunrisers Hyderabad,Delhi Capitals,bat,No Result,0,0,PP Shaw,2021,0.3888888888888889,0.6,0.2,1,2,15,2,9,28
1254076,2021-04-25,"Wankhede Stadium, Mumbai",Mumbai,Chennai Super Kings,Royal Challengers Bengaluru,Chennai Super Kings,bat,Chennai Super Kings,69,0,RA Jadeja,2021,0.64,0.8,0.8,1,0,14,0,0,58
1254078,2021-04-26,"Narendra Modi Stadium, Ahmedabad",Ahmedabad,Punjab Kings,Kolkata Knight Riders,Kolkata Knight Riders,field,Kolkata Knight Riders,0,5,EJG Morgan,2021,0.3333333333333333,0.4,0.2,0,11,6,6,6,33
1254079,2021-04-27,"Narendra Modi Stadium, Ahmedabad",Ahmedabad,Royal Challengers Bengaluru,Delhi Capitals,Delhi Capitals,field,Royal Challengers Bengaluru,1,0,AB de Villiers,2021,0.52,0.8,0.6,0,14,2,2,14,33
1254080,2021-04-28,"Arun Jaitley Stadium, Delhi",Delhi,Sunrisers Hyderabad,Chennai Super Kings,Sunrisers Hyderabad,bat,Chennai Super Kings,0,7,RD Gaikwad,2021,0.2857142857142857,0.2,0.8,1,15,0,15,0,1
1254082,2021-04-29,"Narendra Modi Stadium, Ahmedabad",Ahmedabad,Kolkata Knight Riders,Delhi Capitals,Delhi Capitals,field,Delhi Capitals,0,7,PP Shaw,2021,0.56,0.2,0.4,0,6,2,2,2,33
1254081,2021-04-29,"Arun Jaitley Stadium, Delhi",Delhi,Rajasthan Royals,Mumbai Indians,Mumbai Indians,field,Mumbai Indians,0,7,Q de Kock,2021,0.5,0.4,0.4,0,12,8,8,8,1
1254083,2021-04-30,"Narendra Modi Stadium, Ahmedabad",Ahmedabad,Punjab Kings,Royal Challengers Bengaluru,Royal Challengers Bengaluru,field,Punjab Kings,34,0,Harpreet Brar,2021,0.5384615384615384,0.2,0.8,0,11,14,14,11,33
1254084,2021-05-01,"Arun Jaitley Stadium, Delhi",Delhi,Chennai Super Kings,Mumbai Indians,Mumbai Indians,field,Mumbai Indians,0,4,KA Pollard,2021,0.4,1.0,0.6,0,0,8,8,8,1
1254086,2021-05-02,"Narendra Modi Stadium, Ahmedabad",Ahmedabad,Punjab Kings,Delhi Capitals,Delhi Capitals,field,Delhi Capitals,0,7,MA Agarwal,2021,0.5555555555555556,0.4,0.6,0,11,2,2,2,33
1254085,2021-05-02,"Arun Jaitley Stadium, Delhi",Delhi,Rajasthan Royals,Sunrisers Hyderabad,Sunrisers Hyderabad,field,Rajasthan Royals,55,0,JC Buttler,2021,0.46153846153846156,0.4,0.2,0,12,15,15,12,1
1254104,2021-09-19,Dubai International Cricket Stadium,Dubai,Chennai Super Kings,Mumbai Indians,Chennai Super Kings,bat,Chennai Super Kings,20,0,RD Gaikwad,2021,0.3870967741935484,0.8,0.6,1,0,8,0,0,13
1254087,2021-09-20,"Zayed Cricket Stadium, Abu Dhabi",Abu Dhabi,Royal Challengers Bengaluru,Kolkata Knight Riders,Royal Challengers Bengaluru,bat,Kolkata Knight Riders,0,9,CV Varun,2021,0.48148148148148145,0.6,0.2,1,14,6,14,6,59
1254111,2021-09-21,Dubai International Cricket Stadium,Dubai,Rajasthan Royals,Punjab Kings,Punjab Kings,field,Rajasthan Royals,2,0,Kartik Tyagi,2021,0.5454545454545454,0.4,0.4,0,12,11,11,12,13
1254105,2021-09-22,Dubai International Cricket Stadium,Dubai,Sunrisers Hyderabad,Delhi Capitals,Sunrisers Hyderabad,bat,Delhi Capitals,0,8,A Nortje,2021,0.5789473684210527,0.2,0.6,1,15,2,15,2,13
1254096,2021-09-23,"Zayed Cricket Stadium, Abu Dhabi",Abu Dhabi,Mumbai Indians,Kolkata Knight Riders,Kolkata Knight Riders,field,Kolkata Knight Riders,0,7,SP Narine,2021,0.7857142857142857,0.4,0.4,0,8,6,6,6,59
1254113,2021-09-24,Sharjah Cricket Stadium,Sharjah,Royal Challengers Bengaluru,Chennai Super Kings,Chennai Super Kings,field,Chennai Super Kings,0,6,DJ Bravo,2021,0.34615384615384615,0.4,0.8,0,14,0,0,0,51
1254107,2021-09-25,Sharjah Cricket Stadium,Sharjah,Punjab Kings,Sunrisers Hyderabad,Sunrisers Hyderabad,field,Punjab Kings,5,0,JO Holder,2021,0.29411764705882354,0.4,0.2,0,11,15,15,11,51
1254097,2021-09-25,"Zayed Cricket Stadium, Abu Dhabi",Abu Dhabi,Delhi Capitals,Rajasthan Royals,Rajasthan Royals,field,Delhi Capitals,33,0,SS Iyer,2021,0.4782608695652174,0.6,0.6,0,2,12,12,2,59
1254108,2021-09-26,Dubai International Cricket Stadium,Dubai,Royal Challengers Bengaluru,Mumbai Indians,Mumbai Indians,field,Royal Challengers Bengaluru,54,0,GJ Maxwell,2021,0.35714285714285715,0.2,0.4,0,14,8,8,14,13
1254098,2021-09-26,"Zayed Cricket Stadium, Abu Dhabi",Abu Dhabi,Kolkata Knight Riders,Chennai Super Kings,Kolkata Knight Riders,bat,Chennai Super Kings,0,2,RA Jadeja,2021,0.34782608695652173,0.6,0.8,1,6,0,6,0,59
1254100,2021-09-27,Dubai International Cricket Stadium,Dubai,Rajasthan Royals,Sunrisers Hyderabad,Rajasthan Royals,bat,Sunrisers Hyderabad,0,7,JJ Roy,2021,0.5,0.6,0.0,1,12,15,12,15,13
1254099,2021-09-28,"Zayed Cricket Stadium, Abu Dhabi",Abu Dhabi,Punjab Kings,Mumbai Indians,Mumbai Indians,field,Mumbai Indians,0,6,KA Pollard,2021,0.4444444444444444,0.4,0.4,0,11,8,8,8,59
1254092,2021-09-28,Sharjah Cricket Stadium,Sharjah,Delhi Capitals,Kolkata Knight Riders,Kolkata Knight Riders,field,Kolkata Knight Riders,0,3,SP Narine,2021,0.4230769230769231,0.8,0.6,0,2,6,6,6,51
1254103,2021-09-29,Dubai International Cricket Stadium,Dubai,Rajasthan Royals,Royal Challengers Bengaluru,Royal Challengers Bengaluru,field,Royal Challengers Bengaluru,0,7,YS Chahal,2021,0.43478260869565216,0.4,0.4,0,12,14,14,14,13
1254091,2021-09-30,Sharjah Cricket Stadium,Sharjah,Sunrisers Hyderabad,Chennai Super Kings,Chennai Super Kings,field,Chennai Super Kings,0,6,JR Hazlewood,2021,0.26666666666666666,0.2,0.8,0,15,0,0,0,51
1254102,2021-10-01,Dubai International Cricket Stadium,Dubai,Kolkata Knight Riders,Punjab Kings,Punjab Kings,field,Punjab Kings,0,5,KL Rahul,2021,0.6785714285714286,0.6,0.4,0,6,11,11,11,13
1254112,2021-10-02,Sharjah Cricket Stadium,Sharjah,Mumbai Indians,Delhi Capitals,Delhi Capitals,field,Delhi Capitals,0,4,AR Patel,2021,0.5517241379310345,0.4,0.8,0,8,2,2,2,51
1254089,2021-10-02,"Zayed Cricket Stadium, Abu Dhabi",Abu Dhabi,Chennai Super Kings,Rajasthan Royals,Rajasthan Royals,field,Rajasthan Royals,0,7,RD Gaikwad,2021,0.625,0.8,0.4,0,0,12,12,12,59
1254090,2021-10-03,Sharjah Cricket Stadium,Sharjah,Royal Challengers Bengaluru,Punjab Kings,Royal Challengers Bengaluru,bat,Royal Challengers Bengaluru,6,0,GJ Maxwell,2021,0.4444444444444444,0.4,0.4,1,14,11,14,14,51
1254109,2021-10-03,Dubai International Cricket Stadium,Dubai,Sunrisers Hyderabad,Kolkata Knight Riders,Sunrisers Hyderabad,bat,Kolkata Knight Riders,0,6,Shubman Gill,2021,0.35,0.2,0.6,1,15,6,15,6,13
1254110,2021-10-04,Dubai International Cricket Stadium,Dubai,Chennai Super Kings,Delhi Capitals,Delhi Capitals,field,Delhi Capitals,0,3,AR Patel,2021,0.625,0.8,0.8,0,0,2,2,2,13
1254093,2021-10-05,Sharjah Cricket Stadium,Sharjah,Rajasthan Royals,Mumbai Indians,Mumbai Indians,field,Mumbai Indians,0,8,NM Coulter-Nile,2021,0.4782608695652174,0.4,0.2,0,12,8,8,8,51
1254095,2021-10-06,"Zayed Cricket Stadium, Abu Dhabi",Abu Dhabi,Sunrisers Hyderabad,Royal Challengers Bengaluru,Royal Challengers Bengaluru,field,Sunrisers Hyderabad,4,0,KS Williamson,2021,0.5,0.2,0.6,0,15,14,14,15,59
1254094,2021-10-07,Dubai International Cricket Stadium,Dubai,Chennai Super Kings,Punjab Kings,Punjab Kings,field,Punjab Kings,0,6,KL Rahul,2021,0.625,0.6,0.4,0,0,11,11,11,13
1254106,2021-10-07,Sharjah Cricket Stadium,Sharjah,Kolkata Knight Riders,Rajasthan Royals,Rajasthan Royals,field,Kolkata Knight Riders,86,0,Shivam Mavi,2021,0.5217391304347826,0.6,0.2,0,6,12,12,6,51
1254101,2021-10-08,Dubai International Cricket Stadium,Dubai,Delhi Capitals,Royal Challengers Bengaluru,Royal Challengers Bengaluru,field,Royal Challengers Bengaluru,0,7,KS Bharat,2021,0.38461538461538464,0.8,0.6,0,2,14,14,14,13
1254088,2021-10-08,"Zayed Cricket Stadium, Abu Dhabi",Abu Dhabi,Mumbai Indians,Sunrisers Hyderabad,Mumbai Indians,bat,Mumbai Indians,42,0,Ishan Kishan,2021,0.47058823529411764,0.4,0.4,1,8,15,8,8,59
1254114,2021-10-10,Dubai International Cricket Stadium,Dubai,Delhi Capitals,Chennai Super Kings,Chennai Super Kings,field,Chennai Super Kings,0,4,RD Gaikwad,2021,0.4,0.6,0.4,0,2,0,0,0,13
1254115,2021-10-11,Sharjah Cricket Stadium,Sharjah,Royal Challengers Bengaluru,Kolkata Knight Riders,Royal Challengers Bengaluru,bat,Kolkata Knight Riders,0,4,SP Narine,2021,0.4642857142857143,0.8,0.6,1,14,6,14,6,51
1254116,2021-10-13,Sharjah Cricket Stadium,Sharjah,Delhi Capitals,Kolkata Knight Riders,Kolkata Knight Riders,field,Kolkata Knight Riders,0,3,VR Iyer,2021,0.4074074074074074,0.4,0.8,0,2,6,6,6,51
1254117,2021-10-15,Dubai International Cricket Stadium,Dubai,Chennai Super Kings,Kolkata Knight Riders,Kolkata Knight Riders,field,Chennai Super Kings,27,0,F du Plessis,2021,0.6666666666666666,0.4,0.8,0,0,6,6,0,13
1304047,2022-03-26,"Wankhede Stadium, Mumbai",Mumbai,Chennai Super Kings,Kolkata Knight Riders,Kolkata Knight Riders,field,Kolkata Knight Riders,0,6,UT Yadav,2022,0.68,0.4,0.8,0,0,6,6,6,58
1304048,2022-03-27,"Brabourne Stadium, Mumbai",Mumbai,Mumbai Indians,Delhi Capitals,Delhi Capitals,field,Delhi Capitals,0,4,Kuldeep Yadav,2022,0.5333333333333333,0.6,0.4,0,8,2,2,2,6
1304049,2022-03-27,"Dr DY Patil Sports Academy, Mumbai",Mumbai,Royal Challengers Bengaluru,Punjab Kings,Punjab Kings,field,Punjab Kings,0,5,OF Smith,2022,0.4642857142857143,0.6,0.6,0,14,11,11,11,10
1304050,2022-03-28,"Wankhede Stadium, Mumbai",Mumbai,Lucknow Super Giants,Gujarat Titans,Gujarat Titans,field,Gujarat Titans,0,5,Mohammed Shami,2022,0.5,0.5,0.5,0,7,4,4,4,58
1304051,2022-03-29,"Maharashtra Cricket Association Stadium, Pune",Pune,Rajasthan Royals,Sunrisers Hyderabad,Sunrisers Hyderabad,field,Rajasthan Royals,61,0,SV Samson,2022,0.4666666666666667,0.2,0.4,0,12,15,15,12,32
1304052,2022-03-30,"Dr DY Patil Sports Academy, Mumbai",Mumbai,Kolkata Knight Riders,Royal Challengers Bengaluru,Royal Challengers Bengaluru,field,Royal Challengers Bengaluru,0,3,PWH de Silva,2022,0.5517241379310345,0.8,0.4,0,6,14,14,14,10
1304053,2022-03-31,"Brabourne Stadium, Mumbai",Mumbai,Chennai Super Kings,Lucknow Super Giants,Lucknow Super Giants,field,Lucknow Super Giants,0,6,E Lewis,2022,0.5,0.4,0.0,0,0,7,7,7,6
1304054,2022-04-01,"Wankhede Stadium, Mumbai",Mumbai,Punjab Kings,Kolkata Knight Riders,Kolkata Knight Riders,field,Kolkata Knight Riders,0,6,UT Yadav,2022,0.3448275862068966,0.6,0.6,0,11,6,6,6,58
1304055,2022-04-02,"Dr DY Patil Sports Academy, Mumbai",Mumbai,Rajasthan Royals,Mumbai Indians,Mumbai Indians,field,Rajasthan Royals,23,0,JC Buttler,2022,0.4583333333333333,0.4,0.6,0,12,8,8,12,10
1304056,2022-04-02,"Maharashtra Cricket Association Stadium, Pune",Pune,Gujarat Titans,Delhi Capitals,Delhi Capitals,field,Gujarat Titans,14,0,LH Ferguson,2022,0.5,1.0,0.4,0,4,2,2,4,32
1304057,2022-04-03,"Brabourne Stadium, Mumbai",Mumbai,Punjab Kings,Chennai Super Kings,Chennai Super Kings,field,Punjab Kings,54,0,LS Livingstone,2022,0.36,0.6,0.4,0,11,0,0,11,6
1304058,2022-04-04,"Dr DY Patil Sports Academy, Mumbai",Mumbai,Lucknow Super Giants,Sunrisers Hyderabad,Sunrisers Hyderabad,field,Lucknow Super Giants,12,0,Avesh Khan,2022,0.5,0.5,0.2,0,7,15,15,7,10
1304059,2022-04-05,"Wankhede Stadium, Mumbai",Mumbai,Rajasthan Royals,Royal Challengers Bengaluru,Royal Challengers Bengaluru,field,Royal Challengers Bengaluru,0,4,KD Karthik,2022,0.4166666666666667,0.6,0.4,0,12,14,14,14,58
1304060,2022-04-06,"Maharashtra Cricket Association Stadium, Pune",Pune,Mumbai Indians,Kolkata Knight Riders,Kolkata Knight Riders,field,Kolkata Knight Riders,0,5,PJ Cummins,2022,0.7586206896551724,0.4,0.6,0,8,6,6,6,32
1304061,2022-04-07,"Dr DY Patil Sports Academy, Mumbai",Mumbai,Delhi Capitals,Lucknow Super Giants,Lucknow Super Giants,field,Lucknow Super Giants,0,6,Q de Kock,2022,0.5,0.2,0.6666666666666666,0,2,7,7,7,10
1304062,2022-04-08,"Brabourne Stadium, Mumbai",Mumbai,Punjab Kings,Gujarat Titans,Gujarat Titans,field,Gujarat Titans,0,6,Shubman Gill,2022,0.5,0.6,1.0,0,11,4,4,4,6
1304063,2022-04-09,"Dr DY Patil Sports Academy, Mumbai",Mumbai,Chennai Super Kings,Sunrisers Hyderabad,Sunrisers Hyderabad,field,Sunrisers Hyderabad,0,8,Abhishek Sharma,2022,0.75,0.4,0.2,0,0,15,15,15,10
1304064,2022-04-09,"Maharashtra Cricket Association Stadium, Pune",Pune,Mumbai Indians,Royal Challengers Bengaluru,Royal Challengers Bengaluru,field,Royal Challengers Bengaluru,0,7,Anuj Rawat,2022,0.5862068965517241,0.4,0.6,0,8,14,14,14,32
1304065,2022-04-10,"Brabourne Stadium, Mumbai",Mumbai,Delhi Capitals,Kolkata Knight Riders,Kolkata Knight Riders,field,Delhi Capitals,44,0,Kuldeep Yadav,2022,0.39285714285714285,0.2,0.6,0,2,6,6,2,6
1304066,2022-04-10,"Wankhede Stadium, Mumbai",Mumbai,Rajasthan Royals,Lucknow Super Giants,Lucknow Super Giants,field,Rajasthan Royals,3,0,YS Chahal,2022,0.5,0.4,0.75,0,12,7,7,12,58
1304067,2022-04-11,"Dr DY Patil Sports Academy, Mumbai",Mumbai,Gujarat Titans,Sunrisers Hyderabad,Sunrisers Hyderabad,field,Sunrisers Hyderabad,0,8,KS Williamson,2022,0.5,1.0,0.4,0,4,15,15,15,10
1304068,2022-04-12,"Dr DY Patil Sports Academy, Mumbai",Mumbai,Chennai Super Kings,Royal Challengers Bengaluru,Royal Challengers Bengaluru,field,Chennai Super Kings,23,0,S Dube,2022,0.6666666666666666,0.2,0.6,0,0,14,14,0,10
1304069,2022-04-13,"Maharashtra Cricket Association Stadium, Pune",Pune,Punjab Kings,Mumbai Indians,Mumbai Indians,field,Punjab Kings,12,0,MA Agarwal,2022,0.42857142857142855,0.6,0.2,0,11,8,8,11,32
1304070,2022-04-14,"Dr DY Patil Sports Academy, Mumbai",Mumbai,Gujarat Titans,Rajasthan Royals,Rajasthan Royals,field,Gujarat Titans,37,0,HH Pandya,2022,0.5,0.75,0.6,0,4,12,12,4,10
1304071,2022-04-15,"Brabourne Stadium, Mumbai",Mumbai,Kolkata Knight Riders,Sunrisers Hyderabad,Sunrisers Hyderabad,field,Sunrisers Hyderabad,0,7,RA Tripathi,2022,0.6190476190476191,0.6,0.4,0,6,15,15,15,6
1304072,2022-04-16,"Brabourne Stadium, Mumbai",Mumbai,Lucknow Super Giants,Mumbai Indians,Mumbai Indians,field,Lucknow Super Giants,18,0,KL Rahul,2022,0.5,0.6,0.0,0,7,8,8,7,6
1304073,2022-04-16,"Wankhede Stadium, Mumbai",Mumbai,Royal Challengers Bengaluru,Delhi Capitals,Delhi Capitals,field,Royal Challengers Bengaluru,16,0,KD Karthik,2022,0.5555555555555556,0.6,0.4,0,14,2,2,14,58
1304075,2022-04-17,"Maharashtra Cricket Association Stadium, Pune",Pune,Chennai Super Kings,Gujarat Titans,Gujarat Titans,field,Gujarat Titans,0,3,DA Miller,2022,0.5,0.2,0.8,0,0,4,4,4,32
1304074,2022-04-17,"Dr DY Patil Sports Academy, Mumbai",Mumbai,Punjab Kings,Sunrisers Hyderabad,Sunrisers Hyderabad,field,Sunrisers Hyderabad,0,7,Umran Malik,2022,0.3333333333333333,0.6,0.6,0,11,15,15,15,10
1304076,2022-04-18,"Brabourne Stadium, Mumbai",Mumbai,Rajasthan Royals,Kolkata Knight Riders,Kolkata Knight Riders,field,Rajasthan Royals,7,0,YS Chahal,2022,0.375,0.6,0.4,0,12,6,6,12,6
1304077,2022-04-19,"Dr DY Patil Sports Academy, Mumbai",Mumbai,Royal Challengers Bengaluru,Lucknow Super Giants,Lucknow Super Giants,field,Royal Challengers Bengaluru,18,0,F du Plessis,2022,0.5,0.8,0.8,0,14,7,7,14,10
1304078,2022-04-20,"Brabourne Stadium, Mumbai",Mumbai,Punjab Kings,Delhi Capitals,Delhi Capitals,field,Delhi Capitals,0,9,Kuldeep Yadav,2022,0.5357142857142857,0.4,0.4,0,11,2,2,2,6
1304079,2022-04-21,"Dr DY Patil Sports Academy, Mumbai",Navi Mumbai,Mumbai Indians,Chennai Super Kings,Chennai Super Kings,field,Chennai Super Kings,0,3,Mukesh Choudhary,2022,0.59375,0.0,0.2,0,8,0,0,0,10
1304080,2022-04-22,"Wankhede Stadium, Mumbai",Mumbai,Rajasthan Royals,Delhi Capitals,Delhi Capitals,field,Rajasthan Royals,15,0,JC Buttler,2022,0.5,0.6,0.4,0,12,2,2,12,58
1304082,2022-04-23,"Brabourne Stadium, Mumbai",Mumbai,Royal Challengers Bengaluru,Sunrisers Hyderabad,Sunrisers Hyderabad,field,Sunrisers Hyderabad,0,9,M Jansen,2022,0.42105263157894735,0.8,0.8,0,14,15,15,15,6
1304081,2022-04-23,"Dr DY Patil Sports Academy, Mumbai",Navi Mumbai,Gujarat Titans,Kolkata Knight Riders,Gujarat Titans,bat,Gujarat Titans,8,0,Rashid Khan,2022,0.5,0.8,0.4,1,4,6,4,4,10
1304083,2022-04-24,"Wankhede Stadium, Mumbai",Mumbai,Lucknow Super Giants,Mumbai Indians,Mumbai Indians,field,Lucknow Super Giants,36,0,KL Rahul,2022,1.0,0.6,0.0,0,7,8,8,7,58
1304084,2022-04-25,"Wankhede Stadium, Mumbai",Mumbai,Punjab Kings,Chennai Super Kings,Chennai Super Kings,field,Punjab Kings,11,0,S Dhawan,2022,0.38461538461538464,0.4,0.4,0,11,0,0,11,58
1304085,2022-04-26,"Maharashtra Cricket Association Stadium, Pune",Pune,Rajasthan Royals,Royal Challengers Bengaluru,Royal Challengers Bengaluru,field,Rajasthan Royals,29,0,R Parag,2022,0.4,0.6,0.6,0,12,14,14,12,32
1304086,2022-04-27,"Wankhede Stadium, Mumbai",Mumbai,Sunrisers Hyderabad,Gujarat Titans,Gujarat Titans,field,Gujarat Titans,0,5,Umran Malik,2022,1.0,1.0,0.8,0,15,4,4,4,58
1304087,2022-04-28,"Wankhede Stadium, Mumbai",Mumbai,Kolkata Knight Riders,Delhi Capitals,Delhi Capitals,field,Delhi Capitals,0,4,Kuldeep Yadav,2022,0.5517241379310345,0.2,0.4,0,6,2,2,2,58
1304088,2022-04-29,"Maharashtra Cricket Association Stadium, Pune",Pune,Lucknow Super Giants,Punjab Kings,Punjab Kings,field,Lucknow Super Giants,20,0,KH Pandya,2022,0.5,0.6,0.4,0,7,11,11,7,32
1304089,2022-04-30,"Brabourne Stadium, Mumbai",Mumbai,Royal Challengers Bengaluru,Gujarat Titans,Royal Challengers Bengaluru,bat,Gujarat Titans,0,6,R Tewatia,2022,0.5,0.4,0.8,1,14,4,14,4,6
1304090,2022-04-30,"Dr DY Patil Sports Academy, Mumbai",Navi Mumbai,Rajasthan Royals,Mumbai Indians,Mumbai Indians,field,Mumbai Indians,0,5,SA Yadav,2022,0.48,0.8,0.0,0,12,8,8,8,10
1304091,2022-05-01,"Wankhede Stadium, Mumbai",Mumbai,Lucknow Super Giants,Delhi Capitals,Lucknow Super Giants,bat,Lucknow Super Giants,6,0,Mohsin Khan,2022,1.0,0.6,0.6,1,7,2,7,7,58
1304092,2022-05-01,"Maharashtra Cricket Association Stadium, Pune",Pune,Chennai Super Kings,Sunrisers Hyderabad,Sunrisers Hyderabad,field,Chennai Super Kings,13,0,RD Gaikwad,2022,0.7058823529411765,0.4,0.8,0,0,15,15,0,32
1304093,2022-05-02,"Wankhede Stadium, Mumbai",Mumbai,Rajasthan Royals,Kolkata Knight Riders,Kolkata Knight Riders,field,Kolkata Knight Riders,0,7,RK Singh,2022,0.4,0.6,0.0,0,12,6,6,6,58
1304094,2022-05-03,"Dr DY Patil Sports Academy, Mumbai",Navi Mumbai,Gujarat Titans,Punjab Kings,Gujarat Titans,bat,Punjab Kings,0,8,K Rabada,2022,1.0,1.0,0.4,1,4,11,4,11,10
1304095,2022-05-04,"Maharashtra Cricket Association Stadium, Pune",Pune,Royal Challengers Bengaluru,Chennai Super Kings,Chennai Super Kings,field,Royal Challengers Bengaluru,13,0,HV Patel,2022,0.32142857142857145,0.4,0.6,0,14,0,0,14,32
1304096,2022-05-05,"Brabourne Stadium, Mumbai",Mumbai,Delhi Capitals,Sunrisers Hyderabad,Sunrisers Hyderabad,field,Delhi Capitals,21,0,DA Warner,2022,0.4,0.4,0.6,0,2,15,15,2,6
1304097,2022-05-06,"Brabourne Stadium, Mumbai",Mumbai,Mumbai Indians,Gujarat Titans,Gujarat Titans,field,Mumbai Indians,5,0,TH David,2022,0.5,0.2,0.8,0,8,4,4,8,6
1304099,2022-05-07,"Maharashtra Cricket Association Stadium, Pune",Pune,Lucknow Super Giants,Kolkata Knight Riders,Kolkata Knight Riders,field,Lucknow Super Giants,75,0,Avesh Khan,2022,0.5,0.8,0.2,0,7,6,6,7,32
1304098,2022-05-07,"Wankhede Stadium, Mumbai",Mumbai,Punjab Kings,Rajasthan Royals,Punjab Kings,bat,Rajasthan Royals,0,6,YBK Jaiswal,2022,0.391304347826087,0.4,0.6,1,11,12,11,12,58
1304100,2022-05-08,"Wankhede Stadium, Mumbai",Mumbai,Royal Challengers Bengaluru,Sunrisers Hyderabad,Royal Challengers Bengaluru,bat,Royal Challengers Bengaluru,67,0,PWH de Silva,2022,0.4,0.4,0.4,1,14,15,14,14,58
1304101,2022-05-08,"Dr DY Patil Sports Academy, Mumbai",Navi Mumbai,Chennai Super Kings,Delhi Capitals,Delhi Capitals,field,Chennai Super Kings,91,0,DP Conway,2022,0.6153846153846154,0.4,0.6,0,0,2,2,0,10
1304102,2022-05-09,"Dr DY Patil Sports Academy, Mumbai",Navi Mumbai,Kolkata Knight Riders,Mumbai Indians,Mumbai Indians,field,Kolkata Knight Riders,52,0,JJ Bumrah,2022,0.26666666666666666,0.2,0.4,0,6,8,8,6,10
1304103,2022-05-10,"Maharashtra Cricket Association Stadium, Pune",Pune,Gujarat Titans,Lucknow Super Giants,Gujarat Titans,bat,Gujarat Titans,62,0,Shubman Gill,2022,1.0,0.6,0.8,1,4,7,4,4,32
1304104,2022-05-11,"Dr DY Patil Sports Academy, Mumbai",Navi Mumbai,Rajasthan Royals,Delhi Capitals,Delhi Capitals,field,Delhi Capitals,0,8,MR Marsh,2022,0.52,0.6,0.4,0,12,2,2,2,10
1304105,2022-05-12,"Wankhede Stadium, Mumbai",Mumbai,Chennai Super Kings,Mumbai Indians,Mumbai Indians,field,Mumbai Indians,0,5,DR Sams,2022,0.42424242424242425,0.6,0.4,0,0,8,8,8,58
1304106,2022-05-13,"Brabourne Stadium, Mumbai",Mumbai,Punjab Kings,Royal Challengers Bengaluru,Royal Challengers Bengaluru,field,Punjab Kings,54,0,JM Bairstow,2022,0.5517241379310345,0.4,0.4,0,11,14,14,11,6
1304107,2022-05-14,"Maharashtra Cricket Association Stadium, Pune",Pune,Kolkata Knight Riders,Sunrisers Hyderabad,Kolkata Knight Riders,bat,Kolkata Knight Riders,54,0,AD Russell,2022,0.5909090909090909,0.4,0.2,1,6,15,6,6,32
1304108,2022-05-15,"Wankhede Stadium, Mumbai",Mumbai,Chennai Super Kings,Gujarat Titans,Chennai Super Kings,bat,Gujarat Titans,0,7,WP Saha,2022,0.0,0.4,0.6,1,0,4,0,4,58
1304109,2022-05-15,"Brabourne Stadium, Mumbai",Mumbai,Rajasthan Royals,Lucknow Super Giants,Rajasthan Royals,bat,Rajasthan Royals,24,0,TA Boult,2022,1.0,0.4,0.8,1,12,7,12,12,6
1304110,2022-05-16,"Dr DY Patil Sports Academy, Mumbai",Navi Mumbai,Delhi Capitals,Punjab Kings,Punjab Kings,field,Delhi Capitals,17,0,SN Thakur,2022,0.4482758620689655,0.6,0.6,0,2,11,11,2,10
1304111,2022-05-17,"Wankhede Stadium, Mumbai",Mumbai,Sunrisers Hyderabad,Mumbai Indians,Mumbai Indians,field,Sunrisers Hyderabad,3,0,RA Tripathi,2022,0.4444444444444444,0.0,0.6,0,15,8,8,15,58
1304112,2022-05-18,"Dr DY Patil Sports Academy, Mumbai",Navi Mumbai,Lucknow Super Giants,Kolkata Knight Riders,Lucknow Super Giants,bat,Lucknow Super Giants,2,0,Q de Kock,2022,1.0,0.6,0.6,1,7,6,7,7,10
1304113,2022-05-19,"Wankhede Stadium, Mumbai",Mumbai,Gujarat Titans,Royal Challengers Bengaluru,Gujarat Titans,bat,Royal Challengers Bengaluru,0,8,V Kohli,2022,1.0,0.6,0.4,1,4,14,4,14,58
1304114,2022-05-20,"Brabourne Stadium, Mumbai",Mumbai,Chennai Super Kings,Rajasthan Royals,Chennai Super Kings,bat,Rajasthan Royals,0,5,R Ashwin,2022,0.6,0.4,0.4,1,0,12,0,12,6
1304115,2022-05-21,"Wankhede Stadium, Mumbai",Mumbai,Delhi Capitals,Mumbai Indians,Mumbai Indians,field,Mumbai Indians,0,5,JJ Bumrah,2022,0.4838709677419355,0.6,0.6,0,2,8,8,8,58
1304116,2022-05-22,"Wankhede Stadium, Mumbai",Mumbai,Sunrisers Hyderabad,Punjab Kings,Sunrisers Hyderabad,bat,Punjab Kings,0,5,Harpreet Brar,2022,0.6842105263157895,0.2,0.4,1,15,11,15,11,58
1312197,2022-05-24,"Eden Gardens, Kolkata",Kolkata,Rajasthan Royals,Gujarat Titans,Gujarat Titans,field,Gujarat Titans,0,7,DA Miller,2022,0.0,0.6,0.4,0,12,4,4,4,15
1312198,2022-05-25,"Eden Gardens, Kolkata",Kolkata,Royal Challengers Bengaluru,Lucknow Super Giants,Lucknow Super Giants,field,Royal Challengers Bengaluru,14,0,RM Patidar,2022,1.0,0.6,0.6,0,14,7,7,14,15
1312199,2022-05-27,"Narendra Modi Stadium, Ahmedabad",Ahmedabad,Royal Challengers Bengaluru,Rajasthan Royals,Rajasthan Royals,field,Rajasthan Royals,0,7,JC Buttler,2022,0.5,0.8,0.6,0,14,12,12,12,33
1312200,2022-05-29,"Narendra Modi Stadium, Ahmedabad",Ahmedabad,Rajasthan Royals,Gujarat Titans,Rajasthan Royals,bat,Gujarat Titans,0,7,HH Pandya,2022,0.0,0.6,0.6,1,12,4,12,4,33
1359475,2023-03-31,"Narendra Modi Stadium, Ahmedabad",Ahmedabad,Chennai Super Kings,Gujarat Titans,Gujarat Titans,field,Gujarat Titans,0,5,Rashid Khan,2023,0.0,0.2,0.8,0,0,4,4,4,33
1359476,2023-04-01,"Punjab Cricket Association IS Bindra Stadium, Mohali, Chandigarh",Chandigarh,Punjab Kings,Kolkata Knight Riders,Kolkata Knight Riders,field,Punjab Kings,7,0,Arshdeep Singh,2023,0.3333333333333333,0.6,0.6,0,11,6,6,11,40
1359477,2023-04-01,"Bharat Ratna Shri Atal Bihari Vajpayee Ekana Cricket Stadium, Lucknow",Lucknow,Lucknow Super Giants,Delhi Capitals,Delhi Capitals,field,Lucknow Super Giants,50,0,MA Wood,2023,1.0,0.4,0.6,0,7,2,2,7,4
1359478,2023-04-02,"Rajiv Gandhi International Stadium, Uppal, Hyderabad",Hyderabad,Rajasthan Royals,Sunrisers Hyderabad,Sunrisers Hyderabad,field,Rajasthan Royals,72,0,JC Buttler,2023,0.5,0.6,0.2,0,12,15,15,12,44
1359479,2023-04-02,"M Chinnaswamy Stadium, Bengaluru",Bengaluru,Mumbai Indians,Royal Challengers Bengaluru,Royal Challengers Bengaluru,field,Royal Challengers Bengaluru,0,8,F du Plessis,2023,0.5666666666666667,0.6,0.6,0,8,14,14,14,24
1359480,2023-04-03,"MA Chidambaram Stadium, Chepauk, Chennai",Chennai,Chennai Super Kings,Lucknow Super Giants,Lucknow Super Giants,field,Chennai Super Kings,12,0,MM Ali,2023,0.0,0.2,0.4,0,0,7,7,0,28
1359481,2023-04-04,"Arun Jaitley Stadium, Delhi",Delhi,Delhi Capitals,Gujarat Titans,Gujarat Titans,field,Gujarat Titans,0,6,B Sai Sudharsan,2023,0.0,0.4,0.8,0,2,4,4,4,1
1359482,2023-04-05,"Barsapara Cricket Stadium, Guwahati",Guwahati,Punjab Kings,Rajasthan Royals,Rajasthan Royals,field,Punjab Kings,5,0,NT Ellis,2023,0.375,0.6,0.6,0,11,12,12,11,3
1359483,2023-04-06,"Eden Gardens, Kolkata",Kolkata,Kolkata Knight Riders,Royal Challengers Bengaluru,Royal Challengers Bengaluru,field,Kolkata Knight Riders,81,0,SN Thakur,2023,0.5333333333333333,0.4,0.6,0,6,14,14,6,15
1359484,2023-04-07,"Bharat Ratna Shri Atal Bihari Vajpayee Ekana Cricket Stadium, Lucknow",Lucknow,Sunrisers Hyderabad,Lucknow Super Giants,Sunrisers Hyderabad,bat,Lucknow Super Giants,0,5,KH Pandya,2023,0.0,0.2,0.4,1,15,7,15,7,4
1359486,2023-04-08,"Wankhede Stadium, Mumbai",Mumbai,Mumbai Indians,Chennai Super Kings,Chennai Super Kings,field,Chennai Super Kings,0,7,RA Jadeja,2023,0.5882352941176471,0.4,0.2,0,8,0,0,0,58
1359485,2023-04-08,"Barsapara Cricket Stadium, Guwahati",Guwahati,Rajasthan Royals,Delhi Capitals,Delhi Capitals,field,Rajasthan Royals,57,0,YBK Jaiswal,2023,0.5,0.4,0.4,0,12,2,2,12,3
1359487,2023-04-09,"Narendra Modi Stadium, Ahmedabad",Ahmedabad,Gujarat Titans,Kolkata Knight Riders,Gujarat Titans,bat,Kolkata Knight Riders,0,3,RK Singh,2023,1.0,0.8,0.6,1,4,6,4,6,33
1359488,2023-04-09,"Rajiv Gandhi International Stadium, Uppal, Hyderabad",Hyderabad,Punjab Kings,Sunrisers Hyderabad,Sunrisers Hyderabad,field,Sunrisers Hyderabad,0,8,S Dhawan,2023,0.35,0.8,0.2,0,11,15,15,15,44
1359489,2023-04-10,"M Chinnaswamy Stadium, Bengaluru",Bengaluru,Royal Challengers Bengaluru,Lucknow Super Giants,Lucknow Super Giants,field,Lucknow Super Giants,0,1,N Pooran,2023,1.0,0.6,0.6,0,14,7,7,7,24
1359490,2023-04-11,"Arun Jaitley Stadium, Delhi",Delhi,Delhi Capitals,Mumbai Indians,Mumbai Indians,field,Mumbai Indians,0,6,RG Sharma,2023,0.46875,0.2,0.4,0,2,8,8,8,1
1359491,2023-04-12,"MA Chidambaram Stadium, Chepauk, Chennai",Chennai,Rajasthan Royals,Chennai Super Kings,Chennai Super Kings,field,Rajasthan Royals,3,0,R Ashwin,2023,0.4230769230769231,0.6,0.4,0,12,0,0,12,28
1359492,2023-04-13,"Punjab Cricket Association IS Bindra Stadium, Mohali, Chandigarh",Chandigarh,Punjab Kings,Gujarat Titans,Gujarat Titans,field,Gujarat Titans,0,6,MM Sharma,2023,0.5,0.6,0.8,0,11,4,4,4,40
1359493,2023-04-14,"Eden Gardens, Kolkata",Kolkata,Sunrisers Hyderabad,Kolkata Knight Riders,Kolkata Knight Riders,field,Sunrisers Hyderabad,23,0,HC Brook,2023,0.34782608695652173,0.4,0.6,0,15,6,6,15,15
1359495,2023-04-15,"Bharat Ratna Shri Atal Bihari Vajpayee Ekana Cricket Stadium, Lucknow",Lucknow,Lucknow Super Giants,Punjab Kings,Punjab Kings,field,Punjab Kings,0,2,Sikandar Raza,2023,1.0,0.6,0.6,0,7,11,11,11,4
1359494,2023-04-15,"M Chinnaswamy Stadium, Bengaluru",Bengaluru,Royal Challengers Bengaluru,Delhi Capitals,Delhi Capitals,field,Royal Challengers Bengaluru,23,0,V Kohli,2023,0.5714285714285714,0.4,0.0,0,14,2,2,14,24
1359496,2023-04-16,"Wankhede Stadium, Mumbai",Mumbai,Kolkata Knight Riders,Mumbai Indians,Mumbai Indians,field,Mumbai Indians,0,5,VR Iyer,2023,0.2903225806451613,0.4,0.4,0,6,8,8,8,58
1359497,2023-04-16,"Narendra Modi Stadium, Ahmedabad",Ahmedabad,Gujarat Titans,Rajasthan Royals,Rajasthan Royals,field,Rajasthan Royals,0,3,SO Hetmyer,2023,1.0,0.8,0.6,0,4,12,12,12,33
1359498,2023-04-17,"M Chinnaswamy Stadium, Bengaluru",Bengaluru,Chennai Super Kings,Royal Challengers Bengaluru,Royal Challengers Bengaluru,field,Chennai Super Kings,8,0,DP Conway,2023,0.6551724137931034,0.4,0.4,0,0,14,14,0,24
1359499,2023-04-18,"Rajiv Gandhi International Stadium, Uppal, Hyderabad",Hyderabad,Mumbai Indians,Sunrisers Hyderabad,Sunrisers Hyderabad,field,Mumbai Indians,14,0,C Green,2023,0.47368421052631576,0.6,0.4,0,8,15,15,8,44
1359500,2023-04-19,"Sawai Mansingh Stadium, Jaipur",Jaipur,Lucknow Super Giants,Rajasthan Royals,Rajasthan Royals,field,Lucknow Super Giants,10,0,MP Stoinis,2023,0.0,0.6,0.8,0,7,12,12,7,48
1359502,2023-04-20,"Arun Jaitley Stadium, Delhi",Delhi,Kolkata Knight Riders,Delhi Capitals,Delhi Capitals,field,Delhi Capitals,0,4,I Sharma,2023,0.5333333333333333,0.4,0.0,0,6,2,2,2,1
1359501,2023-04-20,"Punjab Cricket Association IS Bindra Stadium, Mohali, Chandigarh",Chandigarh,Royal Challengers Bengaluru,Punjab Kings,Punjab Kings,field,Royal Challengers Bengaluru,24,0,Mohammed Siraj,2023,0.43333333333333335,0.4,0.6,0,14,11,11,14,40
1359503,2023-04-21,"MA Chidambaram Stadium, Chepauk, Chennai",Chennai,Sunrisers Hyderabad,Chennai Super Kings,Chennai Super Kings,field,Chennai Super Kings,0,7,RA Jadeja,2023,0.2777777777777778,0.4,0.6,0,15,0,0,0,28
1359504,2023-04-22,"Bharat Ratna Shri Atal Bihari Vajpayee Ekana Cricket Stadium, Lucknow",Lucknow,Gujarat Titans,Lucknow Super Giants,Gujarat Titans,bat,Gujarat Titans,7,0,MM Sharma,2023,1.0,0.6,0.6,1,4,7,4,4,4
1359505,2023-04-22,"Wankhede Stadium, Mumbai",Mumbai,Punjab Kings,Mumbai Indians,Mumbai Indians,field,Punjab Kings,13,0,SM Curran,2023,0.4482758620689655,0.4,0.6,0,11,8,8,11,58
1359507,2023-04-23,"Eden Gardens, Kolkata",Kolkata,Chennai Super Kings,Kolkata Knight Riders,Kolkata Knight Riders,field,Chennai Super Kings,49,0,AM Rahane,2023,0.6538461538461539,0.8,0.4,0,0,6,6,0,15
1359506,2023-04-23,"M Chinnaswamy Stadium, Bengaluru",Bengaluru,Royal Challengers Bengaluru,Rajasthan Royals,Rajasthan Royals,field,Royal Challengers Bengaluru,7,0,GJ Maxwell,2023,0.48148148148148145,0.4,0.6,0,14,12,12,14,24
1359508,2023-04-24,"Rajiv Gandhi International Stadium, Uppal, Hyderabad",Hyderabad,Delhi Capitals,Sunrisers Hyderabad,Delhi Capitals,bat,Delhi Capitals,7,0,AR Patel,2023,0.42857142857142855,0.2,0.4,1,2,15,2,2,44
1359509,2023-04-25,"Narendra Modi Stadium, Ahmedabad",Ahmedabad,Gujarat Titans,Mumbai Indians,Mumbai Indians,field,Gujarat Titans,55,0,A Manohar,2023,0.0,0.6,0.6,0,4,8,8,4,33
1359510,2023-04-26,"M Chinnaswamy Stadium, Bengaluru",Bengaluru,Kolkata Knight Riders,Royal Challengers Bengaluru,Royal Challengers Bengaluru,field,Kolkata Knight Riders,21,0,CV Varun,2023,0.5483870967741935,0.2,0.6,0,6,14,14,6,24
1359511,2023-04-27,"Sawai Mansingh Stadium, Jaipur",Jaipur,Rajasthan Royals,Chennai Super Kings,Rajasthan Royals,bat,Rajasthan Royals,32,0,YBK Jaiswal,2023,0.4444444444444444,0.6,0.8,1,12,0,12,12,48
1359512,2023-04-28,"Punjab Cricket Association IS Bindra Stadium, Mohali, Chandigarh",Chandigarh,Lucknow Super Giants,Punjab Kings,Punjab Kings,field,Lucknow Super Giants,56,0,MP Stoinis,2023,0.5,0.6,0.4,0,7,11,11,7,40
1359513,2023-04-29,"Eden Gardens, Kolkata",Kolkata,Kolkata Knight Riders,Gujarat Titans,Gujarat Titans,field,Gujarat Titans,0,7,J Little,2023,0.5,0.2,0.6,0,6,4,4,4,15
1359514,2023-04-29,"Arun Jaitley Stadium, Delhi",Delhi,Sunrisers Hyderabad,Delhi Capitals,Sunrisers Hyderabad,bat,Sunrisers Hyderabad,9,0,MR Marsh,2023,0.5,0.4,0.4,1,15,2,15,15,1
1359515,2023-04-30,"MA Chidambaram Stadium, Chepauk, Chennai",Chennai,Chennai Super Kings,Punjab Kings,Chennai Super Kings,bat,Punjab Kings,0,4,DP Conway,2023,0.5555555555555556,0.6,0.4,1,0,11,0,11,28
1359516,2023-04-30,"Wankhede Stadium, Mumbai",Mumbai,Rajasthan Royals,Mumbai Indians,Rajasthan Royals,bat,Mumbai Indians,0,6,YBK Jaiswal,2023,0.46153846153846156,0.6,0.6,1,12,8,12,8,58
1359517,2023-05-01,"Bharat Ratna Shri Atal Bihari Vajpayee Ekana Cricket Stadium, Lucknow",Lucknow,Royal Challengers Bengaluru,Lucknow Super Giants,Royal Challengers Bengaluru,bat,Royal Challengers Bengaluru,18,0,F du Plessis,2023,0.6666666666666666,0.6,0.6,1,14,7,14,14,4
1359518,2023-05-02,"Narendra Modi Stadium, Ahmedabad",Ahmedabad,Delhi Capitals,Gujarat Titans,Delhi Capitals,bat,Delhi Capitals,5,0,Mohammed Shami,2023,0.0,0.4,0.8,1,2,4,2,2,33
1359519,2023-05-03,"Bharat Ratna Shri Atal Bihari Vajpayee Ekana Cricket Stadium, Lucknow",Lucknow,Lucknow Super Giants,Chennai Super Kings,Chennai Super Kings,field,No Result,0,0,Unknown,2023,0.5,0.4,0.6,0,7,0,0,9,4
1359520,2023-05-03,"Punjab Cricket Association IS Bindra Stadium, Mohali, Chandigarh",Chandigarh,Punjab Kings,Mumbai Indians,Mumbai Indians,field,Mumbai Indians,0,6,Ishan Kishan,2023,0.4666666666666667,0.6,0.6,0,11,8,8,8,40
1359521,2023-05-04,"Rajiv Gandhi International Stadium, Uppal, Hyderabad",Hyderabad,Kolkata Knight Riders,Sunrisers Hyderabad,Kolkata Knight Riders,bat,Kolkata Knight Riders,5,0,CV Varun,2023,0.5833333333333334,0.2,0.4,1,6,15,6,6,44
1359522,2023-05-05,"Sawai Mansingh Stadium, Jaipur",Jaipur,Rajasthan Royals,Gujarat Titans,Rajasthan Royals,bat,Gujarat Titans,0,9,Rashid Khan,2023,0.25,0.4,0.6,1,12,4,12,4,48
1359523,2023-05-06,"MA Chidambaram Stadium, Chepauk, Chennai",Chennai,Mumbai Indians,Chennai Super Kings,Chennai Super Kings,field,Chennai Super Kings,0,6,M Pathirana,2023,0.5714285714285714,0.6,0.4,0,8,0,0,0,28
1359524,2023-05-06,"Arun Jaitley Stadium, Delhi",Delhi,Royal Challengers Bengaluru,Delhi Capitals,Royal Challengers Bengaluru,bat,Delhi Capitals,0,7,PD Salt,2023,0.5862068965517241,0.6,0.6,1,14,2,14,2,1
1359525,2023-05-07,"Narendra Modi Stadium, Ahmedabad",Ahmedabad,Gujarat Titans,Lucknow Super Giants,Lucknow Super Giants,field,Gujarat Titans,56,0,Shubman Gill,2023,1.0,0.8,0.4,0,4,7,7,4,33
1359526,2023-05-07,"Sawai Mansingh Stadium, Jaipur",Jaipur,Rajasthan Royals,Sunrisers Hyderabad,Rajasthan Royals,bat,Sunrisers Hyderabad,0,4,GD Phillips,2023,0.5294117647058824,0.2,0.2,1,12,15,12,15,48
1359527,2023-05-08,"Eden Gardens, Kolkata",Kolkata,Punjab Kings,Kolkata Knight Riders,Punjab Kings,bat,Kolkata Knight Riders,0,5,AD Russell,2023,0.3548387096774194,0.4,0.4,1,11,6,11,6,15
1359528,2023-05-09,"Wankhede Stadium, Mumbai",Mumbai,Royal Challengers Bengaluru,Mumbai Indians,Mumbai Indians,field,Mumbai Indians,0,6,SA Yadav,2023,0.41935483870967744,0.6,0.4,0,14,8,8,8,58
1359529,2023-05-10,"MA Chidambaram Stadium, Chepauk, Chennai",Chennai,Chennai Super Kings,Delhi Capitals,Chennai Super Kings,bat,Chennai Super Kings,27,0,RA Jadeja,2023,0.6296296296296297,0.4,0.8,1,0,2,0,0,28
1359530,2023-05-11,"Eden Gardens, Kolkata",Kolkata,Kolkata Knight Riders,Rajasthan Royals,Rajasthan Royals,field,Rajasthan Royals,0,9,YBK Jaiswal,2023,0.5384615384615384,0.6,0.2,0,6,12,12,12,15
1359531,2023-05-12,"Wankhede Stadium, Mumbai",Mumbai,Mumbai Indians,Gujarat Titans,Gujarat Titans,field,Mumbai Indians,27,0,SA Yadav,2023,0.5,0.6,0.8,0,8,4,4,8,58
1359533,2023-05-13,"Arun Jaitley Stadium, Delhi",Delhi,Punjab Kings,Delhi Capitals,Delhi Capitals,field,Punjab Kings,31,0,P Simran Singh,2023,0.5,0.4,0.6,0,11,2,2,11,1
1359532,2023-05-13,"Rajiv Gandhi International Stadium, Uppal, Hyderabad",Hyderabad,Sunrisers Hyderabad,Lucknow Super Giants,Sunrisers Hyderabad,bat,Lucknow Super Giants,0,7,PN Mankad,2023,0.0,0.4,0.2,1,15,7,15,7,44
1359535,2023-05-14,"MA Chidambaram Stadium, Chepauk, Chennai",Chennai,Chennai Super Kings,Kolkata Knight Riders,Chennai Super Kings,bat,Kolkata Knight Riders,0,6,RK Singh,2023,0.6666666666666666,0.4,0.6,1,0,6,0,6,28
1359534,2023-05-14,"Sawai Mansingh Stadium, Jaipur",Jaipur,Royal Challengers Bengaluru,Rajasthan Royals,Royal Challengers Bengaluru,bat,Royal Challengers Bengaluru,112,0,WD Parnell,2023,0.5,0.4,0.4,1,14,12,14,14,48
1359536,2023-05-15,"Narendra Modi Stadium, Ahmedabad",Ahmedabad,Gujarat Titans,Sunrisers Hyderabad,Sunrisers Hyderabad,field,Gujarat Titans,34,0,Shubman Gill,2023,0.5,0.6,0.4,0,4,15,15,4,33
1359537,2023-05-16,"Bharat Ratna Shri Atal Bihari Vajpayee Ekana Cricket Stadium, Lucknow",Lucknow,Lucknow Super Giants,Mumbai Indians,Mumbai Indians,field,Lucknow Super Giants,5,0,MP Stoinis,2023,1.0,0.4,0.8,0,7,8,8,7,4
1359538,2023-05-17,"Himachal Pradesh Cricket Association Stadium, Dharamsala",Dharamsala,Delhi Capitals,Punjab Kings,Punjab Kings,field,Delhi Capitals,15,0,RR Rossouw,2023,0.45161290322580644,0.4,0.4,0,2,11,11,2,19
1359539,2023-05-18,"Rajiv Gandhi International Stadium, Uppal, Hyderabad",Hyderabad,Sunrisers Hyderabad,Royal Challengers Bengaluru,Royal Challengers Bengaluru,field,Royal Challengers Bengaluru,0,8,V Kohli,2023,0.5238095238095238,0.4,0.4,0,15,14,14,14,44
1359540,2023-05-19,"Himachal Pradesh Cricket Association Stadium, Dharamsala",Dharamsala,Punjab Kings,Rajasthan Royals,Rajasthan Royals,field,Rajasthan Royals,0,4,D Padikkal,2023,0.4,0.4,0.2,0,11,12,12,12,19
1359542,2023-05-20,"Eden Gardens, Kolkata",Kolkata,Lucknow Super Giants,Kolkata Knight Riders,Kolkata Knight Riders,field,Lucknow Super Giants,1,0,N Pooran,2023,1.0,0.4,0.6,0,7,6,6,7,15
1359541,2023-05-20,"Arun Jaitley Stadium, Delhi",Delhi,Chennai Super Kings,Delhi Capitals,Chennai Super Kings,bat,Chennai Super Kings,77,0,RD Gaikwad,2023,0.6428571428571429,0.4,0.6,1,0,2,0,0,1
1359544,2023-05-21,"M Chinnaswamy Stadium, Bengaluru",Bengaluru,Royal Challengers Bengaluru,Gujarat Titans,Gujarat Titans,field,Gujarat Titans,0,6,Shubman Gill,2023,0.5,0.6,0.6,0,14,4,4,4,24
1359543,2023-05-21,"Wankhede Stadium, Mumbai",Mumbai,Sunrisers Hyderabad,Mumbai Indians,Mumbai Indians,field,Mumbai Indians,0,8,C Green,2023,0.45,0.2,0.6,0,15,8,8,8,58
1370350,2023-05-23,"MA Chidambaram Stadium, Chepauk, Chennai",Chennai,Chennai Super Kings,Gujarat Titans,Gujarat Titans,field,Chennai Super Kings,15,0,RD Gaikwad,2023,0.0,0.6,0.8,0,0,4,4,0,28
1370351,2023-05-24,"MA Chidambaram Stadium, Chepauk, Chennai",Chennai,Mumbai Indians,Lucknow Super Giants,Mumbai Indians,bat,Mumbai Indians,81,0,Akash Madhwal,2023,0.0,0.6,0.6,1,8,7,8,8,28
1370352,2023-05-26,"Narendra Modi Stadium, Ahmedabad",Ahmedabad,Gujarat Titans,Mumbai Indians,Mumbai Indians,field,Gujarat Titans,62,0,Shubman Gill,2023,0.3333333333333333,0.6,0.8,0,4,8,8,4,33
1370353,2023-05-29,"Narendra Modi Stadium, Ahmedabad",Ahmedabad,Gujarat Titans,Chennai Super Kings,Chennai Super Kings,field,Chennai Super Kings,0,5,DP Conway,2023,0.75,0.6,0.8,0,4,0,0,0,33
1422119,2024-03-22,"MA Chidambaram Stadium, Chepauk, Chennai",Chennai,Royal Challengers Bengaluru,Chennai Super Kings,Royal Challengers Bengaluru,bat,Chennai Super Kings,0,6,Mustafizur Rahman,2024,0.3333333333333333,0.4,0.8,1,14,0,14,0,28
1422120,2024-03-23,"Maharaja Yadavindra Singh International Cricket Stadium, Mullanpur",Mohali,Delhi Capitals,Punjab Kings,Punjab Kings,field,Punjab Kings,0,4,SM Curran,2024,0.46875,0.4,0.2,0,2,11,11,11,29
1422121,2024-03-23,"Eden Gardens, Kolkata",Kolkata,Kolkata Knight Riders,Sunrisers Hyderabad,Sunrisers Hyderabad,field,Kolkata Knight Riders,4,0,AD Russell,2024,0.6,0.6,0.2,0,6,15,15,6,15
1422122,2024-03-24,"Sawai Mansingh Stadium, Jaipur",Jaipur,Rajasthan Royals,Lucknow Super Giants,Rajasthan Royals,bat,Rajasthan Royals,20,0,SV Samson,2024,0.6666666666666666,0.4,0.6,1,12,7,12,12,48
1422123,2024-03-24,"Narendra Modi Stadium, Ahmedabad",Ahmedabad,Gujarat Titans,Mumbai Indians,Mumbai Indians,field,Gujarat Titans,6,0,B Sai Sudharsan,2024,0.5,0.6,0.6,0,4,8,8,4,33
1422124,2024-03-25,"M Chinnaswamy Stadium, Bengaluru",Bengaluru,Punjab Kings,Royal Challengers Bengaluru,Royal Challengers Bengaluru,field,Royal Challengers Bengaluru,0,4,V Kohli,2024,0.5483870967741935,0.4,0.4,0,11,14,14,14,24
1422125,2024-03-26,"MA Chidambaram Stadium, Chepauk, Chennai",Chennai,Chennai Super Kings,Gujarat Titans,Gujarat Titans,field,Chennai Super Kings,63,0,S Dube,2024,0.4,0.8,0.6,0,0,4,4,0,28
1422126,2024-03-27,"Rajiv Gandhi International Stadium, Uppal, Hyderabad",Hyderabad,Sunrisers Hyderabad,Mumbai Indians,Mumbai Indians,field,Sunrisers Hyderabad,31,0,Abhishek Sharma,2024,0.42857142857142855,0.0,0.4,0,15,8,8,15,44
1422127,2024-03-28,"Sawai Mansingh Stadium, Jaipur",Jaipur,Rajasthan Royals,Delhi Capitals,Delhi Capitals,field,Rajasthan Royals,12,0,R Parag,2024,0.5185185185185185,0.6,0.2,0,12,2,2,12,48
1422128,2024-03-29,"M Chinnaswamy Stadium, Bengaluru",Bengaluru,Royal Challengers Bengaluru,Kolkata Knight Riders,Kolkata Knight Riders,field,Kolkata Knight Riders,0,7,SP Narine,2024,0.4375,0.6,0.6,0,14,6,6,6,24
1422129,2024-03-30,"Bharat Ratna Shri Atal Bihari Vajpayee Ekana Cricket Stadium, Lucknow",Lucknow,Lucknow Super Giants,Punjab Kings,Lucknow Super Giants,bat,Lucknow Super Giants,21,0,MP Yadav,2024,0.6666666666666666,0.6,0.4,1,7,11,7,7,4
1422131,2024-03-31,"Dr. Y.S. Rajasekhara Reddy ACA-VDCA Cricket Stadium, Visakhapatnam",Visakhapatnam,Delhi Capitals,Chennai Super Kings,Delhi Capitals,bat,Delhi Capitals,20,0,KK Ahmed,2024,0.3448275862068966,0.2,1.0,1,2,0,2,2,12
1422130,2024-03-31,"Narendra Modi Stadium, Ahmedabad",Ahmedabad,Sunrisers Hyderabad,Gujarat Titans,Sunrisers Hyderabad,bat,Gujarat Titans,0,7,MM Sharma,2024,0.3333333333333333,0.2,0.4,1,15,4,15,4,33
1422132,2024-04-01,"Wankhede Stadium, Mumbai",Mumbai,Mumbai Indians,Rajasthan Royals,Rajasthan Royals,field,Rajasthan Royals,0,6,TA Boult,2024,0.5555555555555556,0.4,0.8,0,8,12,12,12,58
1422133,2024-04-02,"M Chinnaswamy Stadium, Bengaluru",Bengaluru,Lucknow Super Giants,Royal Challengers Bengaluru,Royal Challengers Bengaluru,field,Lucknow Super Giants,28,0,MP Yadav,2024,0.25,0.6,0.4,0,7,14,14,7,24
1422134,2024-04-03,"Dr. Y.S. Rajasekhara Reddy ACA-VDCA Cricket Stadium, Visakhapatnam",Visakhapatnam,Kolkata Knight Riders,Delhi Capitals,Kolkata Knight Riders,bat,Kolkata Knight Riders,106,0,SP Narine,2024,0.5161290322580645,0.6,0.4,1,6,2,6,6,12
1422135,2024-04-04,"Narendra Modi Stadium, Ahmedabad",Ahmedabad,Gujarat Titans,Punjab Kings,Punjab Kings,field,Punjab Kings,0,3,Shashank Singh,2024,0.6666666666666666,0.6,0.2,0,4,11,11,11,33
1422136,2024-04-05,"Rajiv Gandhi International Stadium, Uppal, Hyderabad",Hyderabad,Chennai Super Kings,Sunrisers Hyderabad,Sunrisers Hyderabad,field,Sunrisers Hyderabad,0,6,Abhishek Sharma,2024,0.7368421052631579,0.8,0.2,0,0,15,15,15,44
1422137,2024-04-06,"Sawai Mansingh Stadium, Jaipur",Jaipur,Royal Challengers Bengaluru,Rajasthan Royals,Rajasthan Royals,field,Rajasthan Royals,0,6,JC Buttler,2024,0.5172413793103449,0.2,0.8,0,14,12,12,12,48
1422139,2024-04-07,"Bharat Ratna Shri Atal Bihari Vajpayee Ekana Cricket Stadium, Lucknow",Lucknow,Lucknow Super Giants,Gujarat Titans,Lucknow Super Giants,bat,Lucknow Super Giants,33,0,Yash Thakur,2024,0.0,0.6,0.4,1,7,4,7,7,4
1422138,2024-04-07,"Wankhede Stadium, Mumbai",Mumbai,Mumbai Indians,Delhi Capitals,Delhi Capitals,field,Mumbai Indians,29,0,R Shepherd,2024,0.5454545454545454,0.2,0.2,0,8,2,2,8,58
1426260,2024-04-08,"MA Chidambaram Stadium, Chepauk, Chennai",Chennai,Kolkata Knight Riders,Chennai Super Kings,Chennai Super Kings,field,Chennai Super Kings,0,7,RA Jadeja,2024,0.35714285714285715,0.8,0.6,0,6,0,0,0,28
1426261,2024-04-09,"Maharaja Yadavindra Singh International Cricket Stadium, Mullanpur",Mohali,Sunrisers Hyderabad,Punjab Kings,Punjab Kings,field,Sunrisers Hyderabad,2,0,Nithish Kumar Reddy,2024,0.6666666666666666,0.4,0.4,0,15,11,11,15,29
1426262,2024-04-10,"Sawai Mansingh Stadium, Jaipur",Jaipur,Rajasthan Royals,Gujarat Titans,Gujarat Titans,field,Gujarat Titans,0,3,Rashid Khan,2024,0.2,1.0,0.4,0,12,4,4,4,48
1426263,2024-04-11,"Wankhede Stadium, Mumbai",Mumbai,Royal Challengers Bengaluru,Mumbai Indians,Mumbai Indians,field,Mumbai Indians,0,7,JJ Bumrah,2024,0.40625,0.2,0.2,0,14,8,8,8,58
1426264,2024-04-12,"Bharat Ratna Shri Atal Bihari Vajpayee Ekana Cricket Stadium, Lucknow",Lucknow,Lucknow Super Giants,Delhi Capitals,Lucknow Super Giants,bat,Delhi Capitals,0,6,Kuldeep Yadav,2024,1.0,0.6,0.2,1,7,2,7,2,4
1426265,2024-04-13,"Maharaja Yadavindra Singh International Cricket Stadium, Mullanpur",Mohali,Punjab Kings,Rajasthan Royals,Rajasthan Royals,field,Rajasthan Royals,0,3,SO Hetmyer,2024,0.38461538461538464,0.4,0.8,0,11,12,12,12,29
1426266,2024-04-14,"Eden Gardens, Kolkata",Kolkata,Lucknow Super Giants,Kolkata Knight Riders,Kolkata Knight Riders,field,Kolkata Knight Riders,0,8,PD Salt,2024,1.0,0.6,0.6,0,7,6,6,6,15
1426267,2024-04-14,"Wankhede Stadium, Mumbai",Mumbai,Chennai Super Kings,Mumbai Indians,Mumbai Indians,field,Chennai Super Kings,20,0,M Pathirana,2024,0.4444444444444444,0.6,0.4,0,0,8,8,0,58
1426268,2024-04-15,"M Chinnaswamy Stadium, Bengaluru",Bengaluru,Sunrisers Hyderabad,Royal Challengers Bengaluru,Royal Challengers Bengaluru,field,Sunrisers Hyderabad,25,0,TM Head,2024,0.5,0.6,0.2,0,15,14,14,15,24
1426269,2024-04-16,"Eden Gardens, Kolkata",Kolkata,Kolkata Knight Riders,Rajasthan Royals,Rajasthan Royals,field,Rajasthan Royals,0,2,JC Buttler,2024,0.5185185185185185,0.8,0.8,0,6,12,12,12,15
1426270,2024-04-17,"Narendra Modi Stadium, Ahmedabad",Ahmedabad,Gujarat Titans,Delhi Capitals,Delhi Capitals,field,Delhi Capitals,0,6,RR Pant,2024,0.6666666666666666,0.4,0.4,0,4,2,2,2,33
1426271,2024-04-18,"Maharaja Yadavindra Singh International Cricket Stadium, Mullanpur",Mohali,Mumbai Indians,Punjab Kings,Punjab Kings,field,Mumbai Indians,9,0,JJ Bumrah,2024,0.5161290322580645,0.4,0.2,0,8,11,11,8,29
1426272,2024-04-19,"Bharat Ratna Shri Atal Bihari Vajpayee Ekana Cricket Stadium, Lucknow",Lucknow,Chennai Super Kings,Lucknow Super Giants,Lucknow Super Giants,field,Lucknow Super Giants,0,8,KL Rahul,2024,0.3333333333333333,0.6,0.6,0,0,7,7,7,4
1426273,2024-04-20,"Arun Jaitley Stadium, Delhi",Delhi,Sunrisers Hyderabad,Delhi Capitals,Delhi Capitals,field,Sunrisers Hyderabad,67,0,TM Head,2024,0.5217391304347826,0.8,0.6,0,15,2,2,15,1
1426275,2024-04-21,"Maharaja Yadavindra Singh International Cricket Stadium, Mullanpur",Mohali,Punjab Kings,Gujarat Titans,Punjab Kings,bat,Gujarat Titans,0,3,R Sai Kishore,2024,0.5,0.2,0.4,1,11,4,11,4,29
1426274,2024-04-21,"Eden Gardens, Kolkata",Kolkata,Kolkata Knight Riders,Royal Challengers Bengaluru,Royal Challengers Bengaluru,field,Kolkata Knight Riders,1,0,AD Russell,2024,0.5757575757575758,0.6,0.0,0,6,14,14,6,15
1426276,2024-04-22,"Sawai Mansingh Stadium, Jaipur",Jaipur,Mumbai Indians,Rajasthan Royals,Mumbai Indians,bat,Rajasthan Royals,0,9,Sandeep Sharma,2024,0.5357142857142857,0.6,0.8,1,8,12,8,12,48
1426277,2024-04-23,"MA Chidambaram Stadium, Chepauk, Chennai",Chennai,Chennai Super Kings,Lucknow Super Giants,Lucknow Super Giants,field,Lucknow Super Giants,0,6,MP Stoinis,2024,0.25,0.4,0.6,0,0,7,7,7,28
1426278,2024-04-24,"Arun Jaitley Stadium, Delhi",Delhi,Delhi Capitals,Gujarat Titans,Gujarat Titans,field,Delhi Capitals,4,0,RR Pant,2024,0.5,0.4,0.4,0,2,4,4,2,1
1426279,2024-04-25,"Rajiv Gandhi International Stadium, Uppal, Hyderabad",Hyderabad,Royal Challengers Bengaluru,Sunrisers Hyderabad,Royal Challengers Bengaluru,bat,Royal Challengers Bengaluru,35,0,RM Patidar,2024,0.43478260869565216,0.0,0.8,1,14,15,14,14,44
1426280,2024-04-26,"Eden Gardens, Kolkata",Kolkata,Kolkata Knight Riders,Punjab Kings,Punjab Kings,field,Punjab Kings,0,8,JM Bairstow,2024,0.65625,0.6,0.2,0,6,11,11,11,15
1426281,2024-04-27,"Arun Jaitley Stadium, Delhi",Delhi,Delhi Capitals,Mumbai Indians,Mumbai Indians,field,Delhi Capitals,10,0,J Fraser-McGurk,2024,0.4411764705882353,0.6,0.6,0,2,8,8,2,1
1426282,2024-04-27,"Bharat Ratna Shri Atal Bihari Vajpayee Ekana Cricket Stadium, Lucknow",Lucknow,Lucknow Super Giants,Rajasthan Royals,Rajasthan Royals,field,Rajasthan Royals,0,7,SV Samson,2024,0.25,0.6,0.8,0,7,12,12,12,4
1426283,2024-04-28,"Narendra Modi Stadium, Ahmedabad",Ahmedabad,Gujarat Titans,Royal Challengers Bengaluru,Royal Challengers Bengaluru,field,Royal Challengers Bengaluru,0,9,WG Jacks,2024,0.6666666666666666,0.4,0.2,0,4,14,14,14,33
1426284,2024-04-28,"MA Chidambaram Stadium, Chepauk, Chennai",Chennai,Chennai Super Kings,Sunrisers Hyderabad,Sunrisers Hyderabad,field,Chennai Super Kings,78,0,RD Gaikwad,2024,0.7,0.4,0.8,0,0,15,15,0,28
1426285,2024-04-29,"Eden Gardens, Kolkata",Kolkata,Delhi Capitals,Kolkata Knight Riders,Delhi Capitals,bat,Kolkata Knight Riders,0,7,CV Varun,2024,0.4375,0.8,0.4,1,2,6,2,6,15
1426286,2024-04-30,"Bharat Ratna Shri Atal Bihari Vajpayee Ekana Cricket Stadium, Lucknow",Lucknow,Mumbai Indians,Lucknow Super Giants,Lucknow Super Giants,field,Lucknow Super Giants,0,4,MP Stoinis,2024,0.25,0.4,0.4,0,8,7,7,7,4
1426287,2024-05-01,"MA Chidambaram Stadium, Chepauk, Chennai",Chennai,Chennai Super Kings,Punjab Kings,Punjab Kings,field,Punjab Kings,0,7,Harpreet Brar,2024,0.5357142857142857,0.6,0.2,0,0,11,11,11,28
1426288,2024-05-02,"Rajiv Gandhi International Stadium, Uppal, Hyderabad",Hyderabad,Sunrisers Hyderabad,Rajasthan Royals,Sunrisers Hyderabad,bat,Sunrisers Hyderabad,1,0,B Kumar,2024,0.5,0.6,0.8,1,15,12,15,15,44
1426289,2024-05-03,"Wankhede Stadium, Mumbai",Mumbai,Kolkata Knight Riders,Mumbai Indians,Mumbai Indians,field,Kolkata Knight Riders,24,0,VR Iyer,2024,0.28125,0.6,0.2,0,6,8,8,6,58
1426290,2024-05-04,"M Chinnaswamy Stadium, Bengaluru",Bengaluru,Gujarat Titans,Royal Challengers Bengaluru,Royal Challengers Bengaluru,field,Royal Challengers Bengaluru,0,4,Mohammed Siraj,2024,0.5,0.4,0.4,0,4,14,14,14,24
1426291,2024-05-05,"Himachal Pradesh Cricket Association Stadium, Dharamsala",Dharamsala,Chennai Super Kings,Punjab Kings,Punjab Kings,field,Chennai Super Kings,28,0,RA Jadeja,2024,0.5172413793103449,0.4,0.4,0,0,11,11,0,19
1426292,2024-05-05,"Bharat Ratna Shri Atal Bihari Vajpayee Ekana Cricket Stadium, Lucknow",Lucknow,Kolkata Knight Riders,Lucknow Super Giants,Lucknow Super Giants,field,Kolkata Knight Riders,98,0,SP Narine,2024,0.25,0.6,0.6,0,6,7,7,6,4
1426293,2024-05-06,"Wankhede Stadium, Mumbai",Mumbai,Sunrisers Hyderabad,Mumbai Indians,Mumbai Indians,field,Mumbai Indians,0,7,SA Yadav,2024,0.45454545454545453,0.6,0.2,0,15,8,8,8,58
1426294,2024-05-07,"Arun Jaitley Stadium, Delhi",Delhi,Delhi Capitals,Rajasthan Royals,Rajasthan Royals,field,Delhi Capitals,20,0,Kuldeep Yadav,2024,0.4642857142857143,0.6,0.8,0,2,12,12,2,1
1426295,2024-05-08,"Rajiv Gandhi International Stadium, Uppal, Hyderabad",Hyderabad,Lucknow Super Giants,Sunrisers Hyderabad,Lucknow Super Giants,bat,Sunrisers Hyderabad,0,10,TM Head,2024,1.0,0.6,0.4,1,7,15,7,15,44
1426296,2024-05-09,"Himachal Pradesh Cricket Association Stadium, Dharamsala",Dharamsala,Royal Challengers Bengaluru,Punjab Kings,Punjab Kings,field,Royal Challengers Bengaluru,60,0,V Kohli,2024,0.46875,0.6,0.4,0,14,11,11,14,19
1426297,2024-05-10,"Narendra Modi Stadium, Ahmedabad",Ahmedabad,Gujarat Titans,Chennai Super Kings,Chennai Super Kings,field,Gujarat Titans,35,0,Shubman Gill,2024,0.5,0.2,0.4,0,4,0,0,4,33
1426298,2024-05-11,"Eden Gardens, Kolkata",Kolkata,Kolkata Knight Riders,Mumbai Indians,Mumbai Indians,field,Kolkata Knight Riders,18,0,CV Varun,2024,0.30303030303030304,0.8,0.2,0,6,8,8,6,15
1426300,2024-05-12,"M Chinnaswamy Stadium, Bengaluru",Bengaluru,Royal Challengers Bengaluru,Delhi Capitals,Delhi Capitals,field,Royal Challengers Bengaluru,47,0,C Green,2024,0.5666666666666667,0.8,0.6,0,14,2,2,14,24
1426299,2024-05-12,"MA Chidambaram Stadium, Chepauk, Chennai",Chennai,Rajasthan Royals,Chennai Super Kings,Rajasthan Royals,bat,Chennai Super Kings,0,5,Simarjeet Singh,2024,0.4642857142857143,0.6,0.4,1,12,0,12,0,28
1426302,2024-05-14,"Arun Jaitley Stadium, Delhi",Delhi,Delhi Capitals,Lucknow Super Giants,Lucknow Super Giants,field,Delhi Capitals,19,0,I Sharma,2024,0.25,0.6,0.4,0,2,7,7,2,1
1426303,2024-05-15,"Barsapara Cricket Stadium, Guwahati",Guwahati,Rajasthan Royals,Punjab Kings,Rajasthan Royals,bat,Punjab Kings,0,5,SM Curran,2024,0.5925925925925926,0.4,0.4,1,12,11,12,11,3
1426305,2024-05-17,"Wankhede Stadium, Mumbai",Mumbai,Lucknow Super Giants,Mumbai Indians,Mumbai Indians,field,Lucknow Super Giants,18,0,N Pooran,2024,0.8,0.2,0.2,0,7,8,8,7,58
1426306,2024-05-18,"M Chinnaswamy Stadium, Bengaluru",Bengaluru,Royal Challengers Bengaluru,Chennai Super Kings,Chennai Super Kings,field,Royal Challengers Bengaluru,27,0,F du Plessis,2024,0.3225806451612903,1.0,0.6,0,14,0,0,14,24
1426307,2024-05-19,"Rajiv Gandhi International Stadium, Uppal, Hyderabad",Hyderabad,Punjab Kings,Sunrisers Hyderabad,Punjab Kings,bat,Sunrisers Hyderabad,0,4,Abhishek Sharma,2024,0.3181818181818182,0.6,0.4,1,11,15,11,15,44
1426309,2024-05-21,"Narendra Modi Stadium, Ahmedabad",Ahmedabad,Sunrisers Hyderabad,Kolkata Knight Riders,Sunrisers Hyderabad,bat,Kolkata Knight Riders,0,8,MA Starc,2024,0.34615384615384615,0.6,0.8,1,15,6,15,6,33
1426310,2024-05-22,"Narendra Modi Stadium, Ahmedabad",Ahmedabad,Royal Challengers Bengaluru,Rajasthan Royals,Rajasthan Royals,field,Rajasthan Royals,0,4,R Ashwin,2024,0.5,1.0,0.2,0,14,12,12,12,33
1426311,2024-05-24,"MA Chidambaram Stadium, Chepauk, Chennai",Chennai,Sunrisers Hyderabad,Rajasthan Royals,Rajasthan Royals,field,Sunrisers Hyderabad,36,0,Shahbaz Ahmed,2024,0.5263157894736842,0.6,0.2,0,15,12,12,15,28
1426312,2024-05-26,"MA Chidambaram Stadium, Chepauk, Chennai",Chennai,Sunrisers Hyderabad,Kolkata Knight Riders,Sunrisers Hyderabad,bat,Kolkata Knight Riders,0,8,MA Starc,2024,0.3333333333333333,0.6,1.0,1,15,6,15,6,28
1473438,2025-03-22,"Eden Gardens, Kolkata",Kolkata,Kolkata Knight Riders,Royal Challengers Bengaluru,Royal Challengers Bengaluru,field,Royal Challengers Bengaluru,0,7,KH Pandya,2025,0.5882352941176471,1.0,0.8,0,6,14,14,14,15
1473440,2025-03-23,"MA Chidambaram Stadium, Chepauk, Chennai",Chennai,Mumbai Indians,Chennai Super Kings,Chennai Super Kings,field,Chennai Super Kings,0,4,Noor Ahmad,2025,0.5405405405405406,0.2,0.4,0,8,0,0,0,28
1473439,2025-03-23,"Rajiv Gandhi International Stadium, Uppal, Hyderabad",Hyderabad,Sunrisers Hyderabad,Rajasthan Royals,Rajasthan Royals,field,Sunrisers Hyderabad,44,0,Ishan Kishan,2025,0.55,0.6,0.2,0,15,12,12,15,44
1473441,2025-03-24,"Dr. Y.S. Rajasekhara Reddy ACA-VDCA Cricket Stadium, Visakhapatnam",Visakhapatnam,Lucknow Super Giants,Delhi Capitals,Delhi Capitals,field,Delhi Capitals,0,1,Ashutosh Sharma,2025,0.6,0.4,0.6,0,7,2,2,2,12
1473442,2025-03-25,"Narendra Modi Stadium, Ahmedabad",Ahmedabad,Punjab Kings,Gujarat Titans,Gujarat Titans,field,Punjab Kings,11,0,SS Iyer,2025,0.4,0.4,0.4,0,11,4,4,11,33
1473443,2025-03-26,"Barsapara Cricket Stadium, Guwahati",Guwahati,Rajasthan Royals,Kolkata Knight Riders,Kolkata Knight Riders,field,Kolkata Knight Riders,0,8,Q de Kock,2025,0.42857142857142855,0.2,0.8,0,12,6,6,6,3
1473444,2025-03-27,"Rajiv Gandhi International Stadium, Uppal, Hyderabad",Hyderabad,Sunrisers Hyderabad,Lucknow Super Giants,Lucknow Super Giants,field,Lucknow Super Giants,0,5,SN Thakur,2025,0.25,0.6,0.2,0,15,7,7,7,44
1473445,2025-03-28,"MA Chidambaram Stadium, Chepauk, Chennai",Chennai,Royal Challengers Bengaluru,Chennai Super Kings,Chennai Super Kings,field,Royal Challengers Bengaluru,50,0,RM Patidar,2025,0.34375,0.8,0.6,0,14,0,0,14,28
1473446,2025-03-29,"Narendra Modi Stadium, Ahmedabad",Ahmedabad,Gujarat Titans,Mumbai Indians,Mumbai Indians,field,Gujarat Titans,36,0,M Prasidh Krishna,2025,0.6,0.2,0.2,0,4,8,8,4,33
1473448,2025-03-30,"Barsapara Cricket Stadium, Guwahati",Guwahati,Rajasthan Royals,Chennai Super Kings,Chennai Super Kings,field,Rajasthan Royals,6,0,N Rana,2025,0.4482758620689655,0.2,0.4,0,12,0,0,12,3
1473447,2025-03-30,"Dr. Y.S. Rajasekhara Reddy ACA-VDCA Cricket Stadium, Visakhapatnam",Visakhapatnam,Sunrisers Hyderabad,Delhi Capitals,Sunrisers Hyderabad,bat,Delhi Capitals,0,7,MA Starc,2025,0.5416666666666666,0.4,0.6,1,15,2,15,2,12
1473449,2025-03-31,"Wankhede Stadium, Mumbai",Mumbai,Kolkata Knight Riders,Mumbai Indians,Mumbai Indians,field,Mumbai Indians,0,8,Ashwani Kumar,2025,0.3235294117647059,0.8,0.2,0,6,8,8,8,58
1473450,2025-04-01,"Bharat Ratna Shri Atal Bihari Vajpayee Ekana Cricket Stadium, Lucknow",Lucknow,Lucknow Super Giants,Punjab Kings,Punjab Kings,field,Punjab Kings,0,8,P Simran Singh,2025,0.75,0.4,0.4,0,7,11,11,11,4
1473451,2025-04-02,"M Chinnaswamy Stadium, Bengaluru",Bengaluru,Royal Challengers Bengaluru,Gujarat Titans,Gujarat Titans,field,Gujarat Titans,0,8,Mohammed Siraj,2025,0.6,0.8,0.4,0,14,4,4,4,24
1473452,2025-04-03,"Eden Gardens, Kolkata",Kolkata,Kolkata Knight Riders,Sunrisers Hyderabad,Sunrisers Hyderabad,field,Kolkata Knight Riders,80,0,VG Arora,2025,0.6428571428571429,0.6,0.4,0,6,15,15,6,15
1473453,2025-04-04,"Bharat Ratna Shri Atal Bihari Vajpayee Ekana Cricket Stadium, Lucknow",Lucknow,Lucknow Super Giants,Mumbai Indians,Mumbai Indians,field,Lucknow Super Giants,12,0,DS Rathi,2025,0.8333333333333334,0.4,0.2,0,7,8,8,7,4
1473454,2025-04-05,"MA Chidambaram Stadium, Chepauk, Chennai",Chennai,Delhi Capitals,Chennai Super Kings,Delhi Capitals,bat,Delhi Capitals,25,0,KL Rahul,2025,0.36666666666666664,0.8,0.4,1,2,0,2,2,28
1473455,2025-04-05,"Maharaja Yadavindra Singh International Cricket Stadium, Mullanpur",Mohali,Rajasthan Royals,Punjab Kings,Punjab Kings,field,Rajasthan Royals,50,0,JC Archer,2025,0.5714285714285714,0.4,0.6,0,12,11,11,12,29
1473457,2025-04-06,"Rajiv Gandhi International Stadium, Uppal, Hyderabad",Hyderabad,Sunrisers Hyderabad,Gujarat Titans,Gujarat Titans,field,Gujarat Titans,0,7,Mohammed Siraj,2025,0.25,0.2,0.6,0,15,4,4,4,44
1473458,2025-04-07,"Wankhede Stadium, Mumbai",Mumbai,Royal Challengers Bengaluru,Mumbai Indians,Mumbai Indians,field,Royal Challengers Bengaluru,12,0,RM Patidar,2025,0.3939393939393939,0.6,0.2,0,14,8,8,14,58
1473459,2025-04-08,"Maharaja Yadavindra Singh International Cricket Stadium, Mullanpur",Mohali,Punjab Kings,Chennai Super Kings,Punjab Kings,bat,Punjab Kings,18,0,Priyansh Arya,2025,0.43333333333333335,0.6,0.2,1,11,0,11,11,29
1473456,2025-04-08,"Eden Gardens, Kolkata",Kolkata,Lucknow Super Giants,Kolkata Knight Riders,Kolkata Knight Riders,field,Lucknow Super Giants,4,0,N Pooran,2025,0.6,0.6,0.6,0,7,6,6,7,15
1473460,2025-04-09,"Narendra Modi Stadium, Ahmedabad",Ahmedabad,Gujarat Titans,Rajasthan Royals,Rajasthan Royals,field,Gujarat Titans,58,0,B Sai Sudharsan,2025,0.8333333333333334,0.8,0.4,0,4,12,12,4,33
1473461,2025-04-10,"M Chinnaswamy Stadium, Bengaluru",Bengaluru,Royal Challengers Bengaluru,Delhi Capitals,Delhi Capitals,field,Delhi Capitals,0,6,KL Rahul,2025,0.5806451612903226,0.6,0.8,0,14,2,2,2,24
1473462,2025-04-11,"MA Chidambaram Stadium, Chepauk, Chennai",Chennai,Chennai Super Kings,Kolkata Knight Riders,Kolkata Knight Riders,field,Kolkata Knight Riders,0,8,SP Narine,2025,0.6551724137931034,0.2,0.4,0,0,6,6,6,28
1473463,2025-04-12,"Bharat Ratna Shri Atal Bihari Vajpayee Ekana Cricket Stadium, Lucknow",Lucknow,Gujarat Titans,Lucknow Super Giants,Lucknow Super Giants,field,Lucknow Super Giants,0,6,AK Markram,2025,0.8,0.8,0.6,0,4,7,7,7,4
1473464,2025-04-12,"Rajiv Gandhi International Stadium, Uppal, Hyderabad",Hyderabad,Punjab Kings,Sunrisers Hyderabad,Punjab Kings,bat,Sunrisers Hyderabad,0,8,Abhishek Sharma,2025,0.30434782608695654,0.6,0.2,1,11,15,11,15,44
1473465,2025-04-13,"Sawai Mansingh Stadium, Jaipur",Jaipur,Rajasthan Royals,Royal Challengers Bengaluru,Royal Challengers Bengaluru,field,Royal Challengers Bengaluru,0,9,PD Salt,2025,0.45161290322580644,0.4,0.6,0,12,14,14,14,48
1473466,2025-04-13,"Arun Jaitley Stadium, Delhi",Delhi,Mumbai Indians,Delhi Capitals,Delhi Capitals,field,Mumbai Indians,12,0,KV Sharma,2025,0.5428571428571428,0.2,1.0,0,8,2,2,8,1
1473467,2025-04-14,"Bharat Ratna Shri Atal Bihari Vajpayee Ekana Cricket Stadium, Lucknow",Lucknow,Lucknow Super Giants,Chennai Super Kings,Chennai Super Kings,field,Chennai Super Kings,0,5,MS Dhoni,2025,0.6,0.8,0.0,0,7,0,0,0,4
1473468,2025-04-15,"Maharaja Yadavindra Singh International Cricket Stadium, Mullanpur",Mohali,Punjab Kings,Kolkata Knight Riders,Punjab Kings,bat,Punjab Kings,16,0,YS Chahal,2025,0.36363636363636365,0.6,0.6,1,11,6,11,11,29
1473469,2025-04-16,"Arun Jaitley Stadium, Delhi",Delhi,Delhi Capitals,Rajasthan Royals,Rajasthan Royals,field,No Result,0,0,MA Starc,2025,0.4827586206896552,0.8,0.4,0,2,12,12,9,1
1473470,2025-04-17,"Wankhede Stadium, Mumbai",Mumbai,Sunrisers Hyderabad,Mumbai Indians,Mumbai Indians,field,Mumbai Indians,0,4,WG Jacks,2025,0.43478260869565216,0.2,0.4,0,15,8,8,8,58
1473471,2025-04-18,"M Chinnaswamy Stadium, Bengaluru",Bengaluru,Royal Challengers Bengaluru,Punjab Kings,Punjab Kings,field,Punjab Kings,0,5,TH David,2025,0.48484848484848486,0.6,0.6,0,14,11,11,11,24
1473473,2025-04-19,"Sawai Mansingh Stadium, Jaipur",Jaipur,Lucknow Super Giants,Rajasthan Royals,Lucknow Super Giants,bat,Lucknow Super Giants,2,0,Avesh Khan,2025,0.2,0.6,0.4,1,7,12,7,7,48
1473472,2025-04-19,"Narendra Modi Stadium, Ahmedabad",Ahmedabad,Delhi Capitals,Gujarat Titans,Gujarat Titans,field,Gujarat Titans,0,7,JC Buttler,2025,0.6,0.6,0.8,0,2,4,4,4,33
1473474,2025-04-20,"Maharaja Yadavindra Singh International Cricket Stadium, Mullanpur",Mohali,Punjab Kings,Royal Challengers Bengaluru,Royal Challengers Bengaluru,field,Royal Challengers Bengaluru,0,7,V Kohli,2025,0.5294117647058824,0.6,0.4,0,11,14,14,14,29
1473475,2025-04-20,"Wankhede Stadium, Mumbai",Mumbai,Chennai Super Kings,Mumbai Indians,Mumbai Indians,field,Mumbai Indians,0,9,RG Sharma,2025,0.47368421052631576,0.2,0.6,0,0,8,8,8,58
1473476,2025-04-21,"Eden Gardens, Kolkata",Kolkata,Gujarat Titans,Kolkata Knight Riders,Kolkata Knight Riders,field,Gujarat Titans,39,0,Shubman Gill,2025,0.6666666666666666,0.8,0.4,0,4,6,6,4,15
1473477,2025-04-22,"Bharat Ratna Shri Atal Bihari Vajpayee Ekana Cricket Stadium, Lucknow",Lucknow,Lucknow Super Giants,Delhi Capitals,Delhi Capitals,field,Delhi Capitals,0,8,Mukesh Kumar,2025,0.5,0.8,0.4,0,7,2,2,2,4
1473478,2025-04-23,"Rajiv Gandhi International Stadium, Uppal, Hyderabad",Hyderabad,Sunrisers Hyderabad,Mumbai Indians,Mumbai Indians,field,Mumbai Indians,0,7,TA Boult,2025,0.4166666666666667,0.2,0.6,0,15,8,8,8,44
1473479,2025-04-24,"M Chinnaswamy Stadium, Bengaluru",Bengaluru,Royal Challengers Bengaluru,Rajasthan Royals,Rajasthan Royals,field,Royal Challengers Bengaluru,11,0,JR Hazlewood,2025,0.5,0.6,0.2,0,14,12,12,14,24
1473480,2025-04-25,"MA Chidambaram Stadium, Chepauk, Chennai",Chennai,Chennai Super Kings,Sunrisers Hyderabad,Sunrisers Hyderabad,field,Sunrisers Hyderabad,0,5,HV Patel,2025,0.7142857142857143,0.2,0.2,0,0,15,15,15,28
1473481,2025-04-26,"Eden Gardens, Kolkata",Kolkata,Punjab Kings,Kolkata Knight Riders,Punjab Kings,bat,No Result,0,0,Unknown,2025,0.38235294117647056,0.6,0.4,1,11,6,11,9,15
1473482,2025-04-27,"Wankhede Stadium, Mumbai",Mumbai,Mumbai Indians,Lucknow Super Giants,Lucknow Super Giants,field,Mumbai Indians,54,0,WG Jacks,2025,0.14285714285714285,0.8,0.6,0,8,7,7,8,58
1473483,2025-04-27,"Arun Jaitley Stadium, Delhi",Delhi,Delhi Capitals,Royal Challengers Bengaluru,Royal Challengers Bengaluru,field,Royal Challengers Bengaluru,0,6,KH Pandya,2025,0.375,0.4,0.6,0,2,14,14,14,1
1473484,2025-04-28,"Sawai Mansingh Stadium, Jaipur",Jaipur,Gujarat Titans,Rajasthan Royals,Rajasthan Royals,field,Rajasthan Royals,0,8,V Suryavanshi,2025,0.8571428571428571,0.8,0.0,0,4,12,12,12,48
1473485,2025-04-29,"Arun Jaitley Stadium, Delhi",Delhi,Kolkata Knight Riders,Delhi Capitals,Delhi Capitals,field,Kolkata Knight Riders,14,0,SP Narine,2025,0.5454545454545454,0.2,0.2,0,6,2,2,6,1
1473486,2025-04-30,"MA Chidambaram Stadium, Chepauk, Chennai",Chennai,Chennai Super Kings,Punjab Kings,Punjab Kings,field,Punjab Kings,0,4,SS Iyer,2025,0.5161290322580645,0.2,0.4,0,0,11,11,11,28
1473487,2025-05-01,"Sawai Mansingh Stadium, Jaipur",Jaipur,Mumbai Indians,Rajasthan Royals,Rajasthan Royals,field,Mumbai Indians,100,0,RD Rickelton,2025,0.5172413793103449,1.0,0.2,0,8,12,12,8,48
1473488,2025-05-02,"Narendra Modi Stadium, Ahmedabad",Ahmedabad,Gujarat Titans,Sunrisers Hyderabad,Sunrisers Hyderabad,field,Gujarat Titans,38,0,M Prasidh Krishna,2025,0.8,0.6,0.4,0,4,15,15,4,33
1473489,2025-05-03,"M Chinnaswamy Stadium, Bengaluru",Bengaluru,Royal Challengers Bengaluru,Chennai Super Kings,Chennai Super Kings,field,Royal Challengers Bengaluru,2,0,R Shepherd,2025,0.36363636363636365,0.8,0.2,0,14,0,0,14,24
1473490,2025-05-04,"Eden Gardens, Kolkata",Kolkata,Kolkata Knight Riders,Rajasthan Royals,Kolkata Knight Riders,bat,Kolkata Knight Riders,1,0,AD Russell,2025,0.5172413793103449,0.4,0.2,1,6,12,6,6,15
1473491,2025-05-04,"Himachal Pradesh Cricket Association Stadium, Dharamsala",Dharamsala,Punjab Kings,Lucknow Super Giants,Lucknow Super Giants,field,Punjab Kings,37,0,P Simran Singh,2025,0.4,0.6,0.4,0,11,7,7,11,19
1473492,2025-05-05,"Rajiv Gandhi International Stadium, Uppal, Hyderabad",Hyderabad,Delhi Capitals,Sunrisers Hyderabad,Sunrisers Hyderabad,field,No Result,0,0,Unknown,2025,0.44,0.2,0.4,0,2,15,15,9,44
1473493,2025-05-06,"Wankhede Stadium, Mumbai",Mumbai,Mumbai Indians,Gujarat Titans,Gujarat Titans,field,Gujarat Titans,0,3,Shubman Gill,2025,0.3333333333333333,1.0,0.6,0,8,4,4,4,58
1473494,2025-05-07,"Eden Gardens, Kolkata",Kolkata,Kolkata Knight Riders,Chennai Super Kings,Kolkata Knight Riders,bat,Chennai Super Kings,0,2,Noor Ahmad,2025,0.36666666666666664,0.4,0.2,1,6,0,6,0,15
1473495,2025-05-08,"Himachal Pradesh Cricket Association Stadium, Dharamsala",Dharamsala,Punjab Kings,Delhi Capitals,Punjab Kings,bat,No Result,0,0,Unknown,2025,0.5151515151515151,0.6,0.2,1,11,2,11,9,19
1473498,2025-05-18,"Arun Jaitley Stadium, Delhi",Delhi,Delhi Capitals,Gujarat Titans,Gujarat Titans,field,Gujarat Titans,0,10,B Sai Sudharsan,2025,0.5,0.2,0.8,0,2,4,4,4,1
1473497,2025-05-18,"Sawai Mansingh Stadium, Jaipur",Jaipur,Punjab Kings,Rajasthan Royals,Punjab Kings,bat,Punjab Kings,10,0,Harpreet Brar,2025,0.3793103448275862,0.4,0.2,1,11,12,11,11,48
1473499,2025-05-19,"Bharat Ratna Shri Atal Bihari Vajpayee Ekana Cricket Stadium, Lucknow",Lucknow,Lucknow Super Giants,Sunrisers Hyderabad,Sunrisers Hyderabad,field,Sunrisers Hyderabad,0,6,Abhishek Sharma,2025,0.8,0.2,0.2,0,7,15,15,15,4
1473500,2025-05-20,"Arun Jaitley Stadium, Delhi",Delhi,Chennai Super Kings,Rajasthan Royals,Rajasthan Royals,field,Rajasthan Royals,0,6,Akash Madhwal,2025,0.5333333333333333,0.2,0.2,0,0,12,12,12,1
1473501,2025-05-21,"Wankhede Stadium, Mumbai",Mumbai,Mumbai Indians,Delhi Capitals,Delhi Capitals,field,Mumbai Indians,59,0,SA Yadav,2025,0.5555555555555556,0.8,0.0,0,8,2,2,8,58
1473502,2025-05-22,"Narendra Modi Stadium, Ahmedabad",Ahmedabad,Lucknow Super Giants,Gujarat Titans,Gujarat Titans,field,Lucknow Super Giants,33,0,MR Marsh,2025,0.3333333333333333,0.2,0.8,0,7,4,4,7,33
1473503,2025-05-23,"Bharat Ratna Shri Atal Bihari Vajpayee Ekana Cricket Stadium, Lucknow",Lucknow,Sunrisers Hyderabad,Royal Challengers Bengaluru,Royal Challengers Bengaluru,field,Sunrisers Hyderabad,42,0,Ishan Kishan,2025,0.5,0.4,0.8,0,15,14,14,15,4
1485779,2025-05-24,"Sawai Mansingh Stadium, Jaipur",Jaipur,Punjab Kings,Delhi Capitals,Delhi Capitals,field,Delhi Capitals,0,6,Sameer Rizvi,2025,0.5,0.6,0.0,0,11,2,2,2,48
1473504,2025-05-25,"Narendra Modi Stadium, Ahmedabad",Ahmedabad,Chennai Super Kings,Gujarat Titans,Chennai Super Kings,bat,Chennai Super Kings,83,0,D Brevis,2025,0.42857142857142855,0.2,0.6,1,0,4,0,0,33
1473505,2025-05-25,"Arun Jaitley Stadium, Delhi",Delhi,Sunrisers Hyderabad,Kolkata Knight Riders,Sunrisers Hyderabad,bat,Sunrisers Hyderabad,110,0,H Klaasen,2025,0.3103448275862069,0.6,0.4,1,15,6,15,15,1
1473506,2025-05-26,"Sawai Mansingh Stadium, Jaipur",Jaipur,Mumbai Indians,Punjab Kings,Punjab Kings,field,Punjab Kings,0,7,JP Inglis,2025,0.53125,0.8,0.6,0,8,11,11,11,48
1473507,2025-05-27,"Bharat Ratna Shri Atal Bihari Vajpayee Ekana Cricket Stadium, Lucknow",Lucknow,Lucknow Super Giants,Royal Challengers Bengaluru,Royal Challengers Bengaluru,field,Royal Challengers Bengaluru,0,6,JM Sharma,2025,0.4,0.2,0.8,0,7,14,14,14,4
1473508,2025-05-29,"Maharaja Yadavindra Singh International Cricket Stadium, Mullanpur",New Chandigarh,Punjab Kings,Royal Challengers Bengaluru,Royal Challengers Bengaluru,field,Royal Challengers Bengaluru,0,8,Suyash Sharma,2025,0.5142857142857142,0.6,0.8,0,11,14,14,14,29
1473509,2025-05-30,"Maharaja Yadavindra Singh International Cricket Stadium, New Chandigarh",New Chandigarh,Mumbai Indians,Gujarat Titans,Mumbai Indians,bat,Mumbai Indians,20,0,RG Sharma,2025,0.2857142857142857,0.6,0.6,1,8,4,8,8,30
1473510,2025-06-01,"Narendra Modi Stadium, Ahmedabad",Ahmedabad,Mumbai Indians,Punjab Kings,Punjab Kings,field,Punjab Kings,0,5,SS Iyer,2025,0.5151515151515151,0.6,0.4,0,8,11,11,11,33
1473511,2025-06-03,"Narendra Modi Stadium, Ahmedabad",Ahmedabad,Royal Challengers Bengaluru,Punjab Kings,Punjab Kings,field,Royal Challengers Bengaluru,6,0,KH Pandya,2025,0.5,0.8,0.6,0,14,11,11,14,33
1527674,2026-03-28,"M Chinnaswamy Stadium, Bengaluru",Bengaluru,Sunrisers Hyderabad,Royal Challengers Bengaluru,Royal Challengers Bengaluru,field,Royal Challengers Bengaluru,0,6,JA Duffy,2026,0.52,0.6,0.8,0,15,14,14,14,24
1527675,2026-03-29,"Wankhede Stadium, Mumbai",Mumbai,Kolkata Knight Riders,Mumbai Indians,Mumbai Indians,field,Mumbai Indians,0,6,SN Thakur,2026,0.3142857142857143,0.4,0.4,0,6,8,8,8,58
1527676,2026-03-30,"Barsapara Cricket Stadium, Guwahati",Guwahati,Chennai Super Kings,Rajasthan Royals,Rajasthan Royals,field,Rajasthan Royals,0,8,N Burger,2026,0.5161290322580645,0.4,0.4,0,0,12,12,12,3
1527677,2026-03-31,"Maharaja Yadavindra Singh International Cricket Stadium, New Chandigarh",New Chandigarh,Gujarat Titans,Punjab Kings,Punjab Kings,field,Punjab Kings,0,3,C Connolly,2026,0.5,0.4,0.4,0,4,11,11,11,30
1527678,2026-04-01,"Bharat Ratna Shri Atal Bihari Vajpayee Ekana Cricket Stadium, Lucknow",Lucknow,Lucknow Super Giants,Delhi Capitals,Delhi Capitals,field,Delhi Capitals,0,6,Sameer Rizvi,2026,0.42857142857142855,0.2,0.2,0,7,2,2,2,4
1527679,2026-04-02,"Eden Gardens, Kolkata",Kolkata,Sunrisers Hyderabad,Kolkata Knight Riders,Kolkata Knight Riders,field,Sunrisers Hyderabad,65,0,Nithish Kumar Reddy,2026,0.3333333333333333,0.6,0.4,0,15,6,6,15,15
1527680,2026-04-03,"MA Chidambaram Stadium, Chepauk, Chennai",Chennai,Chennai Super Kings,Punjab Kings,Punjab Kings,field,Punjab Kings,0,5,Priyansh Arya,2026,0.5,0.4,0.6,0,0,11,11,11,28
1527681,2026-04-04,"Arun Jaitley Stadium, Delhi",Delhi,Mumbai Indians,Delhi Capitals,Delhi Capitals,field,Delhi Capitals,0,6,Sameer Rizvi,2026,0.5675675675675675,0.6,0.4,0,8,2,2,2,1
1527682,2026-04-04,"Narendra Modi Stadium, Ahmedabad",Ahmedabad,Rajasthan Royals,Gujarat Titans,Rajasthan Royals,bat,Rajasthan Royals,6,0,Ravi Bishnoi,2026,0.25,0.4,0.2,1,12,4,12,12,33
1527683,2026-04-05,"Rajiv Gandhi International Stadium, Uppal, Hyderabad",Hyderabad,Sunrisers Hyderabad,Lucknow Super Giants,Lucknow Super Giants,field,Lucknow Super Giants,0,5,Mohammed Shami,2026,0.3333333333333333,0.8,0.2,0,15,7,7,7,44
1527684,2026-04-05,"M Chinnaswamy Stadium, Bengaluru",Bengaluru,Royal Challengers Bengaluru,Chennai Super Kings,Chennai Super Kings,field,Royal Challengers Bengaluru,43,0,TH David,2026,0.38235294117647056,0.8,0.4,0,14,0,0,14,24
1527685,2026-04-06,"Eden Gardens, Kolkata",Kolkata,Kolkata Knight Riders,Punjab Kings,Kolkata Knight Riders,bat,No Result,0,0,Unknown,2026,0.6,0.2,0.6,1,6,11,6,9,15
1527686,2026-04-07,"Barsapara Cricket Stadium, Guwahati",Guwahati,Rajasthan Royals,Mumbai Indians,Mumbai Indians,field,Rajasthan Royals,27,0,YBK Jaiswal,2026,0.4666666666666667,0.6,0.4,0,12,8,8,12,3
1527687,2026-04-08,"Arun Jaitley Stadium, Delhi",Delhi,Gujarat Titans,Delhi Capitals,Delhi Capitals,field,Gujarat Titans,1,0,Rashid Khan,2026,0.5714285714285714,0.0,0.6,0,4,2,2,4,1
1527688,2026-04-09,"Eden Gardens, Kolkata",Kolkata,Kolkata Knight Riders,Lucknow Super Giants,Lucknow Super Giants,field,Lucknow Super Giants,0,3,MD Choudhary,2026,0.3333333333333333,0.0,0.4,0,6,7,7,7,15
1527689,2026-04-10,"Barsapara Cricket Stadium, Guwahati",Guwahati,Royal Challengers Bengaluru,Rajasthan Royals,Rajasthan Royals,field,Rajasthan Royals,0,6,V Suryavanshi,2026,0.5151515151515151,1.0,0.8,0,14,12,12,12,3
1527690,2026-04-11,"Maharaja Yadavindra Singh International Cricket Stadium, New Chandigarh",New Chandigarh,Sunrisers Hyderabad,Punjab Kings,Punjab Kings,field,Punjab Kings,0,6,SS Iyer,2026,0.7083333333333334,0.6,0.6,0,15,11,11,11,30
1527691,2026-04-11,"MA Chidambaram Stadium, Chepauk, Chennai",Chennai,Chennai Super Kings,Delhi Capitals,Delhi Capitals,field,Chennai Super Kings,23,0,SV Samson,2026,0.6129032258064516,0.2,0.6,0,0,2,2,0,28
1527692,2026-04-12,"Bharat Ratna Shri Atal Bihari Vajpayee Ekana Cricket Stadium, Lucknow",Lucknow,Lucknow Super Giants,Gujarat Titans,Gujarat Titans,field,Gujarat Titans,0,7,M Prasidh Krishna,2026,0.42857142857142855,0.6,0.2,0,7,4,4,4,4
1527693,2026-04-12,"Wankhede Stadium, Mumbai",Mumbai,Royal Challengers Bengaluru,Mumbai Indians,Mumbai Indians,field,Royal Challengers Bengaluru,18,0,PD Salt,2026,0.4117647058823529,0.8,0.4,0,14,8,8,14,58
1529264,2026-04-13,"Rajiv Gandhi International Stadium, Uppal, Hyderabad",Hyderabad,Sunrisers Hyderabad,Rajasthan Royals,Rajasthan Royals,field,Sunrisers Hyderabad,57,0,PP Hinge,2026,0.5714285714285714,0.4,1.0,0,15,12,12,15,44
1529265,2026-04-14,"MA Chidambaram Stadium, Chepauk, Chennai",Chennai,Chennai Super Kings,Kolkata Knight Riders,Kolkata Knight Riders,field,Chennai Super Kings,32,0,Noor Ahmad,2026,0.6451612903225806,0.4,0.0,0,0,6,6,0,28
1529266,2026-04-15,"M Chinnaswamy Stadium, Bengaluru",Bengaluru,Lucknow Super Giants,Royal Challengers Bengaluru,Royal Challengers Bengaluru,field,Royal Challengers Bengaluru,0,5,JR Hazlewood,2026,0.3333333333333333,0.4,0.8,0,7,14,14,14,24
1529267,2026-04-16,"Wankhede Stadium, Mumbai",Mumbai,Mumbai Indians,Punjab Kings,Punjab Kings,field,Punjab Kings,0,7,Arshdeep Singh,2026,0.5,0.2,0.6,0,8,11,11,11,58
1529268,2026-04-17,"Narendra Modi Stadium, Ahmedabad",Ahmedabad,Kolkata Knight Riders,Gujarat Titans,Kolkata Knight Riders,bat,Gujarat Titans,0,5,Shubman Gill,2026,0.25,0.0,0.4,1,6,4,6,4,33
1529270,2026-04-18,"Rajiv Gandhi International Stadium, Uppal, Hyderabad",Hyderabad,Sunrisers Hyderabad,Chennai Super Kings,Chennai Super Kings,field,Sunrisers Hyderabad,10,0,E Malinga,2026,0.3181818181818182,0.4,0.4,0,15,0,0,15,44
1529269,2026-04-18,"M Chinnaswamy Stadium, Bengaluru",Bengaluru,Royal Challengers Bengaluru,Delhi Capitals,Delhi Capitals,field,Delhi Capitals,0,6,T Stubbs,2026,0.5757575757575758,0.8,0.6,0,14,2,2,2,24
1529272,2026-04-19,"Maharaja Yadavindra Singh International Cricket Stadium, New Chandigarh",New Chandigarh,Punjab Kings,Lucknow Super Giants,Lucknow Super Giants,field,Punjab Kings,54,0,Priyansh Arya,2026,0.5,0.8,0.4,0,11,7,7,11,30
1529271,2026-04-19,"Eden Gardens, Kolkata",Kolkata,Rajasthan Royals,Kolkata Knight Riders,Rajasthan Royals,bat,Kolkata Knight Riders,0,4,CV Varun,2026,0.4,0.8,0.0,1,12,6,12,6,15
1529273,2026-04-20,"Narendra Modi Stadium, Ahmedabad",Ahmedabad,Mumbai Indians,Gujarat Titans,Gujarat Titans,field,Mumbai Indians,99,0,Tilak Varma,2026,0.375,0.2,0.6,0,8,4,4,8,33
1529274,2026-04-21,"Rajiv Gandhi International Stadium, Uppal, Hyderabad",Hyderabad,Sunrisers Hyderabad,Delhi Capitals,Delhi Capitals,field,Sunrisers Hyderabad,47,0,Abhishek Sharma,2026,0.5,0.6,0.6,0,15,2,2,15,44
1529275,2026-04-22,"Bharat Ratna Shri Atal Bihari Vajpayee Ekana Cricket Stadium, Lucknow",Lucknow,Rajasthan Royals,Lucknow Super Giants,Lucknow Super Giants,field,Rajasthan Royals,40,0,RA Jadeja,2026,0.6666666666666666,0.6,0.4,0,12,7,7,12,4
1529276,2026-04-23,"Wankhede Stadium, Mumbai",Mumbai,Chennai Super Kings,Mumbai Indians,Mumbai Indians,field,Chennai Super Kings,103,0,SV Samson,2026,0.46153846153846156,0.4,0.2,0,0,8,8,0,58
1529277,2026-04-24,"M Chinnaswamy Stadium, Bengaluru",Bengaluru,Gujarat Titans,Royal Challengers Bengaluru,Royal Challengers Bengaluru,field,Royal Challengers Bengaluru,0,5,V Kohli,2026,0.5,0.6,0.6,0,4,14,14,14,24
1529279,2026-04-25,"Sawai Mansingh Stadium, Jaipur",Jaipur,Rajasthan Royals,Sunrisers Hyderabad,Sunrisers Hyderabad,field,Sunrisers Hyderabad,0,5,Ishan Kishan,2026,0.4090909090909091,0.6,0.6,0,12,15,15,15,48
1529278,2026-04-25,"Arun Jaitley Stadium, Delhi",Delhi,Delhi Capitals,Punjab Kings,Delhi Capitals,bat,Punjab Kings,0,6,KL Rahul,2026,0.45714285714285713,0.4,0.8,1,2,11,2,11,1
1529280,2026-04-26,"MA Chidambaram Stadium, Chepauk, Chennai",Chennai,Chennai Super Kings,Gujarat Titans,Gujarat Titans,field,Gujarat Titans,0,8,K Rabada,2026,0.5,0.6,0.6,0,0,4,4,4,28
1529281,2026-04-26,"Bharat Ratna Shri Atal Bihari Vajpayee Ekana Cricket Stadium, Lucknow",Lucknow,Kolkata Knight Riders,Lucknow Super Giants,Lucknow Super Giants,field,No Result,0,0,RK Singh,2026,0.2857142857142857,0.2,0.2,0,6,7,7,9,4
1529282,2026-04-27,"Arun Jaitley Stadium, Delhi",Delhi,Delhi Capitals,Royal Challengers Bengaluru,Royal Challengers Bengaluru,field,Royal Challengers Bengaluru,0,9,JR Hazlewood,2026,0.38235294117647056,0.2,0.6,0,2,14,14,14,1
1529283,2026-04-28,"Maharaja Yadavindra Singh International Cricket Stadium, New Chandigarh",New Chandigarh,Punjab Kings,Rajasthan Royals,Rajasthan Royals,field,Rajasthan Royals,0,6,D Ferreira,2026,0.4,0.8,0.4,0,11,12,12,12,30
1529284,2026-04-29,"Wankhede Stadium, Mumbai",Mumbai,Mumbai Indians,Sunrisers Hyderabad,Mumbai Indians,bat,Sunrisers Hyderabad,0,6,H Klaasen,2026,0.56,0.2,0.8,1,8,15,8,15,58
1529285,2026-04-30,"Narendra Modi Stadium, Ahmedabad",Ahmedabad,Royal Challengers Bengaluru,Gujarat Titans,Gujarat Titans,field,Gujarat Titans,0,4,JO Holder,2026,0.5714285714285714,0.8,0.6,0,14,4,4,4,33
1529286,2026-05-01,"Sawai Mansingh Stadium, Jaipur",Jaipur,Rajasthan Royals,Delhi Capitals,Rajasthan Royals,bat,Delhi Capitals,0,7,KL Rahul,2026,0.5,0.4,0.2,1,12,2,12,2,48
1529287,2026-05-02,"MA Chidambaram Stadium, Chepauk, Chennai",Chennai,Mumbai Indians,Chennai Super Kings,Mumbai Indians,bat,Chennai Super Kings,0,8,RD Gaikwad,2026,0.525,0.2,0.6,1,8,0,8,0,28
1529289,2026-05-03,"Narendra Modi Stadium, Ahmedabad",Ahmedabad,Punjab Kings,Gujarat Titans,Gujarat Titans,field,Gujarat Titans,0,4,JO Holder,2026,0.5714285714285714,0.8,0.6,0,11,4,4,4,33
1529288,2026-05-03,"Rajiv Gandhi International Stadium, Uppal, Hyderabad",Hyderabad,Sunrisers Hyderabad,Kolkata Knight Riders,Sunrisers Hyderabad,bat,Kolkata Knight Riders,0,7,CV Varun,2026,0.3548387096774194,1.0,0.2,1,15,6,15,6,44
1529290,2026-05-04,"Wankhede Stadium, Mumbai",Mumbai,Lucknow Super Giants,Mumbai Indians,Mumbai Indians,field,Mumbai Indians,0,6,RD Rickelton,2026,0.75,0.0,0.2,0,7,8,8,8,58
1529291,2026-05-05,"Arun Jaitley Stadium, Delhi",Delhi,Delhi Capitals,Chennai Super Kings,Delhi Capitals,bat,Chennai Super Kings,0,8,SV Samson,2026,0.375,0.4,0.6,1,2,0,2,0,1
1529292,2026-05-06,"Rajiv Gandhi International Stadium, Uppal, Hyderabad",Hyderabad,Sunrisers Hyderabad,Punjab Kings,Punjab Kings,field,Sunrisers Hyderabad,33,0,PJ Cummins,2026,0.68,0.8,0.6,0,15,11,11,15,44
1529293,2026-05-07,"Bharat Ratna Shri Atal Bihari Vajpayee Ekana Cricket Stadium, Lucknow",Lucknow,Lucknow Super Giants,Royal Challengers Bengaluru,Royal Challengers Bengaluru,field,Lucknow Super Giants,9,0,MR Marsh,2026,0.2857142857142857,0.0,0.6,0,7,14,14,7,4
1529294,2026-05-08,"Arun Jaitley Stadium, Delhi",Delhi,Delhi Capitals,Kolkata Knight Riders,Kolkata Knight Riders,field,Kolkata Knight Riders,0,8,FH Allen,2026,0.4117647058823529,0.2,0.4,0,2,6,6,6,1
1529295,2026-05-09,"Sawai Mansingh Stadium, Jaipur",Jaipur,Gujarat Titans,Rajasthan Royals,Rajasthan Royals,field,Gujarat Titans,77,0,Rashid Khan,2026,0.6666666666666666,0.6,0.4,0,4,12,12,4,48
1529296,2026-05-10,"MA Chidambaram Stadium, Chepauk, Chennai",Chennai,Lucknow Super Giants,Chennai Super Kings,Chennai Super Kings,field,Chennai Super Kings,0,5,J Overton,2026,0.5,0.2,0.6,0,7,0,0,0,28
1529297,2026-05-10,"Shaheed Veer Narayan Singh International Stadium, Raipur",Raipur,Mumbai Indians,Royal Challengers Bengaluru,Royal Challengers Bengaluru,field,Royal Challengers Bengaluru,0,2,B Kumar,2026,0.5428571428571428,0.4,0.4,0,8,14,14,14,50
1529298,2026-05-11,"Himachal Pradesh Cricket Association Stadium, Dharamsala",Dharamsala,Punjab Kings,Delhi Capitals,Delhi Capitals,field,Delhi Capitals,0,3,M Tiwari,2026,0.5,0.4,0.2,0,11,2,2,2,19
1529299,2026-05-12,"Narendra Modi Stadium, Ahmedabad",Ahmedabad,Gujarat Titans,Sunrisers Hyderabad,Sunrisers Hyderabad,field,Gujarat Titans,82,0,K Rabada,2026,0.8333333333333334,0.8,0.8,0,4,15,15,4,33
1529300,2026-05-13,"Shaheed Veer Narayan Singh International Stadium, Raipur",Raipur,Kolkata Knight Riders,Royal Challengers Bengaluru,Royal Challengers Bengaluru,field,Royal Challengers Bengaluru,0,6,V Kohli,2026,0.5714285714285714,0.6,0.6,0,6,14,14,14,50
1529301,2026-05-14,"Himachal Pradesh Cricket Association Stadium, Dharamsala",Dharamsala,Punjab Kings,Mumbai Indians,Mumbai Indians,field,Mumbai Indians,0,6,Tilak Varma,2026,0.4857142857142857,0.2,0.2,0,11,8,8,8,19
1529302,2026-05-15,"Bharat Ratna Shri Atal Bihari Vajpayee Ekana Cricket Stadium, Lucknow",Lucknow,Chennai Super Kings,Lucknow Super Giants,Lucknow Super Giants,field,Lucknow Super Giants,0,7,MR Marsh,2026,0.42857142857142855,0.8,0.2,0,0,7,7,7,4
1529303,2026-05-16,"Eden Gardens, Kolkata",Kolkata,Kolkata Knight Riders,Gujarat Titans,Gujarat Titans,field,Kolkata Knight Riders,29,0,SP Narine,2026,0.2,0.6,1.0,0,6,4,4,6,15
1529305,2026-05-17,"Arun Jaitley Stadium, Delhi",Delhi,Rajasthan Royals,Delhi Capitals,Delhi Capitals,field,Delhi Capitals,0,5,MA Starc,2026,0.4838709677419355,0.4,0.4,0,12,2,2,2,1
1529304,2026-05-17,"Himachal Pradesh Cricket Association Stadium, Dharamsala",Dharamsala,Royal Challengers Bengaluru,Punjab Kings,Punjab Kings,field,Royal Challengers Bengaluru,23,0,VR Iyer,2026,0.5135135135135135,0.6,0.0,0,14,11,11,14,19
1529306,2026-05-18,"MA Chidambaram Stadium, Chepauk, Chennai",Chennai,Chennai Super Kings,Sunrisers Hyderabad,Chennai Super Kings,bat,Sunrisers Hyderabad,0,5,Ishan Kishan,2026,0.6521739130434783,0.6,0.6,1,0,15,0,15,28
1529307,2026-05-19,"Sawai Mansingh Stadium, Jaipur",Jaipur,Lucknow Super Giants,Rajasthan Royals,Rajasthan Royals,field,Rajasthan Royals,0,7,V Suryavanshi,2026,0.2857142857142857,0.4,0.2,0,7,12,12,12,48
1529308,2026-05-20,"Eden Gardens, Kolkata",Kolkata,Mumbai Indians,Kolkata Knight Riders,Kolkata Knight Riders,field,Kolkata Knight Riders,0,4,MK Pandey,2026,0.6944444444444444,0.4,0.6,0,8,6,6,6,15
1529309,2026-05-21,"Narendra Modi Stadium, Ahmedabad",Ahmedabad,Gujarat Titans,Chennai Super Kings,Chennai Super Kings,field,Gujarat Titans,89,0,Mohammed Siraj,2026,0.5555555555555556,0.8,0.6,0,4,0,0,4,33
1529310,2026-05-22,"Rajiv Gandhi International Stadium, Uppal, Hyderabad",Hyderabad,Sunrisers Hyderabad,Royal Challengers Bengaluru,Sunrisers Hyderabad,bat,Sunrisers Hyderabad,55,0,Ishan Kishan,2026,0.5,0.6,0.6,1,15,14,15,15,44
1529311,2026-05-23,"Bharat Ratna Shri Atal Bihari Vajpayee Ekana Cricket Stadium, Lucknow",Lucknow,Lucknow Super Giants,Punjab Kings,Punjab Kings,field,Punjab Kings,0,7,SS Iyer,2026,0.42857142857142855,0.4,0.0,0,7,11,11,11,4
1529312,2026-05-24,"Wankhede Stadium, Mumbai",Mumbai,Rajasthan Royals,Mumbai Indians,Mumbai Indians,field,Rajasthan Royals,30,0,JC Archer,2026,0.4838709677419355,0.4,0.4,0,12,8,8,12,58
1529313,2026-05-24,"Eden Gardens, Kolkata",Kolkata,Delhi Capitals,Kolkata Knight Riders,Kolkata Knight Riders,field,Delhi Capitals,40,0,Kuldeep Yadav,2026,0.4,0.6,0.8,0,2,6,6,2,15
1535462,2026-05-26,"Himachal Pradesh Cricket Association Stadium, Dharamsala",Dharamsala,Royal Challengers Bengaluru,Gujarat Titans,Gujarat Titans,field,Royal Challengers Bengaluru,92,0,RM Patidar,2026,0.5,0.6,0.8,0,14,4,4,14,19
1535463,2026-05-27,"Maharaja Yadavindra Singh International Cricket Stadium, New Chandigarh",New Chandigarh,Rajasthan Royals,Sunrisers Hyderabad,Sunrisers Hyderabad,field,Rajasthan Royals,47,0,V Suryavanshi,2026,0.391304347826087,0.4,0.6,0,12,15,15,12,30
1535464,2026-05-29,"Maharaja Yadavindra Singh International Cricket Stadium, New Chandigarh",New Chandigarh,Rajasthan Royals,Gujarat Titans,Rajasthan Royals,bat,Gujarat Titans,0,7,Shubman Gill,2026,0.3,0.6,0.6,1,12,4,12,4,30
1535465,2026-05-31,"Narendra Modi Stadium, Ahmedabad",Ahmedabad,Gujarat Titans,Royal Challengers Bengaluru,Royal Challengers Bengaluru,field,Royal Challengers Bengaluru,0,5,V Kohli,2026,0.4444444444444444,0.6,0.8,0,4,14,14,14,33
