type,entity,season,text
career_batting,A Ashish Reddy,all,"IPL career batting stats for A Ashish Reddy: 280 runs, 193 balls faced, 15 dismissals, strike rate 145.08, batting average 18.67."
career_batting,A Badoni,all,"IPL career batting stats for A Badoni: 1178 runs, 836 balls faced, 46 dismissals, strike rate 140.91, batting average 25.61."
career_batting,A Chandila,all,"IPL career batting stats for A Chandila: 4 runs, 7 balls faced, 0 dismissals, strike rate 57.14, batting average not available."
career_batting,A Chopra,all,"IPL career batting stats for A Chopra: 53 runs, 71 balls faced, 6 dismissals, strike rate 74.65, batting average 8.83."
career_batting,A Choudhary,all,"IPL career batting stats for A Choudhary: 25 runs, 20 balls faced, 1 dismissals, strike rate 125.00, batting average 25.00."
career_batting,A Dananjaya,all,"IPL career batting stats for A Dananjaya: 4 runs, 5 balls faced, 0 dismissals, strike rate 80.00, batting average not available."
career_batting,A Flintoff,all,"IPL career batting stats for A Flintoff: 62 runs, 53 balls faced, 2 dismissals, strike rate 116.98, batting average 31.00."
career_batting,A Kamboj,all,"IPL career batting stats for A Kamboj: 74 runs, 52 balls faced, 3 dismissals, strike rate 142.31, batting average 24.67."
career_batting,A Kumble,all,"IPL career batting stats for A Kumble: 35 runs, 47 balls faced, 3 dismissals, strike rate 74.47, batting average 11.67."
career_batting,A Manohar,all,"IPL career batting stats for A Manohar: 292 runs, 235 balls faced, 19 dismissals, strike rate 124.26, batting average 15.37."
career_batting,A Mhatre,all,"IPL career batting stats for A Mhatre: 441 runs, 240 balls faced, 13 dismissals, strike rate 183.75, batting average 33.92."
career_batting,A Mishra,all,"IPL career batting stats for A Mishra: 381 runs, 419 balls faced, 32 dismissals, strike rate 90.93, batting average 11.91."
career_batting,A Mithun,all,"IPL career batting stats for A Mithun: 34 runs, 26 balls faced, 5 dismissals, strike rate 130.77, batting average 6.80."
career_batting,A Mukund,all,"IPL career batting stats for A Mukund: 19 runs, 22 balls faced, 2 dismissals, strike rate 86.36, batting average 9.50."
career_batting,A Nehra,all,"IPL career batting stats for A Nehra: 41 runs, 62 balls faced, 7 dismissals, strike rate 66.13, batting average 5.86."
career_batting,A Nortje,all,"IPL career batting stats for A Nortje: 49 runs, 50 balls faced, 7 dismissals, strike rate 98.00, batting average 7.00."
career_batting,A Raghuvanshi,all,"IPL career batting stats for A Raghuvanshi: 885 runs, 608 balls faced, 26 dismissals, strike rate 145.56, batting average 34.04."
career_batting,A Singh,all,"IPL career batting stats for A Singh: 2 runs, 10 balls faced, 4 dismissals, strike rate 20.00, batting average 0.50."
career_batting,A Symonds,all,"IPL career batting stats for A Symonds: 974 runs, 750 balls faced, 27 dismissals, strike rate 129.87, batting average 36.07."
career_batting,A Tomar,all,"IPL career batting stats for A Tomar: 4 runs, 8 balls faced, 1 dismissals, strike rate 50.00, batting average 4.00."
career_batting,A Uniyal,all,"IPL career batting stats for A Uniyal: 4 runs, 7 balls faced, 1 dismissals, strike rate 57.14, batting average 4.00."
career_batting,A Zampa,all,"IPL career batting stats for A Zampa: 15 runs, 24 balls faced, 5 dismissals, strike rate 62.50, batting average 3.00."
career_batting,AA Bilakhia,all,"IPL career batting stats for AA Bilakhia: 69 runs, 85 balls faced, 5 dismissals, strike rate 81.18, batting average 13.80."
career_batting,AA Chavan,all,"IPL career batting stats for AA Chavan: 12 runs, 11 balls faced, 2 dismissals, strike rate 109.09, batting average 6.00."
career_batting,AA Jhunjhunwala,all,"IPL career batting stats for AA Jhunjhunwala: 217 runs, 210 balls faced, 13 dismissals, strike rate 103.33, batting average 16.69."
career_batting,AA Kulkarni,all,"IPL career batting stats for AA Kulkarni: 26 runs, 33 balls faced, 4 dismissals, strike rate 78.79, batting average 6.50."
career_batting,AA Noffke,all,"IPL career batting stats for AA Noffke: 9 runs, 10 balls faced, 1 dismissals, strike rate 90.00, batting average 9.00."
career_batting,AB Agarkar,all,"IPL career batting stats for AB Agarkar: 179 runs, 154 balls faced, 10 dismissals, strike rate 116.23, batting average 17.90."
career_batting,AB Barath,all,"IPL career batting stats for AB Barath: 42 runs, 42 balls faced, 2 dismissals, strike rate 100.00, batting average 21.00."
career_batting,AB Dinda,all,"IPL career batting stats for AB Dinda: 26 runs, 48 balls faced, 10 dismissals, strike rate 54.17, batting average 2.60."
career_batting,AB McDonald,all,"IPL career batting stats for AB McDonald: 123 runs, 100 balls faced, 5 dismissals, strike rate 123.00, batting average 24.60."
career_batting,AB de Villiers,all,"IPL career batting stats for AB de Villiers: 5162 runs, 3403 balls faced, 130 dismissals, strike rate 151.69, batting average 39.71."
career_batting,AC Blizzard,all,"IPL career batting stats for AC Blizzard: 120 runs, 90 balls faced, 7 dismissals, strike rate 133.33, batting average 17.14."
career_batting,AC Gilchrist,all,"IPL career batting stats for AC Gilchrist: 2069 runs, 1495 balls faced, 76 dismissals, strike rate 138.39, batting average 27.22."
career_batting,AC Thomas,all,"IPL career batting stats for AC Thomas: 20 runs, 19 balls faced, 2 dismissals, strike rate 105.26, batting average 10.00."
career_batting,AC Voges,all,"IPL career batting stats for AC Voges: 181 runs, 143 balls faced, 4 dismissals, strike rate 126.57, batting average 45.25."
career_batting,AD Hales,all,"IPL career batting stats for AD Hales: 148 runs, 118 balls faced, 6 dismissals, strike rate 125.42, batting average 24.67."
career_batting,AD Mascarenhas,all,"IPL career batting stats for AD Mascarenhas: 79 runs, 78 balls faced, 9 dismissals, strike rate 101.28, batting average 8.78."
career_batting,AD Mathews,all,"IPL career batting stats for AD Mathews: 724 runs, 575 balls faced, 31 dismissals, strike rate 125.91, batting average 23.35."
career_batting,AD Nath,all,"IPL career batting stats for AD Nath: 90 runs, 98 balls faced, 10 dismissals, strike rate 91.84, batting average 9.00."
career_batting,AD Russell,all,"IPL career batting stats for AD Russell: 2651 runs, 1522 balls faced, 94 dismissals, strike rate 174.18, batting average 28.20."
career_batting,AF Milne,all,"IPL career batting stats for AF Milne: 25 runs, 31 balls faced, 4 dismissals, strike rate 80.65, batting average 6.25."
career_batting,AG Murtaza,all,"IPL career batting stats for AG Murtaza: 10 runs, 14 balls faced, 1 dismissals, strike rate 71.43, batting average 10.00."
career_batting,AG Paunikar,all,"IPL career batting stats for AG Paunikar: 49 runs, 58 balls faced, 5 dismissals, strike rate 84.48, batting average 9.80."
career_batting,AJ Finch,all,"IPL career batting stats for AJ Finch: 2091 runs, 1631 balls faced, 84 dismissals, strike rate 128.20, batting average 24.89."
career_batting,AJ Hosein,all,"IPL career batting stats for AJ Hosein: 21 runs, 13 balls faced, 0 dismissals, strike rate 161.54, batting average not available."
career_batting,AJ Turner,all,"IPL career batting stats for AJ Turner: 24 runs, 28 balls faced, 5 dismissals, strike rate 85.71, batting average 4.80."
career_batting,AJ Tye,all,"IPL career batting stats for AJ Tye: 91 runs, 76 balls faced, 9 dismissals, strike rate 119.74, batting average 10.11."
career_batting,AK Markram,all,"IPL career batting stats for AK Markram: 1671 runs, 1233 balls faced, 55 dismissals, strike rate 135.52, batting average 30.38."
career_batting,AL Menaria,all,"IPL career batting stats for AL Menaria: 401 runs, 356 balls faced, 21 dismissals, strike rate 112.64, batting average 19.10."
career_batting,AM Ghazanfar,all,"IPL career batting stats for AM Ghazanfar: 2 runs, 3 balls faced, 0 dismissals, strike rate 66.67, batting average not available."
career_batting,AM Nayar,all,"IPL career batting stats for AM Nayar: 672 runs, 577 balls faced, 38 dismissals, strike rate 116.46, batting average 17.68."
career_batting,AM Rahane,all,"IPL career batting stats for AM Rahane: 5367 runs, 4273 balls faced, 178 dismissals, strike rate 125.60, batting average 30.15."
career_batting,AN Ahmed,all,"IPL career batting stats for AN Ahmed: 36 runs, 26 balls faced, 1 dismissals, strike rate 138.46, batting average 36.00."
career_batting,AN Ghosh,all,"IPL career batting stats for AN Ghosh: 7 runs, 8 balls faced, 2 dismissals, strike rate 87.50, batting average 3.50."
career_batting,AP Dole,all,"IPL career batting stats for AP Dole: 34 runs, 22 balls faced, 2 dismissals, strike rate 154.55, batting average 17.00."
career_batting,AP Majumdar,all,"IPL career batting stats for AP Majumdar: 87 runs, 76 balls faced, 4 dismissals, strike rate 114.47, batting average 21.75."
career_batting,AP Tare,all,"IPL career batting stats for AP Tare: 339 runs, 273 balls faced, 24 dismissals, strike rate 124.18, batting average 14.12."
career_batting,AR Bawne,all,"IPL career batting stats for AR Bawne: 12 runs, 12 balls faced, 0 dismissals, strike rate 100.00, batting average not available."
career_batting,AR Patel,all,"IPL career batting stats for AR Patel: 2089 runs, 1562 balls faced, 97 dismissals, strike rate 133.74, batting average 21.54."
career_batting,AS Joseph,all,"IPL career batting stats for AS Joseph: 27 runs, 32 balls faced, 1 dismissals, strike rate 84.38, batting average 27.00."
career_batting,AS Rajpoot,all,"IPL career batting stats for AS Rajpoot: 26 runs, 41 balls faced, 5 dismissals, strike rate 63.41, batting average 5.20."
career_batting,AS Raut,all,"IPL career batting stats for AS Raut: 194 runs, 167 balls faced, 9 dismissals, strike rate 116.17, batting average 21.56."
career_batting,AS Roy,all,"IPL career batting stats for AS Roy: 78 runs, 64 balls faced, 8 dismissals, strike rate 121.88, batting average 9.75."
career_batting,AS Yadav,all,"IPL career batting stats for AS Yadav: 49 runs, 39 balls faced, 5 dismissals, strike rate 125.64, batting average 9.80."
career_batting,AT Carey,all,"IPL career batting stats for AT Carey: 32 runs, 29 balls faced, 2 dismissals, strike rate 110.34, batting average 16.00."
career_batting,AT Rayudu,all,"IPL career batting stats for AT Rayudu: 4348 runs, 3409 balls faced, 155 dismissals, strike rate 127.54, batting average 28.05."
career_batting,AU Rashid,all,"IPL career batting stats for AU Rashid: 22 runs, 16 balls faced, 2 dismissals, strike rate 137.50, batting average 11.00."
career_batting,AUK Pathan,all,"IPL career batting stats for AUK Pathan: 39 runs, 23 balls faced, 5 dismissals, strike rate 169.57, batting average 7.80."
career_batting,Abdul Basith,all,"IPL career batting stats for Abdul Basith: 1 runs, 1 balls faced, 0 dismissals, strike rate 100.00, batting average not available."
career_batting,Abdul Samad,all,"IPL career batting stats for Abdul Samad: 857 runs, 576 balls faced, 44 dismissals, strike rate 148.78, batting average 19.48."
career_batting,Abdur Razzak,all,"IPL career batting stats for Abdur Razzak: 0 runs, 2 balls faced, 0 dismissals, strike rate 0.00, batting average not available."
career_batting,Abhishek Sharma,all,"IPL career batting stats for Abhishek Sharma: 2379 runs, 1389 balls faced, 81 dismissals, strike rate 171.27, batting average 29.37."
career_batting,Abishek Porel,all,"IPL career batting stats for Abishek Porel: 769 runs, 529 balls faced, 30 dismissals, strike rate 145.37, batting average 25.63."
career_batting,Akash Deep,all,"IPL career batting stats for Akash Deep: 25 runs, 14 balls faced, 3 dismissals, strike rate 178.57, batting average 8.33."
career_batting,Akash Madhwal,all,"IPL career batting stats for Akash Madhwal: 8 runs, 14 balls faced, 0 dismissals, strike rate 57.14, batting average not available."
career_batting,Akshat Raghuwanshi,all,"IPL career batting stats for Akshat Raghuwanshi: 29 runs, 25 balls faced, 2 dismissals, strike rate 116.00, batting average 14.50."
career_batting,Aman Hakim Khan,all,"IPL career batting stats for Aman Hakim Khan: 115 runs, 104 balls faced, 9 dismissals, strike rate 110.58, batting average 12.78."
career_batting,Aniket Verma,all,"IPL career batting stats for Aniket Verma: 315 runs, 196 balls faced, 15 dismissals, strike rate 160.71, batting average 21.00."
career_batting,Anirudh Singh,all,"IPL career batting stats for Anirudh Singh: 63 runs, 66 balls faced, 4 dismissals, strike rate 95.45, batting average 15.75."
career_batting,Ankit Sharma,all,"IPL career batting stats for Ankit Sharma: 87 runs, 67 balls faced, 7 dismissals, strike rate 129.85, batting average 12.43."
career_batting,Ankit Soni,all,"IPL career batting stats for Ankit Soni: 7 runs, 9 balls faced, 2 dismissals, strike rate 77.78, batting average 3.50."
career_batting,Anmolpreet Singh,all,"IPL career batting stats for Anmolpreet Singh: 139 runs, 115 balls faced, 9 dismissals, strike rate 120.87, batting average 15.44."
career_batting,Anuj Rawat,all,"IPL career batting stats for Anuj Rawat: 318 runs, 267 balls faced, 16 dismissals, strike rate 119.10, batting average 19.88."
career_batting,Anureet Singh,all,"IPL career batting stats for Anureet Singh: 36 runs, 47 balls faced, 4 dismissals, strike rate 76.60, batting average 9.00."
career_batting,Arjun Tendulkar,all,"IPL career batting stats for Arjun Tendulkar: 18 runs, 14 balls faced, 1 dismissals, strike rate 128.57, batting average 18.00."
career_batting,Arshad Khan,all,"IPL career batting stats for Arshad Khan: 142 runs, 95 balls faced, 6 dismissals, strike rate 149.47, batting average 23.67."
career_batting,Arshad Khan (2),all,"IPL career batting stats for Arshad Khan (2): 5 runs, 4 balls faced, 1 dismissals, strike rate 125.00, batting average 5.00."
career_batting,Arshdeep Singh,all,"IPL career batting stats for Arshdeep Singh: 32 runs, 47 balls faced, 6 dismissals, strike rate 68.09, batting average 5.33."
career_batting,Ashok Sharma,all,"IPL career batting stats for Ashok Sharma: 1 runs, 4 balls faced, 0 dismissals, strike rate 25.00, batting average not available."
career_batting,Ashutosh Sharma,all,"IPL career batting stats for Ashutosh Sharma: 564 runs, 334 balls faced, 19 dismissals, strike rate 168.86, batting average 29.68."
career_batting,Ashwani Kumar,all,"IPL career batting stats for Ashwani Kumar: 1 runs, 6 balls faced, 0 dismissals, strike rate 16.67, batting average not available."
career_batting,Atharva Taide,all,"IPL career batting stats for Atharva Taide: 260 runs, 177 balls faced, 10 dismissals, strike rate 146.89, batting average 26.00."
career_batting,Auqib Nabi,all,"IPL career batting stats for Auqib Nabi: 14 runs, 4 balls faced, 1 dismissals, strike rate 350.00, batting average 14.00."
career_batting,Avesh Khan,all,"IPL career batting stats for Avesh Khan: 68 runs, 43 balls faced, 4 dismissals, strike rate 158.14, batting average 17.00."
career_batting,Azhar Mahmood,all,"IPL career batting stats for Azhar Mahmood: 388 runs, 303 balls faced, 19 dismissals, strike rate 128.05, batting average 20.42."
career_batting,Azmatullah Omarzai,all,"IPL career batting stats for Azmatullah Omarzai: 151 runs, 101 balls faced, 10 dismissals, strike rate 149.50, batting average 15.10."
career_batting,B Akhil,all,"IPL career batting stats for B Akhil: 76 runs, 55 balls faced, 6 dismissals, strike rate 138.18, batting average 12.67."
career_batting,B Chipli,all,"IPL career batting stats for B Chipli: 280 runs, 251 balls faced, 15 dismissals, strike rate 111.55, batting average 18.67."
career_batting,B Indrajith,all,"IPL career batting stats for B Indrajith: 21 runs, 30 balls faced, 3 dismissals, strike rate 70.00, batting average 7.00."
career_batting,B Kumar,all,"IPL career batting stats for B Kumar: 354 runs, 377 balls faced, 38 dismissals, strike rate 93.90, batting average 9.32."
career_batting,B Laughlin,all,"IPL career batting stats for B Laughlin: 5 runs, 13 balls faced, 2 dismissals, strike rate 38.46, batting average 2.50."
career_batting,B Lee,all,"IPL career batting stats for B Lee: 124 runs, 97 balls faced, 10 dismissals, strike rate 127.84, batting average 12.40."
career_batting,B Sai Sudharsan,all,"IPL career batting stats for B Sai Sudharsan: 2515 runs, 1686 balls faced, 52 dismissals, strike rate 149.17, batting average 48.37."
career_batting,B Stanlake,all,"IPL career batting stats for B Stanlake: 5 runs, 2 balls faced, 0 dismissals, strike rate 250.00, batting average not available."
career_batting,B Sumanth,all,"IPL career batting stats for B Sumanth: 35 runs, 37 balls faced, 1 dismissals, strike rate 94.59, batting average 35.00."
career_batting,BA Bhatt,all,"IPL career batting stats for BA Bhatt: 6 runs, 7 balls faced, 1 dismissals, strike rate 85.71, batting average 6.00."
career_batting,BA Stokes,all,"IPL career batting stats for BA Stokes: 935 runs, 698 balls faced, 38 dismissals, strike rate 133.95, batting average 24.61."
career_batting,BAW Mendis,all,"IPL career batting stats for BAW Mendis: 3 runs, 6 balls faced, 2 dismissals, strike rate 50.00, batting average 1.50."
career_batting,BB McCullum,all,"IPL career batting stats for BB McCullum: 2880 runs, 2186 balls faced, 104 dismissals, strike rate 131.75, batting average 27.69."
career_batting,BB Samantray,all,"IPL career batting stats for BB Samantray: 125 runs, 113 balls faced, 5 dismissals, strike rate 110.62, batting average 25.00."
career_batting,BB Sran,all,"IPL career batting stats for BB Sran: 10 runs, 14 balls faced, 1 dismissals, strike rate 71.43, batting average 10.00."
career_batting,BCJ Cutting,all,"IPL career batting stats for BCJ Cutting: 238 runs, 141 balls faced, 11 dismissals, strike rate 168.79, batting average 21.64."
career_batting,BE Hendricks,all,"IPL career batting stats for BE Hendricks: 1 runs, 3 balls faced, 1 dismissals, strike rate 33.33, batting average 1.00."
career_batting,BJ Haddin,all,"IPL career batting stats for BJ Haddin: 18 runs, 11 balls faced, 1 dismissals, strike rate 163.64, batting average 18.00."
career_batting,BJ Hodge,all,"IPL career batting stats for BJ Hodge: 1400 runs, 1118 balls faced, 42 dismissals, strike rate 125.22, batting average 33.33."
career_batting,BJ Rohrer,all,"IPL career batting stats for BJ Rohrer: 193 runs, 140 balls faced, 6 dismissals, strike rate 137.86, batting average 32.17."
career_batting,BKG Mendis,all,"IPL career batting stats for BKG Mendis: 20 runs, 10 balls faced, 1 dismissals, strike rate 200.00, batting average 20.00."
career_batting,BMAJ Mendis,all,"IPL career batting stats for BMAJ Mendis: 23 runs, 27 balls faced, 3 dismissals, strike rate 85.19, batting average 7.67."
career_batting,BR Dunk,all,"IPL career batting stats for BR Dunk: 40 runs, 35 balls faced, 3 dismissals, strike rate 114.29, batting average 13.33."
career_batting,BR Sharath,all,"IPL career batting stats for BR Sharath: 2 runs, 5 balls faced, 1 dismissals, strike rate 40.00, batting average 2.00."
career_batting,Basil Thampi,all,"IPL career batting stats for Basil Thampi: 32 runs, 35 balls faced, 1 dismissals, strike rate 91.43, batting average 32.00."
career_batting,Bipul Sharma,all,"IPL career batting stats for Bipul Sharma: 187 runs, 123 balls faced, 8 dismissals, strike rate 152.03, batting average 23.38."
career_batting,Brijesh Sharma,all,"IPL career batting stats for Brijesh Sharma: 2 runs, 4 balls faced, 0 dismissals, strike rate 50.00, batting average not available."
career_batting,C Bosch,all,"IPL career batting stats for C Bosch: 97 runs, 63 balls faced, 3 dismissals, strike rate 153.97, batting average 32.33."
career_batting,C Connolly,all,"IPL career batting stats for C Connolly: 491 runs, 301 balls faced, 11 dismissals, strike rate 163.12, batting average 44.64."
career_batting,C Green,all,"IPL career batting stats for C Green: 1029 runs, 681 balls faced, 27 dismissals, strike rate 151.10, batting average 38.11."
career_batting,C Madan,all,"IPL career batting stats for C Madan: 15 runs, 19 balls faced, 1 dismissals, strike rate 78.95, batting average 15.00."
career_batting,C Munro,all,"IPL career batting stats for C Munro: 177 runs, 141 balls faced, 12 dismissals, strike rate 125.53, batting average 14.75."
career_batting,C Nanda,all,"IPL career batting stats for C Nanda: 0 runs, 1 balls faced, 1 dismissals, strike rate 0.00, batting average 0.00."
career_batting,C Sakariya,all,"IPL career batting stats for C Sakariya: 20 runs, 31 balls faced, 6 dismissals, strike rate 64.52, batting average 3.33."
career_batting,C de Grandhomme,all,"IPL career batting stats for C de Grandhomme: 303 runs, 225 balls faced, 16 dismissals, strike rate 134.67, batting average 18.94."
career_batting,CA Ingram,all,"IPL career batting stats for CA Ingram: 205 runs, 180 balls faced, 12 dismissals, strike rate 113.89, batting average 17.08."
career_batting,CA Lynn,all,"IPL career batting stats for CA Lynn: 1329 runs, 945 balls faced, 39 dismissals, strike rate 140.63, batting average 34.08."
career_batting,CA Pujara,all,"IPL career batting stats for CA Pujara: 390 runs, 391 balls faced, 19 dismissals, strike rate 99.74, batting average 20.53."
career_batting,CH Gayle,all,"IPL career batting stats for CH Gayle: 4965 runs, 3333 balls faced, 125 dismissals, strike rate 148.96, batting average 39.72."
career_batting,CH Morris,all,"IPL career batting stats for CH Morris: 618 runs, 398 balls faced, 28 dismissals, strike rate 155.28, batting average 22.07."
career_batting,CJ Anderson,all,"IPL career batting stats for CJ Anderson: 538 runs, 423 balls faced, 22 dismissals, strike rate 127.19, batting average 24.45."
career_batting,CJ Ferguson,all,"IPL career batting stats for CJ Ferguson: 98 runs, 117 balls faced, 6 dismissals, strike rate 83.76, batting average 16.33."
career_batting,CJ Jordan,all,"IPL career batting stats for CJ Jordan: 81 runs, 77 balls faced, 10 dismissals, strike rate 105.19, batting average 8.10."
career_batting,CJ McKay,all,"IPL career batting stats for CJ McKay: 8 runs, 15 balls faced, 1 dismissals, strike rate 53.33, batting average 8.00."
career_batting,CK Kapugedera,all,"IPL career batting stats for CK Kapugedera: 16 runs, 23 balls faced, 3 dismissals, strike rate 69.57, batting average 5.33."
career_batting,CK Langeveldt,all,"IPL career batting stats for CK Langeveldt: 8 runs, 9 balls faced, 2 dismissals, strike rate 88.89, batting average 4.00."
career_batting,CL White,all,"IPL career batting stats for CL White: 954 runs, 755 balls faced, 36 dismissals, strike rate 126.36, batting average 26.50."
career_batting,CM Gautam,all,"IPL career batting stats for CM Gautam: 169 runs, 150 balls faced, 10 dismissals, strike rate 112.67, batting average 16.90."
career_batting,CR Brathwaite,all,"IPL career batting stats for CR Brathwaite: 181 runs, 111 balls faced, 13 dismissals, strike rate 163.06, batting average 13.92."
career_batting,CR Woakes,all,"IPL career batting stats for CR Woakes: 78 runs, 77 balls faced, 6 dismissals, strike rate 101.30, batting average 13.00."
career_batting,CRD Fernando,all,"IPL career batting stats for CRD Fernando: 4 runs, 3 balls faced, 0 dismissals, strike rate 133.33, batting average not available."
career_batting,CV Varun,all,"IPL career batting stats for CV Varun: 31 runs, 53 balls faced, 6 dismissals, strike rate 58.49, batting average 5.17."
career_batting,D Brevis,all,"IPL career batting stats for D Brevis: 606 runs, 415 balls faced, 24 dismissals, strike rate 146.02, batting average 25.25."
career_batting,D Ferreira,all,"IPL career batting stats for D Ferreira: 326 runs, 191 balls faced, 12 dismissals, strike rate 170.68, batting average 27.17."
career_batting,D Kalyankrishna,all,"IPL career batting stats for D Kalyankrishna: 3 runs, 8 balls faced, 1 dismissals, strike rate 37.50, batting average 3.00."
career_batting,D Padikkal,all,"IPL career batting stats for D Padikkal: 2270 runs, 1705 balls faced, 85 dismissals, strike rate 133.14, batting average 26.71."
career_batting,D Pretorius,all,"IPL career batting stats for D Pretorius: 44 runs, 28 balls faced, 4 dismissals, strike rate 157.14, batting average 11.00."
career_batting,D Salunkhe,all,"IPL career batting stats for D Salunkhe: 33 runs, 24 balls faced, 2 dismissals, strike rate 137.50, batting average 16.50."
career_batting,D Wiese,all,"IPL career batting stats for D Wiese: 148 runs, 101 balls faced, 5 dismissals, strike rate 146.53, batting average 29.60."
career_batting,D du Preez,all,"IPL career batting stats for D du Preez: 10 runs, 13 balls faced, 1 dismissals, strike rate 76.92, batting average 10.00."
career_batting,DA Miller,all,"IPL career batting stats for DA Miller: 3288 runs, 2357 balls faced, 92 dismissals, strike rate 139.50, batting average 35.74."
career_batting,DA Payne,all,"IPL career batting stats for DA Payne: 6 runs, 5 balls faced, 0 dismissals, strike rate 120.00, batting average not available."
career_batting,DA Warner,all,"IPL career batting stats for DA Warner: 6565 runs, 4697 balls faced, 162 dismissals, strike rate 139.77, batting average 40.52."
career_batting,DAJ Bracewell,all,"IPL career batting stats for DAJ Bracewell: 12 runs, 9 balls faced, 0 dismissals, strike rate 133.33, batting average not available."
career_batting,DB Das,all,"IPL career batting stats for DB Das: 304 runs, 261 balls faced, 14 dismissals, strike rate 116.48, batting average 21.71."
career_batting,DB Ravi Teja,all,"IPL career batting stats for DB Ravi Teja: 375 runs, 317 balls faced, 19 dismissals, strike rate 118.30, batting average 19.74."
career_batting,DE Bollinger,all,"IPL career batting stats for DE Bollinger: 21 runs, 23 balls faced, 1 dismissals, strike rate 91.30, batting average 21.00."
career_batting,DG Nalkande,all,"IPL career batting stats for DG Nalkande: 12 runs, 12 balls faced, 2 dismissals, strike rate 100.00, batting average 6.00."
career_batting,DH Yagnik,all,"IPL career batting stats for DH Yagnik: 170 runs, 137 balls faced, 10 dismissals, strike rate 124.09, batting average 17.00."
career_batting,DJ Bravo,all,"IPL career batting stats for DJ Bravo: 1560 runs, 1204 balls faced, 69 dismissals, strike rate 129.57, batting average 22.61."
career_batting,DJ Harris,all,"IPL career batting stats for DJ Harris: 111 runs, 101 balls faced, 4 dismissals, strike rate 109.90, batting average 27.75."
career_batting,DJ Hooda,all,"IPL career batting stats for DJ Hooda: 1496 runs, 1172 balls faced, 85 dismissals, strike rate 127.65, batting average 17.60."
career_batting,DJ Hussey,all,"IPL career batting stats for DJ Hussey: 1322 runs, 1075 balls faced, 49 dismissals, strike rate 122.98, batting average 26.98."
career_batting,DJ Jacobs,all,"IPL career batting stats for DJ Jacobs: 92 runs, 98 balls faced, 7 dismissals, strike rate 93.88, batting average 13.14."
career_batting,DJ Malan,all,"IPL career batting stats for DJ Malan: 26 runs, 26 balls faced, 1 dismissals, strike rate 100.00, batting average 26.00."
career_batting,DJ Mitchell,all,"IPL career batting stats for DJ Mitchell: 351 runs, 267 balls faced, 13 dismissals, strike rate 131.46, batting average 27.00."
career_batting,DJ Muthuswami,all,"IPL career batting stats for DJ Muthuswami: 1 runs, 3 balls faced, 1 dismissals, strike rate 33.33, batting average 1.00."
career_batting,DJ Thornely,all,"IPL career batting stats for DJ Thornely: 39 runs, 53 balls faced, 3 dismissals, strike rate 73.58, batting average 13.00."
career_batting,DJ Willey,all,"IPL career batting stats for DJ Willey: 53 runs, 62 balls faced, 2 dismissals, strike rate 85.48, batting average 26.50."
career_batting,DJG Sammy,all,"IPL career batting stats for DJG Sammy: 295 runs, 241 balls faced, 15 dismissals, strike rate 122.41, batting average 19.67."
career_batting,DJM Short,all,"IPL career batting stats for DJM Short: 115 runs, 99 balls faced, 7 dismissals, strike rate 116.16, batting average 16.43."
career_batting,DL Chahar,all,"IPL career batting stats for DL Chahar: 142 runs, 103 balls faced, 10 dismissals, strike rate 137.86, batting average 14.20."
career_batting,DL Vettori,all,"IPL career batting stats for DL Vettori: 121 runs, 113 balls faced, 8 dismissals, strike rate 107.08, batting average 15.12."
career_batting,DM Bravo,all,"IPL career batting stats for DM Bravo: 6 runs, 5 balls faced, 0 dismissals, strike rate 120.00, batting average not available."
career_batting,DNT Zoysa,all,"IPL career batting stats for DNT Zoysa: 11 runs, 9 balls faced, 1 dismissals, strike rate 122.22, batting average 11.00."
career_batting,DP Conway,all,"IPL career batting stats for DP Conway: 1080 runs, 773 balls faced, 25 dismissals, strike rate 139.72, batting average 43.20."
career_batting,DP Nannes,all,"IPL career batting stats for DP Nannes: 4 runs, 13 balls faced, 1 dismissals, strike rate 30.77, batting average 4.00."
career_batting,DP Vijaykumar,all,"IPL career batting stats for DP Vijaykumar: 1 runs, 1 balls faced, 0 dismissals, strike rate 100.00, batting average not available."
career_batting,DPMD Jayawardene,all,"IPL career batting stats for DPMD Jayawardene: 1802 runs, 1462 balls faced, 63 dismissals, strike rate 123.26, batting average 28.60."
career_batting,DR Martyn,all,"IPL career batting stats for DR Martyn: 19 runs, 24 balls faced, 1 dismissals, strike rate 79.17, batting average 19.00."
career_batting,DR Sams,all,"IPL career batting stats for DR Sams: 44 runs, 44 balls faced, 9 dismissals, strike rate 100.00, batting average 4.89."
career_batting,DR Shorey,all,"IPL career batting stats for DR Shorey: 13 runs, 17 balls faced, 2 dismissals, strike rate 76.47, batting average 6.50."
career_batting,DR Smith,all,"IPL career batting stats for DR Smith: 2385 runs, 1764 balls faced, 84 dismissals, strike rate 135.20, batting average 28.39."
career_batting,DS Kulkarni,all,"IPL career batting stats for DS Kulkarni: 104 runs, 108 balls faced, 9 dismissals, strike rate 96.30, batting average 11.56."
career_batting,DS Lehmann,all,"IPL career batting stats for DS Lehmann: 18 runs, 18 balls faced, 2 dismissals, strike rate 100.00, batting average 9.00."
career_batting,DS Rathi,all,"IPL career batting stats for DS Rathi: 3 runs, 8 balls faced, 1 dismissals, strike rate 37.50, batting average 3.00."
career_batting,DT Christian,all,"IPL career batting stats for DT Christian: 460 runs, 398 balls faced, 31 dismissals, strike rate 115.58, batting average 14.84."
career_batting,DT Patil,all,"IPL career batting stats for DT Patil: 13 runs, 13 balls faced, 2 dismissals, strike rate 100.00, batting average 6.50."
career_batting,DV Malewar,all,"IPL career batting stats for DV Malewar: 2 runs, 5 balls faced, 2 dismissals, strike rate 40.00, batting average 1.00."
career_batting,DW Steyn,all,"IPL career batting stats for DW Steyn: 167 runs, 160 balls faced, 22 dismissals, strike rate 104.38, batting average 7.59."
career_batting,Dhruv Jurel,all,"IPL career batting stats for Dhruv Jurel: 1195 runs, 775 balls faced, 38 dismissals, strike rate 154.19, batting average 31.45."
career_batting,E Lewis,all,"IPL career batting stats for E Lewis: 654 runs, 477 balls faced, 24 dismissals, strike rate 137.11, batting average 27.25."
career_batting,E Malinga,all,"IPL career batting stats for E Malinga: 7 runs, 17 balls faced, 1 dismissals, strike rate 41.18, batting average 7.00."
career_batting,EJG Morgan,all,"IPL career batting stats for EJG Morgan: 1405 runs, 1146 balls faced, 62 dismissals, strike rate 122.60, batting average 22.66."
career_batting,ER Dwivedi,all,"IPL career batting stats for ER Dwivedi: 24 runs, 14 balls faced, 2 dismissals, strike rate 171.43, batting average 12.00."
career_batting,F Behardien,all,"IPL career batting stats for F Behardien: 14 runs, 13 balls faced, 2 dismissals, strike rate 107.69, batting average 7.00."
career_batting,F du Plessis,all,"IPL career batting stats for F du Plessis: 4773 runs, 3515 balls faced, 136 dismissals, strike rate 135.79, batting average 35.10."
career_batting,FA Allen,all,"IPL career batting stats for FA Allen: 14 runs, 19 balls faced, 2 dismissals, strike rate 73.68, batting average 7.00."
career_batting,FH Allen,all,"IPL career batting stats for FH Allen: 349 runs, 163 balls faced, 10 dismissals, strike rate 214.11, batting average 34.90."
career_batting,FH Edwards,all,"IPL career batting stats for FH Edwards: 4 runs, 5 balls faced, 1 dismissals, strike rate 80.00, batting average 4.00."
career_batting,FY Fazal,all,"IPL career batting stats for FY Fazal: 183 runs, 173 balls faced, 10 dismissals, strike rate 105.78, batting average 18.30."
career_batting,Fazalhaq Farooqi,all,"IPL career batting stats for Fazalhaq Farooqi: 5 runs, 15 balls faced, 0 dismissals, strike rate 33.33, batting average not available."
career_batting,G Coetzee,all,"IPL career batting stats for G Coetzee: 31 runs, 33 balls faced, 6 dismissals, strike rate 93.94, batting average 5.17."
career_batting,G Gambhir,all,"IPL career batting stats for G Gambhir: 4217 runs, 3404 balls faced, 136 dismissals, strike rate 123.88, batting average 31.01."
career_batting,GB Hogg,all,"IPL career batting stats for GB Hogg: 22 runs, 22 balls faced, 3 dismissals, strike rate 100.00, batting average 7.33."
career_batting,GC Smith,all,"IPL career batting stats for GC Smith: 739 runs, 668 balls faced, 26 dismissals, strike rate 110.63, batting average 28.42."
career_batting,GC Viljoen,all,"IPL career batting stats for GC Viljoen: 3 runs, 7 balls faced, 2 dismissals, strike rate 42.86, batting average 1.50."
career_batting,GD McGrath,all,"IPL career batting stats for GD McGrath: 4 runs, 5 balls faced, 1 dismissals, strike rate 80.00, batting average 4.00."
career_batting,GD Phillips,all,"IPL career batting stats for GD Phillips: 132 runs, 109 balls faced, 11 dismissals, strike rate 121.10, batting average 12.00."
career_batting,GF Linde,all,"IPL career batting stats for GF Linde: 31 runs, 21 balls faced, 3 dismissals, strike rate 147.62, batting average 10.33."
career_batting,GH Vihari,all,"IPL career batting stats for GH Vihari: 284 runs, 321 balls faced, 20 dismissals, strike rate 88.47, batting average 14.20."
career_batting,GHS Garton,all,"IPL career batting stats for GHS Garton: 2 runs, 4 balls faced, 1 dismissals, strike rate 50.00, batting average 2.00."
career_batting,GJ Bailey,all,"IPL career batting stats for GJ Bailey: 663 runs, 544 balls faced, 27 dismissals, strike rate 121.88, batting average 24.56."
career_batting,GJ Maxwell,all,"IPL career batting stats for GJ Maxwell: 2819 runs, 1817 balls faced, 118 dismissals, strike rate 155.15, batting average 23.89."
career_batting,GR Napier,all,"IPL career batting stats for GR Napier: 15 runs, 16 balls faced, 1 dismissals, strike rate 93.75, batting average 15.00."
career_batting,Gulbadin Naib,all,"IPL career batting stats for Gulbadin Naib: 19 runs, 15 balls faced, 1 dismissals, strike rate 126.67, batting average 19.00."
career_batting,Gurkeerat Singh,all,"IPL career batting stats for Gurkeerat Singh: 511 runs, 422 balls faced, 24 dismissals, strike rate 121.09, batting average 21.29."
career_batting,H Das,all,"IPL career batting stats for H Das: 2 runs, 5 balls faced, 1 dismissals, strike rate 40.00, batting average 2.00."
career_batting,H Klaasen,all,"IPL career batting stats for H Klaasen: 2104 runs, 1262 balls faced, 50 dismissals, strike rate 166.72, batting average 42.08."
career_batting,HC Brook,all,"IPL career batting stats for HC Brook: 190 runs, 154 balls faced, 9 dismissals, strike rate 123.38, batting average 21.11."
career_batting,HE van der Dussen,all,"IPL career batting stats for HE van der Dussen: 22 runs, 24 balls faced, 2 dismissals, strike rate 91.67, batting average 11.00."
career_batting,HF Gurney,all,"IPL career batting stats for HF Gurney: 1 runs, 5 balls faced, 0 dismissals, strike rate 20.00, batting average not available."
career_batting,HH Gibbs,all,"IPL career batting stats for HH Gibbs: 886 runs, 807 balls faced, 32 dismissals, strike rate 109.79, batting average 27.69."
career_batting,HH Pandya,all,"IPL career batting stats for HH Pandya: 2955 runs, 2020 balls faced, 106 dismissals, strike rate 146.29, batting average 27.88."
career_batting,HM Amla,all,"IPL career batting stats for HM Amla: 577 runs, 407 balls faced, 13 dismissals, strike rate 141.77, batting average 44.38."
career_batting,HR Shokeen,all,"IPL career batting stats for HR Shokeen: 66 runs, 65 balls faced, 3 dismissals, strike rate 101.54, batting average 22.00."
career_batting,HV Patel,all,"IPL career batting stats for HV Patel: 280 runs, 238 balls faced, 32 dismissals, strike rate 117.65, batting average 8.75."
career_batting,Harbhajan Singh,all,"IPL career batting stats for Harbhajan Singh: 833 runs, 604 balls faced, 55 dismissals, strike rate 137.91, batting average 15.15."
career_batting,Harmeet Singh,all,"IPL career batting stats for Harmeet Singh: 18 runs, 12 balls faced, 4 dismissals, strike rate 150.00, batting average 4.50."
career_batting,Harpreet Brar,all,"IPL career batting stats for Harpreet Brar: 249 runs, 206 balls faced, 12 dismissals, strike rate 120.87, batting average 20.75."
career_batting,Harpreet Singh,all,"IPL career batting stats for Harpreet Singh: 123 runs, 119 balls faced, 7 dismissals, strike rate 103.36, batting average 17.57."
career_batting,Harsh Dubey,all,"IPL career batting stats for Harsh Dubey: 13 runs, 9 balls faced, 2 dismissals, strike rate 144.44, batting average 6.50."
career_batting,Harshit Rana,all,"IPL career batting stats for Harshit Rana: 59 runs, 56 balls faced, 6 dismissals, strike rate 105.36, batting average 9.83."
career_batting,Himmat Singh,all,"IPL career batting stats for Himmat Singh: 92 runs, 69 balls faced, 3 dismissals, strike rate 133.33, batting average 30.67."
career_batting,I Malhotra,all,"IPL career batting stats for I Malhotra: 7 runs, 4 balls faced, 0 dismissals, strike rate 175.00, batting average not available."
career_batting,I Sharma,all,"IPL career batting stats for I Sharma: 57 runs, 69 balls faced, 6 dismissals, strike rate 82.61, batting average 9.50."
career_batting,I Udana,all,"IPL career batting stats for I Udana: 15 runs, 11 balls faced, 3 dismissals, strike rate 136.36, batting average 5.00."
career_batting,IC Pandey,all,"IPL career batting stats for IC Pandey: 0 runs, 2 balls faced, 1 dismissals, strike rate 0.00, batting average 0.00."
career_batting,IK Pathan,all,"IPL career batting stats for IK Pathan: 1139 runs, 946 balls faced, 53 dismissals, strike rate 120.40, batting average 21.49."
career_batting,IR Jaggi,all,"IPL career batting stats for IR Jaggi: 76 runs, 97 balls faced, 5 dismissals, strike rate 78.35, batting average 15.20."
career_batting,IS Sodhi,all,"IPL career batting stats for IS Sodhi: 7 runs, 17 balls faced, 2 dismissals, strike rate 41.18, batting average 3.50."
career_batting,Imran Tahir,all,"IPL career batting stats for Imran Tahir: 33 runs, 37 balls faced, 4 dismissals, strike rate 89.19, batting average 8.25."
career_batting,Iqbal Abdulla,all,"IPL career batting stats for Iqbal Abdulla: 88 runs, 84 balls faced, 2 dismissals, strike rate 104.76, batting average 44.00."
career_batting,Ishan Kishan,all,"IPL career batting stats for Ishan Kishan: 3600 runs, 2508 balls faced, 118 dismissals, strike rate 143.54, batting average 30.51."
career_batting,J Arunkumar,all,"IPL career batting stats for J Arunkumar: 23 runs, 23 balls faced, 3 dismissals, strike rate 100.00, batting average 7.67."
career_batting,J Botha,all,"IPL career batting stats for J Botha: 409 runs, 359 balls faced, 20 dismissals, strike rate 113.93, batting average 20.45."
career_batting,J Fraser-McGurk,all,"IPL career batting stats for J Fraser-McGurk: 385 runs, 193 balls faced, 15 dismissals, strike rate 199.48, batting average 25.67."
career_batting,J Overton,all,"IPL career batting stats for J Overton: 151 runs, 93 balls faced, 5 dismissals, strike rate 162.37, batting average 30.20."
career_batting,J Suchith,all,"IPL career batting stats for J Suchith: 70 runs, 61 balls faced, 4 dismissals, strike rate 114.75, batting average 17.50."
career_batting,J Syed Mohammad,all,"IPL career batting stats for J Syed Mohammad: 29 runs, 26 balls faced, 2 dismissals, strike rate 111.54, batting average 14.50."
career_batting,J Theron,all,"IPL career batting stats for J Theron: 10 runs, 12 balls faced, 2 dismissals, strike rate 83.33, batting average 5.00."
career_batting,J Yadav,all,"IPL career batting stats for J Yadav: 40 runs, 36 balls faced, 4 dismissals, strike rate 111.11, batting average 10.00."
career_batting,JA Morkel,all,"IPL career batting stats for JA Morkel: 974 runs, 686 balls faced, 40 dismissals, strike rate 141.98, batting average 24.35."
career_batting,JA Richardson,all,"IPL career batting stats for JA Richardson: 17 runs, 26 balls faced, 3 dismissals, strike rate 65.38, batting average 5.67."
career_batting,JC Archer,all,"IPL career batting stats for JC Archer: 326 runs, 225 balls faced, 25 dismissals, strike rate 144.89, batting average 13.04."
career_batting,JC Buttler,all,"IPL career batting stats for JC Buttler: 4646 runs, 3103 balls faced, 117 dismissals, strike rate 149.73, batting average 39.71."
career_batting,JD Ryder,all,"IPL career batting stats for JD Ryder: 604 runs, 458 balls faced, 28 dismissals, strike rate 131.88, batting average 21.57."
career_batting,JD Unadkat,all,"IPL career batting stats for JD Unadkat: 201 runs, 169 balls faced, 16 dismissals, strike rate 118.93, batting average 12.56."
career_batting,JDP Oram,all,"IPL career batting stats for JDP Oram: 106 runs, 108 balls faced, 8 dismissals, strike rate 98.15, batting average 13.25."
career_batting,JDS Neesham,all,"IPL career batting stats for JDS Neesham: 92 runs, 93 balls faced, 9 dismissals, strike rate 98.92, batting average 10.22."
career_batting,JE Root,all,"IPL career batting stats for JE Root: 10 runs, 15 balls faced, 1 dismissals, strike rate 66.67, batting average 10.00."
career_batting,JE Taylor,all,"IPL career batting stats for JE Taylor: 3 runs, 3 balls faced, 1 dismissals, strike rate 100.00, batting average 3.00."
career_batting,JEC Franklin,all,"IPL career batting stats for JEC Franklin: 327 runs, 301 balls faced, 11 dismissals, strike rate 108.64, batting average 29.73."
career_batting,JG Bethell,all,"IPL career batting stats for JG Bethell: 163 runs, 116 balls faced, 9 dismissals, strike rate 140.52, batting average 18.11."
career_batting,JH Kallis,all,"IPL career batting stats for JH Kallis: 2427 runs, 2222 balls faced, 85 dismissals, strike rate 109.23, batting average 28.55."
career_batting,JJ Bumrah,all,"IPL career batting stats for JJ Bumrah: 75 runs, 86 balls faced, 8 dismissals, strike rate 87.21, batting average 9.38."
career_batting,JJ Roy,all,"IPL career batting stats for JJ Roy: 614 runs, 443 balls faced, 19 dismissals, strike rate 138.60, batting average 32.32."
career_batting,JJ van der Wath,all,"IPL career batting stats for JJ van der Wath: 18 runs, 16 balls faced, 2 dismissals, strike rate 112.50, batting average 9.00."
career_batting,JL Denly,all,"IPL career batting stats for JL Denly: 0 runs, 1 balls faced, 1 dismissals, strike rate 0.00, batting average 0.00."
career_batting,JL Pattinson,all,"IPL career batting stats for JL Pattinson: 15 runs, 13 balls faced, 1 dismissals, strike rate 115.38, batting average 15.00."
career_batting,JM Bairstow,all,"IPL career batting stats for JM Bairstow: 1674 runs, 1146 balls faced, 48 dismissals, strike rate 146.07, batting average 34.88."
career_batting,JM Kemp,all,"IPL career batting stats for JM Kemp: 26 runs, 24 balls faced, 2 dismissals, strike rate 108.33, batting average 13.00."
career_batting,JM Sharma,all,"IPL career batting stats for JM Sharma: 1107 runs, 726 balls faced, 48 dismissals, strike rate 152.48, batting average 23.06."
career_batting,JO Holder,all,"IPL career batting stats for JO Holder: 324 runs, 263 balls faced, 26 dismissals, strike rate 123.19, batting average 12.46."
career_batting,JP Behrendorff,all,"IPL career batting stats for JP Behrendorff: 6 runs, 9 balls faced, 0 dismissals, strike rate 66.67, batting average not available."
career_batting,JP Duminy,all,"IPL career batting stats for JP Duminy: 2029 runs, 1636 balls faced, 51 dismissals, strike rate 124.02, batting average 39.78."
career_batting,JP Faulkner,all,"IPL career batting stats for JP Faulkner: 527 runs, 389 balls faced, 25 dismissals, strike rate 135.48, batting average 21.08."
career_batting,JP Inglis,all,"IPL career batting stats for JP Inglis: 544 runs, 314 balls faced, 14 dismissals, strike rate 173.25, batting average 38.86."
career_batting,JPR Scantlebury-Searles,all,"IPL career batting stats for JPR Scantlebury-Searles: 8 runs, 6 balls faced, 1 dismissals, strike rate 133.33, batting average 8.00."
career_batting,JR Hazlewood,all,"IPL career batting stats for JR Hazlewood: 19 runs, 30 balls faced, 1 dismissals, strike rate 63.33, batting average 19.00."
career_batting,JR Hopes,all,"IPL career batting stats for JR Hopes: 417 runs, 306 balls faced, 16 dismissals, strike rate 136.27, batting average 26.06."
career_batting,JR Philippe,all,"IPL career batting stats for JR Philippe: 78 runs, 77 balls faced, 4 dismissals, strike rate 101.30, batting average 19.50."
career_batting,Jaskaran Singh,all,"IPL career batting stats for Jaskaran Singh: 8 runs, 11 balls faced, 1 dismissals, strike rate 72.73, batting average 8.00."
career_batting,Joginder Sharma,all,"IPL career batting stats for Joginder Sharma: 36 runs, 30 balls faced, 4 dismissals, strike rate 120.00, batting average 9.00."
career_batting,K Goel,all,"IPL career batting stats for K Goel: 218 runs, 231 balls faced, 15 dismissals, strike rate 94.37, batting average 14.53."
career_batting,K Gowtham,all,"IPL career batting stats for K Gowtham: 247 runs, 148 balls faced, 18 dismissals, strike rate 166.89, batting average 13.72."
career_batting,K Kartikeya,all,"IPL career batting stats for K Kartikeya: 12 runs, 17 balls faced, 4 dismissals, strike rate 70.59, batting average 3.00."
career_batting,K Rabada,all,"IPL career batting stats for K Rabada: 262 runs, 239 balls faced, 20 dismissals, strike rate 109.62, batting average 13.10."
career_batting,K Upadhyay,all,"IPL career batting stats for K Upadhyay: 12 runs, 9 balls faced, 0 dismissals, strike rate 133.33, batting average not available."
career_batting,K Yadav,all,"IPL career batting stats for K Yadav: 0 runs, 4 balls faced, 0 dismissals, strike rate 0.00, batting average not available."
career_batting,KA Jamieson,all,"IPL career batting stats for KA Jamieson: 77 runs, 73 balls faced, 5 dismissals, strike rate 105.48, batting average 15.40."
career_batting,KA Maharaj,all,"IPL career batting stats for KA Maharaj: 1 runs, 2 balls faced, 1 dismissals, strike rate 50.00, batting average 1.00."
career_batting,KA Pollard,all,"IPL career batting stats for KA Pollard: 3412 runs, 2316 balls faced, 119 dismissals, strike rate 147.32, batting average 28.67."
career_batting,KAJ Roach,all,"IPL career batting stats for KAJ Roach: 10 runs, 9 balls faced, 1 dismissals, strike rate 111.11, batting average 10.00."
career_batting,KB Arun Karthik,all,"IPL career batting stats for KB Arun Karthik: 51 runs, 51 balls faced, 5 dismissals, strike rate 100.00, batting average 10.20."
career_batting,KC Cariappa,all,"IPL career batting stats for KC Cariappa: 24 runs, 21 balls faced, 3 dismissals, strike rate 114.29, batting average 8.00."
career_batting,KC Sangakkara,all,"IPL career batting stats for KC Sangakkara: 1687 runs, 1392 balls faced, 65 dismissals, strike rate 121.19, batting average 25.95."
career_batting,KD Karthik,all,"IPL career batting stats for KD Karthik: 4842 runs, 3577 balls faced, 184 dismissals, strike rate 135.36, batting average 26.32."
career_batting,KH Pandya,all,"IPL career batting stats for KH Pandya: 1982 runs, 1481 balls faced, 87 dismissals, strike rate 133.83, batting average 22.78."
career_batting,KJ Abbott,all,"IPL career batting stats for KJ Abbott: 13 runs, 8 balls faced, 1 dismissals, strike rate 162.50, batting average 13.00."
career_batting,KK Ahmed,all,"IPL career batting stats for KK Ahmed: 2 runs, 9 balls faced, 5 dismissals, strike rate 22.22, batting average 0.40."
career_batting,KK Cooper,all,"IPL career batting stats for KK Cooper: 116 runs, 68 balls faced, 9 dismissals, strike rate 170.59, batting average 12.89."
career_batting,KK Nair,all,"IPL career batting stats for KK Nair: 1712 runs, 1304 balls faced, 73 dismissals, strike rate 131.29, batting average 23.45."
career_batting,KL Nagarkoti,all,"IPL career batting stats for KL Nagarkoti: 22 runs, 33 balls faced, 4 dismissals, strike rate 66.67, batting average 5.50."
career_batting,KL Rahul,all,"IPL career batting stats for KL Rahul: 5815 runs, 4179 balls faced, 126 dismissals, strike rate 139.15, batting average 46.15."
career_batting,KM Asif,all,"IPL career batting stats for KM Asif: 0 runs, 2 balls faced, 1 dismissals, strike rate 0.00, batting average 0.00."
career_batting,KM Jadhav,all,"IPL career batting stats for KM Jadhav: 1208 runs, 981 balls faced, 54 dismissals, strike rate 123.14, batting average 22.37."
career_batting,KMA Paul,all,"IPL career batting stats for KMA Paul: 18 runs, 24 balls faced, 5 dismissals, strike rate 75.00, batting average 3.60."
career_batting,KMDN Kulasekara,all,"IPL career batting stats for KMDN Kulasekara: 5 runs, 3 balls faced, 0 dismissals, strike rate 166.67, batting average not available."
career_batting,KP Appanna,all,"IPL career batting stats for KP Appanna: 2 runs, 4 balls faced, 1 dismissals, strike rate 50.00, batting average 2.00."
career_batting,KP Pietersen,all,"IPL career batting stats for KP Pietersen: 1001 runs, 743 balls faced, 28 dismissals, strike rate 134.72, batting average 35.75."
career_batting,KR Mayers,all,"IPL career batting stats for KR Mayers: 379 runs, 263 balls faced, 13 dismissals, strike rate 144.11, batting average 29.15."
career_batting,KR Sen,all,"IPL career batting stats for KR Sen: 0 runs, 3 balls faced, 0 dismissals, strike rate 0.00, batting average not available."
career_batting,KS Bharat,all,"IPL career batting stats for KS Bharat: 199 runs, 163 balls faced, 7 dismissals, strike rate 122.09, batting average 28.43."
career_batting,KS Rathore,all,"IPL career batting stats for KS Rathore: 0 runs, 5 balls faced, 1 dismissals, strike rate 0.00, batting average 0.00."
career_batting,KS Sharma,all,"IPL career batting stats for KS Sharma: 16 runs, 25 balls faced, 3 dismissals, strike rate 64.00, batting average 5.33."
career_batting,KS Williamson,all,"IPL career batting stats for KS Williamson: 2128 runs, 1694 balls faced, 60 dismissals, strike rate 125.62, batting average 35.47."
career_batting,KT Maphaka,all,"IPL career batting stats for KT Maphaka: 8 runs, 2 balls faced, 0 dismissals, strike rate 400.00, batting average not available."
career_batting,KV Sharma,all,"IPL career batting stats for KV Sharma: 352 runs, 295 balls faced, 26 dismissals, strike rate 119.32, batting average 13.54."
career_batting,KW Richardson,all,"IPL career batting stats for KW Richardson: 36 runs, 39 balls faced, 3 dismissals, strike rate 92.31, batting average 12.00."
career_batting,Kamran Akmal,all,"IPL career batting stats for Kamran Akmal: 128 runs, 78 balls faced, 5 dismissals, strike rate 164.10, batting average 25.60."
career_batting,Kamran Khan,all,"IPL career batting stats for Kamran Khan: 3 runs, 5 balls faced, 1 dismissals, strike rate 60.00, batting average 3.00."
career_batting,Karanveer Singh,all,"IPL career batting stats for Karanveer Singh: 12 runs, 17 balls faced, 1 dismissals, strike rate 70.59, batting average 12.00."
career_batting,Kartik Sharma,all,"IPL career batting stats for Kartik Sharma: 295 runs, 216 balls faced, 9 dismissals, strike rate 136.57, batting average 32.78."
career_batting,Kartik Tyagi,all,"IPL career batting stats for Kartik Tyagi: 24 runs, 26 balls faced, 7 dismissals, strike rate 92.31, batting average 3.43."
career_batting,Krish Bhagat,all,"IPL career batting stats for Krish Bhagat: 10 runs, 21 balls faced, 1 dismissals, strike rate 47.62, batting average 10.00."
career_batting,Kuldeep Yadav,all,"IPL career batting stats for Kuldeep Yadav: 210 runs, 253 balls faced, 18 dismissals, strike rate 83.00, batting average 11.67."
career_batting,Kumar Kushagra,all,"IPL career batting stats for Kumar Kushagra: 21 runs, 21 balls faced, 4 dismissals, strike rate 100.00, batting average 5.25."
career_batting,L Ablish,all,"IPL career batting stats for L Ablish: 0 runs, 2 balls faced, 0 dismissals, strike rate 0.00, batting average not available."
career_batting,L Balaji,all,"IPL career batting stats for L Balaji: 36 runs, 49 balls faced, 8 dismissals, strike rate 73.47, batting average 4.50."
career_batting,L Ngidi,all,"IPL career batting stats for L Ngidi: 4 runs, 9 balls faced, 2 dismissals, strike rate 44.44, batting average 2.00."
career_batting,L Ronchi,all,"IPL career batting stats for L Ronchi: 34 runs, 34 balls faced, 5 dismissals, strike rate 100.00, batting average 6.80."
career_batting,L Wood,all,"IPL career batting stats for L Wood: 9 runs, 3 balls faced, 0 dismissals, strike rate 300.00, batting average not available."
career_batting,LA Carseldine,all,"IPL career batting stats for LA Carseldine: 81 runs, 68 balls faced, 4 dismissals, strike rate 119.12, batting average 20.25."
career_batting,LA Pomersbach,all,"IPL career batting stats for LA Pomersbach: 302 runs, 246 balls faced, 11 dismissals, strike rate 122.76, batting average 27.45."
career_batting,LB Williams,all,"IPL career batting stats for LB Williams: 1 runs, 2 balls faced, 0 dismissals, strike rate 50.00, batting average not available."
career_batting,LE Plunkett,all,"IPL career batting stats for LE Plunkett: 1 runs, 3 balls faced, 1 dismissals, strike rate 33.33, batting average 1.00."
career_batting,LG Pretorius,all,"IPL career batting stats for LG Pretorius: 7 runs, 8 balls faced, 2 dismissals, strike rate 87.50, batting average 3.50."
career_batting,LH Ferguson,all,"IPL career batting stats for LH Ferguson: 72 runs, 47 balls faced, 3 dismissals, strike rate 153.19, batting average 24.00."
career_batting,LJ Wright,all,"IPL career batting stats for LJ Wright: 106 runs, 60 balls faced, 5 dismissals, strike rate 176.67, batting average 21.20."
career_batting,LMP Simmons,all,"IPL career batting stats for LMP Simmons: 1079 runs, 852 balls faced, 27 dismissals, strike rate 126.64, batting average 39.96."
career_batting,LPC Silva,all,"IPL career batting stats for LPC Silva: 40 runs, 26 balls faced, 2 dismissals, strike rate 153.85, batting average 20.00."
career_batting,LR Shukla,all,"IPL career batting stats for LR Shukla: 405 runs, 350 balls faced, 27 dismissals, strike rate 115.71, batting average 15.00."
career_batting,LRPL Taylor,all,"IPL career batting stats for LRPL Taylor: 1017 runs, 822 balls faced, 40 dismissals, strike rate 123.72, batting average 25.42."
career_batting,LS Livingstone,all,"IPL career batting stats for LS Livingstone: 1066 runs, 687 balls faced, 42 dismissals, strike rate 155.17, batting average 25.38."
career_batting,Lalit Yadav,all,"IPL career batting stats for Lalit Yadav: 305 runs, 290 balls faced, 16 dismissals, strike rate 105.17, batting average 19.06."
career_batting,Liton Das,all,"IPL career batting stats for Liton Das: 4 runs, 4 balls faced, 1 dismissals, strike rate 100.00, batting average 4.00."
career_batting,M Ashwin,all,"IPL career batting stats for M Ashwin: 35 runs, 50 balls faced, 9 dismissals, strike rate 70.00, batting average 3.89."
career_batting,M Jansen,all,"IPL career batting stats for M Jansen: 192 runs, 174 balls faced, 15 dismissals, strike rate 110.34, batting average 12.80."
career_batting,M Kaif,all,"IPL career batting stats for M Kaif: 259 runs, 250 balls faced, 18 dismissals, strike rate 103.60, batting average 14.39."
career_batting,M Kartik,all,"IPL career batting stats for M Kartik: 113 runs, 108 balls faced, 7 dismissals, strike rate 104.63, batting average 16.14."
career_batting,M Klinger,all,"IPL career batting stats for M Klinger: 73 runs, 77 balls faced, 4 dismissals, strike rate 94.81, batting average 18.25."
career_batting,M Manhas,all,"IPL career batting stats for M Manhas: 514 runs, 470 balls faced, 23 dismissals, strike rate 109.36, batting average 22.35."
career_batting,M Markande,all,"IPL career batting stats for M Markande: 48 runs, 42 balls faced, 3 dismissals, strike rate 114.29, batting average 16.00."
career_batting,M Morkel,all,"IPL career batting stats for M Morkel: 126 runs, 90 balls faced, 11 dismissals, strike rate 140.00, batting average 11.45."
career_batting,M Muralitharan,all,"IPL career batting stats for M Muralitharan: 20 runs, 30 balls faced, 6 dismissals, strike rate 66.67, batting average 3.33."
career_batting,M Ntini,all,"IPL career batting stats for M Ntini: 11 runs, 18 balls faced, 1 dismissals, strike rate 61.11, batting average 11.00."
career_batting,M Prasidh Krishna,all,"IPL career batting stats for M Prasidh Krishna: 15 runs, 31 balls faced, 3 dismissals, strike rate 48.39, batting average 5.00."
career_batting,M Rawat,all,"IPL career batting stats for M Rawat: 55 runs, 69 balls faced, 5 dismissals, strike rate 79.71, batting average 11.00."
career_batting,M Shahrukh Khan,all,"IPL career batting stats for M Shahrukh Khan: 775 runs, 524 balls faced, 38 dismissals, strike rate 147.90, batting average 20.39."
career_batting,M Theekshana,all,"IPL career batting stats for M Theekshana: 17 runs, 34 balls faced, 3 dismissals, strike rate 50.00, batting average 5.67."
career_batting,M Tiwari,all,"IPL career batting stats for M Tiwari: 21 runs, 12 balls faced, 1 dismissals, strike rate 175.00, batting average 21.00."
career_batting,M Vijay,all,"IPL career batting stats for M Vijay: 2619 runs, 2149 balls faced, 101 dismissals, strike rate 121.87, batting average 25.93."
career_batting,M Vohra,all,"IPL career batting stats for M Vohra: 1083 runs, 829 balls faced, 49 dismissals, strike rate 130.64, batting average 22.10."
career_batting,M de Lange,all,"IPL career batting stats for M de Lange: 1 runs, 2 balls faced, 1 dismissals, strike rate 50.00, batting average 1.00."
career_batting,MA Agarwal,all,"IPL career batting stats for MA Agarwal: 2756 runs, 2064 balls faced, 120 dismissals, strike rate 133.53, batting average 22.97."
career_batting,MA Khote,all,"IPL career batting stats for MA Khote: 24 runs, 22 balls faced, 2 dismissals, strike rate 109.09, batting average 12.00."
career_batting,MA Starc,all,"IPL career batting stats for MA Starc: 111 runs, 121 balls faced, 12 dismissals, strike rate 91.74, batting average 9.25."
career_batting,MA Wood,all,"IPL career batting stats for MA Wood: 12 runs, 8 balls faced, 2 dismissals, strike rate 150.00, batting average 6.00."
career_batting,MC Henriques,all,"IPL career batting stats for MC Henriques: 1000 runs, 788 balls faced, 36 dismissals, strike rate 126.90, batting average 27.78."
career_batting,MC Juneja,all,"IPL career batting stats for MC Juneja: 125 runs, 128 balls faced, 7 dismissals, strike rate 97.66, batting average 17.86."
career_batting,MD Choudhary,all,"IPL career batting stats for MD Choudhary: 170 runs, 120 balls faced, 6 dismissals, strike rate 141.67, batting average 28.33."
career_batting,MD Mishra,all,"IPL career batting stats for MD Mishra: 237 runs, 208 balls faced, 16 dismissals, strike rate 113.94, batting average 14.81."
career_batting,MD Shanaka,all,"IPL career batting stats for MD Shanaka: 89 runs, 72 balls faced, 7 dismissals, strike rate 123.61, batting average 12.71."
career_batting,MDKJ Perera,all,"IPL career batting stats for MDKJ Perera: 14 runs, 13 balls faced, 2 dismissals, strike rate 107.69, batting average 7.00."
career_batting,MEK Hussey,all,"IPL career batting stats for MEK Hussey: 1977 runs, 1612 balls faced, 51 dismissals, strike rate 122.64, batting average 38.76."
career_batting,MF Maharoof,all,"IPL career batting stats for MF Maharoof: 177 runs, 123 balls faced, 10 dismissals, strike rate 143.90, batting average 17.70."
career_batting,MG Bracewell,all,"IPL career batting stats for MG Bracewell: 58 runs, 47 balls faced, 2 dismissals, strike rate 123.40, batting average 29.00."
career_batting,MG Johnson,all,"IPL career batting stats for MG Johnson: 167 runs, 164 balls faced, 13 dismissals, strike rate 101.83, batting average 12.85."
career_batting,MJ Clarke,all,"IPL career batting stats for MJ Clarke: 98 runs, 94 balls faced, 6 dismissals, strike rate 104.26, batting average 16.33."
career_batting,MJ Guptill,all,"IPL career batting stats for MJ Guptill: 270 runs, 196 balls faced, 12 dismissals, strike rate 137.76, batting average 22.50."
career_batting,MJ Henry,all,"IPL career batting stats for MJ Henry: 7 runs, 10 balls faced, 2 dismissals, strike rate 70.00, batting average 3.50."
career_batting,MJ Lumb,all,"IPL career batting stats for MJ Lumb: 278 runs, 194 balls faced, 12 dismissals, strike rate 143.30, batting average 23.17."
career_batting,MJ McClenaghan,all,"IPL career batting stats for MJ McClenaghan: 85 runs, 70 balls faced, 13 dismissals, strike rate 121.43, batting average 6.54."
career_batting,MJ Owen,all,"IPL career batting stats for MJ Owen: 0 runs, 2 balls faced, 1 dismissals, strike rate 0.00, batting average 0.00."
career_batting,MJ Santner,all,"IPL career batting stats for MJ Santner: 136 runs, 123 balls faced, 8 dismissals, strike rate 110.57, batting average 17.00."
career_batting,MJ Suthar,all,"IPL career batting stats for MJ Suthar: 1 runs, 2 balls faced, 1 dismissals, strike rate 50.00, batting average 1.00."
career_batting,MK Lomror,all,"IPL career batting stats for MK Lomror: 527 runs, 373 balls faced, 29 dismissals, strike rate 141.29, batting average 18.17."
career_batting,MK Pandey,all,"IPL career batting stats for MK Pandey: 4012 runs, 3293 balls faced, 136 dismissals, strike rate 121.83, batting average 29.50."
career_batting,MK Tiwary,all,"IPL career batting stats for MK Tiwary: 1695 runs, 1449 balls faced, 59 dismissals, strike rate 116.98, batting average 28.73."
career_batting,ML Hayden,all,"IPL career batting stats for ML Hayden: 1107 runs, 805 balls faced, 30 dismissals, strike rate 137.52, batting average 36.90."
career_batting,MM Ali,all,"IPL career batting stats for MM Ali: 1167 runs, 835 balls faced, 53 dismissals, strike rate 139.76, batting average 22.02."
career_batting,MM Patel,all,"IPL career batting stats for MM Patel: 39 runs, 41 balls faced, 6 dismissals, strike rate 95.12, batting average 6.50."
career_batting,MM Sharma,all,"IPL career batting stats for MM Sharma: 125 runs, 136 balls faced, 18 dismissals, strike rate 91.91, batting average 6.94."
career_batting,MN Samuels,all,"IPL career batting stats for MN Samuels: 161 runs, 172 balls faced, 13 dismissals, strike rate 93.60, batting average 12.38."
career_batting,MN van Wyk,all,"IPL career batting stats for MN van Wyk: 167 runs, 132 balls faced, 3 dismissals, strike rate 126.52, batting average 55.67."
career_batting,MP Breetzke,all,"IPL career batting stats for MP Breetzke: 14 runs, 12 balls faced, 1 dismissals, strike rate 116.67, batting average 14.00."
career_batting,MP Stoinis,all,"IPL career batting stats for MP Stoinis: 2242 runs, 1520 balls faced, 78 dismissals, strike rate 147.50, batting average 28.74."
career_batting,MP Yadav,all,"IPL career batting stats for MP Yadav: 5 runs, 5 balls faced, 1 dismissals, strike rate 100.00, batting average 5.00."
career_batting,MR Marsh,all,"IPL career batting stats for MR Marsh: 1855 runs, 1249 balls faced, 60 dismissals, strike rate 148.52, batting average 30.92."
career_batting,MS Bhandage,all,"IPL career batting stats for MS Bhandage: 1 runs, 4 balls faced, 1 dismissals, strike rate 25.00, batting average 1.00."
career_batting,MS Bisla,all,"IPL career batting stats for MS Bisla: 798 runs, 702 balls faced, 38 dismissals, strike rate 113.68, batting average 21.00."
career_batting,MS Dhoni,all,"IPL career batting stats for MS Dhoni: 5439 runs, 3957 balls faced, 142 dismissals, strike rate 137.45, batting average 38.30."
career_batting,MS Gony,all,"IPL career batting stats for MS Gony: 99 runs, 71 balls faced, 10 dismissals, strike rate 139.44, batting average 9.90."
career_batting,MS Wade,all,"IPL career batting stats for MS Wade: 183 runs, 177 balls faced, 14 dismissals, strike rate 103.39, batting average 13.07."
career_batting,MV Boucher,all,"IPL career batting stats for MV Boucher: 394 runs, 309 balls faced, 14 dismissals, strike rate 127.51, batting average 28.14."
career_batting,MW Short,all,"IPL career batting stats for MW Short: 177 runs, 143 balls faced, 9 dismissals, strike rate 123.78, batting average 19.67."
career_batting,Mandeep Singh,all,"IPL career batting stats for Mandeep Singh: 1706 runs, 1388 balls faced, 82 dismissals, strike rate 122.91, batting average 20.80."
career_batting,Mashrafe Mortaza,all,"IPL career batting stats for Mashrafe Mortaza: 2 runs, 2 balls faced, 0 dismissals, strike rate 100.00, batting average not available."
career_batting,Mayank Dagar,all,"IPL career batting stats for Mayank Dagar: 0 runs, 1 balls faced, 1 dismissals, strike rate 0.00, batting average 0.00."
career_batting,Misbah-ul-Haq,all,"IPL career batting stats for Misbah-ul-Haq: 117 runs, 81 balls faced, 7 dismissals, strike rate 144.44, batting average 16.71."
career_batting,Mohammad Ashraful,all,"IPL career batting stats for Mohammad Ashraful: 2 runs, 10 balls faced, 1 dismissals, strike rate 20.00, batting average 2.00."
career_batting,Mohammad Asif,all,"IPL career batting stats for Mohammad Asif: 3 runs, 6 balls faced, 2 dismissals, strike rate 50.00, batting average 1.50."
career_batting,Mohammad Hafeez,all,"IPL career batting stats for Mohammad Hafeez: 64 runs, 83 balls faced, 7 dismissals, strike rate 77.11, batting average 9.14."
career_batting,Mohammad Nabi,all,"IPL career batting stats for Mohammad Nabi: 215 runs, 150 balls faced, 16 dismissals, strike rate 143.33, batting average 13.44."
career_batting,Mohammed Shami,all,"IPL career batting stats for Mohammed Shami: 115 runs, 111 balls faced, 19 dismissals, strike rate 103.60, batting average 6.05."
career_batting,Mohammed Siraj,all,"IPL career batting stats for Mohammed Siraj: 117 runs, 139 balls faced, 12 dismissals, strike rate 84.17, batting average 9.75."
career_batting,Mohit Rathee,all,"IPL career batting stats for Mohit Rathee: 1 runs, 2 balls faced, 0 dismissals, strike rate 50.00, batting average not available."
career_batting,Mohsin Khan,all,"IPL career batting stats for Mohsin Khan: 25 runs, 28 balls faced, 5 dismissals, strike rate 89.29, batting average 5.00."
career_batting,Mujeeb Ur Rahman,all,"IPL career batting stats for Mujeeb Ur Rahman: 12 runs, 15 balls faced, 3 dismissals, strike rate 80.00, batting average 4.00."
career_batting,Mukesh Choudhary,all,"IPL career batting stats for Mukesh Choudhary: 8 runs, 8 balls faced, 1 dismissals, strike rate 100.00, batting average 8.00."
career_batting,Mukesh Kumar,all,"IPL career batting stats for Mukesh Kumar: 10 runs, 18 balls faced, 1 dismissals, strike rate 55.56, batting average 10.00."
career_batting,Musheer Khan,all,"IPL career batting stats for Musheer Khan: 0 runs, 3 balls faced, 1 dismissals, strike rate 0.00, batting average 0.00."
career_batting,Mustafizur Rahman,all,"IPL career batting stats for Mustafizur Rahman: 13 runs, 24 balls faced, 2 dismissals, strike rate 54.17, batting average 6.50."
career_batting,N Burger,all,"IPL career batting stats for N Burger: 14 runs, 9 balls faced, 1 dismissals, strike rate 155.56, batting average 14.00."
career_batting,N Jagadeesan,all,"IPL career batting stats for N Jagadeesan: 162 runs, 147 balls faced, 9 dismissals, strike rate 110.20, batting average 18.00."
career_batting,N Pooran,all,"IPL career batting stats for N Pooran: 2527 runs, 1540 balls faced, 80 dismissals, strike rate 164.09, batting average 31.59."
career_batting,N Rana,all,"IPL career batting stats for N Rana: 3078 runs, 2235 balls faced, 112 dismissals, strike rate 137.72, batting average 27.48."
career_batting,N Saini,all,"IPL career batting stats for N Saini: 140 runs, 141 balls faced, 10 dismissals, strike rate 99.29, batting average 14.00."
career_batting,N Sindhu,all,"IPL career batting stats for N Sindhu: 63 runs, 50 balls faced, 5 dismissals, strike rate 126.00, batting average 12.60."
career_batting,N Wadhera,all,"IPL career batting stats for N Wadhera: 784 runs, 560 balls faced, 33 dismissals, strike rate 140.00, batting average 23.76."
career_batting,ND Doshi,all,"IPL career batting stats for ND Doshi: 0 runs, 13 balls faced, 1 dismissals, strike rate 0.00, batting average 0.00."
career_batting,NJ Maddinson,all,"IPL career batting stats for NJ Maddinson: 20 runs, 21 balls faced, 3 dismissals, strike rate 95.24, batting average 6.67."
career_batting,NJ Rimmington,all,"IPL career batting stats for NJ Rimmington: 1 runs, 1 balls faced, 0 dismissals, strike rate 100.00, batting average not available."
career_batting,NK Patel,all,"IPL career batting stats for NK Patel: 121 runs, 119 balls faced, 4 dismissals, strike rate 101.68, batting average 30.25."
career_batting,NL McCullum,all,"IPL career batting stats for NL McCullum: 26 runs, 22 balls faced, 1 dismissals, strike rate 118.18, batting average 26.00."
career_batting,NLTC Perera,all,"IPL career batting stats for NLTC Perera: 422 runs, 307 balls faced, 22 dismissals, strike rate 137.46, batting average 19.18."
career_batting,NM Coulter-Nile,all,"IPL career batting stats for NM Coulter-Nile: 82 runs, 72 balls faced, 11 dismissals, strike rate 113.89, batting average 7.45."
career_batting,NS Naik,all,"IPL career batting stats for NS Naik: 31 runs, 50 balls faced, 4 dismissals, strike rate 62.00, batting average 7.75."
career_batting,NT Ellis,all,"IPL career batting stats for NT Ellis: 19 runs, 25 balls faced, 4 dismissals, strike rate 76.00, batting average 4.75."
career_batting,NV Ojha,all,"IPL career batting stats for NV Ojha: 1554 runs, 1313 balls faced, 75 dismissals, strike rate 118.35, batting average 20.72."
career_batting,Naman Dhir,all,"IPL career batting stats for Naman Dhir: 710 runs, 433 balls faced, 26 dismissals, strike rate 163.97, batting average 27.31."
career_batting,Navdeep Saini,all,"IPL career batting stats for Navdeep Saini: 33 runs, 37 balls faced, 4 dismissals, strike rate 89.19, batting average 8.25."
career_batting,Naveen-ul-Haq,all,"IPL career batting stats for Naveen-ul-Haq: 18 runs, 25 balls faced, 1 dismissals, strike rate 72.00, batting average 18.00."
career_batting,Nithish Kumar Reddy,all,"IPL career batting stats for Nithish Kumar Reddy: 787 runs, 541 balls faced, 27 dismissals, strike rate 145.47, batting average 29.15."
career_batting,Noor Ahmad,all,"IPL career batting stats for Noor Ahmad: 31 runs, 58 balls faced, 11 dismissals, strike rate 53.45, batting average 2.82."
career_batting,OA Shah,all,"IPL career batting stats for OA Shah: 506 runs, 389 balls faced, 15 dismissals, strike rate 130.08, batting average 33.73."
career_batting,OC McCoy,all,"IPL career batting stats for OC McCoy: 8 runs, 5 balls faced, 1 dismissals, strike rate 160.00, batting average 8.00."
career_batting,OF Smith,all,"IPL career batting stats for OF Smith: 51 runs, 44 balls faced, 3 dismissals, strike rate 115.91, batting average 17.00."
career_batting,P Awana,all,"IPL career batting stats for P Awana: 5 runs, 14 balls faced, 2 dismissals, strike rate 35.71, batting average 2.50."
career_batting,P Chopra,all,"IPL career batting stats for P Chopra: 8 runs, 6 balls faced, 1 dismissals, strike rate 133.33, batting average 8.00."
career_batting,P Dogra,all,"IPL career batting stats for P Dogra: 127 runs, 138 balls faced, 11 dismissals, strike rate 92.03, batting average 11.55."
career_batting,P Dubey,all,"IPL career batting stats for P Dubey: 23 runs, 33 balls faced, 1 dismissals, strike rate 69.70, batting average 23.00."
career_batting,P Kumar,all,"IPL career batting stats for P Kumar: 340 runs, 314 balls faced, 38 dismissals, strike rate 108.28, batting average 8.95."
career_batting,P Negi,all,"IPL career batting stats for P Negi: 365 runs, 289 balls faced, 26 dismissals, strike rate 126.30, batting average 14.04."
career_batting,P Nissanka,all,"IPL career batting stats for P Nissanka: 278 runs, 175 balls faced, 10 dismissals, strike rate 158.86, batting average 27.80."
career_batting,P Parameswaran,all,"IPL career batting stats for P Parameswaran: 1 runs, 2 balls faced, 0 dismissals, strike rate 50.00, batting average not available."
career_batting,P Ray Barman,all,"IPL career batting stats for P Ray Barman: 19 runs, 24 balls faced, 1 dismissals, strike rate 79.17, batting average 19.00."
career_batting,P Sahu,all,"IPL career batting stats for P Sahu: 19 runs, 13 balls faced, 1 dismissals, strike rate 146.15, batting average 19.00."
career_batting,P Simran Singh,all,"IPL career batting stats for P Simran Singh: 1865 runs, 1189 balls faced, 63 dismissals, strike rate 156.85, batting average 29.60."
career_batting,PA Patel,all,"IPL career batting stats for PA Patel: 2848 runs, 2358 balls faced, 126 dismissals, strike rate 120.78, batting average 22.60."
career_batting,PA Reddy,all,"IPL career batting stats for PA Reddy: 164 runs, 160 balls faced, 10 dismissals, strike rate 102.50, batting average 16.40."
career_batting,PBB Rajapaksa,all,"IPL career batting stats for PBB Rajapaksa: 277 runs, 191 balls faced, 13 dismissals, strike rate 145.03, batting average 21.31."
career_batting,PC Valthaty,all,"IPL career batting stats for PC Valthaty: 505 runs, 418 balls faced, 22 dismissals, strike rate 120.81, batting average 22.95."
career_batting,PD Collingwood,all,"IPL career batting stats for PD Collingwood: 203 runs, 156 balls faced, 5 dismissals, strike rate 130.13, batting average 40.60."
career_batting,PD Salt,all,"IPL career batting stats for PD Salt: 1258 runs, 721 balls faced, 37 dismissals, strike rate 174.48, batting average 34.00."
career_batting,PHKD Mendis,all,"IPL career batting stats for PHKD Mendis: 92 runs, 69 balls faced, 4 dismissals, strike rate 133.33, batting average 23.00."
career_batting,PJ Cummins,all,"IPL career batting stats for PJ Cummins: 642 runs, 421 balls faced, 33 dismissals, strike rate 152.49, batting average 19.45."
career_batting,PJ Sangwan,all,"IPL career batting stats for PJ Sangwan: 26 runs, 44 balls faced, 8 dismissals, strike rate 59.09, batting average 3.25."
career_batting,PK Garg,all,"IPL career batting stats for PK Garg: 273 runs, 241 balls faced, 18 dismissals, strike rate 113.28, batting average 15.17."
career_batting,PM Sarvesh Kumar,all,"IPL career batting stats for PM Sarvesh Kumar: 1 runs, 2 balls faced, 0 dismissals, strike rate 50.00, batting average not available."
career_batting,PN Mankad,all,"IPL career batting stats for PN Mankad: 97 runs, 73 balls faced, 3 dismissals, strike rate 132.88, batting average 32.33."
career_batting,PP Chawla,all,"IPL career batting stats for PP Chawla: 624 runs, 563 balls faced, 56 dismissals, strike rate 110.83, batting average 11.14."
career_batting,PP Hinge,all,"IPL career batting stats for PP Hinge: 3 runs, 9 balls faced, 1 dismissals, strike rate 33.33, batting average 3.00."
career_batting,PP Ojha,all,"IPL career batting stats for PP Ojha: 16 runs, 45 balls faced, 12 dismissals, strike rate 35.56, batting average 1.33."
career_batting,PP Shaw,all,"IPL career batting stats for PP Shaw: 1892 runs, 1283 balls faced, 79 dismissals, strike rate 147.47, batting average 23.95."
career_batting,PR Shah,all,"IPL career batting stats for PR Shah: 92 runs, 91 balls faced, 8 dismissals, strike rate 101.10, batting average 11.50."
career_batting,PR Veer,all,"IPL career batting stats for PR Veer: 90 runs, 67 balls faced, 2 dismissals, strike rate 134.33, batting average 45.00."
career_batting,PSP Handscomb,all,"IPL career batting stats for PSP Handscomb: 6 runs, 12 balls faced, 1 dismissals, strike rate 50.00, batting average 6.00."
career_batting,PV Tambe,all,"IPL career batting stats for PV Tambe: 18 runs, 39 balls faced, 2 dismissals, strike rate 46.15, batting average 9.00."
career_batting,PVD Chameera,all,"IPL career batting stats for PVD Chameera: 53 runs, 45 balls faced, 4 dismissals, strike rate 117.78, batting average 13.25."
career_batting,PVSN Raju,all,"IPL career batting stats for PVSN Raju: 1 runs, 1 balls faced, 0 dismissals, strike rate 100.00, batting average not available."
career_batting,PWA Mulder,all,"IPL career batting stats for PWA Mulder: 9 runs, 11 balls faced, 1 dismissals, strike rate 81.82, batting average 9.00."
career_batting,PWH de Silva,all,"IPL career batting stats for PWH de Silva: 81 runs, 88 balls faced, 15 dismissals, strike rate 92.05, batting average 5.40."
career_batting,Pankaj Singh,all,"IPL career batting stats for Pankaj Singh: 7 runs, 12 balls faced, 2 dismissals, strike rate 58.33, batting average 3.50."
career_batting,Parvez Rasool,all,"IPL career batting stats for Parvez Rasool: 17 runs, 20 balls faced, 2 dismissals, strike rate 85.00, batting average 8.50."
career_batting,Prince Yadav,all,"IPL career batting stats for Prince Yadav: 5 runs, 11 balls faced, 0 dismissals, strike rate 45.45, batting average not available."
career_batting,Priyansh Arya,all,"IPL career batting stats for Priyansh Arya: 909 runs, 471 balls faced, 31 dismissals, strike rate 192.99, batting average 29.32."
career_batting,Q de Kock,all,"IPL career batting stats for Q de Kock: 3441 runs, 2550 balls faced, 110 dismissals, strike rate 134.94, batting average 31.28."
career_batting,R Ashwin,all,"IPL career batting stats for R Ashwin: 833 runs, 705 balls faced, 64 dismissals, strike rate 118.16, batting average 13.02."
career_batting,R Bhatia,all,"IPL career batting stats for R Bhatia: 342 runs, 284 balls faced, 30 dismissals, strike rate 120.42, batting average 11.40."
career_batting,R Bishnoi,all,"IPL career batting stats for R Bishnoi: 19 runs, 17 balls faced, 3 dismissals, strike rate 111.76, batting average 6.33."
career_batting,R Dhawan,all,"IPL career batting stats for R Dhawan: 210 runs, 187 balls faced, 11 dismissals, strike rate 112.30, batting average 19.09."
career_batting,R Dravid,all,"IPL career batting stats for R Dravid: 2174 runs, 1882 balls faced, 77 dismissals, strike rate 115.52, batting average 28.23."
career_batting,R McLaren,all,"IPL career batting stats for R McLaren: 159 runs, 171 balls faced, 8 dismissals, strike rate 92.98, batting average 19.88."
career_batting,R Minz,all,"IPL career batting stats for R Minz: 12 runs, 19 balls faced, 3 dismissals, strike rate 63.16, batting average 4.00."
career_batting,R Ninan,all,"IPL career batting stats for R Ninan: 3 runs, 6 balls faced, 1 dismissals, strike rate 50.00, batting average 3.00."
career_batting,R Parag,all,"IPL career batting stats for R Parag: 1875 runs, 1300 balls faced, 73 dismissals, strike rate 144.23, batting average 25.68."
career_batting,R Powell,all,"IPL career batting stats for R Powell: 555 runs, 390 balls faced, 25 dismissals, strike rate 142.31, batting average 22.20."
career_batting,R Rampaul,all,"IPL career batting stats for R Rampaul: 51 runs, 50 balls faced, 5 dismissals, strike rate 102.00, batting average 10.20."
career_batting,R Ravindra,all,"IPL career batting stats for R Ravindra: 413 runs, 287 balls faced, 17 dismissals, strike rate 143.90, batting average 24.29."
career_batting,R Sai Kishore,all,"IPL career batting stats for R Sai Kishore: 18 runs, 16 balls faced, 4 dismissals, strike rate 112.50, batting average 4.50."
career_batting,R Sanjay Yadav,all,"IPL career batting stats for R Sanjay Yadav: 0 runs, 2 balls faced, 1 dismissals, strike rate 0.00, batting average 0.00."
career_batting,R Sathish,all,"IPL career batting stats for R Sathish: 270 runs, 231 balls faced, 17 dismissals, strike rate 116.88, batting average 15.88."
career_batting,R Sharma,all,"IPL career batting stats for R Sharma: 66 runs, 75 balls faced, 14 dismissals, strike rate 88.00, batting average 4.71."
career_batting,R Shepherd,all,"IPL career batting stats for R Shepherd: 268 runs, 153 balls faced, 11 dismissals, strike rate 175.16, batting average 24.36."
career_batting,R Shukla,all,"IPL career batting stats for R Shukla: 19 runs, 23 balls faced, 1 dismissals, strike rate 82.61, batting average 19.00."
career_batting,R Smaran,all,"IPL career batting stats for R Smaran: 19 runs, 25 balls faced, 3 dismissals, strike rate 76.00, batting average 6.33."
career_batting,R Tewatia,all,"IPL career batting stats for R Tewatia: 1302 runs, 943 balls faced, 55 dismissals, strike rate 138.07, batting average 23.67."
career_batting,R Vinay Kumar,all,"IPL career batting stats for R Vinay Kumar: 310 runs, 274 balls faced, 28 dismissals, strike rate 113.14, batting average 11.07."
career_batting,RA Bawa,all,"IPL career batting stats for RA Bawa: 35 runs, 32 balls faced, 3 dismissals, strike rate 109.38, batting average 11.67."
career_batting,RA Jadeja,all,"IPL career batting stats for RA Jadeja: 3526 runs, 2699 balls faced, 121 dismissals, strike rate 130.64, batting average 29.14."
career_batting,RA Tripathi,all,"IPL career batting stats for RA Tripathi: 2291 runs, 1662 balls faced, 88 dismissals, strike rate 137.85, batting average 26.03."
career_batting,RD Chahar,all,"IPL career batting stats for RD Chahar: 129 runs, 124 balls faced, 16 dismissals, strike rate 104.03, batting average 8.06."
career_batting,RD Gaikwad,all,"IPL career batting stats for RD Gaikwad: 2839 runs, 2093 balls faced, 74 dismissals, strike rate 135.64, batting average 38.36."
career_batting,RD Rickelton,all,"IPL career batting stats for RD Rickelton: 836 runs, 497 balls faced, 24 dismissals, strike rate 168.21, batting average 34.83."
career_batting,RE Levi,all,"IPL career batting stats for RE Levi: 83 runs, 73 balls faced, 6 dismissals, strike rate 113.70, batting average 13.83."
career_batting,RE van der Merwe,all,"IPL career batting stats for RE van der Merwe: 159 runs, 141 balls faced, 11 dismissals, strike rate 112.77, batting average 14.45."
career_batting,RG More,all,"IPL career batting stats for RG More: 2 runs, 2 balls faced, 0 dismissals, strike rate 100.00, batting average not available."
career_batting,RG Sharma,all,"IPL career batting stats for RG Sharma: 7329 runs, 5514 balls faced, 246 dismissals, strike rate 132.92, batting average 29.79."
career_batting,RJ Gleeson,all,"IPL career batting stats for RJ Gleeson: 2 runs, 2 balls faced, 0 dismissals, strike rate 100.00, batting average not available."
career_batting,RJ Harris,all,"IPL career batting stats for RJ Harris: 117 runs, 112 balls faced, 12 dismissals, strike rate 104.46, batting average 9.75."
career_batting,RJ Peterson,all,"IPL career batting stats for RJ Peterson: 32 runs, 30 balls faced, 3 dismissals, strike rate 106.67, batting average 10.67."
career_batting,RJ Quiney,all,"IPL career batting stats for RJ Quiney: 103 runs, 102 balls faced, 7 dismissals, strike rate 100.98, batting average 14.71."
career_batting,RJW Topley,all,"IPL career batting stats for RJW Topley: 3 runs, 6 balls faced, 0 dismissals, strike rate 50.00, batting average not available."
career_batting,RK Bhui,all,"IPL career batting stats for RK Bhui: 10 runs, 26 balls faced, 4 dismissals, strike rate 38.46, batting average 2.50."
career_batting,RK Singh,all,"IPL career batting stats for RK Singh: 1394 runs, 955 balls faced, 41 dismissals, strike rate 145.97, batting average 34.00."
career_batting,RM Patidar,all,"IPL career batting stats for RM Patidar: 1612 runs, 980 balls faced, 48 dismissals, strike rate 164.49, batting average 33.58."
career_batting,RN ten Doeschate,all,"IPL career batting stats for RN ten Doeschate: 326 runs, 235 balls faced, 14 dismissals, strike rate 138.72, batting average 23.29."
career_batting,RP Meredith,all,"IPL career batting stats for RP Meredith: 0 runs, 3 balls faced, 0 dismissals, strike rate 0.00, batting average not available."
career_batting,RP Singh,all,"IPL career batting stats for RP Singh: 52 runs, 76 balls faced, 15 dismissals, strike rate 68.42, batting average 3.47."
career_batting,RR Bhatkal,all,"IPL career batting stats for RR Bhatkal: 0 runs, 2 balls faced, 1 dismissals, strike rate 0.00, batting average 0.00."
career_batting,RR Pant,all,"IPL career batting stats for RR Pant: 3865 runs, 2633 balls faced, 115 dismissals, strike rate 146.79, batting average 33.61."
career_batting,RR Powar,all,"IPL career batting stats for RR Powar: 67 runs, 64 balls faced, 3 dismissals, strike rate 104.69, batting average 22.33."
career_batting,RR Raje,all,"IPL career batting stats for RR Raje: 20 runs, 18 balls faced, 1 dismissals, strike rate 111.11, batting average 20.00."
career_batting,RR Rossouw,all,"IPL career batting stats for RR Rossouw: 473 runs, 308 balls faced, 20 dismissals, strike rate 153.57, batting average 23.65."
career_batting,RR Sarwan,all,"IPL career batting stats for RR Sarwan: 73 runs, 75 balls faced, 4 dismissals, strike rate 97.33, batting average 18.25."
career_batting,RS Bopara,all,"IPL career batting stats for RS Bopara: 531 runs, 453 balls faced, 18 dismissals, strike rate 117.22, batting average 29.50."
career_batting,RS Gavaskar,all,"IPL career batting stats for RS Gavaskar: 2 runs, 8 balls faced, 1 dismissals, strike rate 25.00, batting average 2.00."
career_batting,RS Sodhi,all,"IPL career batting stats for RS Sodhi: 4 runs, 2 balls faced, 0 dismissals, strike rate 200.00, batting average not available."
career_batting,RT Ponting,all,"IPL career batting stats for RT Ponting: 91 runs, 128 balls faced, 9 dismissals, strike rate 71.09, batting average 10.11."
career_batting,RV Gomez,all,"IPL career batting stats for RV Gomez: 50 runs, 51 balls faced, 5 dismissals, strike rate 98.04, batting average 10.00."
career_batting,RV Patel,all,"IPL career batting stats for RV Patel: 80 runs, 73 balls faced, 5 dismissals, strike rate 109.59, batting average 16.00."
career_batting,RV Uthappa,all,"IPL career batting stats for RV Uthappa: 4952 runs, 3799 balls faced, 180 dismissals, strike rate 130.35, batting average 27.51."
career_batting,Rahmanullah Gurbaz,all,"IPL career batting stats for Rahmanullah Gurbaz: 363 runs, 269 balls faced, 17 dismissals, strike rate 134.94, batting average 21.35."
career_batting,Ramandeep Singh,all,"IPL career batting stats for Ramandeep Singh: 299 runs, 205 balls faced, 16 dismissals, strike rate 145.85, batting average 18.69."
career_batting,Rashid Khan,all,"IPL career batting stats for Rashid Khan: 635 runs, 406 balls faced, 46 dismissals, strike rate 156.40, batting average 13.80."
career_batting,Rasikh Salam,all,"IPL career batting stats for Rasikh Salam: 43 runs, 42 balls faced, 5 dismissals, strike rate 102.38, batting average 8.60."
career_batting,Ravi Bishnoi,all,"IPL career batting stats for Ravi Bishnoi: 45 runs, 69 balls faced, 12 dismissals, strike rate 65.22, batting average 3.75."
career_batting,Ravi Singh,all,"IPL career batting stats for Ravi Singh: 4 runs, 2 balls faced, 1 dismissals, strike rate 200.00, batting average 4.00."
career_batting,S Anirudha,all,"IPL career batting stats for S Anirudha: 136 runs, 113 balls faced, 8 dismissals, strike rate 120.35, batting average 17.00."
career_batting,S Aravind,all,"IPL career batting stats for S Aravind: 59 runs, 57 balls faced, 4 dismissals, strike rate 103.51, batting average 14.75."
career_batting,S Arora,all,"IPL career batting stats for S Arora: 121 runs, 77 balls faced, 6 dismissals, strike rate 157.14, batting average 20.17."
career_batting,S Badree,all,"IPL career batting stats for S Badree: 13 runs, 23 balls faced, 5 dismissals, strike rate 56.52, batting average 2.60."
career_batting,S Badrinath,all,"IPL career batting stats for S Badrinath: 1441 runs, 1212 balls faced, 47 dismissals, strike rate 118.89, batting average 30.66."
career_batting,S Chanderpaul,all,"IPL career batting stats for S Chanderpaul: 25 runs, 31 balls faced, 3 dismissals, strike rate 80.65, batting average 8.33."
career_batting,S Dhawan,all,"IPL career batting stats for S Dhawan: 6769 runs, 5324 balls faced, 193 dismissals, strike rate 127.14, batting average 35.07."
career_batting,S Dube,all,"IPL career batting stats for S Dube: 2129 runs, 1464 balls faced, 68 dismissals, strike rate 145.42, batting average 31.31."
career_batting,S Gopal,all,"IPL career batting stats for S Gopal: 180 runs, 169 balls faced, 14 dismissals, strike rate 106.51, batting average 12.86."
career_batting,S Kaul,all,"IPL career batting stats for S Kaul: 20 runs, 36 balls faced, 4 dismissals, strike rate 55.56, batting average 5.00."
career_batting,S Kaushik,all,"IPL career batting stats for S Kaushik: 0 runs, 1 balls faced, 1 dismissals, strike rate 0.00, batting average 0.00."
career_batting,S Ladda,all,"IPL career batting stats for S Ladda: 0 runs, 9 balls faced, 1 dismissals, strike rate 0.00, batting average 0.00."
career_batting,S Lamichhane,all,"IPL career batting stats for S Lamichhane: 0 runs, 1 balls faced, 1 dismissals, strike rate 0.00, batting average 0.00."
career_batting,S Nadeem,all,"IPL career batting stats for S Nadeem: 39 runs, 87 balls faced, 14 dismissals, strike rate 44.83, batting average 2.79."
career_batting,S Narwal,all,"IPL career batting stats for S Narwal: 37 runs, 27 balls faced, 3 dismissals, strike rate 137.04, batting average 12.33."
career_batting,S Rana,all,"IPL career batting stats for S Rana: 91 runs, 81 balls faced, 4 dismissals, strike rate 112.35, batting average 22.75."
career_batting,S Randiv,all,"IPL career batting stats for S Randiv: 2 runs, 4 balls faced, 1 dismissals, strike rate 50.00, batting average 2.00."
career_batting,S Sohal,all,"IPL career batting stats for S Sohal: 368 runs, 292 balls faced, 20 dismissals, strike rate 126.03, batting average 18.40."
career_batting,S Sreesanth,all,"IPL career batting stats for S Sreesanth: 34 runs, 55 balls faced, 4 dismissals, strike rate 61.82, batting average 8.50."
career_batting,S Sriram,all,"IPL career batting stats for S Sriram: 31 runs, 36 balls faced, 2 dismissals, strike rate 86.11, batting average 15.50."
career_batting,S Tyagi,all,"IPL career batting stats for S Tyagi: 3 runs, 4 balls faced, 1 dismissals, strike rate 75.00, batting average 3.00."
career_batting,S Vidyut,all,"IPL career batting stats for S Vidyut: 145 runs, 109 balls faced, 8 dismissals, strike rate 133.03, batting average 18.12."
career_batting,SA Abbott,all,"IPL career batting stats for SA Abbott: 22 runs, 18 balls faced, 3 dismissals, strike rate 122.22, batting average 7.33."
career_batting,SA Asnodkar,all,"IPL career batting stats for SA Asnodkar: 423 runs, 339 balls faced, 20 dismissals, strike rate 124.78, batting average 21.15."
career_batting,SA Yadav,all,"IPL career batting stats for SA Yadav: 4581 runs, 3083 balls faced, 136 dismissals, strike rate 148.59, batting average 33.68."
career_batting,SB Bangar,all,"IPL career batting stats for SB Bangar: 49 runs, 58 balls faced, 7 dismissals, strike rate 84.48, batting average 7.00."
career_batting,SB Dubey,all,"IPL career batting stats for SB Dubey: 220 runs, 143 balls faced, 10 dismissals, strike rate 153.85, batting average 22.00."
career_batting,SB Jakati,all,"IPL career batting stats for SB Jakati: 28 runs, 29 balls faced, 1 dismissals, strike rate 96.55, batting average 28.00."
career_batting,SB Joshi,all,"IPL career batting stats for SB Joshi: 6 runs, 14 balls faced, 2 dismissals, strike rate 42.86, batting average 3.00."
career_batting,SB Styris,all,"IPL career batting stats for SB Styris: 131 runs, 133 balls faced, 7 dismissals, strike rate 98.50, batting average 18.71."
career_batting,SB Wagh,all,"IPL career batting stats for SB Wagh: 2 runs, 3 balls faced, 2 dismissals, strike rate 66.67, batting average 1.00."
career_batting,SC Ganguly,all,"IPL career batting stats for SC Ganguly: 1349 runs, 1263 balls faced, 53 dismissals, strike rate 106.81, batting average 25.45."
career_batting,SD Chitnis,all,"IPL career batting stats for SD Chitnis: 99 runs, 89 balls faced, 7 dismissals, strike rate 111.24, batting average 14.14."
career_batting,SD Hope,all,"IPL career batting stats for SD Hope: 183 runs, 122 balls faced, 8 dismissals, strike rate 150.00, batting average 22.88."
career_batting,SD Lad,all,"IPL career batting stats for SD Lad: 15 runs, 13 balls faced, 1 dismissals, strike rate 115.38, batting average 15.00."
career_batting,SE Bond,all,"IPL career batting stats for SE Bond: 1 runs, 2 balls faced, 1 dismissals, strike rate 50.00, batting average 1.00."
career_batting,SE Marsh,all,"IPL career batting stats for SE Marsh: 2477 runs, 1866 balls faced, 62 dismissals, strike rate 132.74, batting average 39.95."
career_batting,SE Rutherford,all,"IPL career batting stats for SE Rutherford: 520 runs, 364 balls faced, 21 dismissals, strike rate 142.86, batting average 24.76."
career_batting,SH Johnson,all,"IPL career batting stats for SH Johnson: 8 runs, 12 balls faced, 1 dismissals, strike rate 66.67, batting average 8.00."
career_batting,SJ Srivastava,all,"IPL career batting stats for SJ Srivastava: 5 runs, 5 balls faced, 1 dismissals, strike rate 100.00, batting average 5.00."
career_batting,SK Raina,all,"IPL career batting stats for SK Raina: 5528 runs, 4043 balls faced, 170 dismissals, strike rate 136.73, batting average 32.52."
career_batting,SK Rasheed,all,"IPL career batting stats for SK Rasheed: 71 runs, 63 balls faced, 5 dismissals, strike rate 112.70, batting average 14.20."
career_batting,SK Trivedi,all,"IPL career batting stats for SK Trivedi: 42 runs, 59 balls faced, 7 dismissals, strike rate 71.19, batting average 6.00."
career_batting,SK Warne,all,"IPL career batting stats for SK Warne: 198 runs, 214 balls faced, 20 dismissals, strike rate 92.52, batting average 9.90."
career_batting,SL Malinga,all,"IPL career batting stats for SL Malinga: 88 runs, 99 balls faced, 16 dismissals, strike rate 88.89, batting average 5.50."
career_batting,SM Curran,all,"IPL career batting stats for SM Curran: 997 runs, 731 balls faced, 40 dismissals, strike rate 136.39, batting average 24.92."
career_batting,SM Harwood,all,"IPL career batting stats for SM Harwood: 9 runs, 14 balls faced, 0 dismissals, strike rate 64.29, batting average not available."
career_batting,SM Katich,all,"IPL career batting stats for SM Katich: 241 runs, 186 balls faced, 10 dismissals, strike rate 129.57, batting average 24.10."
career_batting,SM Pollock,all,"IPL career batting stats for SM Pollock: 147 runs, 111 balls faced, 8 dismissals, strike rate 132.43, batting average 18.38."
career_batting,SMSM Senanayake,all,"IPL career batting stats for SMSM Senanayake: 10 runs, 17 balls faced, 1 dismissals, strike rate 58.82, batting average 10.00."
career_batting,SN Khan,all,"IPL career batting stats for SN Khan: 746 runs, 543 balls faced, 33 dismissals, strike rate 137.38, batting average 22.61."
career_batting,SN Thakur,all,"IPL career batting stats for SN Thakur: 349 runs, 263 balls faced, 30 dismissals, strike rate 132.70, batting average 11.63."
career_batting,SO Hetmyer,all,"IPL career batting stats for SO Hetmyer: 1560 runs, 1045 balls faced, 57 dismissals, strike rate 149.28, batting average 27.37."
career_batting,SP Fleming,all,"IPL career batting stats for SP Fleming: 196 runs, 165 balls faced, 9 dismissals, strike rate 118.79, batting average 21.78."
career_batting,SP Goswami,all,"IPL career batting stats for SP Goswami: 293 runs, 295 balls faced, 20 dismissals, strike rate 99.32, batting average 14.65."
career_batting,SP Jackson,all,"IPL career batting stats for SP Jackson: 61 runs, 57 balls faced, 6 dismissals, strike rate 107.02, batting average 10.17."
career_batting,SP Narine,all,"IPL career batting stats for SP Narine: 1820 runs, 1101 balls faced, 104 dismissals, strike rate 165.30, batting average 17.50."
career_batting,SPD Smith,all,"IPL career batting stats for SPD Smith: 2485 runs, 1940 balls faced, 72 dismissals, strike rate 128.09, batting average 34.51."
career_batting,SR Dubey,all,"IPL career batting stats for SR Dubey: 4 runs, 2 balls faced, 0 dismissals, strike rate 200.00, batting average not available."
career_batting,SR Tendulkar,all,"IPL career batting stats for SR Tendulkar: 2334 runs, 1948 balls faced, 69 dismissals, strike rate 119.82, batting average 33.83."
career_batting,SR Watson,all,"IPL career batting stats for SR Watson: 3874 runs, 2809 balls faced, 125 dismissals, strike rate 137.91, batting average 30.99."
career_batting,SS Cottrell,all,"IPL career batting stats for SS Cottrell: 0 runs, 2 balls faced, 1 dismissals, strike rate 0.00, batting average 0.00."
career_batting,SS Iyer,all,"IPL career batting stats for SS Iyer: 4229 runs, 3093 balls faced, 118 dismissals, strike rate 136.73, batting average 35.84."
career_batting,SS Mishra,all,"IPL career batting stats for SS Mishra: 1 runs, 3 balls faced, 0 dismissals, strike rate 33.33, batting average not available."
career_batting,SS Prabhudessai,all,"IPL career batting stats for SS Prabhudessai: 126 runs, 106 balls faced, 10 dismissals, strike rate 118.87, batting average 12.60."
career_batting,SS Shaikh,all,"IPL career batting stats for SS Shaikh: 6 runs, 7 balls faced, 1 dismissals, strike rate 85.71, batting average 6.00."
career_batting,SS Tiwary,all,"IPL career batting stats for SS Tiwary: 1494 runs, 1244 balls faced, 52 dismissals, strike rate 120.10, batting average 28.73."
career_batting,ST Jayasuriya,all,"IPL career batting stats for ST Jayasuriya: 768 runs, 532 balls faced, 28 dismissals, strike rate 144.36, batting average 27.43."
career_batting,STR Binny,all,"IPL career batting stats for STR Binny: 880 runs, 683 balls faced, 46 dismissals, strike rate 128.84, batting average 19.13."
career_batting,SU Parakh,all,"IPL career batting stats for SU Parakh: 46 runs, 33 balls faced, 4 dismissals, strike rate 139.39, batting average 11.50."
career_batting,SV Samson,all,"IPL career batting stats for SV Samson: 5181 runs, 3671 balls faced, 164 dismissals, strike rate 141.13, batting average 31.59."
career_batting,SW Billings,all,"IPL career batting stats for SW Billings: 503 runs, 388 balls faced, 26 dismissals, strike rate 129.64, batting average 19.35."
career_batting,SW Tait,all,"IPL career batting stats for SW Tait: 23 runs, 26 balls faced, 3 dismissals, strike rate 88.46, batting average 7.67."
career_batting,SZ Mulani,all,"IPL career batting stats for SZ Mulani: 1 runs, 1 balls faced, 0 dismissals, strike rate 100.00, batting average not available."
career_batting,Sachin Baby,all,"IPL career batting stats for Sachin Baby: 144 runs, 118 balls faced, 9 dismissals, strike rate 122.03, batting average 16.00."
career_batting,Sakib Hussain,all,"IPL career batting stats for Sakib Hussain: 5 runs, 7 balls faced, 0 dismissals, strike rate 71.43, batting average not available."
career_batting,Salil Arora,all,"IPL career batting stats for Salil Arora: 35 runs, 21 balls faced, 1 dismissals, strike rate 166.67, batting average 35.00."
career_batting,Salman Butt,all,"IPL career batting stats for Salman Butt: 193 runs, 161 balls faced, 7 dismissals, strike rate 119.88, batting average 27.57."
career_batting,Sameer Rizvi,all,"IPL career batting stats for Sameer Rizvi: 424 runs, 293 balls faced, 14 dismissals, strike rate 144.71, batting average 30.29."
career_batting,Sandeep Sharma,all,"IPL career batting stats for Sandeep Sharma: 60 runs, 75 balls faced, 6 dismissals, strike rate 80.00, batting average 10.00."
career_batting,Sanvir Singh,all,"IPL career batting stats for Sanvir Singh: 25 runs, 21 balls faced, 2 dismissals, strike rate 119.05, batting average 12.50."
career_batting,Saurav Chauhan,all,"IPL career batting stats for Saurav Chauhan: 18 runs, 15 balls faced, 3 dismissals, strike rate 120.00, batting average 6.00."
career_batting,Sediqullah Atal,all,"IPL career batting stats for Sediqullah Atal: 22 runs, 16 balls faced, 1 dismissals, strike rate 137.50, batting average 22.00."
career_batting,Shahbaz Ahmed,all,"IPL career batting stats for Shahbaz Ahmed: 603 runs, 489 balls faced, 29 dismissals, strike rate 123.31, batting average 20.79."
career_batting,Shahid Afridi,all,"IPL career batting stats for Shahid Afridi: 81 runs, 46 balls faced, 8 dismissals, strike rate 176.09, batting average 10.12."
career_batting,Shakib Al Hasan,all,"IPL career batting stats for Shakib Al Hasan: 793 runs, 637 balls faced, 40 dismissals, strike rate 124.49, batting average 19.82."
career_batting,Shashank Singh,all,"IPL career batting stats for Shashank Singh: 905 runs, 560 balls faced, 25 dismissals, strike rate 161.61, batting average 36.20."
career_batting,Shivam Mavi,all,"IPL career batting stats for Shivam Mavi: 51 runs, 56 balls faced, 9 dismissals, strike rate 91.07, batting average 5.67."
career_batting,Shivam Sharma,all,"IPL career batting stats for Shivam Sharma: 5 runs, 3 balls faced, 1 dismissals, strike rate 166.67, batting average 5.00."
career_batting,Shivam Singh,all,"IPL career batting stats for Shivam Singh: 2 runs, 3 balls faced, 0 dismissals, strike rate 66.67, batting average not available."
career_batting,Shivang Kumar,all,"IPL career batting stats for Shivang Kumar: 53 runs, 46 balls faced, 6 dismissals, strike rate 115.22, batting average 8.83."
career_batting,Shoaib Ahmed,all,"IPL career batting stats for Shoaib Ahmed: 1 runs, 6 balls faced, 2 dismissals, strike rate 16.67, batting average 0.50."
career_batting,Shoaib Akhtar,all,"IPL career batting stats for Shoaib Akhtar: 2 runs, 7 balls faced, 1 dismissals, strike rate 28.57, batting average 2.00."
career_batting,Shoaib Malik,all,"IPL career batting stats for Shoaib Malik: 52 runs, 47 balls faced, 4 dismissals, strike rate 110.64, batting average 13.00."
career_batting,Shubman Gill,all,"IPL career batting stats for Shubman Gill: 4598 runs, 3236 balls faced, 114 dismissals, strike rate 142.09, batting average 40.33."
career_batting,Sikandar Raza,all,"IPL career batting stats for Sikandar Raza: 182 runs, 136 balls faced, 7 dismissals, strike rate 133.82, batting average 26.00."
career_batting,Simarjeet Singh,all,"IPL career batting stats for Simarjeet Singh: 10 runs, 15 balls faced, 3 dismissals, strike rate 66.67, batting average 3.33."
career_batting,Sohail Tanvir,all,"IPL career batting stats for Sohail Tanvir: 36 runs, 29 balls faced, 3 dismissals, strike rate 124.14, batting average 12.00."
career_batting,Sumit Kumar,all,"IPL career batting stats for Sumit Kumar: 18 runs, 24 balls faced, 2 dismissals, strike rate 75.00, batting average 9.00."
career_batting,Sunny Gupta,all,"IPL career batting stats for Sunny Gupta: 0 runs, 1 balls faced, 1 dismissals, strike rate 0.00, batting average 0.00."
career_batting,Sunny Singh,all,"IPL career batting stats for Sunny Singh: 43 runs, 31 balls faced, 4 dismissals, strike rate 138.71, batting average 10.75."
career_batting,Suryansh Shedge,all,"IPL career batting stats for Suryansh Shedge: 165 runs, 101 balls faced, 7 dismissals, strike rate 163.37, batting average 23.57."
career_batting,Swapnil Singh,all,"IPL career batting stats for Swapnil Singh: 51 runs, 45 balls faced, 5 dismissals, strike rate 113.33, batting average 10.20."
career_batting,T Banton,all,"IPL career batting stats for T Banton: 18 runs, 20 balls faced, 2 dismissals, strike rate 90.00, batting average 9.00."
career_batting,T Dahiya,all,"IPL career batting stats for T Dahiya: 12 runs, 15 balls faced, 2 dismissals, strike rate 80.00, batting average 6.00."
career_batting,T Henderson,all,"IPL career batting stats for T Henderson: 11 runs, 16 balls faced, 2 dismissals, strike rate 68.75, batting average 5.50."
career_batting,T Kohler-Cadmore,all,"IPL career batting stats for T Kohler-Cadmore: 48 runs, 54 balls faced, 3 dismissals, strike rate 88.89, batting average 16.00."
career_batting,T Kohli,all,"IPL career batting stats for T Kohli: 11 runs, 19 balls faced, 3 dismissals, strike rate 57.89, batting average 3.67."
career_batting,T Natarajan,all,"IPL career batting stats for T Natarajan: 4 runs, 7 balls faced, 0 dismissals, strike rate 57.14, batting average not available."
career_batting,T Shamsi,all,"IPL career batting stats for T Shamsi: 2 runs, 4 balls faced, 0 dismissals, strike rate 50.00, batting average not available."
career_batting,T Stubbs,all,"IPL career batting stats for T Stubbs: 980 runs, 648 balls faced, 25 dismissals, strike rate 151.23, batting average 39.20."
career_batting,T Taibu,all,"IPL career batting stats for T Taibu: 31 runs, 26 balls faced, 3 dismissals, strike rate 119.23, batting average 10.33."
career_batting,T Thushara,all,"IPL career batting stats for T Thushara: 12 runs, 18 balls faced, 2 dismissals, strike rate 66.67, batting average 6.00."
career_batting,TA Boult,all,"IPL career batting stats for TA Boult: 93 runs, 85 balls faced, 10 dismissals, strike rate 109.41, batting average 9.30."
career_batting,TD Paine,all,"IPL career batting stats for TD Paine: 10 runs, 26 balls faced, 2 dismissals, strike rate 38.46, batting average 5.00."
career_batting,TG Southee,all,"IPL career batting stats for TG Southee: 120 runs, 107 balls faced, 13 dismissals, strike rate 112.15, batting average 9.23."
career_batting,TH David,all,"IPL career batting stats for TH David: 1151 runs, 650 balls faced, 35 dismissals, strike rate 177.08, batting average 32.89."
career_batting,TK Curran,all,"IPL career batting stats for TK Curran: 127 runs, 107 balls faced, 5 dismissals, strike rate 118.69, batting average 25.40."
career_batting,TL Seifert,all,"IPL career batting stats for TL Seifert: 45 runs, 41 balls faced, 6 dismissals, strike rate 109.76, batting average 7.50."
career_batting,TL Suman,all,"IPL career batting stats for TL Suman: 676 runs, 575 balls faced, 32 dismissals, strike rate 117.57, batting average 21.12."
career_batting,TM Dilshan,all,"IPL career batting stats for TM Dilshan: 1153 runs, 1007 balls faced, 43 dismissals, strike rate 114.50, batting average 26.81."
career_batting,TM Head,all,"IPL career batting stats for TM Head: 1556 runs, 915 balls faced, 48 dismissals, strike rate 170.05, batting average 32.42."
career_batting,TM Srivastava,all,"IPL career batting stats for TM Srivastava: 8 runs, 11 balls faced, 1 dismissals, strike rate 72.73, batting average 8.00."
career_batting,TR Birt,all,"IPL career batting stats for TR Birt: 75 runs, 58 balls faced, 5 dismissals, strike rate 129.31, batting average 15.00."
career_batting,TS Mills,all,"IPL career batting stats for TS Mills: 8 runs, 14 balls faced, 4 dismissals, strike rate 57.14, batting average 2.00."
career_batting,TU Deshpande,all,"IPL career batting stats for TU Deshpande: 54 runs, 36 balls faced, 4 dismissals, strike rate 150.00, batting average 13.50."
career_batting,Tanush Kotian,all,"IPL career batting stats for Tanush Kotian: 24 runs, 31 balls faced, 1 dismissals, strike rate 77.42, batting average 24.00."
career_batting,Tilak Varma,all,"IPL career batting stats for Tilak Varma: 1858 runs, 1284 balls faced, 52 dismissals, strike rate 144.70, batting average 35.73."
career_batting,U Kaul,all,"IPL career batting stats for U Kaul: 0 runs, 1 balls faced, 0 dismissals, strike rate 0.00, batting average not available."
career_batting,UA Birla,all,"IPL career batting stats for UA Birla: 7 runs, 14 balls faced, 1 dismissals, strike rate 50.00, batting average 7.00."
career_batting,UBT Chand,all,"IPL career batting stats for UBT Chand: 300 runs, 300 balls faced, 20 dismissals, strike rate 100.00, batting average 15.00."
career_batting,UT Khawaja,all,"IPL career batting stats for UT Khawaja: 127 runs, 100 balls faced, 6 dismissals, strike rate 127.00, batting average 21.17."
career_batting,UT Yadav,all,"IPL career batting stats for UT Yadav: 208 runs, 201 balls faced, 21 dismissals, strike rate 103.48, batting average 9.90."
career_batting,Umar Gul,all,"IPL career batting stats for Umar Gul: 39 runs, 19 balls faced, 3 dismissals, strike rate 205.26, batting average 13.00."
career_batting,Umran Malik,all,"IPL career batting stats for Umran Malik: 23 runs, 16 balls faced, 2 dismissals, strike rate 143.75, batting average 11.50."
career_batting,Urvil Patel,all,"IPL career batting stats for Urvil Patel: 197 runs, 96 balls faced, 10 dismissals, strike rate 205.21, batting average 19.70."
career_batting,V Kohli,all,"IPL career batting stats for V Kohli: 9336 runs, 6926 balls faced, 231 dismissals, strike rate 134.80, batting average 40.42."
career_batting,V Nigam,all,"IPL career batting stats for V Nigam: 157 runs, 89 balls faced, 8 dismissals, strike rate 176.40, batting average 19.62."
career_batting,V Pratap Singh,all,"IPL career batting stats for V Pratap Singh: 0 runs, 1 balls faced, 1 dismissals, strike rate 0.00, batting average 0.00."
career_batting,V Sehwag,all,"IPL career batting stats for V Sehwag: 2728 runs, 1755 balls faced, 99 dismissals, strike rate 155.44, batting average 27.56."
career_batting,V Shankar,all,"IPL career batting stats for V Shankar: 1233 runs, 950 balls faced, 47 dismissals, strike rate 129.79, batting average 26.23."
career_batting,V Suryavanshi,all,"IPL career batting stats for V Suryavanshi: 1028 runs, 449 balls faced, 23 dismissals, strike rate 228.95, batting average 44.70."
career_batting,V Viyaskanth,all,"IPL career batting stats for V Viyaskanth: 7 runs, 5 balls faced, 0 dismissals, strike rate 140.00, batting average not available."
career_batting,VG Arora,all,"IPL career batting stats for VG Arora: 10 runs, 27 balls faced, 4 dismissals, strike rate 37.04, batting average 2.50."
career_batting,VH Zol,all,"IPL career batting stats for VH Zol: 29 runs, 26 balls faced, 2 dismissals, strike rate 111.54, batting average 14.50."
career_batting,VR Aaron,all,"IPL career batting stats for VR Aaron: 50 runs, 72 balls faced, 5 dismissals, strike rate 69.44, batting average 10.00."
career_batting,VR Iyer,all,"IPL career batting stats for VR Iyer: 1677 runs, 1181 balls faced, 53 dismissals, strike rate 142.00, batting average 31.64."
career_batting,VRV Singh,all,"IPL career batting stats for VRV Singh: 4 runs, 3 balls faced, 2 dismissals, strike rate 133.33, batting average 2.00."
career_batting,VS Malik,all,"IPL career batting stats for VS Malik: 7 runs, 7 balls faced, 1 dismissals, strike rate 100.00, batting average 7.00."
career_batting,VS Yeligati,all,"IPL career batting stats for VS Yeligati: 2 runs, 2 balls faced, 1 dismissals, strike rate 100.00, batting average 2.00."
career_batting,VVS Laxman,all,"IPL career batting stats for VVS Laxman: 282 runs, 267 balls faced, 19 dismissals, strike rate 105.62, batting average 14.84."
career_batting,VY Mahesh,all,"IPL career batting stats for VY Mahesh: 15 runs, 27 balls faced, 2 dismissals, strike rate 55.56, batting average 7.50."
career_batting,Vijaykumar Vyshak,all,"IPL career batting stats for Vijaykumar Vyshak: 16 runs, 16 balls faced, 2 dismissals, strike rate 100.00, batting average 8.00."
career_batting,Virat Singh,all,"IPL career batting stats for Virat Singh: 15 runs, 26 balls faced, 2 dismissals, strike rate 57.69, batting average 7.50."
career_batting,Vishnu Vinod,all,"IPL career batting stats for Vishnu Vinod: 71 runs, 65 balls faced, 6 dismissals, strike rate 109.23, batting average 11.83."
career_batting,Vivrant Sharma,all,"IPL career batting stats for Vivrant Sharma: 69 runs, 47 balls faced, 1 dismissals, strike rate 146.81, batting average 69.00."
career_batting,W Jaffer,all,"IPL career batting stats for W Jaffer: 130 runs, 121 balls faced, 8 dismissals, strike rate 107.44, batting average 16.25."
career_batting,WA Mota,all,"IPL career batting stats for WA Mota: 56 runs, 75 balls faced, 6 dismissals, strike rate 74.67, batting average 9.33."
career_batting,WD Parnell,all,"IPL career batting stats for WD Parnell: 65 runs, 80 balls faced, 10 dismissals, strike rate 81.25, batting average 6.50."
career_batting,WG Jacks,all,"IPL career batting stats for WG Jacks: 602 runs, 379 balls faced, 22 dismissals, strike rate 158.84, batting average 27.36."
career_batting,WP Saha,all,"IPL career batting stats for WP Saha: 2934 runs, 2300 balls faced, 121 dismissals, strike rate 127.57, batting average 24.25."
career_batting,WPUJC Vaas,all,"IPL career batting stats for WPUJC Vaas: 81 runs, 73 balls faced, 8 dismissals, strike rate 110.96, batting average 10.12."
career_batting,Washington Sundar,all,"IPL career batting stats for Washington Sundar: 888 runs, 656 balls faced, 43 dismissals, strike rate 135.37, batting average 20.65."
career_batting,X Thalaivan Sargunam,all,"IPL career batting stats for X Thalaivan Sargunam: 10 runs, 17 balls faced, 1 dismissals, strike rate 58.82, batting average 10.00."
career_batting,XC Bartlett,all,"IPL career batting stats for XC Bartlett: 40 runs, 28 balls faced, 2 dismissals, strike rate 142.86, batting average 20.00."
career_batting,Y Gnaneswara Rao,all,"IPL career batting stats for Y Gnaneswara Rao: 19 runs, 17 balls faced, 1 dismissals, strike rate 111.76, batting average 19.00."
career_batting,Y Nagar,all,"IPL career batting stats for Y Nagar: 285 runs, 259 balls faced, 14 dismissals, strike rate 110.04, batting average 20.36."
career_batting,Y Prithvi Raj,all,"IPL career batting stats for Y Prithvi Raj: 0 runs, 1 balls faced, 0 dismissals, strike rate 0.00, batting average not available."
career_batting,Y Venugopal Rao,all,"IPL career batting stats for Y Venugopal Rao: 985 runs, 836 balls faced, 44 dismissals, strike rate 117.82, batting average 22.39."
career_batting,YA Abdulla,all,"IPL career batting stats for YA Abdulla: 0 runs, 1 balls faced, 0 dismissals, strike rate 0.00, batting average not available."
career_batting,YBK Jaiswal,all,"IPL career batting stats for YBK Jaiswal: 2593 runs, 1697 balls faced, 77 dismissals, strike rate 152.80, batting average 33.68."
career_batting,YK Pathan,all,"IPL career batting stats for YK Pathan: 3204 runs, 2241 balls faced, 110 dismissals, strike rate 142.97, batting average 29.13."
career_batting,YS Chahal,all,"IPL career batting stats for YS Chahal: 37 runs, 86 balls faced, 7 dismissals, strike rate 43.02, batting average 5.29."
career_batting,YV Dhull,all,"IPL career batting stats for YV Dhull: 16 runs, 23 balls faced, 3 dismissals, strike rate 69.57, batting average 5.33."
career_batting,YV Takawale,all,"IPL career batting stats for YV Takawale: 192 runs, 178 balls faced, 8 dismissals, strike rate 107.87, batting average 24.00."
career_batting,Yash Dayal,all,"IPL career batting stats for Yash Dayal: 4 runs, 9 balls faced, 3 dismissals, strike rate 44.44, batting average 1.33."
career_batting,Yashpal Singh,all,"IPL career batting stats for Yashpal Singh: 47 runs, 66 balls faced, 4 dismissals, strike rate 71.21, batting average 11.75."
career_batting,Younis Khan,all,"IPL career batting stats for Younis Khan: 3 runs, 7 balls faced, 1 dismissals, strike rate 42.86, batting average 3.00."
career_batting,Yudhvir Singh,all,"IPL career batting stats for Yudhvir Singh: 22 runs, 16 balls faced, 4 dismissals, strike rate 137.50, batting average 5.50."
career_batting,Yuvraj Singh,all,"IPL career batting stats for Yuvraj Singh: 2750 runs, 2120 balls faced, 111 dismissals, strike rate 129.72, batting average 24.77."
career_batting,Z Khan,all,"IPL career batting stats for Z Khan: 117 runs, 141 balls faced, 14 dismissals, strike rate 82.98, batting average 8.36."
career_bowling,A Ashish Reddy,all,"IPL career bowling stats for A Ashish Reddy: 18 wickets, 43.4 overs, 396 runs conceded, economy 9.07, bowling average 22.00."
career_bowling,A Badoni,all,"IPL career bowling stats for A Badoni: 4 wickets, 6.5 overs, 63 runs conceded, economy 9.22, bowling average 15.75."
career_bowling,A Chandila,all,"IPL career bowling stats for A Chandila: 11 wickets, 39.0 overs, 242 runs conceded, economy 6.21, bowling average 22.00."
career_bowling,A Choudhary,all,"IPL career bowling stats for A Choudhary: 5 wickets, 16.5 overs, 144 runs conceded, economy 8.55, bowling average 28.80."
career_bowling,A Dananjaya,all,"IPL career bowling stats for A Dananjaya: 0 wickets, 4.0 overs, 47 runs conceded, economy 11.75, bowling average not available."
career_bowling,A Flintoff,all,"IPL career bowling stats for A Flintoff: 2 wickets, 11.0 overs, 105 runs conceded, economy 9.55, bowling average 52.50."
career_bowling,A Kamboj,all,"IPL career bowling stats for A Kamboj: 31 wickets, 81.5 overs, 816 runs conceded, economy 9.97, bowling average 26.32."
career_bowling,A Kumble,all,"IPL career bowling stats for A Kumble: 45 wickets, 160.5 overs, 1058 runs conceded, economy 6.58, bowling average 23.51."
career_bowling,A Mishra,all,"IPL career bowling stats for A Mishra: 174 wickets, 561.5 overs, 4145 runs conceded, economy 7.38, bowling average 23.82."
career_bowling,A Mithun,all,"IPL career bowling stats for A Mithun: 7 wickets, 48.0 overs, 472 runs conceded, economy 9.83, bowling average 67.43."
career_bowling,A Nehra,all,"IPL career bowling stats for A Nehra: 106 wickets, 318.0 overs, 2495 runs conceded, economy 7.85, bowling average 23.54."
career_bowling,A Nel,all,"IPL career bowling stats for A Nel: 1 wickets, 3.0 overs, 31 runs conceded, economy 10.33, bowling average 31.00."
career_bowling,A Nortje,all,"IPL career bowling stats for A Nortje: 61 wickets, 186.4 overs, 1696 runs conceded, economy 9.09, bowling average 27.80."
career_bowling,A Singh,all,"IPL career bowling stats for A Singh: 28 wickets, 78.5 overs, 620 runs conceded, economy 7.86, bowling average 22.14."
career_bowling,A Symonds,all,"IPL career bowling stats for A Symonds: 20 wickets, 87.5 overs, 674 runs conceded, economy 7.67, bowling average 33.70."
career_bowling,A Uniyal,all,"IPL career bowling stats for A Uniyal: 2 wickets, 6.0 overs, 66 runs conceded, economy 11.00, bowling average 33.00."
career_bowling,A Zampa,all,"IPL career bowling stats for A Zampa: 31 wickets, 77.5 overs, 652 runs conceded, economy 8.38, bowling average 21.03."
career_bowling,AA Chavan,all,"IPL career bowling stats for AA Chavan: 8 wickets, 41.2 overs, 326 runs conceded, economy 7.89, bowling average 40.75."
career_bowling,AA Jhunjhunwala,all,"IPL career bowling stats for AA Jhunjhunwala: 1 wickets, 14.1 overs, 129 runs conceded, economy 9.11, bowling average 129.00."
career_bowling,AA Kazi,all,"IPL career bowling stats for AA Kazi: 0 wickets, 2.0 overs, 21 runs conceded, economy 10.50, bowling average not available."
career_bowling,AA Noffke,all,"IPL career bowling stats for AA Noffke: 1 wickets, 4.0 overs, 40 runs conceded, economy 10.00, bowling average 40.00."
career_bowling,AB Agarkar,all,"IPL career bowling stats for AB Agarkar: 29 wickets, 130.2 overs, 1151 runs conceded, economy 8.83, bowling average 39.69."
career_bowling,AB Dinda,all,"IPL career bowling stats for AB Dinda: 69 wickets, 252.4 overs, 2073 runs conceded, economy 8.20, bowling average 30.04."
career_bowling,AB McDonald,all,"IPL career bowling stats for AB McDonald: 11 wickets, 31.0 overs, 261 runs conceded, economy 8.42, bowling average 23.73."
career_bowling,AC Gilchrist,all,"IPL career bowling stats for AC Gilchrist: 1 wickets, 0.1 overs, 0 runs conceded, economy 0.00, bowling average 0.00."
career_bowling,AC Thomas,all,"IPL career bowling stats for AC Thomas: 14 wickets, 52.3 overs, 406 runs conceded, economy 7.73, bowling average 29.00."
career_bowling,AC Voges,all,"IPL career bowling stats for AC Voges: 0 wickets, 9.0 overs, 76 runs conceded, economy 8.44, bowling average not available."
career_bowling,AD Mascarenhas,all,"IPL career bowling stats for AD Mascarenhas: 19 wickets, 51.2 overs, 356 runs conceded, economy 6.94, bowling average 18.74."
career_bowling,AD Mathews,all,"IPL career bowling stats for AD Mathews: 27 wickets, 131.5 overs, 1079 runs conceded, economy 8.18, bowling average 39.96."
career_bowling,AD Russell,all,"IPL career bowling stats for AD Russell: 123 wickets, 301.0 overs, 2863 runs conceded, economy 9.51, bowling average 23.28."
career_bowling,AF Milne,all,"IPL career bowling stats for AF Milne: 7 wickets, 37.5 overs, 368 runs conceded, economy 9.73, bowling average 52.57."
career_bowling,AG Murtaza,all,"IPL career bowling stats for AG Murtaza: 9 wickets, 44.0 overs, 313 runs conceded, economy 7.11, bowling average 34.78."
career_bowling,AJ Finch,all,"IPL career bowling stats for AJ Finch: 1 wickets, 7.1 overs, 67 runs conceded, economy 9.35, bowling average 67.00."
career_bowling,AJ Hosein,all,"IPL career bowling stats for AJ Hosein: 9 wickets, 28.4 overs, 238 runs conceded, economy 8.30, bowling average 26.44."
career_bowling,AJ Tye,all,"IPL career bowling stats for AJ Tye: 42 wickets, 114.0 overs, 979 runs conceded, economy 8.59, bowling average 23.31."
career_bowling,AK Markram,all,"IPL career bowling stats for AK Markram: 6 wickets, 37.1 overs, 357 runs conceded, economy 9.61, bowling average 59.50."
career_bowling,AL Menaria,all,"IPL career bowling stats for AL Menaria: 3 wickets, 18.2 overs, 144 runs conceded, economy 7.85, bowling average 48.00."
career_bowling,AM Ghazanfar,all,"IPL career bowling stats for AM Ghazanfar: 15 wickets, 38.5 overs, 389 runs conceded, economy 10.02, bowling average 25.93."
career_bowling,AM Nayar,all,"IPL career bowling stats for AM Nayar: 9 wickets, 38.1 overs, 322 runs conceded, economy 8.44, bowling average 35.78."
career_bowling,AM Rahane,all,"IPL career bowling stats for AM Rahane: 1 wickets, 1.0 overs, 5 runs conceded, economy 5.00, bowling average 5.00."
career_bowling,AM Salvi,all,"IPL career bowling stats for AM Salvi: 7 wickets, 25.0 overs, 200 runs conceded, economy 8.00, bowling average 28.57."
career_bowling,AN Ahmed,all,"IPL career bowling stats for AN Ahmed: 12 wickets, 57.2 overs, 498 runs conceded, economy 8.69, bowling average 41.50."
career_bowling,AP Dole,all,"IPL career bowling stats for AP Dole: 5 wickets, 11.0 overs, 112 runs conceded, economy 10.18, bowling average 22.40."
career_bowling,AR Patel,all,"IPL career bowling stats for AR Patel: 139 wickets, 596.3 overs, 4431 runs conceded, economy 7.43, bowling average 31.88."
career_bowling,AS Joseph,all,"IPL career bowling stats for AS Joseph: 21 wickets, 72.2 overs, 691 runs conceded, economy 9.55, bowling average 32.90."
career_bowling,AS Rajpoot,all,"IPL career bowling stats for AS Rajpoot: 24 wickets, 88.1 overs, 814 runs conceded, economy 9.23, bowling average 33.92."
career_bowling,AS Raut,all,"IPL career bowling stats for AS Raut: 0 wickets, 5.0 overs, 44 runs conceded, economy 8.80, bowling average not available."
career_bowling,AS Roy,all,"IPL career bowling stats for AS Roy: 15 wickets, 53.5 overs, 479 runs conceded, economy 8.90, bowling average 31.93."
career_bowling,AU Rashid,all,"IPL career bowling stats for AU Rashid: 2 wickets, 10.0 overs, 91 runs conceded, economy 9.10, bowling average 45.50."
career_bowling,AUK Pathan,all,"IPL career bowling stats for AUK Pathan: 0 wickets, 6.3 overs, 63 runs conceded, economy 9.69, bowling average not available."
career_bowling,Abdul Samad,all,"IPL career bowling stats for Abdul Samad: 2 wickets, 9.3 overs, 125 runs conceded, economy 13.16, bowling average 62.50."
career_bowling,Abdur Razzak,all,"IPL career bowling stats for Abdur Razzak: 0 wickets, 2.0 overs, 29 runs conceded, economy 14.50, bowling average not available."
career_bowling,Abhinandan Singh,all,"IPL career bowling stats for Abhinandan Singh: 3 wickets, 9.4 overs, 122 runs conceded, economy 12.62, bowling average 40.67."
career_bowling,Abhishek Sharma,all,"IPL career bowling stats for Abhishek Sharma: 11 wickets, 60.5 overs, 550 runs conceded, economy 9.04, bowling average 50.00."
career_bowling,Akash Deep,all,"IPL career bowling stats for Akash Deep: 10 wickets, 46.2 overs, 548 runs conceded, economy 11.83, bowling average 54.80."
career_bowling,Akash Madhwal,all,"IPL career bowling stats for Akash Madhwal: 23 wickets, 58.4 overs, 590 runs conceded, economy 10.06, bowling average 25.65."
career_bowling,Akash Singh,all,"IPL career bowling stats for Akash Singh: 13 wickets, 41.1 overs, 406 runs conceded, economy 9.86, bowling average 31.23."
career_bowling,Aman Hakim Khan,all,"IPL career bowling stats for Aman Hakim Khan: 0 wickets, 1.0 overs, 13 runs conceded, economy 13.00, bowling average not available."
career_bowling,Anand Rajan,all,"IPL career bowling stats for Anand Rajan: 8 wickets, 24.5 overs, 201 runs conceded, economy 8.09, bowling average 25.12."
career_bowling,Ankit Sharma,all,"IPL career bowling stats for Ankit Sharma: 12 wickets, 61.1 overs, 450 runs conceded, economy 7.36, bowling average 37.50."
career_bowling,Ankit Soni,all,"IPL career bowling stats for Ankit Soni: 2 wickets, 18.1 overs, 144 runs conceded, economy 7.93, bowling average 72.00."
career_bowling,Anureet Singh,all,"IPL career bowling stats for Anureet Singh: 18 wickets, 68.4 overs, 623 runs conceded, economy 9.07, bowling average 34.61."
career_bowling,Arjun Tendulkar,all,"IPL career bowling stats for Arjun Tendulkar: 4 wickets, 16.1 overs, 150 runs conceded, economy 9.28, bowling average 37.50."
career_bowling,Arshad Khan,all,"IPL career bowling stats for Arshad Khan: 18 wickets, 60.4 overs, 669 runs conceded, economy 11.03, bowling average 37.17."
career_bowling,Arshad Khan (2),all,"IPL career bowling stats for Arshad Khan (2): 0 wickets, 2.0 overs, 24 runs conceded, economy 12.00, bowling average not available."
career_bowling,Arshdeep Singh,all,"IPL career bowling stats for Arshdeep Singh: 111 wickets, 338.4 overs, 3111 runs conceded, economy 9.19, bowling average 28.03."
career_bowling,Ashok Sharma,all,"IPL career bowling stats for Ashok Sharma: 6 wickets, 21.0 overs, 228 runs conceded, economy 10.86, bowling average 38.00."
career_bowling,Ashwani Kumar,all,"IPL career bowling stats for Ashwani Kumar: 17 wickets, 30.3 overs, 334 runs conceded, economy 10.95, bowling average 19.65."
career_bowling,Atharva Taide,all,"IPL career bowling stats for Atharva Taide: 0 wickets, 0.1 overs, 4 runs conceded, economy 24.00, bowling average not available."
career_bowling,Auqib Nabi,all,"IPL career bowling stats for Auqib Nabi: 0 wickets, 13.0 overs, 149 runs conceded, economy 11.46, bowling average not available."
career_bowling,Avesh Khan,all,"IPL career bowling stats for Avesh Khan: 93 wickets, 294.3 overs, 2734 runs conceded, economy 9.28, bowling average 29.40."
career_bowling,Azhar Mahmood,all,"IPL career bowling stats for Azhar Mahmood: 29 wickets, 89.3 overs, 700 runs conceded, economy 7.82, bowling average 24.14."
career_bowling,Azmatullah Omarzai,all,"IPL career bowling stats for Azmatullah Omarzai: 15 wickets, 59.0 overs, 568 runs conceded, economy 9.63, bowling average 37.87."
career_bowling,B Akhil,all,"IPL career bowling stats for B Akhil: 6 wickets, 31.2 overs, 242 runs conceded, economy 7.72, bowling average 40.33."
career_bowling,B Chipli,all,"IPL career bowling stats for B Chipli: 0 wickets, 1.0 overs, 20 runs conceded, economy 20.00, bowling average not available."
career_bowling,B Geeves,all,"IPL career bowling stats for B Geeves: 1 wickets, 8.0 overs, 91 runs conceded, economy 11.38, bowling average 91.00."
career_bowling,B Kumar,all,"IPL career bowling stats for B Kumar: 226 wickets, 766.4 overs, 5913 runs conceded, economy 7.71, bowling average 26.16."
career_bowling,B Laughlin,all,"IPL career bowling stats for B Laughlin: 10 wickets, 28.0 overs, 282 runs conceded, economy 10.07, bowling average 28.20."
career_bowling,B Lee,all,"IPL career bowling stats for B Lee: 25 wickets, 145.5 overs, 1095 runs conceded, economy 7.51, bowling average 43.80."
career_bowling,B Muzarabani,all,"IPL career bowling stats for B Muzarabani: 4 wickets, 7.0 overs, 75 runs conceded, economy 10.71, bowling average 18.75."
career_bowling,B Stanlake,all,"IPL career bowling stats for B Stanlake: 7 wickets, 24.0 overs, 200 runs conceded, economy 8.33, bowling average 28.57."
career_bowling,BA Bhatt,all,"IPL career bowling stats for BA Bhatt: 12 wickets, 49.2 overs, 397 runs conceded, economy 8.05, bowling average 33.08."
career_bowling,BA Stokes,all,"IPL career bowling stats for BA Stokes: 28 wickets, 114.5 overs, 992 runs conceded, economy 8.64, bowling average 35.43."
career_bowling,BAW Mendis,all,"IPL career bowling stats for BAW Mendis: 8 wickets, 40.0 overs, 285 runs conceded, economy 7.12, bowling average 35.62."
career_bowling,BB Sran,all,"IPL career bowling stats for BB Sran: 18 wickets, 80.3 overs, 757 runs conceded, economy 9.40, bowling average 42.06."
career_bowling,BCJ Cutting,all,"IPL career bowling stats for BCJ Cutting: 10 wickets, 46.5 overs, 429 runs conceded, economy 9.16, bowling average 42.90."
career_bowling,BE Hendricks,all,"IPL career bowling stats for BE Hendricks: 9 wickets, 25.0 overs, 235 runs conceded, economy 9.40, bowling average 26.11."
career_bowling,BJ Dwarshuis,all,"IPL career bowling stats for BJ Dwarshuis: 1 wickets, 4.0 overs, 51 runs conceded, economy 12.75, bowling average 51.00."
career_bowling,BJ Hodge,all,"IPL career bowling stats for BJ Hodge: 17 wickets, 39.0 overs, 303 runs conceded, economy 7.77, bowling average 17.82."
career_bowling,BJ Rohrer,all,"IPL career bowling stats for BJ Rohrer: 0 wickets, 1.0 overs, 12 runs conceded, economy 12.00, bowling average not available."
career_bowling,BMAJ Mendis,all,"IPL career bowling stats for BMAJ Mendis: 1 wickets, 5.0 overs, 36 runs conceded, economy 7.20, bowling average 36.00."
career_bowling,BW Hilfenhaus,all,"IPL career bowling stats for BW Hilfenhaus: 22 wickets, 62.0 overs, 479 runs conceded, economy 7.73, bowling average 21.77."
career_bowling,Basil Thampi,all,"IPL career bowling stats for Basil Thampi: 22 wickets, 86.5 overs, 846 runs conceded, economy 9.74, bowling average 38.45."
career_bowling,Bipul Sharma,all,"IPL career bowling stats for Bipul Sharma: 17 wickets, 71.0 overs, 572 runs conceded, economy 8.06, bowling average 33.65."
career_bowling,Brijesh Sharma,all,"IPL career bowling stats for Brijesh Sharma: 14 wickets, 45.3 overs, 450 runs conceded, economy 9.89, bowling average 32.14."
career_bowling,C Bosch,all,"IPL career bowling stats for C Bosch: 13 wickets, 27.1 overs, 250 runs conceded, economy 9.20, bowling average 19.23."
career_bowling,C Ganapathy,all,"IPL career bowling stats for C Ganapathy: 0 wickets, 1.0 overs, 13 runs conceded, economy 13.00, bowling average not available."
career_bowling,C Green,all,"IPL career bowling stats for C Green: 23 wickets, 95.1 overs, 898 runs conceded, economy 9.44, bowling average 39.04."
career_bowling,C Munro,all,"IPL career bowling stats for C Munro: 0 wickets, 2.0 overs, 15 runs conceded, economy 7.50, bowling average not available."
career_bowling,C Nanda,all,"IPL career bowling stats for C Nanda: 2 wickets, 8.0 overs, 57 runs conceded, economy 7.12, bowling average 28.50."
career_bowling,C Sakariya,all,"IPL career bowling stats for C Sakariya: 20 wickets, 74.0 overs, 638 runs conceded, economy 8.62, bowling average 31.90."
career_bowling,C de Grandhomme,all,"IPL career bowling stats for C de Grandhomme: 6 wickets, 36.0 overs, 319 runs conceded, economy 8.86, bowling average 53.17."
career_bowling,CH Gayle,all,"IPL career bowling stats for CH Gayle: 18 wickets, 92.2 overs, 729 runs conceded, economy 7.90, bowling average 40.50."
career_bowling,CH Morris,all,"IPL career bowling stats for CH Morris: 95 wickets, 286.4 overs, 2295 runs conceded, economy 8.01, bowling average 24.16."
career_bowling,CJ Anderson,all,"IPL career bowling stats for CJ Anderson: 11 wickets, 49.3 overs, 518 runs conceded, economy 10.46, bowling average 47.09."
career_bowling,CJ Dala,all,"IPL career bowling stats for CJ Dala: 0 wickets, 3.0 overs, 34 runs conceded, economy 11.33, bowling average not available."
career_bowling,CJ Green,all,"IPL career bowling stats for CJ Green: 0 wickets, 2.5 overs, 24 runs conceded, economy 8.47, bowling average not available."
career_bowling,CJ Jordan,all,"IPL career bowling stats for CJ Jordan: 30 wickets, 111.2 overs, 1070 runs conceded, economy 9.61, bowling average 35.67."
career_bowling,CJ McKay,all,"IPL career bowling stats for CJ McKay: 1 wickets, 7.0 overs, 60 runs conceded, economy 8.57, bowling average 60.00."
career_bowling,CK Kapugedera,all,"IPL career bowling stats for CK Kapugedera: 0 wickets, 2.5 overs, 49 runs conceded, economy 17.29, bowling average not available."
career_bowling,CK Langeveldt,all,"IPL career bowling stats for CK Langeveldt: 13 wickets, 26.0 overs, 187 runs conceded, economy 7.19, bowling average 14.38."
career_bowling,CL White,all,"IPL career bowling stats for CL White: 1 wickets, 7.0 overs, 86 runs conceded, economy 12.29, bowling average 86.00."
career_bowling,CR Brathwaite,all,"IPL career bowling stats for CR Brathwaite: 13 wickets, 42.2 overs, 379 runs conceded, economy 8.95, bowling average 29.15."
career_bowling,CR Woakes,all,"IPL career bowling stats for CR Woakes: 30 wickets, 73.2 overs, 658 runs conceded, economy 8.97, bowling average 21.93."
career_bowling,CRD Fernando,all,"IPL career bowling stats for CRD Fernando: 17 wickets, 39.0 overs, 298 runs conceded, economy 7.64, bowling average 17.53."
career_bowling,CV Varun,all,"IPL career bowling stats for CV Varun: 111 wickets, 355.4 overs, 2745 runs conceded, economy 7.72, bowling average 24.73."
career_bowling,D Brevis,all,"IPL career bowling stats for D Brevis: 1 wickets, 0.3 overs, 8 runs conceded, economy 16.00, bowling average 8.00."
career_bowling,D Ferreira,all,"IPL career bowling stats for D Ferreira: 1 wickets, 3.0 overs, 41 runs conceded, economy 13.67, bowling average 41.00."
career_bowling,D Jansen,all,"IPL career bowling stats for D Jansen: 1 wickets, 4.0 overs, 53 runs conceded, economy 13.25, bowling average 53.00."
career_bowling,D Kalyankrishna,all,"IPL career bowling stats for D Kalyankrishna: 2 wickets, 8.0 overs, 87 runs conceded, economy 10.88, bowling average 43.50."
career_bowling,D Madushanka,all,"IPL career bowling stats for D Madushanka: 1 wickets, 4.0 overs, 36 runs conceded, economy 9.00, bowling average 36.00."
career_bowling,D Pretorius,all,"IPL career bowling stats for D Pretorius: 6 wickets, 25.0 overs, 238 runs conceded, economy 9.52, bowling average 39.67."
career_bowling,D Salunkhe,all,"IPL career bowling stats for D Salunkhe: 1 wickets, 7.5 overs, 78 runs conceded, economy 9.96, bowling average 78.00."
career_bowling,D Wiese,all,"IPL career bowling stats for D Wiese: 16 wickets, 49.2 overs, 440 runs conceded, economy 8.92, bowling average 27.50."
career_bowling,D du Preez,all,"IPL career bowling stats for D du Preez: 4 wickets, 7.0 overs, 56 runs conceded, economy 8.00, bowling average 14.00."
career_bowling,DA Payne,all,"IPL career bowling stats for DA Payne: 2 wickets, 5.0 overs, 70 runs conceded, economy 14.00, bowling average 35.00."
career_bowling,DA Warner,all,"IPL career bowling stats for DA Warner: 0 wickets, 0.1 overs, 2 runs conceded, economy 12.00, bowling average not available."
career_bowling,DAJ Bracewell,all,"IPL career bowling stats for DAJ Bracewell: 3 wickets, 4.0 overs, 32 runs conceded, economy 8.00, bowling average 10.67."
career_bowling,DB Ravi Teja,all,"IPL career bowling stats for DB Ravi Teja: 1 wickets, 3.0 overs, 28 runs conceded, economy 9.33, bowling average 28.00."
career_bowling,DE Bollinger,all,"IPL career bowling stats for DE Bollinger: 37 wickets, 96.0 overs, 693 runs conceded, economy 7.22, bowling average 18.73."
career_bowling,DG Nalkande,all,"IPL career bowling stats for DG Nalkande: 6 wickets, 14.0 overs, 148 runs conceded, economy 10.57, bowling average 24.67."
career_bowling,DJ Bravo,all,"IPL career bowling stats for DJ Bravo: 183 wickets, 520.0 overs, 4360 runs conceded, economy 8.38, bowling average 23.83."
career_bowling,DJ Harris,all,"IPL career bowling stats for DJ Harris: 0 wickets, 3.0 overs, 26 runs conceded, economy 8.67, bowling average not available."
career_bowling,DJ Hooda,all,"IPL career bowling stats for DJ Hooda: 10 wickets, 63.1 overs, 546 runs conceded, economy 8.64, bowling average 54.60."
career_bowling,DJ Hussey,all,"IPL career bowling stats for DJ Hussey: 8 wickets, 52.5 overs, 474 runs conceded, economy 8.97, bowling average 59.25."
career_bowling,DJ Mitchell,all,"IPL career bowling stats for DJ Mitchell: 1 wickets, 8.0 overs, 97 runs conceded, economy 12.12, bowling average 97.00."
career_bowling,DJ Muthuswami,all,"IPL career bowling stats for DJ Muthuswami: 4 wickets, 14.0 overs, 101 runs conceded, economy 7.21, bowling average 25.25."
career_bowling,DJ Thornely,all,"IPL career bowling stats for DJ Thornely: 3 wickets, 7.0 overs, 40 runs conceded, economy 5.71, bowling average 13.33."
career_bowling,DJ Willey,all,"IPL career bowling stats for DJ Willey: 6 wickets, 36.0 overs, 272 runs conceded, economy 7.56, bowling average 45.33."
career_bowling,DJG Sammy,all,"IPL career bowling stats for DJG Sammy: 11 wickets, 39.2 overs, 350 runs conceded, economy 8.90, bowling average 31.82."
career_bowling,DJM Short,all,"IPL career bowling stats for DJM Short: 1 wickets, 3.0 overs, 19 runs conceded, economy 6.33, bowling average 19.00."
career_bowling,DL Chahar,all,"IPL career bowling stats for DL Chahar: 96 wickets, 344.4 overs, 2862 runs conceded, economy 8.30, bowling average 29.81."
career_bowling,DL Vettori,all,"IPL career bowling stats for DL Vettori: 28 wickets, 129.3 overs, 879 runs conceded, economy 6.79, bowling average 31.39."
career_bowling,DNT Zoysa,all,"IPL career bowling stats for DNT Zoysa: 2 wickets, 11.0 overs, 99 runs conceded, economy 9.00, bowling average 49.50."
career_bowling,DP Nannes,all,"IPL career bowling stats for DP Nannes: 28 wickets, 107.4 overs, 785 runs conceded, economy 7.29, bowling average 28.04."
career_bowling,DP Vijaykumar,all,"IPL career bowling stats for DP Vijaykumar: 4 wickets, 25.2 overs, 199 runs conceded, economy 7.86, bowling average 49.75."
career_bowling,DR Sams,all,"IPL career bowling stats for DR Sams: 14 wickets, 60.0 overs, 523 runs conceded, economy 8.72, bowling average 37.36."
career_bowling,DR Smith,all,"IPL career bowling stats for DR Smith: 26 wickets, 89.5 overs, 810 runs conceded, economy 9.02, bowling average 31.15."
career_bowling,DS Kulkarni,all,"IPL career bowling stats for DS Kulkarni: 86 wickets, 297.5 overs, 2474 runs conceded, economy 8.31, bowling average 28.77."
career_bowling,DS Rathi,all,"IPL career bowling stats for DS Rathi: 19 wickets, 91.0 overs, 826 runs conceded, economy 9.08, bowling average 43.47."
career_bowling,DT Christian,all,"IPL career bowling stats for DT Christian: 38 wickets, 147.1 overs, 1192 runs conceded, economy 8.10, bowling average 31.37."
career_bowling,DW Steyn,all,"IPL career bowling stats for DW Steyn: 97 wickets, 362.4 overs, 2508 runs conceded, economy 6.92, bowling average 25.86."
career_bowling,E Malinga,all,"IPL career bowling stats for E Malinga: 33 wickets, 81.0 overs, 745 runs conceded, economy 9.20, bowling average 22.58."
career_bowling,F du Plessis,all,"IPL career bowling stats for F du Plessis: 0 wickets, 1.0 overs, 16 runs conceded, economy 16.00, bowling average not available."
career_bowling,FA Allen,all,"IPL career bowling stats for FA Allen: 2 wickets, 15.0 overs, 136 runs conceded, economy 9.07, bowling average 68.00."
career_bowling,FH Edwards,all,"IPL career bowling stats for FH Edwards: 5 wickets, 23.2 overs, 154 runs conceded, economy 6.60, bowling average 30.80."
career_bowling,FY Fazal,all,"IPL career bowling stats for FY Fazal: 0 wickets, 2.0 overs, 20 runs conceded, economy 10.00, bowling average not available."
career_bowling,Fazalhaq Farooqi,all,"IPL career bowling stats for Fazalhaq Farooqi: 6 wickets, 42.2 overs, 437 runs conceded, economy 10.32, bowling average 72.83."
career_bowling,G Coetzee,all,"IPL career bowling stats for G Coetzee: 15 wickets, 45.3 overs, 472 runs conceded, economy 10.37, bowling average 31.47."
career_bowling,GB Hogg,all,"IPL career bowling stats for GB Hogg: 23 wickets, 76.2 overs, 570 runs conceded, economy 7.47, bowling average 24.78."
career_bowling,GC Viljoen,all,"IPL career bowling stats for GC Viljoen: 7 wickets, 23.0 overs, 222 runs conceded, economy 9.65, bowling average 31.71."
career_bowling,GD McGrath,all,"IPL career bowling stats for GD McGrath: 12 wickets, 54.0 overs, 357 runs conceded, economy 6.61, bowling average 29.75."
career_bowling,GD Phillips,all,"IPL career bowling stats for GD Phillips: 2 wickets, 5.0 overs, 40 runs conceded, economy 8.00, bowling average 20.00."
career_bowling,GF Linde,all,"IPL career bowling stats for GF Linde: 1 wickets, 6.1 overs, 55 runs conceded, economy 8.92, bowling average 55.00."
career_bowling,GH Vihari,all,"IPL career bowling stats for GH Vihari: 1 wickets, 7.0 overs, 47 runs conceded, economy 6.71, bowling average 47.00."
career_bowling,GHS Garton,all,"IPL career bowling stats for GHS Garton: 3 wickets, 15.0 overs, 135 runs conceded, economy 9.00, bowling average 45.00."
career_bowling,GJ Maxwell,all,"IPL career bowling stats for GJ Maxwell: 41 wickets, 170.2 overs, 1413 runs conceded, economy 8.30, bowling average 34.46."
career_bowling,GR Napier,all,"IPL career bowling stats for GR Napier: 1 wickets, 4.0 overs, 27 runs conceded, economy 6.75, bowling average 27.00."
career_bowling,GS Sandhu,all,"IPL career bowling stats for GS Sandhu: 1 wickets, 8.0 overs, 82 runs conceded, economy 10.25, bowling average 82.00."
career_bowling,Gagandeep Singh,all,"IPL career bowling stats for Gagandeep Singh: 3 wickets, 14.0 overs, 141 runs conceded, economy 10.07, bowling average 47.00."
career_bowling,Gulbadin Naib,all,"IPL career bowling stats for Gulbadin Naib: 0 wickets, 1.0 overs, 12 runs conceded, economy 12.00, bowling average not available."
career_bowling,Gurjapneet Singh,all,"IPL career bowling stats for Gurjapneet Singh: 4 wickets, 25.1 overs, 233 runs conceded, economy 9.26, bowling average 58.25."
career_bowling,Gurkeerat Singh,all,"IPL career bowling stats for Gurkeerat Singh: 5 wickets, 13.0 overs, 97 runs conceded, economy 7.46, bowling average 19.40."
career_bowling,Gurnoor Brar,all,"IPL career bowling stats for Gurnoor Brar: 0 wickets, 3.0 overs, 42 runs conceded, economy 14.00, bowling average not available."
career_bowling,H Sharma,all,"IPL career bowling stats for H Sharma: 0 wickets, 5.0 overs, 57 runs conceded, economy 11.40, bowling average not available."
career_bowling,HF Gurney,all,"IPL career bowling stats for HF Gurney: 7 wickets, 27.0 overs, 238 runs conceded, economy 8.81, bowling average 34.00."
career_bowling,HH Pandya,all,"IPL career bowling stats for HH Pandya: 82 wickets, 294.0 overs, 2751 runs conceded, economy 9.36, bowling average 33.55."
career_bowling,HR Shokeen,all,"IPL career bowling stats for HR Shokeen: 5 wickets, 34.0 overs, 314 runs conceded, economy 9.24, bowling average 62.80."
career_bowling,HV Patel,all,"IPL career bowling stats for HV Patel: 151 wickets, 417.4 overs, 3727 runs conceded, economy 8.92, bowling average 24.68."
career_bowling,Harbhajan Singh,all,"IPL career bowling stats for Harbhajan Singh: 150 wickets, 569.2 overs, 4030 runs conceded, economy 7.08, bowling average 26.87."
career_bowling,Harmeet Singh,all,"IPL career bowling stats for Harmeet Singh: 27 wickets, 91.3 overs, 731 runs conceded, economy 7.99, bowling average 27.07."
career_bowling,Harpreet Brar,all,"IPL career bowling stats for Harpreet Brar: 37 wickets, 143.1 overs, 1145 runs conceded, economy 8.00, bowling average 30.95."
career_bowling,Harsh Dubey,all,"IPL career bowling stats for Harsh Dubey: 13 wickets, 32.0 overs, 326 runs conceded, economy 10.19, bowling average 25.08."
career_bowling,Harshit Rana,all,"IPL career bowling stats for Harshit Rana: 40 wickets, 108.1 overs, 1029 runs conceded, economy 9.51, bowling average 25.72."
career_bowling,I Malhotra,all,"IPL career bowling stats for I Malhotra: 0 wickets, 1.0 overs, 23 runs conceded, economy 23.00, bowling average not available."
career_bowling,I Sharma,all,"IPL career bowling stats for I Sharma: 96 wickets, 403.1 overs, 3377 runs conceded, economy 8.38, bowling average 35.18."
career_bowling,I Udana,all,"IPL career bowling stats for I Udana: 8 wickets, 29.0 overs, 282 runs conceded, economy 9.72, bowling average 35.25."
career_bowling,IC Pandey,all,"IPL career bowling stats for IC Pandey: 18 wickets, 77.0 overs, 591 runs conceded, economy 7.68, bowling average 32.83."
career_bowling,IC Porel,all,"IPL career bowling stats for IC Porel: 1 wickets, 4.0 overs, 39 runs conceded, economy 9.75, bowling average 39.00."
career_bowling,IK Pathan,all,"IPL career bowling stats for IK Pathan: 80 wickets, 340.3 overs, 2649 runs conceded, economy 7.78, bowling average 33.11."
career_bowling,IS Sodhi,all,"IPL career bowling stats for IS Sodhi: 9 wickets, 30.1 overs, 202 runs conceded, economy 6.70, bowling average 22.44."
career_bowling,Imran Tahir,all,"IPL career bowling stats for Imran Tahir: 82 wickets, 219.2 overs, 1703 runs conceded, economy 7.76, bowling average 20.77."
career_bowling,Iqbal Abdulla,all,"IPL career bowling stats for Iqbal Abdulla: 40 wickets, 153.2 overs, 1109 runs conceded, economy 7.23, bowling average 27.72."
career_bowling,Ishan Kishan,all,"IPL career bowling stats for Ishan Kishan: 0 wickets, 0.1 overs, 4 runs conceded, economy 24.00, bowling average not available."
career_bowling,J Botha,all,"IPL career bowling stats for J Botha: 25 wickets, 115.4 overs, 800 runs conceded, economy 6.92, bowling average 32.00."
career_bowling,J Little,all,"IPL career bowling stats for J Little: 11 wickets, 38.0 overs, 339 runs conceded, economy 8.92, bowling average 30.82."
career_bowling,J Overton,all,"IPL career bowling stats for J Overton: 14 wickets, 34.0 overs, 332 runs conceded, economy 9.76, bowling average 23.71."
career_bowling,J Suchith,all,"IPL career bowling stats for J Suchith: 19 wickets, 70.0 overs, 602 runs conceded, economy 8.60, bowling average 31.68."
career_bowling,J Syed Mohammad,all,"IPL career bowling stats for J Syed Mohammad: 8 wickets, 32.0 overs, 283 runs conceded, economy 8.84, bowling average 35.38."
career_bowling,J Theron,all,"IPL career bowling stats for J Theron: 9 wickets, 36.0 overs, 293 runs conceded, economy 8.14, bowling average 32.56."
career_bowling,J Yadav,all,"IPL career bowling stats for J Yadav: 8 wickets, 65.0 overs, 445 runs conceded, economy 6.85, bowling average 55.62."
career_bowling,JA Duffy,all,"IPL career bowling stats for JA Duffy: 9 wickets, 24.0 overs, 263 runs conceded, economy 10.96, bowling average 29.22."
career_bowling,JA Morkel,all,"IPL career bowling stats for JA Morkel: 85 wickets, 287.1 overs, 2359 runs conceded, economy 8.21, bowling average 27.75."
career_bowling,JA Richardson,all,"IPL career bowling stats for JA Richardson: 3 wickets, 15.0 overs, 157 runs conceded, economy 10.47, bowling average 52.33."
career_bowling,JC Archer,all,"IPL career bowling stats for JC Archer: 84 wickets, 263.0 overs, 2161 runs conceded, economy 8.22, bowling average 25.73."
career_bowling,JD Ryder,all,"IPL career bowling stats for JD Ryder: 8 wickets, 39.2 overs, 303 runs conceded, economy 7.70, bowling average 37.88."
career_bowling,JD Unadkat,all,"IPL career bowling stats for JD Unadkat: 114 wickets, 391.5 overs, 3504 runs conceded, economy 8.94, bowling average 30.74."
career_bowling,JDP Oram,all,"IPL career bowling stats for JDP Oram: 9 wickets, 39.3 overs, 349 runs conceded, economy 8.84, bowling average 38.78."
career_bowling,JDS Neesham,all,"IPL career bowling stats for JDS Neesham: 8 wickets, 36.0 overs, 334 runs conceded, economy 9.28, bowling average 41.75."
career_bowling,JE Root,all,"IPL career bowling stats for JE Root: 0 wickets, 2.0 overs, 14 runs conceded, economy 7.00, bowling average not available."
career_bowling,JE Taylor,all,"IPL career bowling stats for JE Taylor: 6 wickets, 19.3 overs, 157 runs conceded, economy 8.05, bowling average 26.17."
career_bowling,JEC Franklin,all,"IPL career bowling stats for JEC Franklin: 9 wickets, 25.1 overs, 220 runs conceded, economy 8.74, bowling average 24.44."
career_bowling,JH Kallis,all,"IPL career bowling stats for JH Kallis: 65 wickets, 290.2 overs, 2293 runs conceded, economy 7.90, bowling average 35.28."
career_bowling,JJ Bumrah,all,"IPL career bowling stats for JJ Bumrah: 187 wickets, 605.1 overs, 4441 runs conceded, economy 7.34, bowling average 23.75."
career_bowling,JJ van der Wath,all,"IPL career bowling stats for JJ van der Wath: 3 wickets, 12.0 overs, 129 runs conceded, economy 10.75, bowling average 43.00."
career_bowling,JL Pattinson,all,"IPL career bowling stats for JL Pattinson: 11 wickets, 35.3 overs, 320 runs conceded, economy 9.01, bowling average 29.09."
career_bowling,JM Kemp,all,"IPL career bowling stats for JM Kemp: 3 wickets, 7.2 overs, 54 runs conceded, economy 7.36, bowling average 18.00."
career_bowling,JO Holder,all,"IPL career bowling stats for JO Holder: 70 wickets, 204.1 overs, 1751 runs conceded, economy 8.58, bowling average 25.01."
career_bowling,JP Behrendorff,all,"IPL career bowling stats for JP Behrendorff: 19 wickets, 61.0 overs, 552 runs conceded, economy 9.05, bowling average 29.05."
career_bowling,JP Duminy,all,"IPL career bowling stats for JP Duminy: 23 wickets, 113.0 overs, 834 runs conceded, economy 7.38, bowling average 36.26."
career_bowling,JP Faulkner,all,"IPL career bowling stats for JP Faulkner: 59 wickets, 204.3 overs, 1778 runs conceded, economy 8.69, bowling average 30.14."
career_bowling,JPR Scantlebury-Searles,all,"IPL career bowling stats for JPR Scantlebury-Searles: 2 wickets, 7.0 overs, 89 runs conceded, economy 12.71, bowling average 44.50."
career_bowling,JR Hazlewood,all,"IPL career bowling stats for JR Hazlewood: 72 wickets, 196.0 overs, 1690 runs conceded, economy 8.62, bowling average 23.47."
career_bowling,JR Hopes,all,"IPL career bowling stats for JR Hopes: 14 wickets, 60.0 overs, 548 runs conceded, economy 9.13, bowling average 39.14."
career_bowling,JW Hastings,all,"IPL career bowling stats for JW Hastings: 3 wickets, 9.4 overs, 66 runs conceded, economy 6.83, bowling average 22.00."
career_bowling,Jalaj S Saxena,all,"IPL career bowling stats for Jalaj S Saxena: 0 wickets, 3.0 overs, 27 runs conceded, economy 9.00, bowling average not available."
career_bowling,Jaskaran Singh,all,"IPL career bowling stats for Jaskaran Singh: 6 wickets, 17.0 overs, 171 runs conceded, economy 10.06, bowling average 28.50."
career_bowling,Joginder Sharma,all,"IPL career bowling stats for Joginder Sharma: 12 wickets, 42.4 overs, 419 runs conceded, economy 9.82, bowling average 34.92."
career_bowling,K Goel,all,"IPL career bowling stats for K Goel: 0 wickets, 11.0 overs, 93 runs conceded, economy 8.45, bowling average not available."
career_bowling,K Gowtham,all,"IPL career bowling stats for K Gowtham: 21 wickets, 98.0 overs, 808 runs conceded, economy 8.24, bowling average 38.48."
career_bowling,K Kartikeya,all,"IPL career bowling stats for K Kartikeya: 12 wickets, 47.0 overs, 407 runs conceded, economy 8.66, bowling average 33.92."
career_bowling,K Khejroliya,all,"IPL career bowling stats for K Khejroliya: 6 wickets, 25.1 overs, 277 runs conceded, economy 11.01, bowling average 46.17."
career_bowling,K Rabada,all,"IPL career bowling stats for K Rabada: 148 wickets, 381.4 overs, 3358 runs conceded, economy 8.80, bowling average 22.69."
career_bowling,K Santokie,all,"IPL career bowling stats for K Santokie: 3 wickets, 8.0 overs, 90 runs conceded, economy 11.25, bowling average 30.00."
career_bowling,K Upadhyay,all,"IPL career bowling stats for K Upadhyay: 0 wickets, 9.0 overs, 81 runs conceded, economy 9.00, bowling average not available."
career_bowling,K Yadav,all,"IPL career bowling stats for K Yadav: 2 wickets, 9.0 overs, 84 runs conceded, economy 9.33, bowling average 42.00."
career_bowling,KA Jamieson,all,"IPL career bowling stats for KA Jamieson: 16 wickets, 50.0 overs, 506 runs conceded, economy 10.12, bowling average 31.62."
career_bowling,KA Maharaj,all,"IPL career bowling stats for KA Maharaj: 2 wickets, 6.0 overs, 39 runs conceded, economy 6.50, bowling average 19.50."
career_bowling,KA Pollard,all,"IPL career bowling stats for KA Pollard: 69 wickets, 248.0 overs, 2180 runs conceded, economy 8.79, bowling average 31.59."
career_bowling,KAJ Roach,all,"IPL career bowling stats for KAJ Roach: 0 wickets, 8.0 overs, 80 runs conceded, economy 10.00, bowling average not available."
career_bowling,KC Cariappa,all,"IPL career bowling stats for KC Cariappa: 8 wickets, 36.0 overs, 348 runs conceded, economy 9.67, bowling average 43.50."
career_bowling,KH Pandya,all,"IPL career bowling stats for KH Pandya: 107 wickets, 450.1 overs, 3410 runs conceded, economy 7.57, bowling average 31.87."
career_bowling,KJ Abbott,all,"IPL career bowling stats for KJ Abbott: 2 wickets, 16.0 overs, 177 runs conceded, economy 11.06, bowling average 88.50."
career_bowling,KK Ahmed,all,"IPL career bowling stats for KK Ahmed: 91 wickets, 276.1 overs, 2474 runs conceded, economy 8.96, bowling average 27.19."
career_bowling,KK Cooper,all,"IPL career bowling stats for KK Cooper: 33 wickets, 96.0 overs, 757 runs conceded, economy 7.89, bowling average 22.94."
career_bowling,KL Nagarkoti,all,"IPL career bowling stats for KL Nagarkoti: 5 wickets, 30.0 overs, 285 runs conceded, economy 9.50, bowling average 57.00."
career_bowling,KM Asif,all,"IPL career bowling stats for KM Asif: 7 wickets, 22.1 overs, 231 runs conceded, economy 10.42, bowling average 33.00."
career_bowling,KMA Paul,all,"IPL career bowling stats for KMA Paul: 9 wickets, 27.1 overs, 237 runs conceded, economy 8.72, bowling average 26.33."
career_bowling,KMDN Kulasekara,all,"IPL career bowling stats for KMDN Kulasekara: 5 wickets, 17.0 overs, 120 runs conceded, economy 7.06, bowling average 24.00."
career_bowling,KP Appanna,all,"IPL career bowling stats for KP Appanna: 9 wickets, 36.0 overs, 286 runs conceded, economy 7.94, bowling average 31.78."
career_bowling,KP Pietersen,all,"IPL career bowling stats for KP Pietersen: 7 wickets, 29.0 overs, 215 runs conceded, economy 7.41, bowling average 30.71."
career_bowling,KR Mayers,all,"IPL career bowling stats for KR Mayers: 0 wickets, 7.0 overs, 59 runs conceded, economy 8.43, bowling average not available."
career_bowling,KR Sen,all,"IPL career bowling stats for KR Sen: 14 wickets, 40.1 overs, 387 runs conceded, economy 9.63, bowling average 27.64."
career_bowling,KS Williamson,all,"IPL career bowling stats for KS Williamson: 0 wickets, 3.0 overs, 31 runs conceded, economy 10.33, bowling average not available."
career_bowling,KT Maphaka,all,"IPL career bowling stats for KT Maphaka: 2 wickets, 11.0 overs, 143 runs conceded, economy 13.00, bowling average 71.50."
career_bowling,KV Sharma,all,"IPL career bowling stats for KV Sharma: 83 wickets, 264.1 overs, 2215 runs conceded, economy 8.38, bowling average 26.69."
career_bowling,KW Richardson,all,"IPL career bowling stats for KW Richardson: 19 wickets, 55.5 overs, 472 runs conceded, economy 8.45, bowling average 24.84."
career_bowling,Kamran Khan,all,"IPL career bowling stats for Kamran Khan: 9 wickets, 26.4 overs, 224 runs conceded, economy 8.40, bowling average 24.89."
career_bowling,Karanveer Singh,all,"IPL career bowling stats for Karanveer Singh: 12 wickets, 34.0 overs, 321 runs conceded, economy 9.44, bowling average 26.75."
career_bowling,Karim Janat,all,"IPL career bowling stats for Karim Janat: 0 wickets, 1.0 overs, 30 runs conceded, economy 30.00, bowling average not available."
career_bowling,Kartik Tyagi,all,"IPL career bowling stats for Kartik Tyagi: 33 wickets, 121.2 overs, 1211 runs conceded, economy 9.98, bowling average 36.70."
career_bowling,Krish Bhagat,all,"IPL career bowling stats for Krish Bhagat: 0 wickets, 6.0 overs, 63 runs conceded, economy 10.50, bowling average not available."
career_bowling,Kuldeep Yadav,all,"IPL career bowling stats for Kuldeep Yadav: 112 wickets, 381.0 overs, 3159 runs conceded, economy 8.29, bowling average 28.21."
career_bowling,L Ablish,all,"IPL career bowling stats for L Ablish: 3 wickets, 7.0 overs, 75 runs conceded, economy 10.71, bowling average 25.00."
career_bowling,L Balaji,all,"IPL career bowling stats for L Balaji: 76 wickets, 252.0 overs, 2028 runs conceded, economy 8.05, bowling average 26.68."
career_bowling,L Ngidi,all,"IPL career bowling stats for L Ngidi: 42 wickets, 103.2 overs, 869 runs conceded, economy 8.41, bowling average 20.69."
career_bowling,L Wood,all,"IPL career bowling stats for L Wood: 1 wickets, 6.0 overs, 93 runs conceded, economy 15.50, bowling average 93.00."
career_bowling,LA Carseldine,all,"IPL career bowling stats for LA Carseldine: 1 wickets, 1.0 overs, 6 runs conceded, economy 6.00, bowling average 6.00."
career_bowling,LB Williams,all,"IPL career bowling stats for LB Williams: 1 wickets, 6.0 overs, 72 runs conceded, economy 12.00, bowling average 72.00."
career_bowling,LE Plunkett,all,"IPL career bowling stats for LE Plunkett: 4 wickets, 25.0 overs, 225 runs conceded, economy 9.00, bowling average 56.25."
career_bowling,LH Ferguson,all,"IPL career bowling stats for LH Ferguson: 52 wickets, 181.3 overs, 1671 runs conceded, economy 9.21, bowling average 32.13."
career_bowling,LI Meriwala,all,"IPL career bowling stats for LI Meriwala: 1 wickets, 3.0 overs, 32 runs conceded, economy 10.67, bowling average 32.00."
career_bowling,LJ Wright,all,"IPL career bowling stats for LJ Wright: 2 wickets, 11.5 overs, 124 runs conceded, economy 10.48, bowling average 62.00."
career_bowling,LMP Simmons,all,"IPL career bowling stats for LMP Simmons: 1 wickets, 3.0 overs, 34 runs conceded, economy 11.33, bowling average 34.00."
career_bowling,LPC Silva,all,"IPL career bowling stats for LPC Silva: 0 wickets, 1.0 overs, 21 runs conceded, economy 21.00, bowling average not available."
career_bowling,LR Shukla,all,"IPL career bowling stats for LR Shukla: 15 wickets, 52.2 overs, 447 runs conceded, economy 8.54, bowling average 29.80."
career_bowling,LRPL Taylor,all,"IPL career bowling stats for LRPL Taylor: 0 wickets, 2.0 overs, 24 runs conceded, economy 12.00, bowling average not available."
career_bowling,LS Livingstone,all,"IPL career bowling stats for LS Livingstone: 13 wickets, 52.0 overs, 469 runs conceded, economy 9.02, bowling average 36.08."
career_bowling,Lalit Yadav,all,"IPL career bowling stats for Lalit Yadav: 10 wickets, 48.0 overs, 425 runs conceded, economy 8.85, bowling average 42.50."
career_bowling,M Ashwin,all,"IPL career bowling stats for M Ashwin: 35 wickets, 145.0 overs, 1162 runs conceded, economy 8.01, bowling average 33.20."
career_bowling,M Jansen,all,"IPL career bowling stats for M Jansen: 45 wickets, 169.3 overs, 1632 runs conceded, economy 9.63, bowling average 36.27."
career_bowling,M Kartik,all,"IPL career bowling stats for M Kartik: 31 wickets, 191.3 overs, 1388 runs conceded, economy 7.25, bowling average 44.77."
career_bowling,M Manhas,all,"IPL career bowling stats for M Manhas: 0 wickets, 7.0 overs, 42 runs conceded, economy 6.00, bowling average not available."
career_bowling,M Markande,all,"IPL career bowling stats for M Markande: 37 wickets, 125.0 overs, 1145 runs conceded, economy 9.16, bowling average 30.95."
career_bowling,M Morkel,all,"IPL career bowling stats for M Morkel: 77 wickets, 271.3 overs, 2089 runs conceded, economy 7.69, bowling average 27.13."
career_bowling,M Muralitharan,all,"IPL career bowling stats for M Muralitharan: 63 wickets, 254.0 overs, 1696 runs conceded, economy 6.68, bowling average 26.92."
career_bowling,M Ntini,all,"IPL career bowling stats for M Ntini: 7 wickets, 35.0 overs, 242 runs conceded, economy 6.91, bowling average 34.57."
career_bowling,M Pathirana,all,"IPL career bowling stats for M Pathirana: 47 wickets, 118.2 overs, 1025 runs conceded, economy 8.66, bowling average 21.81."
career_bowling,M Prasidh Krishna,all,"IPL career bowling stats for M Prasidh Krishna: 90 wickets, 288.5 overs, 2598 runs conceded, economy 8.99, bowling average 28.87."
career_bowling,M Shahrukh Khan,all,"IPL career bowling stats for M Shahrukh Khan: 1 wickets, 3.0 overs, 28 runs conceded, economy 9.33, bowling average 28.00."
career_bowling,M Siddharth,all,"IPL career bowling stats for M Siddharth: 9 wickets, 31.0 overs, 283 runs conceded, economy 9.13, bowling average 31.44."
career_bowling,M Theekshana,all,"IPL career bowling stats for M Theekshana: 36 wickets, 146.0 overs, 1207 runs conceded, economy 8.27, bowling average 33.53."
career_bowling,M Tiwari,all,"IPL career bowling stats for M Tiwari: 4 wickets, 11.0 overs, 101 runs conceded, economy 9.18, bowling average 25.25."
career_bowling,M Vijay,all,"IPL career bowling stats for M Vijay: 0 wickets, 6.0 overs, 49 runs conceded, economy 8.17, bowling average not available."
career_bowling,M de Lange,all,"IPL career bowling stats for M de Lange: 5 wickets, 18.0 overs, 169 runs conceded, economy 9.39, bowling average 33.80."
career_bowling,MA Khote,all,"IPL career bowling stats for MA Khote: 2 wickets, 5.0 overs, 51 runs conceded, economy 10.20, bowling average 25.50."
career_bowling,MA Starc,all,"IPL career bowling stats for MA Starc: 76 wickets, 198.3 overs, 1750 runs conceded, economy 8.82, bowling average 23.03."
career_bowling,MA Wood,all,"IPL career bowling stats for MA Wood: 11 wickets, 20.0 overs, 179 runs conceded, economy 8.95, bowling average 16.27."
career_bowling,MB Parmar,all,"IPL career bowling stats for MB Parmar: 0 wickets, 3.0 overs, 33 runs conceded, economy 11.00, bowling average not available."
career_bowling,MC Henriques,all,"IPL career bowling stats for MC Henriques: 42 wickets, 158.2 overs, 1289 runs conceded, economy 8.14, bowling average 30.69."
career_bowling,MD Shanaka,all,"IPL career bowling stats for MD Shanaka: 1 wickets, 6.0 overs, 60 runs conceded, economy 10.00, bowling average 60.00."
career_bowling,MF Maharoof,all,"IPL career bowling stats for MF Maharoof: 27 wickets, 70.0 overs, 520 runs conceded, economy 7.43, bowling average 19.26."
career_bowling,MG Bracewell,all,"IPL career bowling stats for MG Bracewell: 6 wickets, 11.0 overs, 95 runs conceded, economy 8.64, bowling average 15.83."
career_bowling,MG Johnson,all,"IPL career bowling stats for MG Johnson: 61 wickets, 205.2 overs, 1702 runs conceded, economy 8.29, bowling average 27.90."
career_bowling,MG Neser,all,"IPL career bowling stats for MG Neser: 0 wickets, 4.0 overs, 62 runs conceded, economy 15.50, bowling average not available."
career_bowling,MJ Clarke,all,"IPL career bowling stats for MJ Clarke: 2 wickets, 11.0 overs, 67 runs conceded, economy 6.09, bowling average 33.50."
career_bowling,MJ Henry,all,"IPL career bowling stats for MJ Henry: 4 wickets, 27.0 overs, 311 runs conceded, economy 11.52, bowling average 77.75."
career_bowling,MJ McClenaghan,all,"IPL career bowling stats for MJ McClenaghan: 71 wickets, 212.2 overs, 1803 runs conceded, economy 8.49, bowling average 25.39."
career_bowling,MJ Santner,all,"IPL career bowling stats for MJ Santner: 30 wickets, 114.3 overs, 860 runs conceded, economy 7.51, bowling average 28.67."
career_bowling,MJ Suthar,all,"IPL career bowling stats for MJ Suthar: 2 wickets, 8.0 overs, 94 runs conceded, economy 11.75, bowling average 47.00."
career_bowling,MK Lomror,all,"IPL career bowling stats for MK Lomror: 1 wickets, 15.0 overs, 127 runs conceded, economy 8.47, bowling average 127.00."
career_bowling,MK Tiwary,all,"IPL career bowling stats for MK Tiwary: 1 wickets, 7.0 overs, 83 runs conceded, economy 11.86, bowling average 83.00."
career_bowling,MM Ali,all,"IPL career bowling stats for MM Ali: 41 wickets, 142.2 overs, 1029 runs conceded, economy 7.23, bowling average 25.10."
career_bowling,MM Patel,all,"IPL career bowling stats for MM Patel: 74 wickets, 225.5 overs, 1698 runs conceded, economy 7.52, bowling average 22.95."
career_bowling,MM Sharma,all,"IPL career bowling stats for MM Sharma: 134 wickets, 400.3 overs, 3513 runs conceded, economy 8.77, bowling average 26.22."
career_bowling,MN Samuels,all,"IPL career bowling stats for MN Samuels: 9 wickets, 35.4 overs, 284 runs conceded, economy 7.96, bowling average 31.56."
career_bowling,MP Stoinis,all,"IPL career bowling stats for MP Stoinis: 46 wickets, 155.5 overs, 1547 runs conceded, economy 9.93, bowling average 33.63."
career_bowling,MP Yadav,all,"IPL career bowling stats for MP Yadav: 9 wickets, 36.1 overs, 367 runs conceded, economy 10.15, bowling average 40.78."
career_bowling,MR Marsh,all,"IPL career bowling stats for MR Marsh: 37 wickets, 93.2 overs, 795 runs conceded, economy 8.52, bowling average 21.49."
career_bowling,MS Gony,all,"IPL career bowling stats for MS Gony: 37 wickets, 148.0 overs, 1287 runs conceded, economy 8.70, bowling average 34.78."
career_bowling,MW Short,all,"IPL career bowling stats for MW Short: 0 wickets, 7.1 overs, 64 runs conceded, economy 8.93, bowling average not available."
career_bowling,Mandeep Singh,all,"IPL career bowling stats for Mandeep Singh: 0 wickets, 2.0 overs, 26 runs conceded, economy 13.00, bowling average not available."
career_bowling,Mashrafe Mortaza,all,"IPL career bowling stats for Mashrafe Mortaza: 0 wickets, 4.0 overs, 58 runs conceded, economy 14.50, bowling average not available."
career_bowling,Mayank Dagar,all,"IPL career bowling stats for Mayank Dagar: 2 wickets, 22.5 overs, 203 runs conceded, economy 8.89, bowling average 101.50."
career_bowling,Mohammad Asif,all,"IPL career bowling stats for Mohammad Asif: 8 wickets, 32.0 overs, 296 runs conceded, economy 9.25, bowling average 37.00."
career_bowling,Mohammad Hafeez,all,"IPL career bowling stats for Mohammad Hafeez: 2 wickets, 10.0 overs, 68 runs conceded, economy 6.80, bowling average 34.00."
career_bowling,Mohammad Nabi,all,"IPL career bowling stats for Mohammad Nabi: 15 wickets, 69.3 overs, 517 runs conceded, economy 7.44, bowling average 34.47."
career_bowling,Mohammed Shami,all,"IPL career bowling stats for Mohammed Shami: 145 wickets, 485.2 overs, 4208 runs conceded, economy 8.67, bowling average 29.02."
career_bowling,Mohammed Siraj,all,"IPL career bowling stats for Mohammed Siraj: 128 wickets, 445.2 overs, 3911 runs conceded, economy 8.78, bowling average 30.55."
career_bowling,Mohit Rathee,all,"IPL career bowling stats for Mohit Rathee: 0 wickets, 2.0 overs, 29 runs conceded, economy 14.50, bowling average not available."
career_bowling,Mohsin Khan,all,"IPL career bowling stats for Mohsin Khan: 38 wickets, 109.0 overs, 917 runs conceded, economy 8.41, bowling average 24.13."
career_bowling,Monu Kumar,all,"IPL career bowling stats for Monu Kumar: 0 wickets, 2.0 overs, 20 runs conceded, economy 10.00, bowling average not available."
career_bowling,Mujeeb Ur Rahman,all,"IPL career bowling stats for Mujeeb Ur Rahman: 20 wickets, 74.2 overs, 620 runs conceded, economy 8.34, bowling average 31.00."
career_bowling,Mukesh Choudhary,all,"IPL career bowling stats for Mukesh Choudhary: 25 wickets, 80.3 overs, 771 runs conceded, economy 9.58, bowling average 30.84."
career_bowling,Mukesh Kumar,all,"IPL career bowling stats for Mukesh Kumar: 42 wickets, 137.2 overs, 1455 runs conceded, economy 10.59, bowling average 34.64."
career_bowling,Musheer Khan,all,"IPL career bowling stats for Musheer Khan: 1 wickets, 2.0 overs, 27 runs conceded, economy 13.50, bowling average 27.00."
career_bowling,Mustafizur Rahman,all,"IPL career bowling stats for Mustafizur Rahman: 65 wickets, 227.2 overs, 1849 runs conceded, economy 8.13, bowling average 28.45."
career_bowling,N Burger,all,"IPL career bowling stats for N Burger: 21 wickets, 60.3 overs, 585 runs conceded, economy 9.67, bowling average 27.86."
career_bowling,N Rana,all,"IPL career bowling stats for N Rana: 10 wickets, 36.0 overs, 325 runs conceded, economy 9.03, bowling average 32.50."
career_bowling,N Thushara,all,"IPL career bowling stats for N Thushara: 9 wickets, 30.0 overs, 283 runs conceded, economy 9.43, bowling average 31.44."
career_bowling,N Wadhera,all,"IPL career bowling stats for N Wadhera: 0 wickets, 2.5 overs, 22 runs conceded, economy 7.76, bowling average not available."
career_bowling,NA Saini,all,"IPL career bowling stats for NA Saini: 0 wickets, 2.0 overs, 34 runs conceded, economy 17.00, bowling average not available."
career_bowling,NB Singh,all,"IPL career bowling stats for NB Singh: 1 wickets, 4.0 overs, 15 runs conceded, economy 3.75, bowling average 15.00."
career_bowling,ND Doshi,all,"IPL career bowling stats for ND Doshi: 2 wickets, 9.2 overs, 79 runs conceded, economy 8.46, bowling average 39.50."
career_bowling,NJ Rimmington,all,"IPL career bowling stats for NJ Rimmington: 0 wickets, 3.0 overs, 19 runs conceded, economy 6.33, bowling average not available."
career_bowling,NL McCullum,all,"IPL career bowling stats for NL McCullum: 0 wickets, 5.0 overs, 34 runs conceded, economy 6.80, bowling average not available."
career_bowling,NLTC Perera,all,"IPL career bowling stats for NLTC Perera: 31 wickets, 116.2 overs, 1016 runs conceded, economy 8.73, bowling average 32.77."
career_bowling,NM Coulter-Nile,all,"IPL career bowling stats for NM Coulter-Nile: 48 wickets, 142.5 overs, 1100 runs conceded, economy 7.70, bowling average 22.92."
career_bowling,NT Ellis,all,"IPL career bowling stats for NT Ellis: 19 wickets, 63.0 overs, 546 runs conceded, economy 8.67, bowling average 28.74."
career_bowling,Naman Dhir,all,"IPL career bowling stats for Naman Dhir: 0 wickets, 8.4 overs, 76 runs conceded, economy 8.77, bowling average not available."
career_bowling,Navdeep Saini,all,"IPL career bowling stats for Navdeep Saini: 23 wickets, 110.4 overs, 977 runs conceded, economy 8.83, bowling average 42.48."
career_bowling,Naveen-ul-Haq,all,"IPL career bowling stats for Naveen-ul-Haq: 25 wickets, 64.3 overs, 591 runs conceded, economy 9.16, bowling average 23.64."
career_bowling,Nithish Kumar Reddy,all,"IPL career bowling stats for Nithish Kumar Reddy: 13 wickets, 54.1 overs, 577 runs conceded, economy 10.65, bowling average 44.38."
career_bowling,Noor Ahmad,all,"IPL career bowling stats for Noor Ahmad: 61 wickets, 183.0 overs, 1495 runs conceded, economy 8.17, bowling average 24.51."
career_bowling,O Thomas,all,"IPL career bowling stats for O Thomas: 5 wickets, 10.0 overs, 79 runs conceded, economy 7.90, bowling average 15.80."
career_bowling,OC McCoy,all,"IPL career bowling stats for OC McCoy: 11 wickets, 26.5 overs, 250 runs conceded, economy 9.32, bowling average 22.73."
career_bowling,OF Smith,all,"IPL career bowling stats for OF Smith: 6 wickets, 15.0 overs, 178 runs conceded, economy 11.87, bowling average 29.67."
career_bowling,P Amarnath,all,"IPL career bowling stats for P Amarnath: 7 wickets, 22.0 overs, 236 runs conceded, economy 10.73, bowling average 33.71."
career_bowling,P Awana,all,"IPL career bowling stats for P Awana: 39 wickets, 124.3 overs, 1029 runs conceded, economy 8.27, bowling average 26.38."
career_bowling,P Dubey,all,"IPL career bowling stats for P Dubey: 2 wickets, 13.0 overs, 111 runs conceded, economy 8.54, bowling average 55.50."
career_bowling,P Kumar,all,"IPL career bowling stats for P Kumar: 90 wickets, 420.4 overs, 3251 runs conceded, economy 7.73, bowling average 36.12."
career_bowling,P Negi,all,"IPL career bowling stats for P Negi: 34 wickets, 119.2 overs, 939 runs conceded, economy 7.87, bowling average 27.62."
career_bowling,P Parameswaran,all,"IPL career bowling stats for P Parameswaran: 9 wickets, 25.4 overs, 224 runs conceded, economy 8.73, bowling average 24.89."
career_bowling,P Prasanth,all,"IPL career bowling stats for P Prasanth: 0 wickets, 1.0 overs, 18 runs conceded, economy 18.00, bowling average not available."
career_bowling,P Ray Barman,all,"IPL career bowling stats for P Ray Barman: 0 wickets, 4.0 overs, 56 runs conceded, economy 14.00, bowling average not available."
career_bowling,P Sahu,all,"IPL career bowling stats for P Sahu: 3 wickets, 17.3 overs, 146 runs conceded, economy 8.34, bowling average 48.67."
career_bowling,P Suyal,all,"IPL career bowling stats for P Suyal: 2 wickets, 16.0 overs, 151 runs conceded, economy 9.44, bowling average 75.50."
career_bowling,PC Valthaty,all,"IPL career bowling stats for PC Valthaty: 7 wickets, 25.1 overs, 205 runs conceded, economy 8.15, bowling average 29.29."
career_bowling,PD Collingwood,all,"IPL career bowling stats for PD Collingwood: 5 wickets, 14.5 overs, 101 runs conceded, economy 6.81, bowling average 20.20."
career_bowling,PH Solanki,all,"IPL career bowling stats for PH Solanki: 2 wickets, 6.0 overs, 38 runs conceded, economy 6.33, bowling average 19.00."
career_bowling,PHKD Mendis,all,"IPL career bowling stats for PHKD Mendis: 2 wickets, 7.0 overs, 60 runs conceded, economy 8.57, bowling average 30.00."
career_bowling,PJ Cummins,all,"IPL career bowling stats for PJ Cummins: 87 wickets, 301.3 overs, 2680 runs conceded, economy 8.89, bowling average 30.80."
career_bowling,PJ Sangwan,all,"IPL career bowling stats for PJ Sangwan: 38 wickets, 142.4 overs, 1240 runs conceded, economy 8.69, bowling average 32.63."
career_bowling,PM Sarvesh Kumar,all,"IPL career bowling stats for PM Sarvesh Kumar: 1 wickets, 5.0 overs, 42 runs conceded, economy 8.40, bowling average 42.00."
career_bowling,PP Chawla,all,"IPL career bowling stats for PP Chawla: 192 wickets, 641.4 overs, 5108 runs conceded, economy 7.96, bowling average 26.60."
career_bowling,PP Hinge,all,"IPL career bowling stats for PP Hinge: 14 wickets, 26.0 overs, 305 runs conceded, economy 11.73, bowling average 21.79."
career_bowling,PP Ojha,all,"IPL career bowling stats for PP Ojha: 89 wickets, 316.3 overs, 2337 runs conceded, economy 7.38, bowling average 26.26."
career_bowling,PR Veer,all,"IPL career bowling stats for PR Veer: 0 wickets, 2.0 overs, 25 runs conceded, economy 12.50, bowling average not available."
career_bowling,PV Tambe,all,"IPL career bowling stats for PV Tambe: 28 wickets, 110.0 overs, 853 runs conceded, economy 7.75, bowling average 30.46."
career_bowling,PVD Chameera,all,"IPL career bowling stats for PVD Chameera: 13 wickets, 66.0 overs, 648 runs conceded, economy 9.82, bowling average 49.85."
career_bowling,PVSN Raju,all,"IPL career bowling stats for PVSN Raju: 1 wickets, 4.0 overs, 53 runs conceded, economy 13.25, bowling average 53.00."
career_bowling,PWA Mulder,all,"IPL career bowling stats for PWA Mulder: 0 wickets, 1.0 overs, 16 runs conceded, economy 16.00, bowling average not available."
career_bowling,PWH de Silva,all,"IPL career bowling stats for PWH de Silva: 46 wickets, 133.0 overs, 1119 runs conceded, economy 8.41, bowling average 24.33."
career_bowling,Pankaj Singh,all,"IPL career bowling stats for Pankaj Singh: 11 wickets, 50.0 overs, 468 runs conceded, economy 9.36, bowling average 42.55."
career_bowling,Parvez Rasool,all,"IPL career bowling stats for Parvez Rasool: 4 wickets, 33.0 overs, 271 runs conceded, economy 8.21, bowling average 67.75."
career_bowling,Prince Yadav,all,"IPL career bowling stats for Prince Yadav: 19 wickets, 74.5 overs, 684 runs conceded, economy 9.14, bowling average 36.00."
career_bowling,R Ashwin,all,"IPL career bowling stats for R Ashwin: 187 wickets, 785.0 overs, 5652 runs conceded, economy 7.20, bowling average 30.22."
career_bowling,R Bhatia,all,"IPL career bowling stats for R Bhatia: 71 wickets, 272.4 overs, 2020 runs conceded, economy 7.41, bowling average 28.45."
career_bowling,R Dhawan,all,"IPL career bowling stats for R Dhawan: 25 wickets, 110.2 overs, 891 runs conceded, economy 8.08, bowling average 35.64."
career_bowling,R Goyal,all,"IPL career bowling stats for R Goyal: 0 wickets, 4.0 overs, 33 runs conceded, economy 8.25, bowling average not available."
career_bowling,R McLaren,all,"IPL career bowling stats for R McLaren: 12 wickets, 59.0 overs, 542 runs conceded, economy 9.19, bowling average 45.17."
career_bowling,R Ninan,all,"IPL career bowling stats for R Ninan: 3 wickets, 6.0 overs, 65 runs conceded, economy 10.83, bowling average 21.67."
career_bowling,R Parag,all,"IPL career bowling stats for R Parag: 9 wickets, 53.1 overs, 515 runs conceded, economy 9.69, bowling average 57.22."
career_bowling,R Powell,all,"IPL career bowling stats for R Powell: 1 wickets, 3.0 overs, 35 runs conceded, economy 11.67, bowling average 35.00."
career_bowling,R Rampaul,all,"IPL career bowling stats for R Rampaul: 14 wickets, 43.4 overs, 298 runs conceded, economy 6.82, bowling average 21.29."
career_bowling,R Ravindra,all,"IPL career bowling stats for R Ravindra: 0 wickets, 2.0 overs, 7 runs conceded, economy 3.50, bowling average not available."
career_bowling,R Sai Kishore,all,"IPL career bowling stats for R Sai Kishore: 33 wickets, 77.3 overs, 697 runs conceded, economy 8.99, bowling average 21.12."
career_bowling,R Sanjay Yadav,all,"IPL career bowling stats for R Sanjay Yadav: 0 wickets, 2.0 overs, 23 runs conceded, economy 11.50, bowling average not available."
career_bowling,R Sathish,all,"IPL career bowling stats for R Sathish: 3 wickets, 23.1 overs, 232 runs conceded, economy 10.01, bowling average 77.33."
career_bowling,R Sharma,all,"IPL career bowling stats for R Sharma: 40 wickets, 154.4 overs, 1086 runs conceded, economy 7.02, bowling average 27.15."
career_bowling,R Shepherd,all,"IPL career bowling stats for R Shepherd: 17 wickets, 60.0 overs, 706 runs conceded, economy 11.77, bowling average 41.53."
career_bowling,R Shukla,all,"IPL career bowling stats for R Shukla: 5 wickets, 20.0 overs, 208 runs conceded, economy 10.40, bowling average 41.60."
career_bowling,R Tewatia,all,"IPL career bowling stats for R Tewatia: 32 wickets, 140.3 overs, 1111 runs conceded, economy 7.91, bowling average 34.72."
career_bowling,R Vinay Kumar,all,"IPL career bowling stats for R Vinay Kumar: 105 wickets, 353.3 overs, 2966 runs conceded, economy 8.39, bowling average 28.25."
career_bowling,RA Bawa,all,"IPL career bowling stats for RA Bawa: 2 wickets, 4.0 overs, 50 runs conceded, economy 12.50, bowling average 25.00."
career_bowling,RA Jadeja,all,"IPL career bowling stats for RA Jadeja: 180 wickets, 709.0 overs, 5465 runs conceded, economy 7.71, bowling average 30.36."
career_bowling,RA Shaikh,all,"IPL career bowling stats for RA Shaikh: 0 wickets, 1.0 overs, 11 runs conceded, economy 11.00, bowling average not available."
career_bowling,RA Tripathi,all,"IPL career bowling stats for RA Tripathi: 0 wickets, 1.0 overs, 12 runs conceded, economy 12.00, bowling average not available."
career_bowling,RD Chahar,all,"IPL career bowling stats for RD Chahar: 75 wickets, 282.2 overs, 2196 runs conceded, economy 7.78, bowling average 29.28."
career_bowling,RE van der Merwe,all,"IPL career bowling stats for RE van der Merwe: 21 wickets, 73.5 overs, 498 runs conceded, economy 6.74, bowling average 23.71."
career_bowling,RG More,all,"IPL career bowling stats for RG More: 1 wickets, 5.5 overs, 59 runs conceded, economy 10.11, bowling average 59.00."
career_bowling,RG Sharma,all,"IPL career bowling stats for RG Sharma: 15 wickets, 56.3 overs, 453 runs conceded, economy 8.02, bowling average 30.20."
career_bowling,RJ Gleeson,all,"IPL career bowling stats for RJ Gleeson: 2 wickets, 11.2 overs, 110 runs conceded, economy 9.71, bowling average 55.00."
career_bowling,RJ Harris,all,"IPL career bowling stats for RJ Harris: 45 wickets, 138.4 overs, 1047 runs conceded, economy 7.55, bowling average 23.27."
career_bowling,RJ Peterson,all,"IPL career bowling stats for RJ Peterson: 3 wickets, 8.0 overs, 70 runs conceded, economy 8.75, bowling average 23.33."
career_bowling,RJW Topley,all,"IPL career bowling stats for RJW Topley: 5 wickets, 20.0 overs, 222 runs conceded, economy 11.10, bowling average 44.40."
career_bowling,RN ten Doeschate,all,"IPL career bowling stats for RN ten Doeschate: 2 wickets, 13.0 overs, 94 runs conceded, economy 7.23, bowling average 47.00."
career_bowling,RP Meredith,all,"IPL career bowling stats for RP Meredith: 19 wickets, 64.4 overs, 612 runs conceded, economy 9.46, bowling average 32.21."
career_bowling,RP Singh,all,"IPL career bowling stats for RP Singh: 90 wickets, 295.5 overs, 2338 runs conceded, economy 7.90, bowling average 25.98."
career_bowling,RR Bhatkal,all,"IPL career bowling stats for RR Bhatkal: 0 wickets, 2.0 overs, 35 runs conceded, economy 17.50, bowling average not available."
career_bowling,RR Bose,all,"IPL career bowling stats for RR Bose: 0 wickets, 2.0 overs, 24 runs conceded, economy 12.00, bowling average not available."
career_bowling,RR Powar,all,"IPL career bowling stats for RR Powar: 13 wickets, 71.0 overs, 527 runs conceded, economy 7.42, bowling average 40.54."
career_bowling,RR Raje,all,"IPL career bowling stats for RR Raje: 6 wickets, 23.1 overs, 209 runs conceded, economy 9.02, bowling average 34.83."
career_bowling,RS Bopara,all,"IPL career bowling stats for RS Bopara: 11 wickets, 34.2 overs, 292 runs conceded, economy 8.50, bowling average 26.55."
career_bowling,RS Gavaskar,all,"IPL career bowling stats for RS Gavaskar: 0 wickets, 1.0 overs, 8 runs conceded, economy 8.00, bowling average not available."
career_bowling,RS Ghosh,all,"IPL career bowling stats for RS Ghosh: 1 wickets, 3.0 overs, 24 runs conceded, economy 8.00, bowling average 24.00."
career_bowling,RS Hangargekar,all,"IPL career bowling stats for RS Hangargekar: 3 wickets, 6.0 overs, 60 runs conceded, economy 10.00, bowling average 20.00."
career_bowling,RV Gomez,all,"IPL career bowling stats for RV Gomez: 5 wickets, 16.0 overs, 129 runs conceded, economy 8.06, bowling average 25.80."
career_bowling,RV Patel,all,"IPL career bowling stats for RV Patel: 0 wickets, 3.0 overs, 22 runs conceded, economy 7.33, bowling average not available."
career_bowling,RW Price,all,"IPL career bowling stats for RW Price: 0 wickets, 3.0 overs, 33 runs conceded, economy 11.00, bowling average not available."
career_bowling,Raghu Sharma,all,"IPL career bowling stats for Raghu Sharma: 1 wickets, 15.0 overs, 130 runs conceded, economy 8.67, bowling average 130.00."
career_bowling,Ramandeep Singh,all,"IPL career bowling stats for Ramandeep Singh: 7 wickets, 9.2 overs, 94 runs conceded, economy 10.07, bowling average 13.43."
career_bowling,Rashid Khan,all,"IPL career bowling stats for Rashid Khan: 179 wickets, 588.2 overs, 4282 runs conceded, economy 7.28, bowling average 23.92."
career_bowling,Rasikh Salam,all,"IPL career bowling stats for Rasikh Salam: 29 wickets, 81.2 overs, 814 runs conceded, economy 10.01, bowling average 28.07."
career_bowling,Ravi Bishnoi,all,"IPL career bowling stats for Ravi Bishnoi: 83 wickets, 298.1 overs, 2494 runs conceded, economy 8.36, bowling average 30.05."
career_bowling,S Aravind,all,"IPL career bowling stats for S Aravind: 45 wickets, 126.4 overs, 1039 runs conceded, economy 8.20, bowling average 23.09."
career_bowling,S Badree,all,"IPL career bowling stats for S Badree: 11 wickets, 43.0 overs, 319 runs conceded, economy 7.42, bowling average 29.00."
career_bowling,S Dhawan,all,"IPL career bowling stats for S Dhawan: 4 wickets, 8.0 overs, 66 runs conceded, economy 8.25, bowling average 16.50."
career_bowling,S Dube,all,"IPL career bowling stats for S Dube: 6 wickets, 25.4 overs, 277 runs conceded, economy 10.79, bowling average 46.17."
career_bowling,S Gopal,all,"IPL career bowling stats for S Gopal: 52 wickets, 165.1 overs, 1349 runs conceded, economy 8.17, bowling average 25.94."
career_bowling,S Joseph,all,"IPL career bowling stats for S Joseph: 0 wickets, 4.0 overs, 47 runs conceded, economy 11.75, bowling average not available."
career_bowling,S Kaul,all,"IPL career bowling stats for S Kaul: 58 wickets, 201.3 overs, 1739 runs conceded, economy 8.63, bowling average 29.98."
career_bowling,S Kaushik,all,"IPL career bowling stats for S Kaushik: 6 wickets, 34.0 overs, 297 runs conceded, economy 8.74, bowling average 49.50."
career_bowling,S Ladda,all,"IPL career bowling stats for S Ladda: 5 wickets, 23.0 overs, 224 runs conceded, economy 9.74, bowling average 44.80."
career_bowling,S Lamichhane,all,"IPL career bowling stats for S Lamichhane: 13 wickets, 35.0 overs, 292 runs conceded, economy 8.34, bowling average 22.46."
career_bowling,S Midhun,all,"IPL career bowling stats for S Midhun: 0 wickets, 2.0 overs, 27 runs conceded, economy 13.50, bowling average not available."
career_bowling,S Nadeem,all,"IPL career bowling stats for S Nadeem: 48 wickets, 235.5 overs, 1784 runs conceded, economy 7.56, bowling average 37.17."
career_bowling,S Narwal,all,"IPL career bowling stats for S Narwal: 5 wickets, 17.4 overs, 202 runs conceded, economy 11.43, bowling average 40.40."
career_bowling,S Rana,all,"IPL career bowling stats for S Rana: 0 wickets, 2.4 overs, 18 runs conceded, economy 6.75, bowling average not available."
career_bowling,S Randiv,all,"IPL career bowling stats for S Randiv: 6 wickets, 29.0 overs, 223 runs conceded, economy 7.69, bowling average 37.17."
career_bowling,S Sandeep Warrier,all,"IPL career bowling stats for S Sandeep Warrier: 8 wickets, 28.0 overs, 253 runs conceded, economy 9.04, bowling average 31.62."
career_bowling,S Sreesanth,all,"IPL career bowling stats for S Sreesanth: 40 wickets, 146.4 overs, 1194 runs conceded, economy 8.14, bowling average 29.85."
career_bowling,S Sriram,all,"IPL career bowling stats for S Sriram: 0 wickets, 3.0 overs, 49 runs conceded, economy 16.33, bowling average not available."
career_bowling,S Tyagi,all,"IPL career bowling stats for S Tyagi: 6 wickets, 34.5 overs, 295 runs conceded, economy 8.47, bowling average 49.17."
career_bowling,S Vidyut,all,"IPL career bowling stats for S Vidyut: 1 wickets, 2.0 overs, 22 runs conceded, economy 11.00, bowling average 22.00."
career_bowling,SA Abbott,all,"IPL career bowling stats for SA Abbott: 1 wickets, 9.0 overs, 104 runs conceded, economy 11.56, bowling average 104.00."
career_bowling,SA Yadav,all,"IPL career bowling stats for SA Yadav: 0 wickets, 1.0 overs, 8 runs conceded, economy 8.00, bowling average not available."
career_bowling,SB Bangar,all,"IPL career bowling stats for SB Bangar: 4 wickets, 25.0 overs, 219 runs conceded, economy 8.76, bowling average 54.75."
career_bowling,SB Jakati,all,"IPL career bowling stats for SB Jakati: 47 wickets, 180.5 overs, 1451 runs conceded, economy 8.02, bowling average 30.87."
career_bowling,SB Joshi,all,"IPL career bowling stats for SB Joshi: 1 wickets, 9.1 overs, 82 runs conceded, economy 8.95, bowling average 82.00."
career_bowling,SB Styris,all,"IPL career bowling stats for SB Styris: 8 wickets, 36.0 overs, 276 runs conceded, economy 7.67, bowling average 34.50."
career_bowling,SB Wagh,all,"IPL career bowling stats for SB Wagh: 5 wickets, 17.0 overs, 137 runs conceded, economy 8.06, bowling average 27.40."
career_bowling,SC Ganguly,all,"IPL career bowling stats for SC Ganguly: 10 wickets, 46.0 overs, 363 runs conceded, economy 7.89, bowling average 36.30."
career_bowling,SC Kuggeleijn,all,"IPL career bowling stats for SC Kuggeleijn: 2 wickets, 8.0 overs, 71 runs conceded, economy 8.88, bowling average 35.50."
career_bowling,SD Chitnis,all,"IPL career bowling stats for SD Chitnis: 2 wickets, 6.0 overs, 60 runs conceded, economy 10.00, bowling average 30.00."
career_bowling,SE Bond,all,"IPL career bowling stats for SE Bond: 9 wickets, 31.0 overs, 224 runs conceded, economy 7.23, bowling average 24.89."
career_bowling,SE Rutherford,all,"IPL career bowling stats for SE Rutherford: 1 wickets, 6.5 overs, 59 runs conceded, economy 8.63, bowling average 59.00."
career_bowling,SH Johnson,all,"IPL career bowling stats for SH Johnson: 7 wickets, 38.2 overs, 396 runs conceded, economy 10.33, bowling average 56.57."
career_bowling,SJ Srivastava,all,"IPL career bowling stats for SJ Srivastava: 14 wickets, 47.0 overs, 441 runs conceded, economy 9.38, bowling average 31.50."
career_bowling,SK Raina,all,"IPL career bowling stats for SK Raina: 25 wickets, 151.2 overs, 1118 runs conceded, economy 7.39, bowling average 44.72."
career_bowling,SK Trivedi,all,"IPL career bowling stats for SK Trivedi: 65 wickets, 251.0 overs, 1904 runs conceded, economy 7.59, bowling average 29.29."
career_bowling,SK Warne,all,"IPL career bowling stats for SK Warne: 57 wickets, 199.0 overs, 1447 runs conceded, economy 7.27, bowling average 25.39."
career_bowling,SL Malinga,all,"IPL career bowling stats for SL Malinga: 170 wickets, 471.1 overs, 3371 runs conceded, economy 7.15, bowling average 19.83."
career_bowling,SM Boland,all,"IPL career bowling stats for SM Boland: 2 wickets, 7.0 overs, 54 runs conceded, economy 7.71, bowling average 27.00."
career_bowling,SM Curran,all,"IPL career bowling stats for SM Curran: 59 wickets, 208.5 overs, 2033 runs conceded, economy 9.74, bowling average 34.46."
career_bowling,SM Harwood,all,"IPL career bowling stats for SM Harwood: 3 wickets, 10.0 overs, 73 runs conceded, economy 7.30, bowling average 24.33."
career_bowling,SM Pollock,all,"IPL career bowling stats for SM Pollock: 11 wickets, 46.0 overs, 301 runs conceded, economy 6.54, bowling average 27.36."
career_bowling,SMSM Senanayake,all,"IPL career bowling stats for SMSM Senanayake: 9 wickets, 32.0 overs, 209 runs conceded, economy 6.53, bowling average 23.22."
career_bowling,SN Khan,all,"IPL career bowling stats for SN Khan: 0 wickets, 0.2 overs, 6 runs conceded, economy 18.00, bowling average not available."
career_bowling,SN Thakur,all,"IPL career bowling stats for SN Thakur: 119 wickets, 367.0 overs, 3514 runs conceded, economy 9.57, bowling average 29.53."
career_bowling,SP Narine,all,"IPL career bowling stats for SP Narine: 207 wickets, 775.1 overs, 5261 runs conceded, economy 6.79, bowling average 25.42."
career_bowling,SPD Smith,all,"IPL career bowling stats for SPD Smith: 0 wickets, 0.2 overs, 5 runs conceded, economy 15.00, bowling average not available."
career_bowling,SR Dubey,all,"IPL career bowling stats for SR Dubey: 5 wickets, 12.5 overs, 106 runs conceded, economy 8.26, bowling average 21.20."
career_bowling,SR Tendulkar,all,"IPL career bowling stats for SR Tendulkar: 0 wickets, 6.0 overs, 58 runs conceded, economy 9.67, bowling average not available."
career_bowling,SR Watson,all,"IPL career bowling stats for SR Watson: 92 wickets, 338.1 overs, 2682 runs conceded, economy 7.93, bowling average 29.15."
career_bowling,SS Agarwal,all,"IPL career bowling stats for SS Agarwal: 1 wickets, 4.0 overs, 42 runs conceded, economy 10.50, bowling average 42.00."
career_bowling,SS Cottrell,all,"IPL career bowling stats for SS Cottrell: 6 wickets, 20.0 overs, 176 runs conceded, economy 8.80, bowling average 29.33."
career_bowling,SS Iyer,all,"IPL career bowling stats for SS Iyer: 0 wickets, 1.0 overs, 7 runs conceded, economy 7.00, bowling average not available."
career_bowling,SS Mishra,all,"IPL career bowling stats for SS Mishra: 2 wickets, 6.2 overs, 67 runs conceded, economy 10.58, bowling average 33.50."
career_bowling,SS Mundhe,all,"IPL career bowling stats for SS Mundhe: 1 wickets, 1.0 overs, 6 runs conceded, economy 6.00, bowling average 6.00."
career_bowling,SS Sarkar,all,"IPL career bowling stats for SS Sarkar: 1 wickets, 4.1 overs, 34 runs conceded, economy 8.16, bowling average 34.00."
career_bowling,SSB Magala,all,"IPL career bowling stats for SSB Magala: 1 wickets, 6.0 overs, 51 runs conceded, economy 8.50, bowling average 51.00."
career_bowling,ST Jayasuriya,all,"IPL career bowling stats for ST Jayasuriya: 13 wickets, 49.0 overs, 390 runs conceded, economy 7.96, bowling average 30.00."
career_bowling,STR Binny,all,"IPL career bowling stats for STR Binny: 22 wickets, 99.0 overs, 758 runs conceded, economy 7.66, bowling average 34.45."
career_bowling,SW Tait,all,"IPL career bowling stats for SW Tait: 23 wickets, 78.5 overs, 640 runs conceded, economy 8.12, bowling average 27.83."
career_bowling,SZ Mulani,all,"IPL career bowling stats for SZ Mulani: 0 wickets, 5.0 overs, 57 runs conceded, economy 11.40, bowling average not available."
career_bowling,Sachin Baby,all,"IPL career bowling stats for Sachin Baby: 2 wickets, 1.4 overs, 8 runs conceded, economy 4.80, bowling average 4.00."
career_bowling,Sakib Hussain,all,"IPL career bowling stats for Sakib Hussain: 15 wickets, 42.0 overs, 397 runs conceded, economy 9.45, bowling average 26.47."
career_bowling,Sandeep Sharma,all,"IPL career bowling stats for Sandeep Sharma: 151 wickets, 526.3 overs, 4294 runs conceded, economy 8.16, bowling average 28.44."
career_bowling,Shahbaz Ahmed,all,"IPL career bowling stats for Shahbaz Ahmed: 27 wickets, 109.1 overs, 1069 runs conceded, economy 9.79, bowling average 39.59."
career_bowling,Shahid Afridi,all,"IPL career bowling stats for Shahid Afridi: 9 wickets, 30.0 overs, 225 runs conceded, economy 7.50, bowling average 25.00."
career_bowling,Shakib Al Hasan,all,"IPL career bowling stats for Shakib Al Hasan: 63 wickets, 247.2 overs, 1839 runs conceded, economy 7.44, bowling average 29.19."
career_bowling,Shashank Singh,all,"IPL career bowling stats for Shashank Singh: 5 wickets, 15.0 overs, 140 runs conceded, economy 9.33, bowling average 28.00."
career_bowling,Shivam Mavi,all,"IPL career bowling stats for Shivam Mavi: 30 wickets, 108.1 overs, 942 runs conceded, economy 8.71, bowling average 31.40."
career_bowling,Shivam Sharma,all,"IPL career bowling stats for Shivam Sharma: 4 wickets, 19.0 overs, 165 runs conceded, economy 8.68, bowling average 41.25."
career_bowling,Shivang Kumar,all,"IPL career bowling stats for Shivang Kumar: 9 wickets, 39.0 overs, 375 runs conceded, economy 9.62, bowling average 41.67."
career_bowling,Shoaib Ahmed,all,"IPL career bowling stats for Shoaib Ahmed: 5 wickets, 17.0 overs, 152 runs conceded, economy 8.94, bowling average 30.40."
career_bowling,Shoaib Akhtar,all,"IPL career bowling stats for Shoaib Akhtar: 5 wickets, 7.0 overs, 54 runs conceded, economy 7.71, bowling average 10.80."
career_bowling,Shoaib Malik,all,"IPL career bowling stats for Shoaib Malik: 2 wickets, 8.3 overs, 85 runs conceded, economy 10.00, bowling average 42.50."
career_bowling,Sikandar Raza,all,"IPL career bowling stats for Sikandar Raza: 3 wickets, 14.0 overs, 141 runs conceded, economy 10.07, bowling average 47.00."
career_bowling,Simarjeet Singh,all,"IPL career bowling stats for Simarjeet Singh: 11 wickets, 40.0 overs, 400 runs conceded, economy 10.00, bowling average 36.36."
career_bowling,Sohail Tanvir,all,"IPL career bowling stats for Sohail Tanvir: 22 wickets, 41.1 overs, 266 runs conceded, economy 6.46, bowling average 12.09."
career_bowling,Sumit Kumar,all,"IPL career bowling stats for Sumit Kumar: 0 wickets, 3.2 overs, 38 runs conceded, economy 11.40, bowling average not available."
career_bowling,Sunny Gupta,all,"IPL career bowling stats for Sunny Gupta: 0 wickets, 3.0 overs, 47 runs conceded, economy 15.67, bowling average not available."
career_bowling,Suryansh Shedge,all,"IPL career bowling stats for Suryansh Shedge: 0 wickets, 3.0 overs, 40 runs conceded, economy 13.33, bowling average not available."
career_bowling,Suyash Sharma,all,"IPL career bowling stats for Suyash Sharma: 27 wickets, 133.5 overs, 1190 runs conceded, economy 8.89, bowling average 44.07."
career_bowling,Swapnil Singh,all,"IPL career bowling stats for Swapnil Singh: 7 wickets, 27.0 overs, 241 runs conceded, economy 8.93, bowling average 34.43."
career_bowling,T Henderson,all,"IPL career bowling stats for T Henderson: 1 wickets, 6.0 overs, 40 runs conceded, economy 6.67, bowling average 40.00."
career_bowling,T Natarajan,all,"IPL career bowling stats for T Natarajan: 73 wickets, 258.5 overs, 2378 runs conceded, economy 9.19, bowling average 32.58."
career_bowling,T Shamsi,all,"IPL career bowling stats for T Shamsi: 3 wickets, 20.0 overs, 181 runs conceded, economy 9.05, bowling average 60.33."
career_bowling,T Stubbs,all,"IPL career bowling stats for T Stubbs: 4 wickets, 6.0 overs, 69 runs conceded, economy 11.50, bowling average 17.25."
career_bowling,T Thushara,all,"IPL career bowling stats for T Thushara: 8 wickets, 22.3 overs, 161 runs conceded, economy 7.16, bowling average 20.12."
career_bowling,T Vijay,all,"IPL career bowling stats for T Vijay: 0 wickets, 2.0 overs, 29 runs conceded, economy 14.50, bowling average not available."
career_bowling,TA Boult,all,"IPL career bowling stats for TA Boult: 145 wickets, 463.2 overs, 3935 runs conceded, economy 8.49, bowling average 27.14."
career_bowling,TG Southee,all,"IPL career bowling stats for TG Southee: 47 wickets, 201.0 overs, 1742 runs conceded, economy 8.67, bowling average 37.06."
career_bowling,TH David,all,"IPL career bowling stats for TH David: 0 wickets, 1.0 overs, 18 runs conceded, economy 18.00, bowling average not available."
career_bowling,TK Curran,all,"IPL career bowling stats for TK Curran: 13 wickets, 39.4 overs, 430 runs conceded, economy 10.84, bowling average 33.08."
career_bowling,TL Suman,all,"IPL career bowling stats for TL Suman: 6 wickets, 25.0 overs, 197 runs conceded, economy 7.88, bowling average 32.83."
career_bowling,TM Dilshan,all,"IPL career bowling stats for TM Dilshan: 5 wickets, 45.1 overs, 366 runs conceded, economy 8.10, bowling average 73.20."
career_bowling,TM Head,all,"IPL career bowling stats for TM Head: 3 wickets, 10.4 overs, 120 runs conceded, economy 11.25, bowling average 40.00."
career_bowling,TP Sudhindra,all,"IPL career bowling stats for TP Sudhindra: 1 wickets, 11.4 overs, 136 runs conceded, economy 11.66, bowling average 136.00."
career_bowling,TS Mills,all,"IPL career bowling stats for TS Mills: 11 wickets, 34.5 overs, 343 runs conceded, economy 9.85, bowling average 31.18."
career_bowling,TU Deshpande,all,"IPL career bowling stats for TU Deshpande: 55 wickets, 183.5 overs, 1858 runs conceded, economy 10.11, bowling average 33.78."
career_bowling,Tejas Baroka,all,"IPL career bowling stats for Tejas Baroka: 0 wickets, 3.3 overs, 33 runs conceded, economy 9.43, bowling average not available."
career_bowling,Tilak Varma,all,"IPL career bowling stats for Tilak Varma: 0 wickets, 3.4 overs, 28 runs conceded, economy 7.64, bowling average not available."
career_bowling,UT Yadav,all,"IPL career bowling stats for UT Yadav: 144 wickets, 508.2 overs, 4317 runs conceded, economy 8.49, bowling average 29.98."
career_bowling,Umar Gul,all,"IPL career bowling stats for Umar Gul: 12 wickets, 22.3 overs, 184 runs conceded, economy 8.18, bowling average 15.33."
career_bowling,Umran Malik,all,"IPL career bowling stats for Umran Malik: 29 wickets, 82.1 overs, 772 runs conceded, economy 9.40, bowling average 26.62."
career_bowling,V Kaverappa,all,"IPL career bowling stats for V Kaverappa: 2 wickets, 4.0 overs, 36 runs conceded, economy 9.00, bowling average 18.00."
career_bowling,V Kohli,all,"IPL career bowling stats for V Kohli: 4 wickets, 41.5 overs, 368 runs conceded, economy 8.80, bowling average 92.00."
career_bowling,V Nigam,all,"IPL career bowling stats for V Nigam: 13 wickets, 48.0 overs, 469 runs conceded, economy 9.77, bowling average 36.08."
career_bowling,V Pratap Singh,all,"IPL career bowling stats for V Pratap Singh: 10 wickets, 34.0 overs, 296 runs conceded, economy 8.71, bowling average 29.60."
career_bowling,V Puthur,all,"IPL career bowling stats for V Puthur: 6 wickets, 12.0 overs, 109 runs conceded, economy 9.08, bowling average 18.17."
career_bowling,V Sehwag,all,"IPL career bowling stats for V Sehwag: 6 wickets, 22.4 overs, 235 runs conceded, economy 10.37, bowling average 39.17."
career_bowling,V Shankar,all,"IPL career bowling stats for V Shankar: 9 wickets, 39.4 overs, 344 runs conceded, economy 8.67, bowling average 38.22."
career_bowling,V Viyaskanth,all,"IPL career bowling stats for V Viyaskanth: 1 wickets, 10.0 overs, 86 runs conceded, economy 8.60, bowling average 86.00."
career_bowling,VG Arora,all,"IPL career bowling stats for VG Arora: 47 wickets, 144.2 overs, 1406 runs conceded, economy 9.74, bowling average 29.91."
career_bowling,VR Aaron,all,"IPL career bowling stats for VR Aaron: 44 wickets, 165.4 overs, 1481 runs conceded, economy 8.94, bowling average 33.66."
career_bowling,VR Iyer,all,"IPL career bowling stats for VR Iyer: 3 wickets, 13.3 overs, 143 runs conceded, economy 10.59, bowling average 47.67."
career_bowling,VRV Singh,all,"IPL career bowling stats for VRV Singh: 12 wickets, 60.0 overs, 542 runs conceded, economy 9.03, bowling average 45.17."
career_bowling,VS Malik,all,"IPL career bowling stats for VS Malik: 6 wickets, 34.1 overs, 261 runs conceded, economy 7.64, bowling average 43.50."
career_bowling,VS Yeligati,all,"IPL career bowling stats for VS Yeligati: 0 wickets, 5.0 overs, 59 runs conceded, economy 11.80, bowling average not available."
career_bowling,VY Mahesh,all,"IPL career bowling stats for VY Mahesh: 21 wickets, 56.3 overs, 499 runs conceded, economy 8.83, bowling average 23.76."
career_bowling,Vijaykumar Vyshak,all,"IPL career bowling stats for Vijaykumar Vyshak: 26 wickets, 86.3 overs, 906 runs conceded, economy 10.47, bowling average 34.85."
career_bowling,Vivrant Sharma,all,"IPL career bowling stats for Vivrant Sharma: 0 wickets, 3.0 overs, 37 runs conceded, economy 12.33, bowling average not available."
career_bowling,W O'Rourke,all,"IPL career bowling stats for W O'Rourke: 6 wickets, 10.2 overs, 132 runs conceded, economy 12.77, bowling average 22.00."
career_bowling,WA Mota,all,"IPL career bowling stats for WA Mota: 4 wickets, 12.0 overs, 97 runs conceded, economy 8.08, bowling average 24.25."
career_bowling,WD Parnell,all,"IPL career bowling stats for WD Parnell: 35 wickets, 120.3 overs, 937 runs conceded, economy 7.78, bowling average 26.77."
career_bowling,WG Jacks,all,"IPL career bowling stats for WG Jacks: 10 wickets, 31.5 overs, 314 runs conceded, economy 9.86, bowling average 31.40."
career_bowling,WPUJC Vaas,all,"IPL career bowling stats for WPUJC Vaas: 18 wickets, 47.0 overs, 355 runs conceded, economy 7.55, bowling average 19.72."
career_bowling,Washington Sundar,all,"IPL career bowling stats for Washington Sundar: 40 wickets, 195.4 overs, 1520 runs conceded, economy 7.77, bowling average 38.00."
career_bowling,XC Bartlett,all,"IPL career bowling stats for XC Bartlett: 7 wickets, 43.3 overs, 484 runs conceded, economy 11.13, bowling average 69.14."
career_bowling,Y Gnaneswara Rao,all,"IPL career bowling stats for Y Gnaneswara Rao: 0 wickets, 1.0 overs, 7 runs conceded, economy 7.00, bowling average not available."
career_bowling,Y Nagar,all,"IPL career bowling stats for Y Nagar: 4 wickets, 11.0 overs, 125 runs conceded, economy 11.36, bowling average 31.25."
career_bowling,Y Prithvi Raj,all,"IPL career bowling stats for Y Prithvi Raj: 1 wickets, 5.0 overs, 57 runs conceded, economy 11.40, bowling average 57.00."
career_bowling,Y Venugopal Rao,all,"IPL career bowling stats for Y Venugopal Rao: 6 wickets, 36.0 overs, 337 runs conceded, economy 9.36, bowling average 56.17."
career_bowling,YA Abdulla,all,"IPL career bowling stats for YA Abdulla: 15 wickets, 34.5 overs, 307 runs conceded, economy 8.81, bowling average 20.47."
career_bowling,YBK Jaiswal,all,"IPL career bowling stats for YBK Jaiswal: 0 wickets, 0.1 overs, 6 runs conceded, economy 36.00, bowling average not available."
career_bowling,YK Pathan,all,"IPL career bowling stats for YK Pathan: 42 wickets, 191.1 overs, 1415 runs conceded, economy 7.40, bowling average 33.69."
career_bowling,YS Chahal,all,"IPL career bowling stats for YS Chahal: 233 wickets, 672.5 overs, 5417 runs conceded, economy 8.05, bowling average 23.25."
career_bowling,Yash Dayal,all,"IPL career bowling stats for Yash Dayal: 41 wickets, 145.1 overs, 1390 runs conceded, economy 9.58, bowling average 33.90."
career_bowling,Yash Raj Punja,all,"IPL career bowling stats for Yash Raj Punja: 9 wickets, 30.0 overs, 279 runs conceded, economy 9.30, bowling average 31.00."
career_bowling,Yash Thakur,all,"IPL career bowling stats for Yash Thakur: 27 wickets, 77.5 overs, 825 runs conceded, economy 10.60, bowling average 30.56."
career_bowling,Yudhvir Singh,all,"IPL career bowling stats for Yudhvir Singh: 8 wickets, 23.0 overs, 253 runs conceded, economy 11.00, bowling average 31.62."
career_bowling,Yuvraj Singh,all,"IPL career bowling stats for Yuvraj Singh: 36 wickets, 144.5 overs, 1077 runs conceded, economy 7.44, bowling average 29.92."
career_bowling,Z Khan,all,"IPL career bowling stats for Z Khan: 102 wickets, 366.4 overs, 2782 runs conceded, economy 7.59, bowling average 27.27."
career_bowling,Zeeshan Ansari,all,"IPL career bowling stats for Zeeshan Ansari: 6 wickets, 33.5 overs, 333 runs conceded, economy 9.84, bowling average 55.50."
match,Royal Challengers Bengaluru vs Kolkata Knight Riders,2008,"In IPL 2008, Royal Challengers Bengaluru played Kolkata Knight Riders on 2008-04-18 at M Chinnaswamy Stadium. The winner was Kolkata Knight Riders. Player of the Match was BB McCullum."
match,Punjab Kings vs Chennai Super Kings,2008,"In IPL 2008, Punjab Kings played Chennai Super Kings on 2008-04-19 at Punjab Cricket Association Stadium, Mohali. The winner was Chennai Super Kings. Player of the Match was MEK Hussey."
match,Delhi Capitals vs Rajasthan Royals,2008,"In IPL 2008, Delhi Capitals played Rajasthan Royals on 2008-04-19 at Feroz Shah Kotla. The winner was Delhi Capitals. Player of the Match was MF Maharoof."
match,Kolkata Knight Riders vs Deccan Chargers,2008,"In IPL 2008, Kolkata Knight Riders played Deccan Chargers on 2008-04-20 at Eden Gardens. The winner was Kolkata Knight Riders. Player of the Match was DJ Hussey."
match,Mumbai Indians vs Royal Challengers Bengaluru,2008,"In IPL 2008, Mumbai Indians played Royal Challengers Bengaluru on 2008-04-20 at Wankhede Stadium. The winner was Royal Challengers Bengaluru. Player of the Match was MV Boucher."
match,Rajasthan Royals vs Punjab Kings,2008,"In IPL 2008, Rajasthan Royals played Punjab Kings on 2008-04-21 at Sawai Mansingh Stadium. The winner was Rajasthan Royals. Player of the Match was SR Watson."
match,Deccan Chargers vs Delhi Capitals,2008,"In IPL 2008, Deccan Chargers played Delhi Capitals on 2008-04-22 at Rajiv Gandhi International Stadium, Uppal. The winner was Delhi Capitals. Player of the Match was V Sehwag."
match,Chennai Super Kings vs Mumbai Indians,2008,"In IPL 2008, Chennai Super Kings played Mumbai Indians on 2008-04-23 at MA Chidambaram Stadium, Chepauk. The winner was Chennai Super Kings. Player of the Match was ML Hayden."
match,Deccan Chargers vs Rajasthan Royals,2008,"In IPL 2008, Deccan Chargers played Rajasthan Royals on 2008-04-24 at Rajiv Gandhi International Stadium, Uppal. The winner was Rajasthan Royals. Player of the Match was YK Pathan."
match,Punjab Kings vs Mumbai Indians,2008,"In IPL 2008, Punjab Kings played Mumbai Indians on 2008-04-25 at Punjab Cricket Association Stadium, Mohali. The winner was Punjab Kings. Player of the Match was KC Sangakkara."
match,Chennai Super Kings vs Kolkata Knight Riders,2008,"In IPL 2008, Chennai Super Kings played Kolkata Knight Riders on 2008-04-26 at MA Chidambaram Stadium, Chepauk. The winner was Chennai Super Kings. Player of the Match was JDP Oram."
match,Royal Challengers Bengaluru vs Rajasthan Royals,2008,"In IPL 2008, Royal Challengers Bengaluru played Rajasthan Royals on 2008-04-26 at M Chinnaswamy Stadium. The winner was Rajasthan Royals. Player of the Match was SR Watson."
match,Mumbai Indians vs Deccan Chargers,2008,"In IPL 2008, Mumbai Indians played Deccan Chargers on 2008-04-27 at Dr DY Patil Sports Academy. The winner was Deccan Chargers. Player of the Match was AC Gilchrist."
match,Punjab Kings vs Delhi Capitals,2008,"In IPL 2008, Punjab Kings played Delhi Capitals on 2008-04-27 at Punjab Cricket Association Stadium, Mohali. The winner was Punjab Kings. Player of the Match was SM Katich."
match,Royal Challengers Bengaluru vs Chennai Super Kings,2008,"In IPL 2008, Royal Challengers Bengaluru played Chennai Super Kings on 2008-04-28 at M Chinnaswamy Stadium. The winner was Chennai Super Kings. Player of the Match was MS Dhoni."
match,Kolkata Knight Riders vs Mumbai Indians,2008,"In IPL 2008, Kolkata Knight Riders played Mumbai Indians on 2008-04-29 at Eden Gardens. The winner was Mumbai Indians. Player of the Match was ST Jayasuriya."
match,Delhi Capitals vs Royal Challengers Bengaluru,2008,"In IPL 2008, Delhi Capitals played Royal Challengers Bengaluru on 2008-04-30 at Feroz Shah Kotla. The winner was Delhi Capitals. Player of the Match was GD McGrath."
match,Deccan Chargers vs Punjab Kings,2008,"In IPL 2008, Deccan Chargers played Punjab Kings on 2008-05-01 at Rajiv Gandhi International Stadium, Uppal. The winner was Punjab Kings. Player of the Match was SE Marsh."
match,Rajasthan Royals vs Kolkata Knight Riders,2008,"In IPL 2008, Rajasthan Royals played Kolkata Knight Riders on 2008-05-01 at Sawai Mansingh Stadium. The winner was Rajasthan Royals. Player of the Match was SA Asnodkar."
match,Chennai Super Kings vs Delhi Capitals,2008,"In IPL 2008, Chennai Super Kings played Delhi Capitals on 2008-05-02 at MA Chidambaram Stadium, Chepauk. The winner was Delhi Capitals. Player of the Match was V Sehwag."
match,Royal Challengers Bengaluru vs Deccan Chargers,2008,"In IPL 2008, Royal Challengers Bengaluru played Deccan Chargers on 2008-05-03 at M Chinnaswamy Stadium. The winner was Royal Challengers Bengaluru. Player of the Match was P Kumar."
match,Punjab Kings vs Kolkata Knight Riders,2008,"In IPL 2008, Punjab Kings played Kolkata Knight Riders on 2008-05-03 at Punjab Cricket Association Stadium, Mohali. The winner was Punjab Kings. Player of the Match was IK Pathan."
match,Mumbai Indians vs Delhi Capitals,2008,"In IPL 2008, Mumbai Indians played Delhi Capitals on 2008-05-04 at Dr DY Patil Sports Academy. The winner was Mumbai Indians. Player of the Match was SM Pollock."
match,Rajasthan Royals vs Chennai Super Kings,2008,"In IPL 2008, Rajasthan Royals played Chennai Super Kings on 2008-05-04 at Sawai Mansingh Stadium. The winner was Rajasthan Royals. Player of the Match was Sohail Tanvir."
match,Royal Challengers Bengaluru vs Punjab Kings,2008,"In IPL 2008, Royal Challengers Bengaluru played Punjab Kings on 2008-05-05 at M Chinnaswamy Stadium. The winner was Punjab Kings. Player of the Match was S Sreesanth."
match,Chennai Super Kings vs Deccan Chargers,2008,"In IPL 2008, Chennai Super Kings played Deccan Chargers on 2008-05-06 at MA Chidambaram Stadium, Chepauk. The winner was Deccan Chargers. Player of the Match was AC Gilchrist."
match,Mumbai Indians vs Rajasthan Royals,2008,"In IPL 2008, Mumbai Indians played Rajasthan Royals on 2008-05-07 at Dr DY Patil Sports Academy. The winner was Mumbai Indians. Player of the Match was A Nehra."
match,Kolkata Knight Riders vs Royal Challengers Bengaluru,2008,"In IPL 2008, Kolkata Knight Riders played Royal Challengers Bengaluru on 2008-05-08 at Eden Gardens. The winner was Kolkata Knight Riders. Player of the Match was SC Ganguly."
match,Delhi Capitals vs Chennai Super Kings,2008,"In IPL 2008, Delhi Capitals played Chennai Super Kings on 2008-05-08 at Feroz Shah Kotla. The winner was Chennai Super Kings. Player of the Match was MS Dhoni."
match,Rajasthan Royals vs Deccan Chargers,2008,"In IPL 2008, Rajasthan Royals played Deccan Chargers on 2008-05-09 at Sawai Mansingh Stadium. The winner was Rajasthan Royals. Player of the Match was YK Pathan."
match,Chennai Super Kings vs Punjab Kings,2008,"In IPL 2008, Chennai Super Kings played Punjab Kings on 2008-05-10 at MA Chidambaram Stadium, Chepauk. The winner was Chennai Super Kings. Player of the Match was L Balaji."
match,Deccan Chargers vs Kolkata Knight Riders,2008,"In IPL 2008, Deccan Chargers played Kolkata Knight Riders on 2008-05-11 at Rajiv Gandhi International Stadium, Uppal. The winner was Kolkata Knight Riders. Player of the Match was SC Ganguly."
match,Rajasthan Royals vs Delhi Capitals,2008,"In IPL 2008, Rajasthan Royals played Delhi Capitals on 2008-05-11 at Sawai Mansingh Stadium. The winner was Rajasthan Royals. Player of the Match was SR Watson."
match,Punjab Kings vs Royal Challengers Bengaluru,2008,"In IPL 2008, Punjab Kings played Royal Challengers Bengaluru on 2008-05-12 at Punjab Cricket Association Stadium, Mohali. The winner was Punjab Kings. Player of the Match was SE Marsh."
match,Kolkata Knight Riders vs Delhi Capitals,2008,"In IPL 2008, Kolkata Knight Riders played Delhi Capitals on 2008-05-13 at Eden Gardens. The winner was Kolkata Knight Riders. Player of the Match was Shoaib Akhtar."
match,Mumbai Indians vs Chennai Super Kings,2008,"In IPL 2008, Mumbai Indians played Chennai Super Kings on 2008-05-14 at Wankhede Stadium. The winner was Mumbai Indians. Player of the Match was ST Jayasuriya."
match,Delhi Capitals vs Deccan Chargers,2008,"In IPL 2008, Delhi Capitals played Deccan Chargers on 2008-05-15 at Feroz Shah Kotla. The winner was Delhi Capitals. Player of the Match was A Mishra."
match,Mumbai Indians vs Kolkata Knight Riders,2008,"In IPL 2008, Mumbai Indians played Kolkata Knight Riders on 2008-05-16 at Wankhede Stadium. The winner was Mumbai Indians. Player of the Match was SM Pollock."
match,Delhi Capitals vs Punjab Kings,2008,"In IPL 2008, Delhi Capitals played Punjab Kings on 2008-05-17 at Feroz Shah Kotla. The winner was Punjab Kings. Player of the Match was DPMD Jayawardene."
match,Rajasthan Royals vs Royal Challengers Bengaluru,2008,"In IPL 2008, Rajasthan Royals played Royal Challengers Bengaluru on 2008-05-17 at Sawai Mansingh Stadium. The winner was Rajasthan Royals. Player of the Match was GC Smith."
match,Kolkata Knight Riders vs Chennai Super Kings,2008,"In IPL 2008, Kolkata Knight Riders played Chennai Super Kings on 2008-05-18 at Eden Gardens. The winner was Chennai Super Kings. Player of the Match was M Ntini."
match,Deccan Chargers vs Mumbai Indians,2008,"In IPL 2008, Deccan Chargers played Mumbai Indians on 2008-05-18 at Rajiv Gandhi International Stadium, Uppal. The winner was Mumbai Indians. Player of the Match was DJ Bravo."
match,Royal Challengers Bengaluru vs Delhi Capitals,2008,"In IPL 2008, Royal Challengers Bengaluru played Delhi Capitals on 2008-05-19 at M Chinnaswamy Stadium. The winner was Delhi Capitals. Player of the Match was SP Goswami."
match,Kolkata Knight Riders vs Rajasthan Royals,2008,"In IPL 2008, Kolkata Knight Riders played Rajasthan Royals on 2008-05-20 at Eden Gardens. The winner was Rajasthan Royals. Player of the Match was YK Pathan."
match,Mumbai Indians vs Punjab Kings,2008,"In IPL 2008, Mumbai Indians played Punjab Kings on 2008-05-21 at Wankhede Stadium. The winner was Punjab Kings. Player of the Match was SE Marsh."
match,Chennai Super Kings vs Royal Challengers Bengaluru,2008,"In IPL 2008, Chennai Super Kings played Royal Challengers Bengaluru on 2008-05-21 at MA Chidambaram Stadium, Chepauk. The winner was Royal Challengers Bengaluru. Player of the Match was A Kumble."
match,Punjab Kings vs Deccan Chargers,2008,"In IPL 2008, Punjab Kings played Deccan Chargers on 2008-05-23 at Punjab Cricket Association Stadium, Mohali. The winner was Punjab Kings. Player of the Match was SE Marsh."
match,Delhi Capitals vs Mumbai Indians,2008,"In IPL 2008, Delhi Capitals played Mumbai Indians on 2008-05-24 at Feroz Shah Kotla. The winner was Delhi Capitals. Player of the Match was KD Karthik."
match,Chennai Super Kings vs Rajasthan Royals,2008,"In IPL 2008, Chennai Super Kings played Rajasthan Royals on 2008-05-24 at MA Chidambaram Stadium, Chepauk. The winner was Rajasthan Royals. Player of the Match was JA Morkel."
match,Kolkata Knight Riders vs Punjab Kings,2008,"In IPL 2008, Kolkata Knight Riders played Punjab Kings on 2008-05-25 at Eden Gardens. The winner was Kolkata Knight Riders. Player of the Match was Umar Gul."
match,Deccan Chargers vs Royal Challengers Bengaluru,2008,"In IPL 2008, Deccan Chargers played Royal Challengers Bengaluru on 2008-05-25 at Rajiv Gandhi International Stadium, Uppal. The winner was Royal Challengers Bengaluru. Player of the Match was R Vinay Kumar."
match,Rajasthan Royals vs Mumbai Indians,2008,"In IPL 2008, Rajasthan Royals played Mumbai Indians on 2008-05-26 at Sawai Mansingh Stadium. The winner was Rajasthan Royals. Player of the Match was Sohail Tanvir."
match,Deccan Chargers vs Chennai Super Kings,2008,"In IPL 2008, Deccan Chargers played Chennai Super Kings on 2008-05-27 at Rajiv Gandhi International Stadium, Uppal. The winner was Chennai Super Kings. Player of the Match was SK Raina."
match,Punjab Kings vs Rajasthan Royals,2008,"In IPL 2008, Punjab Kings played Rajasthan Royals on 2008-05-28 at Punjab Cricket Association Stadium, Mohali. The winner was Punjab Kings. Player of the Match was SE Marsh."
match,Royal Challengers Bengaluru vs Mumbai Indians,2008,"In IPL 2008, Royal Challengers Bengaluru played Mumbai Indians on 2008-05-28 at M Chinnaswamy Stadium. The winner was Mumbai Indians. Player of the Match was CRD Fernando."
match,Delhi Capitals vs Rajasthan Royals,2008,"In IPL 2008, Delhi Capitals played Rajasthan Royals on 2008-05-30 at Wankhede Stadium. The winner was Rajasthan Royals. Player of the Match was SR Watson."
match,Chennai Super Kings vs Punjab Kings,2008,"In IPL 2008, Chennai Super Kings played Punjab Kings on 2008-05-31 at Wankhede Stadium. The winner was Chennai Super Kings. Player of the Match was M Ntini."
match,Chennai Super Kings vs Rajasthan Royals,2008,"In IPL 2008, Chennai Super Kings played Rajasthan Royals on 2008-06-01 at Dr DY Patil Sports Academy. The winner was Rajasthan Royals. Player of the Match was YK Pathan."
match,Royal Challengers Bengaluru vs Rajasthan Royals,2009,"In IPL 2009, Royal Challengers Bengaluru played Rajasthan Royals on 2009-04-18 at Newlands. The winner was Royal Challengers Bengaluru. Player of the Match was R Dravid."
match,Chennai Super Kings vs Mumbai Indians,2009,"In IPL 2009, Chennai Super Kings played Mumbai Indians on 2009-04-18 at Newlands. The winner was Mumbai Indians. Player of the Match was SR Tendulkar."
match,Deccan Chargers vs Kolkata Knight Riders,2009,"In IPL 2009, Deccan Chargers played Kolkata Knight Riders on 2009-04-19 at Newlands. The winner was Deccan Chargers. Player of the Match was RP Singh."
match,Delhi Capitals vs Punjab Kings,2009,"In IPL 2009, Delhi Capitals played Punjab Kings on 2009-04-19 at Newlands. The winner was Delhi Capitals. Player of the Match was DL Vettori."
match,Royal Challengers Bengaluru vs Chennai Super Kings,2009,"In IPL 2009, Royal Challengers Bengaluru played Chennai Super Kings on 2009-04-20 at St George's Park. The winner was Chennai Super Kings. Player of the Match was M Muralitharan."
match,Punjab Kings vs Kolkata Knight Riders,2009,"In IPL 2009, Punjab Kings played Kolkata Knight Riders on 2009-04-21 at Kingsmead. The winner was Kolkata Knight Riders. Player of the Match was CH Gayle."
match,Royal Challengers Bengaluru vs Deccan Chargers,2009,"In IPL 2009, Royal Challengers Bengaluru played Deccan Chargers on 2009-04-22 at Newlands. The winner was Deccan Chargers. Player of the Match was AC Gilchrist."
match,Kolkata Knight Riders vs Rajasthan Royals,2009,"In IPL 2009, Kolkata Knight Riders played Rajasthan Royals on 2009-04-23 at Newlands. The winner was No Result. Player of the Match was YK Pathan."
match,Chennai Super Kings vs Delhi Capitals,2009,"In IPL 2009, Chennai Super Kings played Delhi Capitals on 2009-04-23 at Kingsmead. The winner was Delhi Capitals. Player of the Match was AB de Villiers."
match,Royal Challengers Bengaluru vs Punjab Kings,2009,"In IPL 2009, Royal Challengers Bengaluru played Punjab Kings on 2009-04-24 at Kingsmead. The winner was Punjab Kings. Player of the Match was RS Bopara."
match,Deccan Chargers vs Mumbai Indians,2009,"In IPL 2009, Deccan Chargers played Mumbai Indians on 2009-04-25 at Kingsmead. The winner was Deccan Chargers. Player of the Match was PP Ojha."
match,Royal Challengers Bengaluru vs Delhi Capitals,2009,"In IPL 2009, Royal Challengers Bengaluru played Delhi Capitals on 2009-04-26 at St George's Park. The winner was Delhi Capitals. Player of the Match was TM Dilshan."
match,Punjab Kings vs Rajasthan Royals,2009,"In IPL 2009, Punjab Kings played Rajasthan Royals on 2009-04-26 at Newlands. The winner was Punjab Kings. Player of the Match was KC Sangakkara."
match,Chennai Super Kings vs Deccan Chargers,2009,"In IPL 2009, Chennai Super Kings played Deccan Chargers on 2009-04-27 at Kingsmead. The winner was Deccan Chargers. Player of the Match was HH Gibbs."
match,Kolkata Knight Riders vs Mumbai Indians,2009,"In IPL 2009, Kolkata Knight Riders played Mumbai Indians on 2009-04-27 at St George's Park. The winner was Mumbai Indians. Player of the Match was SR Tendulkar."
match,Delhi Capitals vs Rajasthan Royals,2009,"In IPL 2009, Delhi Capitals played Rajasthan Royals on 2009-04-28 at SuperSport Park. The winner was Rajasthan Royals. Player of the Match was YK Pathan."
match,Punjab Kings vs Mumbai Indians,2009,"In IPL 2009, Punjab Kings played Mumbai Indians on 2009-04-29 at Kingsmead. The winner was Punjab Kings. Player of the Match was KC Sangakkara."
match,Royal Challengers Bengaluru vs Kolkata Knight Riders,2009,"In IPL 2009, Royal Challengers Bengaluru played Kolkata Knight Riders on 2009-04-29 at Kingsmead. The winner was Royal Challengers Bengaluru. Player of the Match was MV Boucher."
match,Deccan Chargers vs Delhi Capitals,2009,"In IPL 2009, Deccan Chargers played Delhi Capitals on 2009-04-30 at SuperSport Park. The winner was Delhi Capitals. Player of the Match was DP Nannes."
match,Chennai Super Kings vs Rajasthan Royals,2009,"In IPL 2009, Chennai Super Kings played Rajasthan Royals on 2009-04-30 at SuperSport Park. The winner was Chennai Super Kings. Player of the Match was SK Raina."
match,Kolkata Knight Riders vs Mumbai Indians,2009,"In IPL 2009, Kolkata Knight Riders played Mumbai Indians on 2009-05-01 at Buffalo Park. The winner was Mumbai Indians. Player of the Match was JP Duminy."
match,Royal Challengers Bengaluru vs Punjab Kings,2009,"In IPL 2009, Royal Challengers Bengaluru played Punjab Kings on 2009-05-01 at Kingsmead. The winner was Royal Challengers Bengaluru. Player of the Match was Yuvraj Singh."
match,Deccan Chargers vs Rajasthan Royals,2009,"In IPL 2009, Deccan Chargers played Rajasthan Royals on 2009-05-02 at St George's Park. The winner was Rajasthan Royals. Player of the Match was YK Pathan."
match,Chennai Super Kings vs Delhi Capitals,2009,"In IPL 2009, Chennai Super Kings played Delhi Capitals on 2009-05-02 at New Wanderers Stadium. The winner was Chennai Super Kings. Player of the Match was SB Jakati."
match,Royal Challengers Bengaluru vs Mumbai Indians,2009,"In IPL 2009, Royal Challengers Bengaluru played Mumbai Indians on 2009-05-03 at New Wanderers Stadium. The winner was Royal Challengers Bengaluru. Player of the Match was JH Kallis."
match,Punjab Kings vs Kolkata Knight Riders,2009,"In IPL 2009, Punjab Kings played Kolkata Knight Riders on 2009-05-03 at St George's Park. The winner was Punjab Kings. Player of the Match was DPMD Jayawardene."
match,Chennai Super Kings vs Deccan Chargers,2009,"In IPL 2009, Chennai Super Kings played Deccan Chargers on 2009-05-04 at Buffalo Park. The winner was Chennai Super Kings. Player of the Match was MS Dhoni."
match,Punjab Kings vs Rajasthan Royals,2009,"In IPL 2009, Punjab Kings played Rajasthan Royals on 2009-05-05 at Kingsmead. The winner was Rajasthan Royals. Player of the Match was GC Smith."
match,Delhi Capitals vs Kolkata Knight Riders,2009,"In IPL 2009, Delhi Capitals played Kolkata Knight Riders on 2009-05-05 at Kingsmead. The winner was Delhi Capitals. Player of the Match was G Gambhir."
match,Deccan Chargers vs Mumbai Indians,2009,"In IPL 2009, Deccan Chargers played Mumbai Indians on 2009-05-06 at SuperSport Park. The winner was Deccan Chargers. Player of the Match was RG Sharma."
match,Royal Challengers Bengaluru vs Rajasthan Royals,2009,"In IPL 2009, Royal Challengers Bengaluru played Rajasthan Royals on 2009-05-07 at SuperSport Park. The winner was Rajasthan Royals. Player of the Match was A Singh."
match,Chennai Super Kings vs Punjab Kings,2009,"In IPL 2009, Chennai Super Kings played Punjab Kings on 2009-05-07 at SuperSport Park. The winner was Chennai Super Kings. Player of the Match was ML Hayden."
match,Delhi Capitals vs Mumbai Indians,2009,"In IPL 2009, Delhi Capitals played Mumbai Indians on 2009-05-08 at Buffalo Park. The winner was Delhi Capitals. Player of the Match was A Nehra."
match,Deccan Chargers vs Punjab Kings,2009,"In IPL 2009, Deccan Chargers played Punjab Kings on 2009-05-09 at De Beers Diamond Oval. The winner was Punjab Kings. Player of the Match was DPMD Jayawardene."
match,Chennai Super Kings vs Rajasthan Royals,2009,"In IPL 2009, Chennai Super Kings played Rajasthan Royals on 2009-05-09 at De Beers Diamond Oval. The winner was Chennai Super Kings. Player of the Match was S Badrinath."
match,Royal Challengers Bengaluru vs Mumbai Indians,2009,"In IPL 2009, Royal Challengers Bengaluru played Mumbai Indians on 2009-05-10 at St George's Park. The winner was Mumbai Indians. Player of the Match was JP Duminy."
match,Delhi Capitals vs Kolkata Knight Riders,2009,"In IPL 2009, Delhi Capitals played Kolkata Knight Riders on 2009-05-10 at New Wanderers Stadium. The winner was Delhi Capitals. Player of the Match was A Mishra."
match,Deccan Chargers vs Rajasthan Royals,2009,"In IPL 2009, Deccan Chargers played Rajasthan Royals on 2009-05-11 at De Beers Diamond Oval. The winner was Deccan Chargers. Player of the Match was DR Smith."
match,Punjab Kings vs Mumbai Indians,2009,"In IPL 2009, Punjab Kings played Mumbai Indians on 2009-05-12 at SuperSport Park. The winner was Mumbai Indians. Player of the Match was Harbhajan Singh."
match,Royal Challengers Bengaluru vs Kolkata Knight Riders,2009,"In IPL 2009, Royal Challengers Bengaluru played Kolkata Knight Riders on 2009-05-12 at SuperSport Park. The winner was Royal Challengers Bengaluru. Player of the Match was LRPL Taylor."
match,Deccan Chargers vs Delhi Capitals,2009,"In IPL 2009, Deccan Chargers played Delhi Capitals on 2009-05-13 at Kingsmead. The winner was Delhi Capitals. Player of the Match was R Bhatia."
match,Royal Challengers Bengaluru vs Chennai Super Kings,2009,"In IPL 2009, Royal Challengers Bengaluru played Chennai Super Kings on 2009-05-14 at Kingsmead. The winner was Royal Challengers Bengaluru. Player of the Match was LRPL Taylor."
match,Mumbai Indians vs Rajasthan Royals,2009,"In IPL 2009, Mumbai Indians played Rajasthan Royals on 2009-05-14 at Kingsmead. The winner was Rajasthan Royals. Player of the Match was SK Warne."
match,Delhi Capitals vs Punjab Kings,2009,"In IPL 2009, Delhi Capitals played Punjab Kings on 2009-05-15 at OUTsurance Oval. The winner was Punjab Kings. Player of the Match was B Lee."
match,Chennai Super Kings vs Mumbai Indians,2009,"In IPL 2009, Chennai Super Kings played Mumbai Indians on 2009-05-16 at St George's Park. The winner was Chennai Super Kings. Player of the Match was ML Hayden."
match,Deccan Chargers vs Kolkata Knight Riders,2009,"In IPL 2009, Deccan Chargers played Kolkata Knight Riders on 2009-05-16 at New Wanderers Stadium. The winner was Deccan Chargers. Player of the Match was RG Sharma."
match,Deccan Chargers vs Punjab Kings,2009,"In IPL 2009, Deccan Chargers played Punjab Kings on 2009-05-17 at New Wanderers Stadium. The winner was Punjab Kings. Player of the Match was Yuvraj Singh."
match,Delhi Capitals vs Rajasthan Royals,2009,"In IPL 2009, Delhi Capitals played Rajasthan Royals on 2009-05-17 at OUTsurance Oval. The winner was Delhi Capitals. Player of the Match was AB de Villiers."
match,Chennai Super Kings vs Kolkata Knight Riders,2009,"In IPL 2009, Chennai Super Kings played Kolkata Knight Riders on 2009-05-18 at SuperSport Park. The winner was Kolkata Knight Riders. Player of the Match was BJ Hodge."
match,Royal Challengers Bengaluru vs Delhi Capitals,2009,"In IPL 2009, Royal Challengers Bengaluru played Delhi Capitals on 2009-05-19 at New Wanderers Stadium. The winner was Royal Challengers Bengaluru. Player of the Match was JH Kallis."
match,Kolkata Knight Riders vs Rajasthan Royals,2009,"In IPL 2009, Kolkata Knight Riders played Rajasthan Royals on 2009-05-20 at Kingsmead. The winner was Kolkata Knight Riders. Player of the Match was LR Shukla."
match,Chennai Super Kings vs Punjab Kings,2009,"In IPL 2009, Chennai Super Kings played Punjab Kings on 2009-05-20 at Kingsmead. The winner was Chennai Super Kings. Player of the Match was M Muralitharan."
match,Royal Challengers Bengaluru vs Deccan Chargers,2009,"In IPL 2009, Royal Challengers Bengaluru played Deccan Chargers on 2009-05-21 at SuperSport Park. The winner was Royal Challengers Bengaluru. Player of the Match was MK Pandey."
match,Delhi Capitals vs Mumbai Indians,2009,"In IPL 2009, Delhi Capitals played Mumbai Indians on 2009-05-21 at SuperSport Park. The winner was Delhi Capitals. Player of the Match was V Sehwag."
match,Delhi Capitals vs Deccan Chargers,2009,"In IPL 2009, Delhi Capitals played Deccan Chargers on 2009-05-22 at SuperSport Park. The winner was Deccan Chargers. Player of the Match was AC Gilchrist."
match,Royal Challengers Bengaluru vs Chennai Super Kings,2009,"In IPL 2009, Royal Challengers Bengaluru played Chennai Super Kings on 2009-05-23 at New Wanderers Stadium. The winner was Royal Challengers Bengaluru. Player of the Match was MK Pandey."
match,Royal Challengers Bengaluru vs Deccan Chargers,2009,"In IPL 2009, Royal Challengers Bengaluru played Deccan Chargers on 2009-05-24 at New Wanderers Stadium. The winner was Deccan Chargers. Player of the Match was A Kumble."
match,Deccan Chargers vs Kolkata Knight Riders,2010,"In IPL 2010, Deccan Chargers played Kolkata Knight Riders on 2010-03-12 at Dr DY Patil Sports Academy. The winner was Kolkata Knight Riders. Player of the Match was AD Mathews."
match,Mumbai Indians vs Rajasthan Royals,2010,"In IPL 2010, Mumbai Indians played Rajasthan Royals on 2010-03-13 at Brabourne Stadium. The winner was Mumbai Indians. Player of the Match was YK Pathan."
match,Punjab Kings vs Delhi Capitals,2010,"In IPL 2010, Punjab Kings played Delhi Capitals on 2010-03-13 at Punjab Cricket Association Stadium, Mohali. The winner was Delhi Capitals. Player of the Match was G Gambhir."
match,Kolkata Knight Riders vs Royal Challengers Bengaluru,2010,"In IPL 2010, Kolkata Knight Riders played Royal Challengers Bengaluru on 2010-03-14 at Eden Gardens. The winner was Kolkata Knight Riders. Player of the Match was MK Tiwary."
match,Chennai Super Kings vs Deccan Chargers,2010,"In IPL 2010, Chennai Super Kings played Deccan Chargers on 2010-03-14 at MA Chidambaram Stadium, Chepauk. The winner was Deccan Chargers. Player of the Match was WPUJC Vaas."
match,Rajasthan Royals vs Delhi Capitals,2010,"In IPL 2010, Rajasthan Royals played Delhi Capitals on 2010-03-15 at Sardar Patel Stadium, Motera. The winner was Delhi Capitals. Player of the Match was V Sehwag."
match,Royal Challengers Bengaluru vs Punjab Kings,2010,"In IPL 2010, Royal Challengers Bengaluru played Punjab Kings on 2010-03-16 at M Chinnaswamy Stadium. The winner was Royal Challengers Bengaluru. Player of the Match was JH Kallis."
match,Kolkata Knight Riders vs Chennai Super Kings,2010,"In IPL 2010, Kolkata Knight Riders played Chennai Super Kings on 2010-03-16 at Eden Gardens. The winner was Chennai Super Kings. Player of the Match was MS Dhoni."
match,Delhi Capitals vs Mumbai Indians,2010,"In IPL 2010, Delhi Capitals played Mumbai Indians on 2010-03-17 at Feroz Shah Kotla. The winner was Mumbai Indians. Player of the Match was SR Tendulkar."
match,Royal Challengers Bengaluru vs Rajasthan Royals,2010,"In IPL 2010, Royal Challengers Bengaluru played Rajasthan Royals on 2010-03-18 at M Chinnaswamy Stadium. The winner was Royal Challengers Bengaluru. Player of the Match was JH Kallis."
match,Deccan Chargers vs Punjab Kings,2010,"In IPL 2010, Deccan Chargers played Punjab Kings on 2010-03-19 at Barabati Stadium. The winner was Deccan Chargers. Player of the Match was A Symonds."
match,Delhi Capitals vs Chennai Super Kings,2010,"In IPL 2010, Delhi Capitals played Chennai Super Kings on 2010-03-19 at Feroz Shah Kotla. The winner was Chennai Super Kings. Player of the Match was ML Hayden."
match,Rajasthan Royals vs Kolkata Knight Riders,2010,"In IPL 2010, Rajasthan Royals played Kolkata Knight Riders on 2010-03-20 at Sardar Patel Stadium, Motera. The winner was Rajasthan Royals. Player of the Match was AA Jhunjhunwala."
match,Mumbai Indians vs Royal Challengers Bengaluru,2010,"In IPL 2010, Mumbai Indians played Royal Challengers Bengaluru on 2010-03-20 at Brabourne Stadium. The winner was Royal Challengers Bengaluru. Player of the Match was JH Kallis."
match,Chennai Super Kings vs Punjab Kings,2010,"In IPL 2010, Chennai Super Kings played Punjab Kings on 2010-03-21 at MA Chidambaram Stadium, Chepauk. The winner was No Result. Player of the Match was J Theron."
match,Deccan Chargers vs Delhi Capitals,2010,"In IPL 2010, Deccan Chargers played Delhi Capitals on 2010-03-21 at Barabati Stadium. The winner was Deccan Chargers. Player of the Match was A Symonds."
match,Mumbai Indians vs Kolkata Knight Riders,2010,"In IPL 2010, Mumbai Indians played Kolkata Knight Riders on 2010-03-22 at Brabourne Stadium. The winner was Mumbai Indians. Player of the Match was SR Tendulkar."
match,Royal Challengers Bengaluru vs Chennai Super Kings,2010,"In IPL 2010, Royal Challengers Bengaluru played Chennai Super Kings on 2010-03-23 at M Chinnaswamy Stadium. The winner was Royal Challengers Bengaluru. Player of the Match was RV Uthappa."
match,Punjab Kings vs Rajasthan Royals,2010,"In IPL 2010, Punjab Kings played Rajasthan Royals on 2010-03-24 at Punjab Cricket Association Stadium, Mohali. The winner was Rajasthan Royals. Player of the Match was AC Voges."
match,Royal Challengers Bengaluru vs Delhi Capitals,2010,"In IPL 2010, Royal Challengers Bengaluru played Delhi Capitals on 2010-03-25 at M Chinnaswamy Stadium. The winner was Delhi Capitals. Player of the Match was KM Jadhav."
match,Chennai Super Kings vs Mumbai Indians,2010,"In IPL 2010, Chennai Super Kings played Mumbai Indians on 2010-03-25 at Brabourne Stadium, Mumbai. The winner was Mumbai Indians. Player of the Match was SR Tendulkar."
match,Rajasthan Royals vs Deccan Chargers,2010,"In IPL 2010, Rajasthan Royals played Deccan Chargers on 2010-03-26 at Sardar Patel Stadium, Motera. The winner was Rajasthan Royals. Player of the Match was YK Pathan."
match,Punjab Kings vs Kolkata Knight Riders,2010,"In IPL 2010, Punjab Kings played Kolkata Knight Riders on 2010-03-27 at Punjab Cricket Association Stadium, Mohali. The winner was Kolkata Knight Riders. Player of the Match was MK Tiwary."
match,Rajasthan Royals vs Chennai Super Kings,2010,"In IPL 2010, Rajasthan Royals played Chennai Super Kings on 2010-03-28 at Sardar Patel Stadium, Motera. The winner was Rajasthan Royals. Player of the Match was NV Ojha."
match,Deccan Chargers vs Mumbai Indians,2010,"In IPL 2010, Deccan Chargers played Mumbai Indians on 2010-03-28 at Dr DY Patil Sports Academy. The winner was Mumbai Indians. Player of the Match was Harbhajan Singh."
match,Delhi Capitals vs Kolkata Knight Riders,2010,"In IPL 2010, Delhi Capitals played Kolkata Knight Riders on 2010-03-29 at Feroz Shah Kotla. The winner was Delhi Capitals. Player of the Match was DA Warner."
match,Mumbai Indians vs Punjab Kings,2010,"In IPL 2010, Mumbai Indians played Punjab Kings on 2010-03-30 at Brabourne Stadium. The winner was Mumbai Indians. Player of the Match was SL Malinga."
match,Chennai Super Kings vs Royal Challengers Bengaluru,2010,"In IPL 2010, Chennai Super Kings played Royal Challengers Bengaluru on 2010-03-31 at MA Chidambaram Stadium, Chepauk. The winner was Chennai Super Kings. Player of the Match was M Vijay."
match,Delhi Capitals vs Rajasthan Royals,2010,"In IPL 2010, Delhi Capitals played Rajasthan Royals on 2010-03-31 at Feroz Shah Kotla. The winner was Delhi Capitals. Player of the Match was KD Karthik."
match,Kolkata Knight Riders vs Deccan Chargers,2010,"In IPL 2010, Kolkata Knight Riders played Deccan Chargers on 2010-04-01 at Eden Gardens. The winner was Kolkata Knight Riders. Player of the Match was SC Ganguly."
match,Punjab Kings vs Royal Challengers Bengaluru,2010,"In IPL 2010, Punjab Kings played Royal Challengers Bengaluru on 2010-04-02 at Punjab Cricket Association Stadium, Mohali. The winner was Royal Challengers Bengaluru. Player of the Match was KP Pietersen."
match,Mumbai Indians vs Deccan Chargers,2010,"In IPL 2010, Mumbai Indians played Deccan Chargers on 2010-04-03 at Brabourne Stadium. The winner was Mumbai Indians. Player of the Match was AT Rayudu."
match,Chennai Super Kings vs Rajasthan Royals,2010,"In IPL 2010, Chennai Super Kings played Rajasthan Royals on 2010-04-03 at MA Chidambaram Stadium, Chepauk. The winner was Chennai Super Kings. Player of the Match was M Vijay."
match,Kolkata Knight Riders vs Punjab Kings,2010,"In IPL 2010, Kolkata Knight Riders played Punjab Kings on 2010-04-04 at Eden Gardens. The winner was Punjab Kings. Player of the Match was DPMD Jayawardene."
match,Delhi Capitals vs Royal Challengers Bengaluru,2010,"In IPL 2010, Delhi Capitals played Royal Challengers Bengaluru on 2010-04-04 at Feroz Shah Kotla. The winner was Delhi Capitals. Player of the Match was PD Collingwood."
match,Deccan Chargers vs Rajasthan Royals,2010,"In IPL 2010, Deccan Chargers played Rajasthan Royals on 2010-04-05 at Vidarbha Cricket Association Stadium, Jamtha. The winner was Rajasthan Royals. Player of the Match was SK Warne."
match,Chennai Super Kings vs Mumbai Indians,2010,"In IPL 2010, Chennai Super Kings played Mumbai Indians on 2010-04-06 at MA Chidambaram Stadium, Chepauk. The winner was Chennai Super Kings. Player of the Match was SK Raina."
match,Kolkata Knight Riders vs Delhi Capitals,2010,"In IPL 2010, Kolkata Knight Riders played Delhi Capitals on 2010-04-07 at Eden Gardens. The winner was Kolkata Knight Riders. Player of the Match was SC Ganguly."
match,Rajasthan Royals vs Punjab Kings,2010,"In IPL 2010, Rajasthan Royals played Punjab Kings on 2010-04-07 at Sawai Mansingh Stadium. The winner was Rajasthan Royals. Player of the Match was MJ Lumb."
match,Royal Challengers Bengaluru vs Deccan Chargers,2010,"In IPL 2010, Royal Challengers Bengaluru played Deccan Chargers on 2010-04-08 at M Chinnaswamy Stadium. The winner was Deccan Chargers. Player of the Match was TL Suman."
match,Punjab Kings vs Mumbai Indians,2010,"In IPL 2010, Punjab Kings played Mumbai Indians on 2010-04-09 at Punjab Cricket Association Stadium, Mohali. The winner was Punjab Kings. Player of the Match was KC Sangakkara."
match,Deccan Chargers vs Chennai Super Kings,2010,"In IPL 2010, Deccan Chargers played Chennai Super Kings on 2010-04-10 at Vidarbha Cricket Association Stadium, Jamtha. The winner was Deccan Chargers. Player of the Match was RJ Harris."
match,Royal Challengers Bengaluru vs Kolkata Knight Riders,2010,"In IPL 2010, Royal Challengers Bengaluru played Kolkata Knight Riders on 2010-04-10 at M Chinnaswamy Stadium. The winner was Royal Challengers Bengaluru. Player of the Match was R Vinay Kumar."
match,Delhi Capitals vs Punjab Kings,2010,"In IPL 2010, Delhi Capitals played Punjab Kings on 2010-04-11 at Feroz Shah Kotla. The winner was Punjab Kings. Player of the Match was PP Chawla."
match,Rajasthan Royals vs Mumbai Indians,2010,"In IPL 2010, Rajasthan Royals played Mumbai Indians on 2010-04-11 at Sawai Mansingh Stadium. The winner was Mumbai Indians. Player of the Match was SR Tendulkar."
match,Deccan Chargers vs Royal Challengers Bengaluru,2010,"In IPL 2010, Deccan Chargers played Royal Challengers Bengaluru on 2010-04-12 at Vidarbha Cricket Association Stadium, Jamtha. The winner was Deccan Chargers. Player of the Match was Harmeet Singh."
match,Mumbai Indians vs Delhi Capitals,2010,"In IPL 2010, Mumbai Indians played Delhi Capitals on 2010-04-13 at Brabourne Stadium. The winner was Mumbai Indians. Player of the Match was KA Pollard."
match,Chennai Super Kings vs Kolkata Knight Riders,2010,"In IPL 2010, Chennai Super Kings played Kolkata Knight Riders on 2010-04-13 at MA Chidambaram Stadium, Chepauk. The winner was Chennai Super Kings. Player of the Match was R Ashwin."
match,Rajasthan Royals vs Royal Challengers Bengaluru,2010,"In IPL 2010, Rajasthan Royals played Royal Challengers Bengaluru on 2010-04-14 at Sawai Mansingh Stadium. The winner was Royal Challengers Bengaluru. Player of the Match was KP Pietersen."
match,Chennai Super Kings vs Delhi Capitals,2010,"In IPL 2010, Chennai Super Kings played Delhi Capitals on 2010-04-15 at MA Chidambaram Stadium, Chepauk. The winner was Delhi Capitals. Player of the Match was G Gambhir."
match,Punjab Kings vs Deccan Chargers,2010,"In IPL 2010, Punjab Kings played Deccan Chargers on 2010-04-16 at Himachal Pradesh Cricket Association Stadium. The winner was Deccan Chargers. Player of the Match was RG Sharma."
match,Royal Challengers Bengaluru vs Mumbai Indians,2010,"In IPL 2010, Royal Challengers Bengaluru played Mumbai Indians on 2010-04-17 at M Chinnaswamy Stadium. The winner was Mumbai Indians. Player of the Match was R McLaren."
match,Kolkata Knight Riders vs Rajasthan Royals,2010,"In IPL 2010, Kolkata Knight Riders played Rajasthan Royals on 2010-04-17 at Eden Gardens. The winner was Kolkata Knight Riders. Player of the Match was JD Unadkat."
match,Punjab Kings vs Chennai Super Kings,2010,"In IPL 2010, Punjab Kings played Chennai Super Kings on 2010-04-18 at Himachal Pradesh Cricket Association Stadium. The winner was Chennai Super Kings. Player of the Match was MS Dhoni."
match,Delhi Capitals vs Deccan Chargers,2010,"In IPL 2010, Delhi Capitals played Deccan Chargers on 2010-04-18 at Feroz Shah Kotla. The winner was Deccan Chargers. Player of the Match was A Symonds."
match,Kolkata Knight Riders vs Mumbai Indians,2010,"In IPL 2010, Kolkata Knight Riders played Mumbai Indians on 2010-04-19 at Eden Gardens. The winner was Kolkata Knight Riders. Player of the Match was M Kartik."
match,Royal Challengers Bengaluru vs Mumbai Indians,2010,"In IPL 2010, Royal Challengers Bengaluru played Mumbai Indians on 2010-04-21 at Dr DY Patil Sports Academy. The winner was Mumbai Indians. Player of the Match was KA Pollard."
match,Chennai Super Kings vs Deccan Chargers,2010,"In IPL 2010, Chennai Super Kings played Deccan Chargers on 2010-04-22 at Dr DY Patil Sports Academy. The winner was Chennai Super Kings. Player of the Match was DE Bollinger."
match,Royal Challengers Bengaluru vs Deccan Chargers,2010,"In IPL 2010, Royal Challengers Bengaluru played Deccan Chargers on 2010-04-24 at Dr DY Patil Sports Academy. The winner was Royal Challengers Bengaluru. Player of the Match was A Kumble."
match,Chennai Super Kings vs Mumbai Indians,2010,"In IPL 2010, Chennai Super Kings played Mumbai Indians on 2010-04-25 at Dr DY Patil Sports Academy. The winner was Chennai Super Kings. Player of the Match was SK Raina."
match,Chennai Super Kings vs Kolkata Knight Riders,2011,"In IPL 2011, Chennai Super Kings played Kolkata Knight Riders on 2011-04-08 at MA Chidambaram Stadium, Chepauk. The winner was Chennai Super Kings. Player of the Match was S Anirudha."
match,Deccan Chargers vs Rajasthan Royals,2011,"In IPL 2011, Deccan Chargers played Rajasthan Royals on 2011-04-09 at Rajiv Gandhi International Stadium, Uppal. The winner was Rajasthan Royals. Player of the Match was SK Trivedi."
match,Kochi Tuskers Kerala vs Royal Challengers Bengaluru,2011,"In IPL 2011, Kochi Tuskers Kerala played Royal Challengers Bengaluru on 2011-04-09 at Nehru Stadium. The winner was Royal Challengers Bengaluru. Player of the Match was AB de Villiers."
match,Delhi Capitals vs Mumbai Indians,2011,"In IPL 2011, Delhi Capitals played Mumbai Indians on 2011-04-10 at Feroz Shah Kotla. The winner was Mumbai Indians. Player of the Match was SL Malinga."
match,Pune Warriors vs Punjab Kings,2011,"In IPL 2011, Pune Warriors played Punjab Kings on 2011-04-10 at Dr DY Patil Sports Academy. The winner was Pune Warriors. Player of the Match was SB Wagh."
match,Kolkata Knight Riders vs Deccan Chargers,2011,"In IPL 2011, Kolkata Knight Riders played Deccan Chargers on 2011-04-11 at Eden Gardens. The winner was Kolkata Knight Riders. Player of the Match was JH Kallis."
match,Royal Challengers Bengaluru vs Mumbai Indians,2011,"In IPL 2011, Royal Challengers Bengaluru played Mumbai Indians on 2011-04-12 at M Chinnaswamy Stadium. The winner was Mumbai Indians. Player of the Match was SR Tendulkar."
match,Rajasthan Royals vs Delhi Capitals,2011,"In IPL 2011, Rajasthan Royals played Delhi Capitals on 2011-04-12 at Sawai Mansingh Stadium. The winner was Rajasthan Royals. Player of the Match was SK Warne."
match,Punjab Kings vs Chennai Super Kings,2011,"In IPL 2011, Punjab Kings played Chennai Super Kings on 2011-04-13 at Punjab Cricket Association Stadium, Mohali. The winner was Punjab Kings. Player of the Match was PC Valthaty."
match,Pune Warriors vs Kochi Tuskers Kerala,2011,"In IPL 2011, Pune Warriors played Kochi Tuskers Kerala on 2011-04-13 at Dr DY Patil Sports Academy. The winner was Pune Warriors. Player of the Match was MD Mishra."
match,Deccan Chargers vs Royal Challengers Bengaluru,2011,"In IPL 2011, Deccan Chargers played Royal Challengers Bengaluru on 2011-04-14 at Rajiv Gandhi International Stadium, Uppal. The winner was Deccan Chargers. Player of the Match was DW Steyn."
match,Rajasthan Royals vs Kolkata Knight Riders,2011,"In IPL 2011, Rajasthan Royals played Kolkata Knight Riders on 2011-04-15 at Sawai Mansingh Stadium. The winner was Kolkata Knight Riders. Player of the Match was G Gambhir."
match,Mumbai Indians vs Kochi Tuskers Kerala,2011,"In IPL 2011, Mumbai Indians played Kochi Tuskers Kerala on 2011-04-15 at Wankhede Stadium. The winner was Kochi Tuskers Kerala. Player of the Match was BB McCullum."
match,Deccan Chargers vs Punjab Kings,2011,"In IPL 2011, Deccan Chargers played Punjab Kings on 2011-04-16 at Rajiv Gandhi International Stadium, Uppal. The winner was Punjab Kings. Player of the Match was PC Valthaty."
match,Chennai Super Kings vs Royal Challengers Bengaluru,2011,"In IPL 2011, Chennai Super Kings played Royal Challengers Bengaluru on 2011-04-16 at MA Chidambaram Stadium, Chepauk. The winner was Chennai Super Kings. Player of the Match was MEK Hussey."
match,Pune Warriors vs Delhi Capitals,2011,"In IPL 2011, Pune Warriors played Delhi Capitals on 2011-04-17 at Dr DY Patil Sports Academy. The winner was Delhi Capitals. Player of the Match was Yuvraj Singh."
match,Kolkata Knight Riders vs Rajasthan Royals,2011,"In IPL 2011, Kolkata Knight Riders played Rajasthan Royals on 2011-04-17 at Eden Gardens. The winner was Kolkata Knight Riders. Player of the Match was L Balaji."
match,Kochi Tuskers Kerala vs Chennai Super Kings,2011,"In IPL 2011, Kochi Tuskers Kerala played Chennai Super Kings on 2011-04-18 at Nehru Stadium. The winner was Kochi Tuskers Kerala. Player of the Match was BB McCullum."
match,Delhi Capitals vs Deccan Chargers,2011,"In IPL 2011, Delhi Capitals played Deccan Chargers on 2011-04-19 at Feroz Shah Kotla. The winner was Deccan Chargers. Player of the Match was S Sohal."
match,Mumbai Indians vs Pune Warriors,2011,"In IPL 2011, Mumbai Indians played Pune Warriors on 2011-04-20 at Wankhede Stadium. The winner was Mumbai Indians. Player of the Match was MM Patel."
match,Kolkata Knight Riders vs Kochi Tuskers Kerala,2011,"In IPL 2011, Kolkata Knight Riders played Kochi Tuskers Kerala on 2011-04-20 at Eden Gardens. The winner was Kochi Tuskers Kerala. Player of the Match was DPMD Jayawardene."
match,Punjab Kings vs Rajasthan Royals,2011,"In IPL 2011, Punjab Kings played Rajasthan Royals on 2011-04-21 at Punjab Cricket Association Stadium, Mohali. The winner was Punjab Kings. Player of the Match was SE Marsh."
match,Mumbai Indians vs Chennai Super Kings,2011,"In IPL 2011, Mumbai Indians played Chennai Super Kings on 2011-04-22 at Wankhede Stadium. The winner was Mumbai Indians. Player of the Match was Harbhajan Singh."
match,Kolkata Knight Riders vs Royal Challengers Bengaluru,2011,"In IPL 2011, Kolkata Knight Riders played Royal Challengers Bengaluru on 2011-04-22 at Eden Gardens. The winner was Royal Challengers Bengaluru. Player of the Match was CH Gayle."
match,Delhi Capitals vs Punjab Kings,2011,"In IPL 2011, Delhi Capitals played Punjab Kings on 2011-04-23 at Feroz Shah Kotla. The winner was Delhi Capitals. Player of the Match was DA Warner."
match,Rajasthan Royals vs Kochi Tuskers Kerala,2011,"In IPL 2011, Rajasthan Royals played Kochi Tuskers Kerala on 2011-04-24 at Sawai Mansingh Stadium. The winner was Rajasthan Royals. Player of the Match was SK Warne."
match,Deccan Chargers vs Mumbai Indians,2011,"In IPL 2011, Deccan Chargers played Mumbai Indians on 2011-04-24 at Rajiv Gandhi International Stadium, Uppal. The winner was Mumbai Indians. Player of the Match was SL Malinga."
match,Chennai Super Kings vs Pune Warriors,2011,"In IPL 2011, Chennai Super Kings played Pune Warriors on 2011-04-25 at MA Chidambaram Stadium, Chepauk. The winner was Chennai Super Kings. Player of the Match was MEK Hussey."
match,Delhi Capitals vs Royal Challengers Bengaluru,2011,"In IPL 2011, Delhi Capitals played Royal Challengers Bengaluru on 2011-04-26 at Feroz Shah Kotla. The winner was Royal Challengers Bengaluru. Player of the Match was V Kohli."
match,Pune Warriors vs Chennai Super Kings,2011,"In IPL 2011, Pune Warriors played Chennai Super Kings on 2011-04-27 at Dr DY Patil Sports Academy. The winner was Chennai Super Kings. Player of the Match was DE Bollinger."
match,Kochi Tuskers Kerala vs Deccan Chargers,2011,"In IPL 2011, Kochi Tuskers Kerala played Deccan Chargers on 2011-04-27 at Nehru Stadium. The winner was Deccan Chargers. Player of the Match was I Sharma."
match,Delhi Capitals vs Kolkata Knight Riders,2011,"In IPL 2011, Delhi Capitals played Kolkata Knight Riders on 2011-04-28 at Feroz Shah Kotla. The winner was Kolkata Knight Riders. Player of the Match was MK Tiwary."
match,Rajasthan Royals vs Mumbai Indians,2011,"In IPL 2011, Rajasthan Royals played Mumbai Indians on 2011-04-29 at Sawai Mansingh Stadium. The winner was Rajasthan Royals. Player of the Match was J Botha."
match,Royal Challengers Bengaluru vs Pune Warriors,2011,"In IPL 2011, Royal Challengers Bengaluru played Pune Warriors on 2011-04-29 at M Chinnaswamy Stadium. The winner was Royal Challengers Bengaluru. Player of the Match was V Kohli."
match,Kochi Tuskers Kerala vs Delhi Capitals,2011,"In IPL 2011, Kochi Tuskers Kerala played Delhi Capitals on 2011-04-30 at Nehru Stadium. The winner was Delhi Capitals. Player of the Match was V Sehwag."
match,Kolkata Knight Riders vs Punjab Kings,2011,"In IPL 2011, Kolkata Knight Riders played Punjab Kings on 2011-04-30 at Eden Gardens. The winner was Kolkata Knight Riders. Player of the Match was Iqbal Abdulla."
match,Chennai Super Kings vs Deccan Chargers,2011,"In IPL 2011, Chennai Super Kings played Deccan Chargers on 2011-05-01 at MA Chidambaram Stadium, Chepauk. The winner was Chennai Super Kings. Player of the Match was JA Morkel."
match,Rajasthan Royals vs Pune Warriors,2011,"In IPL 2011, Rajasthan Royals played Pune Warriors on 2011-05-01 at Sawai Mansingh Stadium. The winner was Rajasthan Royals. Player of the Match was LRPL Taylor."
match,Mumbai Indians vs Punjab Kings,2011,"In IPL 2011, Mumbai Indians played Punjab Kings on 2011-05-02 at Wankhede Stadium. The winner was Mumbai Indians. Player of the Match was KA Pollard."
match,Delhi Capitals vs Kochi Tuskers Kerala,2011,"In IPL 2011, Delhi Capitals played Kochi Tuskers Kerala on 2011-05-02 at Feroz Shah Kotla. The winner was Kochi Tuskers Kerala. Player of the Match was P Parameswaran."
match,Deccan Chargers vs Kolkata Knight Riders,2011,"In IPL 2011, Deccan Chargers played Kolkata Knight Riders on 2011-05-03 at Rajiv Gandhi International Stadium, Uppal. The winner was Kolkata Knight Riders. Player of the Match was YK Pathan."
match,Pune Warriors vs Mumbai Indians,2011,"In IPL 2011, Pune Warriors played Mumbai Indians on 2011-05-04 at Dr DY Patil Sports Academy. The winner was Mumbai Indians. Player of the Match was R Sharma."
match,Chennai Super Kings vs Rajasthan Royals,2011,"In IPL 2011, Chennai Super Kings played Rajasthan Royals on 2011-05-04 at MA Chidambaram Stadium, Chepauk. The winner was Chennai Super Kings. Player of the Match was MEK Hussey."
match,Deccan Chargers vs Delhi Capitals,2011,"In IPL 2011, Deccan Chargers played Delhi Capitals on 2011-05-05 at Rajiv Gandhi International Stadium, Uppal. The winner was Delhi Capitals. Player of the Match was V Sehwag."
match,Kochi Tuskers Kerala vs Kolkata Knight Riders,2011,"In IPL 2011, Kochi Tuskers Kerala played Kolkata Knight Riders on 2011-05-05 at Nehru Stadium. The winner was Kochi Tuskers Kerala. Player of the Match was BJ Hodge."
match,Royal Challengers Bengaluru vs Punjab Kings,2011,"In IPL 2011, Royal Challengers Bengaluru played Punjab Kings on 2011-05-06 at M Chinnaswamy Stadium. The winner was Royal Challengers Bengaluru. Player of the Match was CH Gayle."
match,Mumbai Indians vs Delhi Capitals,2011,"In IPL 2011, Mumbai Indians played Delhi Capitals on 2011-05-07 at Wankhede Stadium. The winner was Mumbai Indians. Player of the Match was AT Rayudu."
match,Kolkata Knight Riders vs Chennai Super Kings,2011,"In IPL 2011, Kolkata Knight Riders played Chennai Super Kings on 2011-05-07 at Eden Gardens. The winner was Kolkata Knight Riders. Player of the Match was Iqbal Abdulla."
match,Royal Challengers Bengaluru vs Kochi Tuskers Kerala,2011,"In IPL 2011, Royal Challengers Bengaluru played Kochi Tuskers Kerala on 2011-05-08 at M Chinnaswamy Stadium. The winner was Royal Challengers Bengaluru. Player of the Match was CH Gayle."
match,Punjab Kings vs Pune Warriors,2011,"In IPL 2011, Punjab Kings played Pune Warriors on 2011-05-08 at Punjab Cricket Association Stadium, Mohali. The winner was Pune Warriors. Player of the Match was R Sharma."
match,Rajasthan Royals vs Chennai Super Kings,2011,"In IPL 2011, Rajasthan Royals played Chennai Super Kings on 2011-05-09 at Sawai Mansingh Stadium. The winner was Chennai Super Kings. Player of the Match was M Vijay."
match,Deccan Chargers vs Pune Warriors,2011,"In IPL 2011, Deccan Chargers played Pune Warriors on 2011-05-10 at Rajiv Gandhi International Stadium, Uppal. The winner was Pune Warriors. Player of the Match was MR Marsh."
match,Punjab Kings vs Mumbai Indians,2011,"In IPL 2011, Punjab Kings played Mumbai Indians on 2011-05-10 at Punjab Cricket Association Stadium, Mohali. The winner was Punjab Kings. Player of the Match was BA Bhatt."
match,Rajasthan Royals vs Royal Challengers Bengaluru,2011,"In IPL 2011, Rajasthan Royals played Royal Challengers Bengaluru on 2011-05-11 at Sawai Mansingh Stadium. The winner was Royal Challengers Bengaluru. Player of the Match was S Aravind."
match,Chennai Super Kings vs Delhi Capitals,2011,"In IPL 2011, Chennai Super Kings played Delhi Capitals on 2011-05-12 at MA Chidambaram Stadium, Chepauk. The winner was Chennai Super Kings. Player of the Match was MS Dhoni."
match,Kochi Tuskers Kerala vs Punjab Kings,2011,"In IPL 2011, Kochi Tuskers Kerala played Punjab Kings on 2011-05-13 at Holkar Cricket Stadium. The winner was Punjab Kings. Player of the Match was KD Karthik."
match,Mumbai Indians vs Deccan Chargers,2011,"In IPL 2011, Mumbai Indians played Deccan Chargers on 2011-05-14 at Wankhede Stadium. The winner was Deccan Chargers. Player of the Match was A Mishra."
match,Royal Challengers Bengaluru vs Kolkata Knight Riders,2011,"In IPL 2011, Royal Challengers Bengaluru played Kolkata Knight Riders on 2011-05-14 at M Chinnaswamy Stadium. The winner was Royal Challengers Bengaluru. Player of the Match was CH Gayle."
match,Punjab Kings vs Delhi Capitals,2011,"In IPL 2011, Punjab Kings played Delhi Capitals on 2011-05-15 at Himachal Pradesh Cricket Association Stadium. The winner was Punjab Kings. Player of the Match was PP Chawla."
match,Kochi Tuskers Kerala vs Rajasthan Royals,2011,"In IPL 2011, Kochi Tuskers Kerala played Rajasthan Royals on 2011-05-15 at Holkar Cricket Stadium. The winner was Kochi Tuskers Kerala. Player of the Match was BJ Hodge."
match,Pune Warriors vs Deccan Chargers,2011,"In IPL 2011, Pune Warriors played Deccan Chargers on 2011-05-16 at Dr DY Patil Sports Academy. The winner was Deccan Chargers. Player of the Match was A Mishra."
match,Punjab Kings vs Royal Challengers Bengaluru,2011,"In IPL 2011, Punjab Kings played Royal Challengers Bengaluru on 2011-05-17 at Himachal Pradesh Cricket Association Stadium. The winner was Punjab Kings. Player of the Match was AC Gilchrist."
match,Chennai Super Kings vs Kochi Tuskers Kerala,2011,"In IPL 2011, Chennai Super Kings played Kochi Tuskers Kerala on 2011-05-18 at MA Chidambaram Stadium, Chepauk. The winner was Chennai Super Kings. Player of the Match was WP Saha."
match,Pune Warriors vs Kolkata Knight Riders,2011,"In IPL 2011, Pune Warriors played Kolkata Knight Riders on 2011-05-19 at Dr DY Patil Sports Academy. The winner was Kolkata Knight Riders. Player of the Match was YK Pathan."
match,Mumbai Indians vs Rajasthan Royals,2011,"In IPL 2011, Mumbai Indians played Rajasthan Royals on 2011-05-20 at Wankhede Stadium. The winner was Rajasthan Royals. Player of the Match was SR Watson."
match,Delhi Capitals vs Pune Warriors,2011,"In IPL 2011, Delhi Capitals played Pune Warriors on 2011-05-21 at Feroz Shah Kotla. The winner was No Result. Player of the Match was Unknown."
match,Punjab Kings vs Deccan Chargers,2011,"In IPL 2011, Punjab Kings played Deccan Chargers on 2011-05-21 at Himachal Pradesh Cricket Association Stadium. The winner was Deccan Chargers. Player of the Match was S Dhawan."
match,Royal Challengers Bengaluru vs Chennai Super Kings,2011,"In IPL 2011, Royal Challengers Bengaluru played Chennai Super Kings on 2011-05-22 at M Chinnaswamy Stadium. The winner was Royal Challengers Bengaluru. Player of the Match was CH Gayle."
match,Kolkata Knight Riders vs Mumbai Indians,2011,"In IPL 2011, Kolkata Knight Riders played Mumbai Indians on 2011-05-22 at Eden Gardens. The winner was Mumbai Indians. Player of the Match was JEC Franklin."
match,Royal Challengers Bengaluru vs Chennai Super Kings,2011,"In IPL 2011, Royal Challengers Bengaluru played Chennai Super Kings on 2011-05-24 at Wankhede Stadium. The winner was Chennai Super Kings. Player of the Match was SK Raina."
match,Mumbai Indians vs Kolkata Knight Riders,2011,"In IPL 2011, Mumbai Indians played Kolkata Knight Riders on 2011-05-25 at Wankhede Stadium. The winner was Mumbai Indians. Player of the Match was MM Patel."
match,Royal Challengers Bengaluru vs Mumbai Indians,2011,"In IPL 2011, Royal Challengers Bengaluru played Mumbai Indians on 2011-05-27 at MA Chidambaram Stadium, Chepauk. The winner was Royal Challengers Bengaluru. Player of the Match was CH Gayle."
match,Chennai Super Kings vs Royal Challengers Bengaluru,2011,"In IPL 2011, Chennai Super Kings played Royal Challengers Bengaluru on 2011-05-28 at MA Chidambaram Stadium, Chepauk. The winner was Chennai Super Kings. Player of the Match was M Vijay."
match,Chennai Super Kings vs Mumbai Indians,2012,"In IPL 2012, Chennai Super Kings played Mumbai Indians on 2012-04-04 at MA Chidambaram Stadium, Chepauk. The winner was Mumbai Indians. Player of the Match was RE Levi."
match,Kolkata Knight Riders vs Delhi Capitals,2012,"In IPL 2012, Kolkata Knight Riders played Delhi Capitals on 2012-04-05 at Eden Gardens. The winner was Delhi Capitals. Player of the Match was IK Pathan."
match,Rajasthan Royals vs Punjab Kings,2012,"In IPL 2012, Rajasthan Royals played Punjab Kings on 2012-04-06 at Sawai Mansingh Stadium. The winner was Rajasthan Royals. Player of the Match was AM Rahane."
match,Mumbai Indians vs Pune Warriors,2012,"In IPL 2012, Mumbai Indians played Pune Warriors on 2012-04-06 at Wankhede Stadium. The winner was Pune Warriors. Player of the Match was SPD Smith."
match,Deccan Chargers vs Chennai Super Kings,2012,"In IPL 2012, Deccan Chargers played Chennai Super Kings on 2012-04-07 at Dr. Y.S. Rajasekhara Reddy ACA-VDCA Cricket Stadium. The winner was Chennai Super Kings. Player of the Match was RA Jadeja."
match,Royal Challengers Bengaluru vs Delhi Capitals,2012,"In IPL 2012, Royal Challengers Bengaluru played Delhi Capitals on 2012-04-07 at M Chinnaswamy Stadium. The winner was Royal Challengers Bengaluru. Player of the Match was AB de Villiers."
match,Pune Warriors vs Punjab Kings,2012,"In IPL 2012, Pune Warriors played Punjab Kings on 2012-04-08 at Subrata Roy Sahara Stadium. The winner was Pune Warriors. Player of the Match was MN Samuels."
match,Rajasthan Royals vs Kolkata Knight Riders,2012,"In IPL 2012, Rajasthan Royals played Kolkata Knight Riders on 2012-04-08 at Sawai Mansingh Stadium. The winner was Rajasthan Royals. Player of the Match was BJ Hodge."
match,Deccan Chargers vs Mumbai Indians,2012,"In IPL 2012, Deccan Chargers played Mumbai Indians on 2012-04-09 at Dr. Y.S. Rajasekhara Reddy ACA-VDCA Cricket Stadium. The winner was Mumbai Indians. Player of the Match was RG Sharma."
match,Delhi Capitals vs Chennai Super Kings,2012,"In IPL 2012, Delhi Capitals played Chennai Super Kings on 2012-04-10 at Feroz Shah Kotla. The winner was Delhi Capitals. Player of the Match was M Morkel."
match,Royal Challengers Bengaluru vs Kolkata Knight Riders,2012,"In IPL 2012, Royal Challengers Bengaluru played Kolkata Knight Riders on 2012-04-10 at M Chinnaswamy Stadium. The winner was Kolkata Knight Riders. Player of the Match was L Balaji."
match,Mumbai Indians vs Rajasthan Royals,2012,"In IPL 2012, Mumbai Indians played Rajasthan Royals on 2012-04-11 at Wankhede Stadium. The winner was Mumbai Indians. Player of the Match was KA Pollard."
match,Punjab Kings vs Pune Warriors,2012,"In IPL 2012, Punjab Kings played Pune Warriors on 2012-04-12 at Punjab Cricket Association Stadium, Mohali. The winner was Punjab Kings. Player of the Match was AD Mascarenhas."
match,Chennai Super Kings vs Royal Challengers Bengaluru,2012,"In IPL 2012, Chennai Super Kings played Royal Challengers Bengaluru on 2012-04-12 at MA Chidambaram Stadium, Chepauk. The winner was Chennai Super Kings. Player of the Match was F du Plessis."
match,Kolkata Knight Riders vs Rajasthan Royals,2012,"In IPL 2012, Kolkata Knight Riders played Rajasthan Royals on 2012-04-13 at Eden Gardens. The winner was Kolkata Knight Riders. Player of the Match was Shakib Al Hasan."
match,Pune Warriors vs Chennai Super Kings,2012,"In IPL 2012, Pune Warriors played Chennai Super Kings on 2012-04-14 at Subrata Roy Sahara Stadium. The winner was Pune Warriors. Player of the Match was JD Ryder."
match,Kolkata Knight Riders vs Punjab Kings,2012,"In IPL 2012, Kolkata Knight Riders played Punjab Kings on 2012-04-15 at Eden Gardens. The winner was Punjab Kings. Player of the Match was SP Narine."
match,Royal Challengers Bengaluru vs Rajasthan Royals,2012,"In IPL 2012, Royal Challengers Bengaluru played Rajasthan Royals on 2012-04-15 at M Chinnaswamy Stadium. The winner was Rajasthan Royals. Player of the Match was AM Rahane."
match,Mumbai Indians vs Delhi Capitals,2012,"In IPL 2012, Mumbai Indians played Delhi Capitals on 2012-04-16 at Wankhede Stadium. The winner was Delhi Capitals. Player of the Match was S Nadeem."
match,Rajasthan Royals vs Deccan Chargers,2012,"In IPL 2012, Rajasthan Royals played Deccan Chargers on 2012-04-17 at Sawai Mansingh Stadium. The winner was Rajasthan Royals. Player of the Match was BJ Hodge."
match,Royal Challengers Bengaluru vs Pune Warriors,2012,"In IPL 2012, Royal Challengers Bengaluru played Pune Warriors on 2012-04-17 at M Chinnaswamy Stadium. The winner was Royal Challengers Bengaluru. Player of the Match was CH Gayle."
match,Punjab Kings vs Kolkata Knight Riders,2012,"In IPL 2012, Punjab Kings played Kolkata Knight Riders on 2012-04-18 at Punjab Cricket Association Stadium, Mohali. The winner was Kolkata Knight Riders. Player of the Match was G Gambhir."
match,Delhi Capitals vs Deccan Chargers,2012,"In IPL 2012, Delhi Capitals played Deccan Chargers on 2012-04-19 at Feroz Shah Kotla. The winner was Delhi Capitals. Player of the Match was KP Pietersen."
match,Chennai Super Kings vs Pune Warriors,2012,"In IPL 2012, Chennai Super Kings played Pune Warriors on 2012-04-19 at MA Chidambaram Stadium, Chepauk. The winner was Chennai Super Kings. Player of the Match was KMDN Kulasekara."
match,Punjab Kings vs Royal Challengers Bengaluru,2012,"In IPL 2012, Punjab Kings played Royal Challengers Bengaluru on 2012-04-20 at Punjab Cricket Association Stadium, Mohali. The winner was Royal Challengers Bengaluru. Player of the Match was CH Gayle."
match,Chennai Super Kings vs Rajasthan Royals,2012,"In IPL 2012, Chennai Super Kings played Rajasthan Royals on 2012-04-21 at MA Chidambaram Stadium, Chepauk. The winner was Chennai Super Kings. Player of the Match was F du Plessis."
match,Delhi Capitals vs Pune Warriors,2012,"In IPL 2012, Delhi Capitals played Pune Warriors on 2012-04-21 at Feroz Shah Kotla. The winner was Pune Warriors. Player of the Match was SC Ganguly."
match,Mumbai Indians vs Punjab Kings,2012,"In IPL 2012, Mumbai Indians played Punjab Kings on 2012-04-22 at Wankhede Stadium. The winner was Punjab Kings. Player of the Match was SE Marsh."
match,Deccan Chargers vs Kolkata Knight Riders,2012,"In IPL 2012, Deccan Chargers played Kolkata Knight Riders on 2012-04-22 at Barabati Stadium. The winner was Kolkata Knight Riders. Player of the Match was B Lee."
match,Rajasthan Royals vs Royal Challengers Bengaluru,2012,"In IPL 2012, Rajasthan Royals played Royal Challengers Bengaluru on 2012-04-23 at Sawai Mansingh Stadium. The winner was Royal Challengers Bengaluru. Player of the Match was AB de Villiers."
match,Pune Warriors vs Delhi Capitals,2012,"In IPL 2012, Pune Warriors played Delhi Capitals on 2012-04-24 at Subrata Roy Sahara Stadium. The winner was Delhi Capitals. Player of the Match was V Sehwag."
match,Punjab Kings vs Mumbai Indians,2012,"In IPL 2012, Punjab Kings played Mumbai Indians on 2012-04-25 at Punjab Cricket Association Stadium, Mohali. The winner was Mumbai Indians. Player of the Match was AT Rayudu."
match,Pune Warriors vs Deccan Chargers,2012,"In IPL 2012, Pune Warriors played Deccan Chargers on 2012-04-26 at Subrata Roy Sahara Stadium. The winner was Deccan Chargers. Player of the Match was CL White."
match,Delhi Capitals vs Mumbai Indians,2012,"In IPL 2012, Delhi Capitals played Mumbai Indians on 2012-04-27 at Feroz Shah Kotla. The winner was Delhi Capitals. Player of the Match was V Sehwag."
match,Chennai Super Kings vs Punjab Kings,2012,"In IPL 2012, Chennai Super Kings played Punjab Kings on 2012-04-28 at MA Chidambaram Stadium, Chepauk. The winner was Punjab Kings. Player of the Match was Mandeep Singh."
match,Kolkata Knight Riders vs Royal Challengers Bengaluru,2012,"In IPL 2012, Kolkata Knight Riders played Royal Challengers Bengaluru on 2012-04-28 at Eden Gardens. The winner was Kolkata Knight Riders. Player of the Match was G Gambhir."
match,Delhi Capitals vs Rajasthan Royals,2012,"In IPL 2012, Delhi Capitals played Rajasthan Royals on 2012-04-29 at Feroz Shah Kotla. The winner was Delhi Capitals. Player of the Match was V Sehwag."
match,Mumbai Indians vs Deccan Chargers,2012,"In IPL 2012, Mumbai Indians played Deccan Chargers on 2012-04-29 at Wankhede Stadium. The winner was Mumbai Indians. Player of the Match was DW Steyn."
match,Chennai Super Kings vs Kolkata Knight Riders,2012,"In IPL 2012, Chennai Super Kings played Kolkata Knight Riders on 2012-04-30 at MA Chidambaram Stadium, Chepauk. The winner was Kolkata Knight Riders. Player of the Match was G Gambhir."
match,Deccan Chargers vs Pune Warriors,2012,"In IPL 2012, Deccan Chargers played Pune Warriors on 2012-05-01 at Barabati Stadium. The winner was Deccan Chargers. Player of the Match was KC Sangakkara."
match,Rajasthan Royals vs Delhi Capitals,2012,"In IPL 2012, Rajasthan Royals played Delhi Capitals on 2012-05-01 at Sawai Mansingh Stadium. The winner was Delhi Capitals. Player of the Match was P Negi."
match,Royal Challengers Bengaluru vs Punjab Kings,2012,"In IPL 2012, Royal Challengers Bengaluru played Punjab Kings on 2012-05-02 at M Chinnaswamy Stadium. The winner was Punjab Kings. Player of the Match was Azhar Mahmood."
match,Pune Warriors vs Mumbai Indians,2012,"In IPL 2012, Pune Warriors played Mumbai Indians on 2012-05-03 at Subrata Roy Sahara Stadium. The winner was Mumbai Indians. Player of the Match was SL Malinga."
match,Chennai Super Kings vs Deccan Chargers,2012,"In IPL 2012, Chennai Super Kings played Deccan Chargers on 2012-05-04 at MA Chidambaram Stadium, Chepauk. The winner was Chennai Super Kings. Player of the Match was SK Raina."
match,Kolkata Knight Riders vs Pune Warriors,2012,"In IPL 2012, Kolkata Knight Riders played Pune Warriors on 2012-05-05 at Eden Gardens. The winner was Kolkata Knight Riders. Player of the Match was SP Narine."
match,Punjab Kings vs Rajasthan Royals,2012,"In IPL 2012, Punjab Kings played Rajasthan Royals on 2012-05-05 at Punjab Cricket Association Stadium, Mohali. The winner was Rajasthan Royals. Player of the Match was SR Watson."
match,Mumbai Indians vs Chennai Super Kings,2012,"In IPL 2012, Mumbai Indians played Chennai Super Kings on 2012-05-06 at Wankhede Stadium. The winner was Mumbai Indians. Player of the Match was DR Smith."
match,Royal Challengers Bengaluru vs Deccan Chargers,2012,"In IPL 2012, Royal Challengers Bengaluru played Deccan Chargers on 2012-05-06 at M Chinnaswamy Stadium. The winner was Royal Challengers Bengaluru. Player of the Match was AB de Villiers."
match,Delhi Capitals vs Kolkata Knight Riders,2012,"In IPL 2012, Delhi Capitals played Kolkata Knight Riders on 2012-05-07 at Feroz Shah Kotla. The winner was Kolkata Knight Riders. Player of the Match was JH Kallis."
match,Pune Warriors vs Rajasthan Royals,2012,"In IPL 2012, Pune Warriors played Rajasthan Royals on 2012-05-08 at Subrata Roy Sahara Stadium. The winner was Rajasthan Royals. Player of the Match was SR Watson."
match,Deccan Chargers vs Punjab Kings,2012,"In IPL 2012, Deccan Chargers played Punjab Kings on 2012-05-08 at Rajiv Gandhi International Stadium, Uppal. The winner was Punjab Kings. Player of the Match was Mandeep Singh."
match,Mumbai Indians vs Royal Challengers Bengaluru,2012,"In IPL 2012, Mumbai Indians played Royal Challengers Bengaluru on 2012-05-09 at Wankhede Stadium. The winner was Royal Challengers Bengaluru. Player of the Match was CH Gayle."
match,Rajasthan Royals vs Chennai Super Kings,2012,"In IPL 2012, Rajasthan Royals played Chennai Super Kings on 2012-05-10 at Sawai Mansingh Stadium. The winner was Chennai Super Kings. Player of the Match was BW Hilfenhaus."
match,Deccan Chargers vs Delhi Capitals,2012,"In IPL 2012, Deccan Chargers played Delhi Capitals on 2012-05-10 at Rajiv Gandhi International Stadium, Uppal. The winner was Delhi Capitals. Player of the Match was DA Warner."
match,Pune Warriors vs Royal Challengers Bengaluru,2012,"In IPL 2012, Pune Warriors played Royal Challengers Bengaluru on 2012-05-11 at Subrata Roy Sahara Stadium. The winner was Royal Challengers Bengaluru. Player of the Match was CH Gayle."
match,Kolkata Knight Riders vs Mumbai Indians,2012,"In IPL 2012, Kolkata Knight Riders played Mumbai Indians on 2012-05-12 at Eden Gardens. The winner was Mumbai Indians. Player of the Match was RG Sharma."
match,Chennai Super Kings vs Delhi Capitals,2012,"In IPL 2012, Chennai Super Kings played Delhi Capitals on 2012-05-12 at MA Chidambaram Stadium, Chepauk. The winner was Chennai Super Kings. Player of the Match was BW Hilfenhaus."
match,Rajasthan Royals vs Pune Warriors,2012,"In IPL 2012, Rajasthan Royals played Pune Warriors on 2012-05-13 at Sawai Mansingh Stadium. The winner was Rajasthan Royals. Player of the Match was A Chandila."
match,Punjab Kings vs Deccan Chargers,2012,"In IPL 2012, Punjab Kings played Deccan Chargers on 2012-05-13 at Punjab Cricket Association Stadium, Mohali. The winner was Punjab Kings. Player of the Match was DJ Hussey."
match,Kolkata Knight Riders vs Chennai Super Kings,2012,"In IPL 2012, Kolkata Knight Riders played Chennai Super Kings on 2012-05-14 at Eden Gardens. The winner was Chennai Super Kings. Player of the Match was MEK Hussey."
match,Royal Challengers Bengaluru vs Mumbai Indians,2012,"In IPL 2012, Royal Challengers Bengaluru played Mumbai Indians on 2012-05-14 at M Chinnaswamy Stadium. The winner was Mumbai Indians. Player of the Match was AT Rayudu."
match,Delhi Capitals vs Punjab Kings,2012,"In IPL 2012, Delhi Capitals played Punjab Kings on 2012-05-15 at Feroz Shah Kotla. The winner was Delhi Capitals. Player of the Match was UT Yadav."
match,Mumbai Indians vs Kolkata Knight Riders,2012,"In IPL 2012, Mumbai Indians played Kolkata Knight Riders on 2012-05-16 at Wankhede Stadium. The winner was Kolkata Knight Riders. Player of the Match was SP Narine."
match,Delhi Capitals vs Royal Challengers Bengaluru,2012,"In IPL 2012, Delhi Capitals played Royal Challengers Bengaluru on 2012-05-17 at Feroz Shah Kotla. The winner was Royal Challengers Bengaluru. Player of the Match was CH Gayle."
match,Punjab Kings vs Chennai Super Kings,2012,"In IPL 2012, Punjab Kings played Chennai Super Kings on 2012-05-17 at Himachal Pradesh Cricket Association Stadium. The winner was Punjab Kings. Player of the Match was AC Gilchrist."
match,Deccan Chargers vs Rajasthan Royals,2012,"In IPL 2012, Deccan Chargers played Rajasthan Royals on 2012-05-18 at Rajiv Gandhi International Stadium, Uppal. The winner was Deccan Chargers. Player of the Match was DW Steyn."
match,Punjab Kings vs Delhi Capitals,2012,"In IPL 2012, Punjab Kings played Delhi Capitals on 2012-05-19 at Himachal Pradesh Cricket Association Stadium. The winner was Delhi Capitals. Player of the Match was UT Yadav."
match,Pune Warriors vs Kolkata Knight Riders,2012,"In IPL 2012, Pune Warriors played Kolkata Knight Riders on 2012-05-19 at Subrata Roy Sahara Stadium. The winner was Kolkata Knight Riders. Player of the Match was Shakib Al Hasan."
match,Rajasthan Royals vs Mumbai Indians,2012,"In IPL 2012, Rajasthan Royals played Mumbai Indians on 2012-05-20 at Sawai Mansingh Stadium. The winner was Mumbai Indians. Player of the Match was DR Smith."
match,Deccan Chargers vs Royal Challengers Bengaluru,2012,"In IPL 2012, Deccan Chargers played Royal Challengers Bengaluru on 2012-05-20 at Rajiv Gandhi International Stadium, Uppal. The winner was Deccan Chargers. Player of the Match was DW Steyn."
match,Delhi Capitals vs Kolkata Knight Riders,2012,"In IPL 2012, Delhi Capitals played Kolkata Knight Riders on 2012-05-22 at Subrata Roy Sahara Stadium. The winner was Kolkata Knight Riders. Player of the Match was YK Pathan."
match,Chennai Super Kings vs Mumbai Indians,2012,"In IPL 2012, Chennai Super Kings played Mumbai Indians on 2012-05-23 at M Chinnaswamy Stadium. The winner was Chennai Super Kings. Player of the Match was MS Dhoni."
match,Delhi Capitals vs Chennai Super Kings,2012,"In IPL 2012, Delhi Capitals played Chennai Super Kings on 2012-05-25 at MA Chidambaram Stadium, Chepauk. The winner was Chennai Super Kings. Player of the Match was M Vijay."
match,Kolkata Knight Riders vs Chennai Super Kings,2012,"In IPL 2012, Kolkata Knight Riders played Chennai Super Kings on 2012-05-27 at MA Chidambaram Stadium, Chepauk. The winner was Kolkata Knight Riders. Player of the Match was MS Bisla."
match,Kolkata Knight Riders vs Delhi Capitals,2013,"In IPL 2013, Kolkata Knight Riders played Delhi Capitals on 2013-04-03 at Eden Gardens. The winner was Kolkata Knight Riders. Player of the Match was SP Narine."
match,Royal Challengers Bengaluru vs Mumbai Indians,2013,"In IPL 2013, Royal Challengers Bengaluru played Mumbai Indians on 2013-04-04 at M Chinnaswamy Stadium. The winner was Royal Challengers Bengaluru. Player of the Match was CH Gayle."
match,Sunrisers Hyderabad vs Pune Warriors,2013,"In IPL 2013, Sunrisers Hyderabad played Pune Warriors on 2013-04-05 at Rajiv Gandhi International Stadium, Uppal. The winner was Sunrisers Hyderabad. Player of the Match was A Mishra."
match,Delhi Capitals vs Rajasthan Royals,2013,"In IPL 2013, Delhi Capitals played Rajasthan Royals on 2013-04-06 at Feroz Shah Kotla. The winner was Rajasthan Royals. Player of the Match was R Dravid."
match,Chennai Super Kings vs Mumbai Indians,2013,"In IPL 2013, Chennai Super Kings played Mumbai Indians on 2013-04-06 at MA Chidambaram Stadium, Chepauk. The winner was Mumbai Indians. Player of the Match was KA Pollard."
match,Pune Warriors vs Punjab Kings,2013,"In IPL 2013, Pune Warriors played Punjab Kings on 2013-04-07 at Subrata Roy Sahara Stadium. The winner was Punjab Kings. Player of the Match was M Vohra."
match,Sunrisers Hyderabad vs Royal Challengers Bengaluru,2013,"In IPL 2013, Sunrisers Hyderabad played Royal Challengers Bengaluru on 2013-04-07 at Rajiv Gandhi International Stadium, Uppal. The winner was No Result. Player of the Match was GH Vihari."
match,Rajasthan Royals vs Kolkata Knight Riders,2013,"In IPL 2013, Rajasthan Royals played Kolkata Knight Riders on 2013-04-08 at Sawai Mansingh Stadium. The winner was Rajasthan Royals. Player of the Match was SK Trivedi."
match,Mumbai Indians vs Delhi Capitals,2013,"In IPL 2013, Mumbai Indians played Delhi Capitals on 2013-04-09 at Wankhede Stadium. The winner was Mumbai Indians. Player of the Match was KD Karthik."
match,Royal Challengers Bengaluru vs Sunrisers Hyderabad,2013,"In IPL 2013, Royal Challengers Bengaluru played Sunrisers Hyderabad on 2013-04-09 at M Chinnaswamy Stadium. The winner was Royal Challengers Bengaluru. Player of the Match was V Kohli."
match,Punjab Kings vs Chennai Super Kings,2013,"In IPL 2013, Punjab Kings played Chennai Super Kings on 2013-04-10 at Punjab Cricket Association Stadium, Mohali. The winner was Chennai Super Kings. Player of the Match was MEK Hussey."
match,Royal Challengers Bengaluru vs Kolkata Knight Riders,2013,"In IPL 2013, Royal Challengers Bengaluru played Kolkata Knight Riders on 2013-04-11 at M Chinnaswamy Stadium. The winner was Royal Challengers Bengaluru. Player of the Match was CH Gayle."
match,Pune Warriors vs Rajasthan Royals,2013,"In IPL 2013, Pune Warriors played Rajasthan Royals on 2013-04-11 at Subrata Roy Sahara Stadium. The winner was Pune Warriors. Player of the Match was AJ Finch."
match,Delhi Capitals vs Sunrisers Hyderabad,2013,"In IPL 2013, Delhi Capitals played Sunrisers Hyderabad on 2013-04-12 at Feroz Shah Kotla. The winner was Sunrisers Hyderabad. Player of the Match was A Mishra."
match,Chennai Super Kings vs Royal Challengers Bengaluru,2013,"In IPL 2013, Chennai Super Kings played Royal Challengers Bengaluru on 2013-04-13 at MA Chidambaram Stadium, Chepauk. The winner was Chennai Super Kings. Player of the Match was RA Jadeja."
match,Mumbai Indians vs Pune Warriors,2013,"In IPL 2013, Mumbai Indians played Pune Warriors on 2013-04-13 at Wankhede Stadium. The winner was Mumbai Indians. Player of the Match was RG Sharma."
match,Kolkata Knight Riders vs Sunrisers Hyderabad,2013,"In IPL 2013, Kolkata Knight Riders played Sunrisers Hyderabad on 2013-04-14 at Eden Gardens. The winner was Kolkata Knight Riders. Player of the Match was G Gambhir."
match,Rajasthan Royals vs Punjab Kings,2013,"In IPL 2013, Rajasthan Royals played Punjab Kings on 2013-04-14 at Sawai Mansingh Stadium. The winner was Rajasthan Royals. Player of the Match was JP Faulkner."
match,Chennai Super Kings vs Pune Warriors,2013,"In IPL 2013, Chennai Super Kings played Pune Warriors on 2013-04-15 at MA Chidambaram Stadium, Chepauk. The winner was Pune Warriors. Player of the Match was SPD Smith."
match,Punjab Kings vs Kolkata Knight Riders,2013,"In IPL 2013, Punjab Kings played Kolkata Knight Riders on 2013-04-16 at Punjab Cricket Association Stadium, Mohali. The winner was Punjab Kings. Player of the Match was MS Gony."
match,Royal Challengers Bengaluru vs Delhi Capitals,2013,"In IPL 2013, Royal Challengers Bengaluru played Delhi Capitals on 2013-04-16 at M Chinnaswamy Stadium. The winner was No Result. Player of the Match was V Kohli."
match,Pune Warriors vs Sunrisers Hyderabad,2013,"In IPL 2013, Pune Warriors played Sunrisers Hyderabad on 2013-04-17 at Maharashtra Cricket Association Stadium. The winner was Sunrisers Hyderabad. Player of the Match was A Mishra."
match,Rajasthan Royals vs Mumbai Indians,2013,"In IPL 2013, Rajasthan Royals played Mumbai Indians on 2013-04-17 at Sawai Mansingh Stadium. The winner was Rajasthan Royals. Player of the Match was AM Rahane."
match,Delhi Capitals vs Chennai Super Kings,2013,"In IPL 2013, Delhi Capitals played Chennai Super Kings on 2013-04-18 at Feroz Shah Kotla. The winner was Chennai Super Kings. Player of the Match was MEK Hussey."
match,Sunrisers Hyderabad vs Punjab Kings,2013,"In IPL 2013, Sunrisers Hyderabad played Punjab Kings on 2013-04-19 at Rajiv Gandhi International Stadium, Uppal. The winner was Sunrisers Hyderabad. Player of the Match was GH Vihari."
match,Kolkata Knight Riders vs Chennai Super Kings,2013,"In IPL 2013, Kolkata Knight Riders played Chennai Super Kings on 2013-04-20 at Eden Gardens. The winner was Chennai Super Kings. Player of the Match was RA Jadeja."
match,Royal Challengers Bengaluru vs Rajasthan Royals,2013,"In IPL 2013, Royal Challengers Bengaluru played Rajasthan Royals on 2013-04-20 at M Chinnaswamy Stadium. The winner was Royal Challengers Bengaluru. Player of the Match was R Vinay Kumar."
match,Punjab Kings vs Pune Warriors,2013,"In IPL 2013, Punjab Kings played Pune Warriors on 2013-04-21 at Punjab Cricket Association Stadium, Mohali. The winner was Punjab Kings. Player of the Match was DA Miller."
match,Delhi Capitals vs Mumbai Indians,2013,"In IPL 2013, Delhi Capitals played Mumbai Indians on 2013-04-21 at Feroz Shah Kotla. The winner was Delhi Capitals. Player of the Match was V Sehwag."
match,Chennai Super Kings vs Rajasthan Royals,2013,"In IPL 2013, Chennai Super Kings played Rajasthan Royals on 2013-04-22 at MA Chidambaram Stadium, Chepauk. The winner was Chennai Super Kings. Player of the Match was MEK Hussey."
match,Delhi Capitals vs Punjab Kings,2013,"In IPL 2013, Delhi Capitals played Punjab Kings on 2013-04-23 at Feroz Shah Kotla. The winner was Punjab Kings. Player of the Match was Harmeet Singh."
match,Royal Challengers Bengaluru vs Pune Warriors,2013,"In IPL 2013, Royal Challengers Bengaluru played Pune Warriors on 2013-04-23 at M Chinnaswamy Stadium. The winner was Royal Challengers Bengaluru. Player of the Match was CH Gayle."
match,Kolkata Knight Riders vs Mumbai Indians,2013,"In IPL 2013, Kolkata Knight Riders played Mumbai Indians on 2013-04-24 at Eden Gardens. The winner was Mumbai Indians. Player of the Match was DR Smith."
match,Chennai Super Kings vs Sunrisers Hyderabad,2013,"In IPL 2013, Chennai Super Kings played Sunrisers Hyderabad on 2013-04-25 at MA Chidambaram Stadium, Chepauk. The winner was Chennai Super Kings. Player of the Match was MS Dhoni."
match,Kolkata Knight Riders vs Punjab Kings,2013,"In IPL 2013, Kolkata Knight Riders played Punjab Kings on 2013-04-26 at Eden Gardens. The winner was Kolkata Knight Riders. Player of the Match was JH Kallis."
match,Rajasthan Royals vs Sunrisers Hyderabad,2013,"In IPL 2013, Rajasthan Royals played Sunrisers Hyderabad on 2013-04-27 at Sawai Mansingh Stadium. The winner was Rajasthan Royals. Player of the Match was JP Faulkner."
match,Mumbai Indians vs Royal Challengers Bengaluru,2013,"In IPL 2013, Mumbai Indians played Royal Challengers Bengaluru on 2013-04-27 at Wankhede Stadium. The winner was Mumbai Indians. Player of the Match was DR Smith."
match,Delhi Capitals vs Pune Warriors,2013,"In IPL 2013, Delhi Capitals played Pune Warriors on 2013-04-28 at Shaheed Veer Narayan Singh International Stadium. The winner was Delhi Capitals. Player of the Match was DA Warner."
match,Chennai Super Kings vs Kolkata Knight Riders,2013,"In IPL 2013, Chennai Super Kings played Kolkata Knight Riders on 2013-04-28 at MA Chidambaram Stadium, Chepauk. The winner was Chennai Super Kings. Player of the Match was MEK Hussey."
match,Rajasthan Royals vs Royal Challengers Bengaluru,2013,"In IPL 2013, Rajasthan Royals played Royal Challengers Bengaluru on 2013-04-29 at Sawai Mansingh Stadium. The winner was Rajasthan Royals. Player of the Match was SV Samson."
match,Mumbai Indians vs Punjab Kings,2013,"In IPL 2013, Mumbai Indians played Punjab Kings on 2013-04-29 at Wankhede Stadium. The winner was Mumbai Indians. Player of the Match was RG Sharma."
match,Pune Warriors vs Chennai Super Kings,2013,"In IPL 2013, Pune Warriors played Chennai Super Kings on 2013-04-30 at Subrata Roy Sahara Stadium. The winner was Chennai Super Kings. Player of the Match was MS Dhoni."
match,Sunrisers Hyderabad vs Mumbai Indians,2013,"In IPL 2013, Sunrisers Hyderabad played Mumbai Indians on 2013-05-01 at Rajiv Gandhi International Stadium, Uppal. The winner was Sunrisers Hyderabad. Player of the Match was I Sharma."
match,Delhi Capitals vs Kolkata Knight Riders,2013,"In IPL 2013, Delhi Capitals played Kolkata Knight Riders on 2013-05-01 at Shaheed Veer Narayan Singh International Stadium. The winner was Delhi Capitals. Player of the Match was DA Warner."
match,Chennai Super Kings vs Punjab Kings,2013,"In IPL 2013, Chennai Super Kings played Punjab Kings on 2013-05-02 at MA Chidambaram Stadium, Chepauk. The winner was Chennai Super Kings. Player of the Match was SK Raina."
match,Pune Warriors vs Royal Challengers Bengaluru,2013,"In IPL 2013, Pune Warriors played Royal Challengers Bengaluru on 2013-05-02 at Subrata Roy Sahara Stadium. The winner was Royal Challengers Bengaluru. Player of the Match was AB de Villiers."
match,Kolkata Knight Riders vs Rajasthan Royals,2013,"In IPL 2013, Kolkata Knight Riders played Rajasthan Royals on 2013-05-03 at Eden Gardens. The winner was Kolkata Knight Riders. Player of the Match was YK Pathan."
match,Sunrisers Hyderabad vs Delhi Capitals,2013,"In IPL 2013, Sunrisers Hyderabad played Delhi Capitals on 2013-05-04 at Rajiv Gandhi International Stadium, Uppal. The winner was Sunrisers Hyderabad. Player of the Match was DJG Sammy."
match,Mumbai Indians vs Chennai Super Kings,2013,"In IPL 2013, Mumbai Indians played Chennai Super Kings on 2013-05-05 at Wankhede Stadium. The winner was Mumbai Indians. Player of the Match was MG Johnson."
match,Rajasthan Royals vs Pune Warriors,2013,"In IPL 2013, Rajasthan Royals played Pune Warriors on 2013-05-05 at Sawai Mansingh Stadium. The winner was Rajasthan Royals. Player of the Match was AM Rahane."
match,Punjab Kings vs Royal Challengers Bengaluru,2013,"In IPL 2013, Punjab Kings played Royal Challengers Bengaluru on 2013-05-06 at Punjab Cricket Association Stadium, Mohali. The winner was Punjab Kings. Player of the Match was DA Miller."
match,Rajasthan Royals vs Delhi Capitals,2013,"In IPL 2013, Rajasthan Royals played Delhi Capitals on 2013-05-07 at Sawai Mansingh Stadium. The winner was Rajasthan Royals. Player of the Match was AM Rahane."
match,Mumbai Indians vs Kolkata Knight Riders,2013,"In IPL 2013, Mumbai Indians played Kolkata Knight Riders on 2013-05-07 at Wankhede Stadium. The winner was Mumbai Indians. Player of the Match was SR Tendulkar."
match,Sunrisers Hyderabad vs Chennai Super Kings,2013,"In IPL 2013, Sunrisers Hyderabad played Chennai Super Kings on 2013-05-08 at Rajiv Gandhi International Stadium, Uppal. The winner was Chennai Super Kings. Player of the Match was SK Raina."
match,Punjab Kings vs Rajasthan Royals,2013,"In IPL 2013, Punjab Kings played Rajasthan Royals on 2013-05-09 at Punjab Cricket Association Stadium, Mohali. The winner was Rajasthan Royals. Player of the Match was KK Cooper."
match,Pune Warriors vs Kolkata Knight Riders,2013,"In IPL 2013, Pune Warriors played Kolkata Knight Riders on 2013-05-09 at Subrata Roy Sahara Stadium. The winner was Kolkata Knight Riders. Player of the Match was G Gambhir."
match,Delhi Capitals vs Royal Challengers Bengaluru,2013,"In IPL 2013, Delhi Capitals played Royal Challengers Bengaluru on 2013-05-10 at Feroz Shah Kotla. The winner was Royal Challengers Bengaluru. Player of the Match was JD Unadkat."
match,Pune Warriors vs Mumbai Indians,2013,"In IPL 2013, Pune Warriors played Mumbai Indians on 2013-05-11 at Subrata Roy Sahara Stadium. The winner was Mumbai Indians. Player of the Match was MG Johnson."
match,Punjab Kings vs Sunrisers Hyderabad,2013,"In IPL 2013, Punjab Kings played Sunrisers Hyderabad on 2013-05-11 at Punjab Cricket Association Stadium, Mohali. The winner was Sunrisers Hyderabad. Player of the Match was PA Patel."
match,Kolkata Knight Riders vs Royal Challengers Bengaluru,2013,"In IPL 2013, Kolkata Knight Riders played Royal Challengers Bengaluru on 2013-05-12 at JSCA International Stadium Complex. The winner was Kolkata Knight Riders. Player of the Match was JH Kallis."
match,Rajasthan Royals vs Chennai Super Kings,2013,"In IPL 2013, Rajasthan Royals played Chennai Super Kings on 2013-05-12 at Sawai Mansingh Stadium. The winner was Rajasthan Royals. Player of the Match was SR Watson."
match,Mumbai Indians vs Sunrisers Hyderabad,2013,"In IPL 2013, Mumbai Indians played Sunrisers Hyderabad on 2013-05-13 at Wankhede Stadium. The winner was Mumbai Indians. Player of the Match was KA Pollard."
match,Royal Challengers Bengaluru vs Punjab Kings,2013,"In IPL 2013, Royal Challengers Bengaluru played Punjab Kings on 2013-05-14 at M Chinnaswamy Stadium. The winner was Punjab Kings. Player of the Match was AC Gilchrist."
match,Chennai Super Kings vs Delhi Capitals,2013,"In IPL 2013, Chennai Super Kings played Delhi Capitals on 2013-05-14 at MA Chidambaram Stadium, Chepauk. The winner was Chennai Super Kings. Player of the Match was MS Dhoni."
match,Mumbai Indians vs Rajasthan Royals,2013,"In IPL 2013, Mumbai Indians played Rajasthan Royals on 2013-05-15 at Wankhede Stadium. The winner was Mumbai Indians. Player of the Match was AP Tare."
match,Kolkata Knight Riders vs Pune Warriors,2013,"In IPL 2013, Kolkata Knight Riders played Pune Warriors on 2013-05-15 at JSCA International Stadium Complex. The winner was Pune Warriors. Player of the Match was MK Pandey."
match,Punjab Kings vs Delhi Capitals,2013,"In IPL 2013, Punjab Kings played Delhi Capitals on 2013-05-16 at Himachal Pradesh Cricket Association Stadium. The winner was Punjab Kings. Player of the Match was DA Miller."
match,Sunrisers Hyderabad vs Rajasthan Royals,2013,"In IPL 2013, Sunrisers Hyderabad played Rajasthan Royals on 2013-05-17 at Rajiv Gandhi International Stadium, Uppal. The winner was Sunrisers Hyderabad. Player of the Match was A Mishra."
match,Punjab Kings vs Mumbai Indians,2013,"In IPL 2013, Punjab Kings played Mumbai Indians on 2013-05-18 at Himachal Pradesh Cricket Association Stadium. The winner was Punjab Kings. Player of the Match was Azhar Mahmood."
match,Royal Challengers Bengaluru vs Chennai Super Kings,2013,"In IPL 2013, Royal Challengers Bengaluru played Chennai Super Kings on 2013-05-18 at M Chinnaswamy Stadium. The winner was Royal Challengers Bengaluru. Player of the Match was V Kohli."
match,Pune Warriors vs Delhi Capitals,2013,"In IPL 2013, Pune Warriors played Delhi Capitals on 2013-05-19 at Subrata Roy Sahara Stadium. The winner was Pune Warriors. Player of the Match was LJ Wright."
match,Sunrisers Hyderabad vs Kolkata Knight Riders,2013,"In IPL 2013, Sunrisers Hyderabad played Kolkata Knight Riders on 2013-05-19 at Rajiv Gandhi International Stadium, Uppal. The winner was Sunrisers Hyderabad. Player of the Match was PA Patel."
match,Chennai Super Kings vs Mumbai Indians,2013,"In IPL 2013, Chennai Super Kings played Mumbai Indians on 2013-05-21 at Feroz Shah Kotla. The winner was Chennai Super Kings. Player of the Match was MEK Hussey."
match,Rajasthan Royals vs Sunrisers Hyderabad,2013,"In IPL 2013, Rajasthan Royals played Sunrisers Hyderabad on 2013-05-22 at Feroz Shah Kotla. The winner was Rajasthan Royals. Player of the Match was BJ Hodge."
match,Mumbai Indians vs Rajasthan Royals,2013,"In IPL 2013, Mumbai Indians played Rajasthan Royals on 2013-05-24 at Eden Gardens. The winner was Mumbai Indians. Player of the Match was Harbhajan Singh."
match,Chennai Super Kings vs Mumbai Indians,2013,"In IPL 2013, Chennai Super Kings played Mumbai Indians on 2013-05-26 at Eden Gardens. The winner was Mumbai Indians. Player of the Match was KA Pollard."
match,Mumbai Indians vs Kolkata Knight Riders,2014,"In IPL 2014, Mumbai Indians played Kolkata Knight Riders on 2014-04-16 at Sheikh Zayed Stadium. The winner was Kolkata Knight Riders. Player of the Match was JH Kallis."
match,Delhi Capitals vs Royal Challengers Bengaluru,2014,"In IPL 2014, Delhi Capitals played Royal Challengers Bengaluru on 2014-04-17 at Sharjah Cricket Stadium. The winner was Royal Challengers Bengaluru. Player of the Match was YS Chahal."
match,Sunrisers Hyderabad vs Rajasthan Royals,2014,"In IPL 2014, Sunrisers Hyderabad played Rajasthan Royals on 2014-04-18 at Sheikh Zayed Stadium. The winner was Rajasthan Royals. Player of the Match was AM Rahane."
match,Chennai Super Kings vs Punjab Kings,2014,"In IPL 2014, Chennai Super Kings played Punjab Kings on 2014-04-18 at Sheikh Zayed Stadium. The winner was Punjab Kings. Player of the Match was GJ Maxwell."
match,Royal Challengers Bengaluru vs Mumbai Indians,2014,"In IPL 2014, Royal Challengers Bengaluru played Mumbai Indians on 2014-04-19 at Dubai International Cricket Stadium. The winner was Royal Challengers Bengaluru. Player of the Match was PA Patel."
match,Kolkata Knight Riders vs Delhi Capitals,2014,"In IPL 2014, Kolkata Knight Riders played Delhi Capitals on 2014-04-19 at Dubai International Cricket Stadium. The winner was Delhi Capitals. Player of the Match was JP Duminy."
match,Rajasthan Royals vs Punjab Kings,2014,"In IPL 2014, Rajasthan Royals played Punjab Kings on 2014-04-20 at Sharjah Cricket Stadium. The winner was Punjab Kings. Player of the Match was GJ Maxwell."
match,Chennai Super Kings vs Delhi Capitals,2014,"In IPL 2014, Chennai Super Kings played Delhi Capitals on 2014-04-21 at Sheikh Zayed Stadium. The winner was Chennai Super Kings. Player of the Match was SK Raina."
match,Punjab Kings vs Sunrisers Hyderabad,2014,"In IPL 2014, Punjab Kings played Sunrisers Hyderabad on 2014-04-22 at Sharjah Cricket Stadium. The winner was Punjab Kings. Player of the Match was GJ Maxwell."
match,Rajasthan Royals vs Chennai Super Kings,2014,"In IPL 2014, Rajasthan Royals played Chennai Super Kings on 2014-04-23 at Dubai International Cricket Stadium. The winner was Chennai Super Kings. Player of the Match was RA Jadeja."
match,Royal Challengers Bengaluru vs Kolkata Knight Riders,2014,"In IPL 2014, Royal Challengers Bengaluru played Kolkata Knight Riders on 2014-04-24 at Sharjah Cricket Stadium. The winner was Kolkata Knight Riders. Player of the Match was CA Lynn."
match,Sunrisers Hyderabad vs Delhi Capitals,2014,"In IPL 2014, Sunrisers Hyderabad played Delhi Capitals on 2014-04-25 at Dubai International Cricket Stadium. The winner was Sunrisers Hyderabad. Player of the Match was AJ Finch."
match,Chennai Super Kings vs Mumbai Indians,2014,"In IPL 2014, Chennai Super Kings played Mumbai Indians on 2014-04-25 at Dubai International Cricket Stadium. The winner was Chennai Super Kings. Player of the Match was MM Sharma."
match,Rajasthan Royals vs Royal Challengers Bengaluru,2014,"In IPL 2014, Rajasthan Royals played Royal Challengers Bengaluru on 2014-04-26 at Sheikh Zayed Stadium. The winner was Rajasthan Royals. Player of the Match was PV Tambe."
match,Kolkata Knight Riders vs Punjab Kings,2014,"In IPL 2014, Kolkata Knight Riders played Punjab Kings on 2014-04-26 at Sheikh Zayed Stadium. The winner was Punjab Kings. Player of the Match was Sandeep Sharma."
match,Delhi Capitals vs Mumbai Indians,2014,"In IPL 2014, Delhi Capitals played Mumbai Indians on 2014-04-27 at Sharjah Cricket Stadium. The winner was Delhi Capitals. Player of the Match was M Vijay."
match,Sunrisers Hyderabad vs Chennai Super Kings,2014,"In IPL 2014, Sunrisers Hyderabad played Chennai Super Kings on 2014-04-27 at Sharjah Cricket Stadium. The winner was Chennai Super Kings. Player of the Match was DR Smith."
match,Punjab Kings vs Royal Challengers Bengaluru,2014,"In IPL 2014, Punjab Kings played Royal Challengers Bengaluru on 2014-04-28 at Dubai International Cricket Stadium. The winner was Punjab Kings. Player of the Match was Sandeep Sharma."
match,Kolkata Knight Riders vs Rajasthan Royals,2014,"In IPL 2014, Kolkata Knight Riders played Rajasthan Royals on 2014-04-29 at Sheikh Zayed Stadium. The winner was No Result. Player of the Match was JP Faulkner."
match,Mumbai Indians vs Sunrisers Hyderabad,2014,"In IPL 2014, Mumbai Indians played Sunrisers Hyderabad on 2014-04-30 at Dubai International Cricket Stadium. The winner was Sunrisers Hyderabad. Player of the Match was B Kumar."
match,Chennai Super Kings vs Kolkata Knight Riders,2014,"In IPL 2014, Chennai Super Kings played Kolkata Knight Riders on 2014-05-02 at JSCA International Stadium Complex. The winner was Chennai Super Kings. Player of the Match was RA Jadeja."
match,Delhi Capitals vs Rajasthan Royals,2014,"In IPL 2014, Delhi Capitals played Rajasthan Royals on 2014-05-03 at Feroz Shah Kotla. The winner was Rajasthan Royals. Player of the Match was KK Nair."
match,Mumbai Indians vs Punjab Kings,2014,"In IPL 2014, Mumbai Indians played Punjab Kings on 2014-05-03 at Wankhede Stadium. The winner was Mumbai Indians. Player of the Match was CJ Anderson."
match,Royal Challengers Bengaluru vs Sunrisers Hyderabad,2014,"In IPL 2014, Royal Challengers Bengaluru played Sunrisers Hyderabad on 2014-05-04 at M Chinnaswamy Stadium. The winner was Royal Challengers Bengaluru. Player of the Match was AB de Villiers."
match,Rajasthan Royals vs Kolkata Knight Riders,2014,"In IPL 2014, Rajasthan Royals played Kolkata Knight Riders on 2014-05-05 at Sardar Patel Stadium, Motera. The winner was Rajasthan Royals. Player of the Match was PV Tambe."
match,Delhi Capitals vs Chennai Super Kings,2014,"In IPL 2014, Delhi Capitals played Chennai Super Kings on 2014-05-05 at Feroz Shah Kotla. The winner was Chennai Super Kings. Player of the Match was DR Smith."
match,Mumbai Indians vs Royal Challengers Bengaluru,2014,"In IPL 2014, Mumbai Indians played Royal Challengers Bengaluru on 2014-05-06 at Wankhede Stadium. The winner was Mumbai Indians. Player of the Match was RG Sharma."
match,Delhi Capitals vs Kolkata Knight Riders,2014,"In IPL 2014, Delhi Capitals played Kolkata Knight Riders on 2014-05-07 at Feroz Shah Kotla. The winner was Kolkata Knight Riders. Player of the Match was G Gambhir."
match,Punjab Kings vs Chennai Super Kings,2014,"In IPL 2014, Punjab Kings played Chennai Super Kings on 2014-05-07 at Barabati Stadium. The winner was Punjab Kings. Player of the Match was GJ Maxwell."
match,Rajasthan Royals vs Sunrisers Hyderabad,2014,"In IPL 2014, Rajasthan Royals played Sunrisers Hyderabad on 2014-05-08 at Sardar Patel Stadium, Motera. The winner was Sunrisers Hyderabad. Player of the Match was B Kumar."
match,Royal Challengers Bengaluru vs Punjab Kings,2014,"In IPL 2014, Royal Challengers Bengaluru played Punjab Kings on 2014-05-09 at M Chinnaswamy Stadium. The winner was Punjab Kings. Player of the Match was Sandeep Sharma."
match,Delhi Capitals vs Sunrisers Hyderabad,2014,"In IPL 2014, Delhi Capitals played Sunrisers Hyderabad on 2014-05-10 at Feroz Shah Kotla. The winner was Sunrisers Hyderabad. Player of the Match was DW Steyn."
match,Mumbai Indians vs Chennai Super Kings,2014,"In IPL 2014, Mumbai Indians played Chennai Super Kings on 2014-05-10 at Wankhede Stadium. The winner was Chennai Super Kings. Player of the Match was DR Smith."
match,Royal Challengers Bengaluru vs Rajasthan Royals,2014,"In IPL 2014, Royal Challengers Bengaluru played Rajasthan Royals on 2014-05-11 at M Chinnaswamy Stadium. The winner was Rajasthan Royals. Player of the Match was JP Faulkner."
match,Punjab Kings vs Kolkata Knight Riders,2014,"In IPL 2014, Punjab Kings played Kolkata Knight Riders on 2014-05-11 at Barabati Stadium. The winner was Kolkata Knight Riders. Player of the Match was G Gambhir."
match,Sunrisers Hyderabad vs Mumbai Indians,2014,"In IPL 2014, Sunrisers Hyderabad played Mumbai Indians on 2014-05-12 at Rajiv Gandhi International Stadium, Uppal. The winner was Mumbai Indians. Player of the Match was AT Rayudu."
match,Chennai Super Kings vs Rajasthan Royals,2014,"In IPL 2014, Chennai Super Kings played Rajasthan Royals on 2014-05-13 at JSCA International Stadium Complex. The winner was Chennai Super Kings. Player of the Match was RA Jadeja."
match,Royal Challengers Bengaluru vs Delhi Capitals,2014,"In IPL 2014, Royal Challengers Bengaluru played Delhi Capitals on 2014-05-13 at M Chinnaswamy Stadium. The winner was Royal Challengers Bengaluru. Player of the Match was Yuvraj Singh."
match,Sunrisers Hyderabad vs Punjab Kings,2014,"In IPL 2014, Sunrisers Hyderabad played Punjab Kings on 2014-05-14 at Rajiv Gandhi International Stadium, Uppal. The winner was Punjab Kings. Player of the Match was WP Saha."
match,Kolkata Knight Riders vs Mumbai Indians,2014,"In IPL 2014, Kolkata Knight Riders played Mumbai Indians on 2014-05-14 at Barabati Stadium. The winner was Kolkata Knight Riders. Player of the Match was RV Uthappa."
match,Rajasthan Royals vs Delhi Capitals,2014,"In IPL 2014, Rajasthan Royals played Delhi Capitals on 2014-05-15 at Sardar Patel Stadium, Motera. The winner was Rajasthan Royals. Player of the Match was AM Rahane."
match,Chennai Super Kings vs Royal Challengers Bengaluru,2014,"In IPL 2014, Chennai Super Kings played Royal Challengers Bengaluru on 2014-05-18 at JSCA International Stadium Complex. The winner was Royal Challengers Bengaluru. Player of the Match was AB de Villiers."
match,Sunrisers Hyderabad vs Kolkata Knight Riders,2014,"In IPL 2014, Sunrisers Hyderabad played Kolkata Knight Riders on 2014-05-18 at Rajiv Gandhi International Stadium, Uppal. The winner was Kolkata Knight Riders. Player of the Match was UT Yadav."
match,Rajasthan Royals vs Mumbai Indians,2014,"In IPL 2014, Rajasthan Royals played Mumbai Indians on 2014-05-19 at Sardar Patel Stadium, Motera. The winner was Mumbai Indians. Player of the Match was MEK Hussey."
match,Delhi Capitals vs Punjab Kings,2014,"In IPL 2014, Delhi Capitals played Punjab Kings on 2014-05-19 at Feroz Shah Kotla. The winner was Punjab Kings. Player of the Match was AR Patel."
match,Sunrisers Hyderabad vs Royal Challengers Bengaluru,2014,"In IPL 2014, Sunrisers Hyderabad played Royal Challengers Bengaluru on 2014-05-20 at Rajiv Gandhi International Stadium, Uppal. The winner was Sunrisers Hyderabad. Player of the Match was DA Warner."
match,Kolkata Knight Riders vs Chennai Super Kings,2014,"In IPL 2014, Kolkata Knight Riders played Chennai Super Kings on 2014-05-20 at Eden Gardens. The winner was Kolkata Knight Riders. Player of the Match was RV Uthappa."
match,Punjab Kings vs Mumbai Indians,2014,"In IPL 2014, Punjab Kings played Mumbai Indians on 2014-05-21 at Punjab Cricket Association Stadium, Mohali. The winner was Mumbai Indians. Player of the Match was LMP Simmons."
match,Chennai Super Kings vs Sunrisers Hyderabad,2014,"In IPL 2014, Chennai Super Kings played Sunrisers Hyderabad on 2014-05-22 at JSCA International Stadium Complex. The winner was Sunrisers Hyderabad. Player of the Match was DA Warner."
match,Kolkata Knight Riders vs Royal Challengers Bengaluru,2014,"In IPL 2014, Kolkata Knight Riders played Royal Challengers Bengaluru on 2014-05-22 at Eden Gardens. The winner was Kolkata Knight Riders. Player of the Match was RV Uthappa."
match,Mumbai Indians vs Delhi Capitals,2014,"In IPL 2014, Mumbai Indians played Delhi Capitals on 2014-05-23 at Wankhede Stadium. The winner was Mumbai Indians. Player of the Match was MEK Hussey."
match,Punjab Kings vs Rajasthan Royals,2014,"In IPL 2014, Punjab Kings played Rajasthan Royals on 2014-05-23 at Punjab Cricket Association Stadium, Mohali. The winner was Punjab Kings. Player of the Match was SE Marsh."
match,Royal Challengers Bengaluru vs Chennai Super Kings,2014,"In IPL 2014, Royal Challengers Bengaluru played Chennai Super Kings on 2014-05-24 at M Chinnaswamy Stadium. The winner was Chennai Super Kings. Player of the Match was MS Dhoni."
match,Kolkata Knight Riders vs Sunrisers Hyderabad,2014,"In IPL 2014, Kolkata Knight Riders played Sunrisers Hyderabad on 2014-05-24 at Eden Gardens. The winner was Kolkata Knight Riders. Player of the Match was YK Pathan."
match,Punjab Kings vs Delhi Capitals,2014,"In IPL 2014, Punjab Kings played Delhi Capitals on 2014-05-25 at Punjab Cricket Association Stadium, Mohali. The winner was Punjab Kings. Player of the Match was M Vohra."
match,Mumbai Indians vs Rajasthan Royals,2014,"In IPL 2014, Mumbai Indians played Rajasthan Royals on 2014-05-25 at Wankhede Stadium. The winner was Mumbai Indians. Player of the Match was CJ Anderson."
match,Punjab Kings vs Kolkata Knight Riders,2014,"In IPL 2014, Punjab Kings played Kolkata Knight Riders on 2014-05-27 at Eden Gardens. The winner was Kolkata Knight Riders. Player of the Match was UT Yadav."
match,Chennai Super Kings vs Mumbai Indians,2014,"In IPL 2014, Chennai Super Kings played Mumbai Indians on 2014-05-28 at Brabourne Stadium. The winner was Chennai Super Kings. Player of the Match was SK Raina."
match,Chennai Super Kings vs Punjab Kings,2014,"In IPL 2014, Chennai Super Kings played Punjab Kings on 2014-05-30 at Wankhede Stadium. The winner was Punjab Kings. Player of the Match was V Sehwag."
match,Kolkata Knight Riders vs Punjab Kings,2014,"In IPL 2014, Kolkata Knight Riders played Punjab Kings on 2014-06-01 at M Chinnaswamy Stadium. The winner was Kolkata Knight Riders. Player of the Match was MK Pandey."
match,Kolkata Knight Riders vs Mumbai Indians,2015,"In IPL 2015, Kolkata Knight Riders played Mumbai Indians on 2015-04-08 at Eden Gardens. The winner was Kolkata Knight Riders. Player of the Match was M Morkel."
match,Chennai Super Kings vs Delhi Capitals,2015,"In IPL 2015, Chennai Super Kings played Delhi Capitals on 2015-04-09 at MA Chidambaram Stadium, Chepauk. The winner was Chennai Super Kings. Player of the Match was A Nehra."
match,Punjab Kings vs Rajasthan Royals,2015,"In IPL 2015, Punjab Kings played Rajasthan Royals on 2015-04-10 at Maharashtra Cricket Association Stadium. The winner was Rajasthan Royals. Player of the Match was JP Faulkner."
match,Chennai Super Kings vs Sunrisers Hyderabad,2015,"In IPL 2015, Chennai Super Kings played Sunrisers Hyderabad on 2015-04-11 at MA Chidambaram Stadium, Chepauk. The winner was Chennai Super Kings. Player of the Match was BB McCullum."
match,Kolkata Knight Riders vs Royal Challengers Bengaluru,2015,"In IPL 2015, Kolkata Knight Riders played Royal Challengers Bengaluru on 2015-04-11 at Eden Gardens. The winner was Royal Challengers Bengaluru. Player of the Match was CH Gayle."
match,Delhi Capitals vs Rajasthan Royals,2015,"In IPL 2015, Delhi Capitals played Rajasthan Royals on 2015-04-12 at Feroz Shah Kotla. The winner was Rajasthan Royals. Player of the Match was DJ Hooda."
match,Mumbai Indians vs Punjab Kings,2015,"In IPL 2015, Mumbai Indians played Punjab Kings on 2015-04-12 at Wankhede Stadium. The winner was Punjab Kings. Player of the Match was GJ Bailey."
match,Royal Challengers Bengaluru vs Sunrisers Hyderabad,2015,"In IPL 2015, Royal Challengers Bengaluru played Sunrisers Hyderabad on 2015-04-13 at M Chinnaswamy Stadium. The winner was Sunrisers Hyderabad. Player of the Match was DA Warner."
match,Rajasthan Royals vs Mumbai Indians,2015,"In IPL 2015, Rajasthan Royals played Mumbai Indians on 2015-04-14 at Sardar Patel Stadium, Motera. The winner was Rajasthan Royals. Player of the Match was SPD Smith."
match,Punjab Kings vs Delhi Capitals,2015,"In IPL 2015, Punjab Kings played Delhi Capitals on 2015-04-15 at Maharashtra Cricket Association Stadium. The winner was Delhi Capitals. Player of the Match was MA Agarwal."
match,Sunrisers Hyderabad vs Rajasthan Royals,2015,"In IPL 2015, Sunrisers Hyderabad played Rajasthan Royals on 2015-04-16 at Dr. Y.S. Rajasekhara Reddy ACA-VDCA Cricket Stadium. The winner was Rajasthan Royals. Player of the Match was AM Rahane."
match,Mumbai Indians vs Chennai Super Kings,2015,"In IPL 2015, Mumbai Indians played Chennai Super Kings on 2015-04-17 at Wankhede Stadium. The winner was Chennai Super Kings. Player of the Match was A Nehra."
match,Sunrisers Hyderabad vs Delhi Capitals,2015,"In IPL 2015, Sunrisers Hyderabad played Delhi Capitals on 2015-04-18 at Dr. Y.S. Rajasekhara Reddy ACA-VDCA Cricket Stadium. The winner was Delhi Capitals. Player of the Match was JP Duminy."
match,Punjab Kings vs Kolkata Knight Riders,2015,"In IPL 2015, Punjab Kings played Kolkata Knight Riders on 2015-04-18 at Maharashtra Cricket Association Stadium. The winner was Kolkata Knight Riders. Player of the Match was AD Russell."
match,Rajasthan Royals vs Chennai Super Kings,2015,"In IPL 2015, Rajasthan Royals played Chennai Super Kings on 2015-04-19 at Sardar Patel Stadium, Motera. The winner was Rajasthan Royals. Player of the Match was AM Rahane."
match,Royal Challengers Bengaluru vs Mumbai Indians,2015,"In IPL 2015, Royal Challengers Bengaluru played Mumbai Indians on 2015-04-19 at M Chinnaswamy Stadium. The winner was Mumbai Indians. Player of the Match was Harbhajan Singh."
match,Delhi Capitals vs Kolkata Knight Riders,2015,"In IPL 2015, Delhi Capitals played Kolkata Knight Riders on 2015-04-20 at Feroz Shah Kotla. The winner was Kolkata Knight Riders. Player of the Match was UT Yadav."
match,Rajasthan Royals vs Punjab Kings,2015,"In IPL 2015, Rajasthan Royals played Punjab Kings on 2015-04-21 at Sardar Patel Stadium, Motera. The winner was No Result. Player of the Match was SE Marsh."
match,Sunrisers Hyderabad vs Kolkata Knight Riders,2015,"In IPL 2015, Sunrisers Hyderabad played Kolkata Knight Riders on 2015-04-22 at Dr. Y.S. Rajasekhara Reddy ACA-VDCA Cricket Stadium. The winner was Sunrisers Hyderabad. Player of the Match was DA Warner."
match,Royal Challengers Bengaluru vs Chennai Super Kings,2015,"In IPL 2015, Royal Challengers Bengaluru played Chennai Super Kings on 2015-04-22 at M Chinnaswamy Stadium. The winner was Chennai Super Kings. Player of the Match was SK Raina."
match,Delhi Capitals vs Mumbai Indians,2015,"In IPL 2015, Delhi Capitals played Mumbai Indians on 2015-04-23 at Feroz Shah Kotla. The winner was Delhi Capitals. Player of the Match was SS Iyer."
match,Rajasthan Royals vs Royal Challengers Bengaluru,2015,"In IPL 2015, Rajasthan Royals played Royal Challengers Bengaluru on 2015-04-24 at Sardar Patel Stadium, Motera. The winner was Royal Challengers Bengaluru. Player of the Match was MA Starc."
match,Mumbai Indians vs Sunrisers Hyderabad,2015,"In IPL 2015, Mumbai Indians played Sunrisers Hyderabad on 2015-04-25 at Wankhede Stadium. The winner was Mumbai Indians. Player of the Match was SL Malinga."
match,Chennai Super Kings vs Punjab Kings,2015,"In IPL 2015, Chennai Super Kings played Punjab Kings on 2015-04-25 at MA Chidambaram Stadium, Chepauk. The winner was Chennai Super Kings. Player of the Match was BB McCullum."
match,Delhi Capitals vs Royal Challengers Bengaluru,2015,"In IPL 2015, Delhi Capitals played Royal Challengers Bengaluru on 2015-04-26 at Feroz Shah Kotla. The winner was Royal Challengers Bengaluru. Player of the Match was VR Aaron."
match,Punjab Kings vs Sunrisers Hyderabad,2015,"In IPL 2015, Punjab Kings played Sunrisers Hyderabad on 2015-04-27 at Punjab Cricket Association Stadium, Mohali. The winner was Sunrisers Hyderabad. Player of the Match was TA Boult."
match,Chennai Super Kings vs Kolkata Knight Riders,2015,"In IPL 2015, Chennai Super Kings played Kolkata Knight Riders on 2015-04-28 at MA Chidambaram Stadium, Chepauk. The winner was Chennai Super Kings. Player of the Match was DJ Bravo."
match,Royal Challengers Bengaluru vs Rajasthan Royals,2015,"In IPL 2015, Royal Challengers Bengaluru played Rajasthan Royals on 2015-04-29 at M Chinnaswamy Stadium. The winner was No Result. Player of the Match was Unknown."
match,Kolkata Knight Riders vs Chennai Super Kings,2015,"In IPL 2015, Kolkata Knight Riders played Chennai Super Kings on 2015-04-30 at Eden Gardens. The winner was Kolkata Knight Riders. Player of the Match was AD Russell."
match,Mumbai Indians vs Rajasthan Royals,2015,"In IPL 2015, Mumbai Indians played Rajasthan Royals on 2015-05-01 at Wankhede Stadium. The winner was Mumbai Indians. Player of the Match was AT Rayudu."
match,Delhi Capitals vs Punjab Kings,2015,"In IPL 2015, Delhi Capitals played Punjab Kings on 2015-05-01 at Feroz Shah Kotla. The winner was Delhi Capitals. Player of the Match was NM Coulter-Nile."
match,Royal Challengers Bengaluru vs Kolkata Knight Riders,2015,"In IPL 2015, Royal Challengers Bengaluru played Kolkata Knight Riders on 2015-05-02 at M Chinnaswamy Stadium. The winner was Royal Challengers Bengaluru. Player of the Match was Mandeep Singh."
match,Sunrisers Hyderabad vs Chennai Super Kings,2015,"In IPL 2015, Sunrisers Hyderabad played Chennai Super Kings on 2015-05-02 at Rajiv Gandhi International Stadium, Uppal. The winner was Sunrisers Hyderabad. Player of the Match was DA Warner."
match,Punjab Kings vs Mumbai Indians,2015,"In IPL 2015, Punjab Kings played Mumbai Indians on 2015-05-03 at Punjab Cricket Association Stadium, Mohali. The winner was Mumbai Indians. Player of the Match was LMP Simmons."
match,Rajasthan Royals vs Delhi Capitals,2015,"In IPL 2015, Rajasthan Royals played Delhi Capitals on 2015-05-03 at Brabourne Stadium. The winner was Rajasthan Royals. Player of the Match was AM Rahane."
match,Chennai Super Kings vs Royal Challengers Bengaluru,2015,"In IPL 2015, Chennai Super Kings played Royal Challengers Bengaluru on 2015-05-04 at MA Chidambaram Stadium, Chepauk. The winner was Chennai Super Kings. Player of the Match was SK Raina."
match,Kolkata Knight Riders vs Sunrisers Hyderabad,2015,"In IPL 2015, Kolkata Knight Riders played Sunrisers Hyderabad on 2015-05-04 at Eden Gardens. The winner was Kolkata Knight Riders. Player of the Match was UT Yadav."
match,Mumbai Indians vs Delhi Capitals,2015,"In IPL 2015, Mumbai Indians played Delhi Capitals on 2015-05-05 at Wankhede Stadium. The winner was Mumbai Indians. Player of the Match was Harbhajan Singh."
match,Royal Challengers Bengaluru vs Punjab Kings,2015,"In IPL 2015, Royal Challengers Bengaluru played Punjab Kings on 2015-05-06 at M Chinnaswamy Stadium. The winner was Royal Challengers Bengaluru. Player of the Match was CH Gayle."
match,Rajasthan Royals vs Sunrisers Hyderabad,2015,"In IPL 2015, Rajasthan Royals played Sunrisers Hyderabad on 2015-05-07 at Brabourne Stadium. The winner was Sunrisers Hyderabad. Player of the Match was EJG Morgan."
match,Kolkata Knight Riders vs Delhi Capitals,2015,"In IPL 2015, Kolkata Knight Riders played Delhi Capitals on 2015-05-07 at Eden Gardens. The winner was Kolkata Knight Riders. Player of the Match was PP Chawla."
match,Chennai Super Kings vs Mumbai Indians,2015,"In IPL 2015, Chennai Super Kings played Mumbai Indians on 2015-05-08 at MA Chidambaram Stadium, Chepauk. The winner was Mumbai Indians. Player of the Match was HH Pandya."
match,Kolkata Knight Riders vs Punjab Kings,2015,"In IPL 2015, Kolkata Knight Riders played Punjab Kings on 2015-05-09 at Eden Gardens. The winner was Kolkata Knight Riders. Player of the Match was AD Russell."
match,Delhi Capitals vs Sunrisers Hyderabad,2015,"In IPL 2015, Delhi Capitals played Sunrisers Hyderabad on 2015-05-09 at Shaheed Veer Narayan Singh International Stadium. The winner was Sunrisers Hyderabad. Player of the Match was MC Henriques."
match,Mumbai Indians vs Royal Challengers Bengaluru,2015,"In IPL 2015, Mumbai Indians played Royal Challengers Bengaluru on 2015-05-10 at Wankhede Stadium. The winner was Royal Challengers Bengaluru. Player of the Match was AB de Villiers."
match,Chennai Super Kings vs Rajasthan Royals,2015,"In IPL 2015, Chennai Super Kings played Rajasthan Royals on 2015-05-10 at MA Chidambaram Stadium, Chepauk. The winner was Chennai Super Kings. Player of the Match was RA Jadeja."
match,Sunrisers Hyderabad vs Punjab Kings,2015,"In IPL 2015, Sunrisers Hyderabad played Punjab Kings on 2015-05-11 at Rajiv Gandhi International Stadium, Uppal. The winner was Sunrisers Hyderabad. Player of the Match was DA Warner."
match,Delhi Capitals vs Chennai Super Kings,2015,"In IPL 2015, Delhi Capitals played Chennai Super Kings on 2015-05-12 at Shaheed Veer Narayan Singh International Stadium. The winner was Delhi Capitals. Player of the Match was Z Khan."
match,Punjab Kings vs Royal Challengers Bengaluru,2015,"In IPL 2015, Punjab Kings played Royal Challengers Bengaluru on 2015-05-13 at Punjab Cricket Association Stadium, Mohali. The winner was Punjab Kings. Player of the Match was AR Patel."
match,Mumbai Indians vs Kolkata Knight Riders,2015,"In IPL 2015, Mumbai Indians played Kolkata Knight Riders on 2015-05-14 at Wankhede Stadium. The winner was Mumbai Indians. Player of the Match was HH Pandya."
match,Sunrisers Hyderabad vs Royal Challengers Bengaluru,2015,"In IPL 2015, Sunrisers Hyderabad played Royal Challengers Bengaluru on 2015-05-15 at Rajiv Gandhi International Stadium, Uppal. The winner was Royal Challengers Bengaluru. Player of the Match was V Kohli."
match,Rajasthan Royals vs Kolkata Knight Riders,2015,"In IPL 2015, Rajasthan Royals played Kolkata Knight Riders on 2015-05-16 at Brabourne Stadium. The winner was Rajasthan Royals. Player of the Match was SR Watson."
match,Punjab Kings vs Chennai Super Kings,2015,"In IPL 2015, Punjab Kings played Chennai Super Kings on 2015-05-16 at Punjab Cricket Association Stadium, Mohali. The winner was Chennai Super Kings. Player of the Match was P Negi."
match,Royal Challengers Bengaluru vs Delhi Capitals,2015,"In IPL 2015, Royal Challengers Bengaluru played Delhi Capitals on 2015-05-17 at M Chinnaswamy Stadium. The winner was No Result. Player of the Match was Unknown."
match,Sunrisers Hyderabad vs Mumbai Indians,2015,"In IPL 2015, Sunrisers Hyderabad played Mumbai Indians on 2015-05-17 at Rajiv Gandhi International Stadium, Uppal. The winner was Mumbai Indians. Player of the Match was MJ McClenaghan."
match,Chennai Super Kings vs Mumbai Indians,2015,"In IPL 2015, Chennai Super Kings played Mumbai Indians on 2015-05-19 at Wankhede Stadium. The winner was Mumbai Indians. Player of the Match was KA Pollard."
match,Royal Challengers Bengaluru vs Rajasthan Royals,2015,"In IPL 2015, Royal Challengers Bengaluru played Rajasthan Royals on 2015-05-20 at Maharashtra Cricket Association Stadium. The winner was Royal Challengers Bengaluru. Player of the Match was AB de Villiers."
match,Chennai Super Kings vs Royal Challengers Bengaluru,2015,"In IPL 2015, Chennai Super Kings played Royal Challengers Bengaluru on 2015-05-22 at JSCA International Stadium Complex. The winner was Chennai Super Kings. Player of the Match was A Nehra."
match,Mumbai Indians vs Chennai Super Kings,2015,"In IPL 2015, Mumbai Indians played Chennai Super Kings on 2015-05-24 at Eden Gardens. The winner was Mumbai Indians. Player of the Match was RG Sharma."
match,Mumbai Indians vs Rising Pune Supergiant,2016,"In IPL 2016, Mumbai Indians played Rising Pune Supergiant on 2016-04-09 at Wankhede Stadium. The winner was Rising Pune Supergiant. Player of the Match was AM Rahane."
match,Kolkata Knight Riders vs Delhi Capitals,2016,"In IPL 2016, Kolkata Knight Riders played Delhi Capitals on 2016-04-10 at Eden Gardens. The winner was Kolkata Knight Riders. Player of the Match was AD Russell."
match,Punjab Kings vs Gujarat Lions,2016,"In IPL 2016, Punjab Kings played Gujarat Lions on 2016-04-11 at Punjab Cricket Association IS Bindra Stadium, Mohali. The winner was Gujarat Lions. Player of the Match was AJ Finch."
match,Royal Challengers Bengaluru vs Sunrisers Hyderabad,2016,"In IPL 2016, Royal Challengers Bengaluru played Sunrisers Hyderabad on 2016-04-12 at M Chinnaswamy Stadium. The winner was Royal Challengers Bengaluru. Player of the Match was AB de Villiers."
match,Kolkata Knight Riders vs Mumbai Indians,2016,"In IPL 2016, Kolkata Knight Riders played Mumbai Indians on 2016-04-13 at Eden Gardens. The winner was Mumbai Indians. Player of the Match was RG Sharma."
match,Gujarat Lions vs Rising Pune Supergiant,2016,"In IPL 2016, Gujarat Lions played Rising Pune Supergiant on 2016-04-14 at Saurashtra Cricket Association Stadium. The winner was Gujarat Lions. Player of the Match was AJ Finch."
match,Delhi Capitals vs Punjab Kings,2016,"In IPL 2016, Delhi Capitals played Punjab Kings on 2016-04-15 at Feroz Shah Kotla. The winner was Delhi Capitals. Player of the Match was A Mishra."
match,Mumbai Indians vs Gujarat Lions,2016,"In IPL 2016, Mumbai Indians played Gujarat Lions on 2016-04-16 at Wankhede Stadium. The winner was Gujarat Lions. Player of the Match was AJ Finch."
match,Sunrisers Hyderabad vs Kolkata Knight Riders,2016,"In IPL 2016, Sunrisers Hyderabad played Kolkata Knight Riders on 2016-04-16 at Rajiv Gandhi International Stadium, Uppal. The winner was Kolkata Knight Riders. Player of the Match was G Gambhir."
match,Royal Challengers Bengaluru vs Delhi Capitals,2016,"In IPL 2016, Royal Challengers Bengaluru played Delhi Capitals on 2016-04-17 at M Chinnaswamy Stadium. The winner was Delhi Capitals. Player of the Match was Q de Kock."
match,Punjab Kings vs Rising Pune Supergiant,2016,"In IPL 2016, Punjab Kings played Rising Pune Supergiant on 2016-04-17 at Punjab Cricket Association IS Bindra Stadium, Mohali. The winner was Punjab Kings. Player of the Match was M Vohra."
match,Sunrisers Hyderabad vs Mumbai Indians,2016,"In IPL 2016, Sunrisers Hyderabad played Mumbai Indians on 2016-04-18 at Rajiv Gandhi International Stadium, Uppal. The winner was Sunrisers Hyderabad. Player of the Match was DA Warner."
match,Punjab Kings vs Kolkata Knight Riders,2016,"In IPL 2016, Punjab Kings played Kolkata Knight Riders on 2016-04-19 at Punjab Cricket Association IS Bindra Stadium, Mohali. The winner was Kolkata Knight Riders. Player of the Match was RV Uthappa."
match,Mumbai Indians vs Royal Challengers Bengaluru,2016,"In IPL 2016, Mumbai Indians played Royal Challengers Bengaluru on 2016-04-20 at Wankhede Stadium. The winner was Mumbai Indians. Player of the Match was RG Sharma."
match,Gujarat Lions vs Sunrisers Hyderabad,2016,"In IPL 2016, Gujarat Lions played Sunrisers Hyderabad on 2016-04-21 at Saurashtra Cricket Association Stadium. The winner was Sunrisers Hyderabad. Player of the Match was B Kumar."
match,Rising Pune Supergiant vs Royal Challengers Bengaluru,2016,"In IPL 2016, Rising Pune Supergiant played Royal Challengers Bengaluru on 2016-04-22 at Maharashtra Cricket Association Stadium. The winner was Royal Challengers Bengaluru. Player of the Match was AB de Villiers."
match,Sunrisers Hyderabad vs Punjab Kings,2016,"In IPL 2016, Sunrisers Hyderabad played Punjab Kings on 2016-04-23 at Rajiv Gandhi International Stadium, Uppal. The winner was Sunrisers Hyderabad. Player of the Match was Mustafizur Rahman."
match,Delhi Capitals vs Mumbai Indians,2016,"In IPL 2016, Delhi Capitals played Mumbai Indians on 2016-04-23 at Feroz Shah Kotla. The winner was Delhi Capitals. Player of the Match was SV Samson."
match,Gujarat Lions vs Royal Challengers Bengaluru,2016,"In IPL 2016, Gujarat Lions played Royal Challengers Bengaluru on 2016-04-24 at Saurashtra Cricket Association Stadium. The winner was Gujarat Lions. Player of the Match was V Kohli."
match,Rising Pune Supergiant vs Kolkata Knight Riders,2016,"In IPL 2016, Rising Pune Supergiant played Kolkata Knight Riders on 2016-04-24 at Maharashtra Cricket Association Stadium. The winner was Kolkata Knight Riders. Player of the Match was SA Yadav."
match,Punjab Kings vs Mumbai Indians,2016,"In IPL 2016, Punjab Kings played Mumbai Indians on 2016-04-25 at Punjab Cricket Association IS Bindra Stadium, Mohali. The winner was Mumbai Indians. Player of the Match was PA Patel."
match,Sunrisers Hyderabad vs Rising Pune Supergiant,2016,"In IPL 2016, Sunrisers Hyderabad played Rising Pune Supergiant on 2016-04-26 at Rajiv Gandhi International Stadium, Uppal. The winner was Rising Pune Supergiant. Player of the Match was AB Dinda."
match,Delhi Capitals vs Gujarat Lions,2016,"In IPL 2016, Delhi Capitals played Gujarat Lions on 2016-04-27 at Feroz Shah Kotla. The winner was Gujarat Lions. Player of the Match was CH Morris."
match,Mumbai Indians vs Kolkata Knight Riders,2016,"In IPL 2016, Mumbai Indians played Kolkata Knight Riders on 2016-04-28 at Wankhede Stadium. The winner was Mumbai Indians. Player of the Match was RG Sharma."
match,Rising Pune Supergiant vs Gujarat Lions,2016,"In IPL 2016, Rising Pune Supergiant played Gujarat Lions on 2016-04-29 at Maharashtra Cricket Association Stadium. The winner was Gujarat Lions. Player of the Match was DR Smith."
match,Delhi Capitals vs Kolkata Knight Riders,2016,"In IPL 2016, Delhi Capitals played Kolkata Knight Riders on 2016-04-30 at Feroz Shah Kotla. The winner was Delhi Capitals. Player of the Match was CR Brathwaite."
match,Sunrisers Hyderabad vs Royal Challengers Bengaluru,2016,"In IPL 2016, Sunrisers Hyderabad played Royal Challengers Bengaluru on 2016-04-30 at Rajiv Gandhi International Stadium, Uppal. The winner was Sunrisers Hyderabad. Player of the Match was DA Warner."
match,Rising Pune Supergiant vs Mumbai Indians,2016,"In IPL 2016, Rising Pune Supergiant played Mumbai Indians on 2016-05-01 at Maharashtra Cricket Association Stadium. The winner was Mumbai Indians. Player of the Match was RG Sharma."
match,Gujarat Lions vs Punjab Kings,2016,"In IPL 2016, Gujarat Lions played Punjab Kings on 2016-05-01 at Saurashtra Cricket Association Stadium. The winner was Punjab Kings. Player of the Match was AR Patel."
match,Royal Challengers Bengaluru vs Kolkata Knight Riders,2016,"In IPL 2016, Royal Challengers Bengaluru played Kolkata Knight Riders on 2016-05-02 at M Chinnaswamy Stadium. The winner was Kolkata Knight Riders. Player of the Match was AD Russell."
match,Gujarat Lions vs Delhi Capitals,2016,"In IPL 2016, Gujarat Lions played Delhi Capitals on 2016-05-03 at Saurashtra Cricket Association Stadium. The winner was Delhi Capitals. Player of the Match was RR Pant."
match,Kolkata Knight Riders vs Punjab Kings,2016,"In IPL 2016, Kolkata Knight Riders played Punjab Kings on 2016-05-04 at Eden Gardens. The winner was Kolkata Knight Riders. Player of the Match was AD Russell."
match,Delhi Capitals vs Rising Pune Supergiant,2016,"In IPL 2016, Delhi Capitals played Rising Pune Supergiant on 2016-05-05 at Feroz Shah Kotla. The winner was Rising Pune Supergiant. Player of the Match was AM Rahane."
match,Sunrisers Hyderabad vs Gujarat Lions,2016,"In IPL 2016, Sunrisers Hyderabad played Gujarat Lions on 2016-05-06 at Rajiv Gandhi International Stadium, Uppal. The winner was Sunrisers Hyderabad. Player of the Match was B Kumar."
match,Royal Challengers Bengaluru vs Rising Pune Supergiant,2016,"In IPL 2016, Royal Challengers Bengaluru played Rising Pune Supergiant on 2016-05-07 at M Chinnaswamy Stadium. The winner was Royal Challengers Bengaluru. Player of the Match was V Kohli."
match,Punjab Kings vs Delhi Capitals,2016,"In IPL 2016, Punjab Kings played Delhi Capitals on 2016-05-07 at Punjab Cricket Association IS Bindra Stadium, Mohali. The winner was Punjab Kings. Player of the Match was MP Stoinis."
match,Mumbai Indians vs Sunrisers Hyderabad,2016,"In IPL 2016, Mumbai Indians played Sunrisers Hyderabad on 2016-05-08 at Dr. Y.S. Rajasekhara Reddy ACA-VDCA Cricket Stadium. The winner was Sunrisers Hyderabad. Player of the Match was A Nehra."
match,Kolkata Knight Riders vs Gujarat Lions,2016,"In IPL 2016, Kolkata Knight Riders played Gujarat Lions on 2016-05-08 at Eden Gardens. The winner was Gujarat Lions. Player of the Match was P Kumar."
match,Punjab Kings vs Royal Challengers Bengaluru,2016,"In IPL 2016, Punjab Kings played Royal Challengers Bengaluru on 2016-05-09 at Punjab Cricket Association IS Bindra Stadium, Mohali. The winner was Royal Challengers Bengaluru. Player of the Match was SR Watson."
match,Rising Pune Supergiant vs Sunrisers Hyderabad,2016,"In IPL 2016, Rising Pune Supergiant played Sunrisers Hyderabad on 2016-05-10 at Dr. Y.S. Rajasekhara Reddy ACA-VDCA Cricket Stadium. The winner was Sunrisers Hyderabad. Player of the Match was A Zampa."
match,Royal Challengers Bengaluru vs Mumbai Indians,2016,"In IPL 2016, Royal Challengers Bengaluru played Mumbai Indians on 2016-05-11 at M Chinnaswamy Stadium. The winner was Mumbai Indians. Player of the Match was KH Pandya."
match,Sunrisers Hyderabad vs Delhi Capitals,2016,"In IPL 2016, Sunrisers Hyderabad played Delhi Capitals on 2016-05-12 at Rajiv Gandhi International Stadium, Uppal. The winner was Delhi Capitals. Player of the Match was CH Morris."
match,Mumbai Indians vs Punjab Kings,2016,"In IPL 2016, Mumbai Indians played Punjab Kings on 2016-05-13 at Dr. Y.S. Rajasekhara Reddy ACA-VDCA Cricket Stadium. The winner was Punjab Kings. Player of the Match was MP Stoinis."
match,Royal Challengers Bengaluru vs Gujarat Lions,2016,"In IPL 2016, Royal Challengers Bengaluru played Gujarat Lions on 2016-05-14 at M Chinnaswamy Stadium. The winner was Royal Challengers Bengaluru. Player of the Match was AB de Villiers."
match,Kolkata Knight Riders vs Rising Pune Supergiant,2016,"In IPL 2016, Kolkata Knight Riders played Rising Pune Supergiant on 2016-05-14 at Eden Gardens. The winner was Kolkata Knight Riders. Player of the Match was YK Pathan."
match,Punjab Kings vs Sunrisers Hyderabad,2016,"In IPL 2016, Punjab Kings played Sunrisers Hyderabad on 2016-05-15 at Punjab Cricket Association IS Bindra Stadium, Mohali. The winner was Sunrisers Hyderabad. Player of the Match was HM Amla."
match,Mumbai Indians vs Delhi Capitals,2016,"In IPL 2016, Mumbai Indians played Delhi Capitals on 2016-05-15 at Dr. Y.S. Rajasekhara Reddy ACA-VDCA Cricket Stadium. The winner was Mumbai Indians. Player of the Match was KH Pandya."
match,Kolkata Knight Riders vs Royal Challengers Bengaluru,2016,"In IPL 2016, Kolkata Knight Riders played Royal Challengers Bengaluru on 2016-05-16 at Eden Gardens. The winner was Royal Challengers Bengaluru. Player of the Match was V Kohli."
match,Rising Pune Supergiant vs Delhi Capitals,2016,"In IPL 2016, Rising Pune Supergiant played Delhi Capitals on 2016-05-17 at Dr. Y.S. Rajasekhara Reddy ACA-VDCA Cricket Stadium. The winner was Rising Pune Supergiant. Player of the Match was AB Dinda."
match,Royal Challengers Bengaluru vs Punjab Kings,2016,"In IPL 2016, Royal Challengers Bengaluru played Punjab Kings on 2016-05-18 at M Chinnaswamy Stadium. The winner was Royal Challengers Bengaluru. Player of the Match was V Kohli."
match,Gujarat Lions vs Kolkata Knight Riders,2016,"In IPL 2016, Gujarat Lions played Kolkata Knight Riders on 2016-05-19 at Green Park. The winner was Gujarat Lions. Player of the Match was DR Smith."
match,Delhi Capitals vs Sunrisers Hyderabad,2016,"In IPL 2016, Delhi Capitals played Sunrisers Hyderabad on 2016-05-20 at Shaheed Veer Narayan Singh International Stadium. The winner was Delhi Capitals. Player of the Match was KK Nair."
match,Rising Pune Supergiant vs Punjab Kings,2016,"In IPL 2016, Rising Pune Supergiant played Punjab Kings on 2016-05-21 at Dr. Y.S. Rajasekhara Reddy ACA-VDCA Cricket Stadium. The winner was Rising Pune Supergiant. Player of the Match was MS Dhoni."
match,Gujarat Lions vs Mumbai Indians,2016,"In IPL 2016, Gujarat Lions played Mumbai Indians on 2016-05-21 at Green Park. The winner was Gujarat Lions. Player of the Match was SK Raina."
match,Delhi Capitals vs Royal Challengers Bengaluru,2016,"In IPL 2016, Delhi Capitals played Royal Challengers Bengaluru on 2016-05-22 at Shaheed Veer Narayan Singh International Stadium. The winner was Royal Challengers Bengaluru. Player of the Match was V Kohli."
match,Kolkata Knight Riders vs Sunrisers Hyderabad,2016,"In IPL 2016, Kolkata Knight Riders played Sunrisers Hyderabad on 2016-05-22 at Eden Gardens. The winner was Kolkata Knight Riders. Player of the Match was YK Pathan."
match,Gujarat Lions vs Royal Challengers Bengaluru,2016,"In IPL 2016, Gujarat Lions played Royal Challengers Bengaluru on 2016-05-24 at M Chinnaswamy Stadium. The winner was Royal Challengers Bengaluru. Player of the Match was AB de Villiers."
match,Sunrisers Hyderabad vs Kolkata Knight Riders,2016,"In IPL 2016, Sunrisers Hyderabad played Kolkata Knight Riders on 2016-05-25 at Feroz Shah Kotla. The winner was Sunrisers Hyderabad. Player of the Match was MC Henriques."
match,Gujarat Lions vs Sunrisers Hyderabad,2016,"In IPL 2016, Gujarat Lions played Sunrisers Hyderabad on 2016-05-27 at Feroz Shah Kotla. The winner was Sunrisers Hyderabad. Player of the Match was DA Warner."
match,Royal Challengers Bengaluru vs Sunrisers Hyderabad,2016,"In IPL 2016, Royal Challengers Bengaluru played Sunrisers Hyderabad on 2016-05-29 at M Chinnaswamy Stadium. The winner was Sunrisers Hyderabad. Player of the Match was BCJ Cutting."
match,Sunrisers Hyderabad vs Royal Challengers Bengaluru,2017,"In IPL 2017, Sunrisers Hyderabad played Royal Challengers Bengaluru on 2017-04-05 at Rajiv Gandhi International Stadium, Uppal. The winner was Sunrisers Hyderabad. Player of the Match was Yuvraj Singh."
match,Rising Pune Supergiant vs Mumbai Indians,2017,"In IPL 2017, Rising Pune Supergiant played Mumbai Indians on 2017-04-06 at Maharashtra Cricket Association Stadium. The winner was Rising Pune Supergiant. Player of the Match was SPD Smith."
match,Gujarat Lions vs Kolkata Knight Riders,2017,"In IPL 2017, Gujarat Lions played Kolkata Knight Riders on 2017-04-07 at Saurashtra Cricket Association Stadium. The winner was Kolkata Knight Riders. Player of the Match was CA Lynn."
match,Punjab Kings vs Rising Pune Supergiant,2017,"In IPL 2017, Punjab Kings played Rising Pune Supergiant on 2017-04-08 at Holkar Cricket Stadium. The winner was Punjab Kings. Player of the Match was GJ Maxwell."
match,Royal Challengers Bengaluru vs Delhi Capitals,2017,"In IPL 2017, Royal Challengers Bengaluru played Delhi Capitals on 2017-04-08 at M.Chinnaswamy Stadium. The winner was Royal Challengers Bengaluru. Player of the Match was KM Jadhav."
match,Mumbai Indians vs Kolkata Knight Riders,2017,"In IPL 2017, Mumbai Indians played Kolkata Knight Riders on 2017-04-09 at Wankhede Stadium. The winner was Mumbai Indians. Player of the Match was N Rana."
match,Sunrisers Hyderabad vs Gujarat Lions,2017,"In IPL 2017, Sunrisers Hyderabad played Gujarat Lions on 2017-04-09 at Rajiv Gandhi International Stadium, Uppal. The winner was Sunrisers Hyderabad. Player of the Match was Rashid Khan."
match,Punjab Kings vs Royal Challengers Bengaluru,2017,"In IPL 2017, Punjab Kings played Royal Challengers Bengaluru on 2017-04-10 at Holkar Cricket Stadium. The winner was Punjab Kings. Player of the Match was AR Patel."
match,Rising Pune Supergiant vs Delhi Capitals,2017,"In IPL 2017, Rising Pune Supergiant played Delhi Capitals on 2017-04-11 at Maharashtra Cricket Association Stadium. The winner was Delhi Capitals. Player of the Match was SV Samson."
match,Mumbai Indians vs Sunrisers Hyderabad,2017,"In IPL 2017, Mumbai Indians played Sunrisers Hyderabad on 2017-04-12 at Wankhede Stadium. The winner was Mumbai Indians. Player of the Match was JJ Bumrah."
match,Kolkata Knight Riders vs Punjab Kings,2017,"In IPL 2017, Kolkata Knight Riders played Punjab Kings on 2017-04-13 at Eden Gardens. The winner was Kolkata Knight Riders. Player of the Match was SP Narine."
match,Royal Challengers Bengaluru vs Mumbai Indians,2017,"In IPL 2017, Royal Challengers Bengaluru played Mumbai Indians on 2017-04-14 at M Chinnaswamy Stadium. The winner was Mumbai Indians. Player of the Match was KA Pollard."
match,Gujarat Lions vs Rising Pune Supergiant,2017,"In IPL 2017, Gujarat Lions played Rising Pune Supergiant on 2017-04-14 at Saurashtra Cricket Association Stadium. The winner was Gujarat Lions. Player of the Match was AJ Tye."
match,Kolkata Knight Riders vs Sunrisers Hyderabad,2017,"In IPL 2017, Kolkata Knight Riders played Sunrisers Hyderabad on 2017-04-15 at Eden Gardens. The winner was Kolkata Knight Riders. Player of the Match was RV Uthappa."
match,Delhi Capitals vs Punjab Kings,2017,"In IPL 2017, Delhi Capitals played Punjab Kings on 2017-04-15 at Feroz Shah Kotla. The winner was Delhi Capitals. Player of the Match was CJ Anderson."
match,Mumbai Indians vs Gujarat Lions,2017,"In IPL 2017, Mumbai Indians played Gujarat Lions on 2017-04-16 at Wankhede Stadium. The winner was Mumbai Indians. Player of the Match was N Rana."
match,Royal Challengers Bengaluru vs Rising Pune Supergiant,2017,"In IPL 2017, Royal Challengers Bengaluru played Rising Pune Supergiant on 2017-04-16 at M Chinnaswamy Stadium. The winner was Rising Pune Supergiant. Player of the Match was BA Stokes."
match,Sunrisers Hyderabad vs Punjab Kings,2017,"In IPL 2017, Sunrisers Hyderabad played Punjab Kings on 2017-04-17 at Rajiv Gandhi International Stadium, Uppal. The winner was Sunrisers Hyderabad. Player of the Match was B Kumar."
match,Delhi Capitals vs Kolkata Knight Riders,2017,"In IPL 2017, Delhi Capitals played Kolkata Knight Riders on 2017-04-17 at Feroz Shah Kotla. The winner was Kolkata Knight Riders. Player of the Match was NM Coulter-Nile."
match,Gujarat Lions vs Royal Challengers Bengaluru,2017,"In IPL 2017, Gujarat Lions played Royal Challengers Bengaluru on 2017-04-18 at Saurashtra Cricket Association Stadium. The winner was Royal Challengers Bengaluru. Player of the Match was CH Gayle."
match,Sunrisers Hyderabad vs Delhi Capitals,2017,"In IPL 2017, Sunrisers Hyderabad played Delhi Capitals on 2017-04-19 at Rajiv Gandhi International Stadium, Uppal. The winner was Sunrisers Hyderabad. Player of the Match was KS Williamson."
match,Punjab Kings vs Mumbai Indians,2017,"In IPL 2017, Punjab Kings played Mumbai Indians on 2017-04-20 at Holkar Cricket Stadium. The winner was Mumbai Indians. Player of the Match was JC Buttler."
match,Kolkata Knight Riders vs Gujarat Lions,2017,"In IPL 2017, Kolkata Knight Riders played Gujarat Lions on 2017-04-21 at Eden Gardens. The winner was Gujarat Lions. Player of the Match was SK Raina."
match,Rising Pune Supergiant vs Sunrisers Hyderabad,2017,"In IPL 2017, Rising Pune Supergiant played Sunrisers Hyderabad on 2017-04-22 at Maharashtra Cricket Association Stadium. The winner was Rising Pune Supergiant. Player of the Match was MS Dhoni."
match,Mumbai Indians vs Delhi Capitals,2017,"In IPL 2017, Mumbai Indians played Delhi Capitals on 2017-04-22 at Wankhede Stadium. The winner was Mumbai Indians. Player of the Match was MJ McClenaghan."
match,Kolkata Knight Riders vs Royal Challengers Bengaluru,2017,"In IPL 2017, Kolkata Knight Riders played Royal Challengers Bengaluru on 2017-04-23 at Eden Gardens. The winner was Kolkata Knight Riders. Player of the Match was NM Coulter-Nile."
match,Gujarat Lions vs Punjab Kings,2017,"In IPL 2017, Gujarat Lions played Punjab Kings on 2017-04-23 at Saurashtra Cricket Association Stadium. The winner was Punjab Kings. Player of the Match was HM Amla."
match,Mumbai Indians vs Rising Pune Supergiant,2017,"In IPL 2017, Mumbai Indians played Rising Pune Supergiant on 2017-04-24 at Wankhede Stadium. The winner was Rising Pune Supergiant. Player of the Match was BA Stokes."
match,Rising Pune Supergiant vs Kolkata Knight Riders,2017,"In IPL 2017, Rising Pune Supergiant played Kolkata Knight Riders on 2017-04-26 at Maharashtra Cricket Association Stadium. The winner was Kolkata Knight Riders. Player of the Match was RV Uthappa."
match,Royal Challengers Bengaluru vs Gujarat Lions,2017,"In IPL 2017, Royal Challengers Bengaluru played Gujarat Lions on 2017-04-27 at M Chinnaswamy Stadium. The winner was Gujarat Lions. Player of the Match was AJ Tye."
match,Kolkata Knight Riders vs Delhi Capitals,2017,"In IPL 2017, Kolkata Knight Riders played Delhi Capitals on 2017-04-28 at Eden Gardens. The winner was Kolkata Knight Riders. Player of the Match was G Gambhir."
match,Punjab Kings vs Sunrisers Hyderabad,2017,"In IPL 2017, Punjab Kings played Sunrisers Hyderabad on 2017-04-28 at Punjab Cricket Association IS Bindra Stadium, Mohali. The winner was Sunrisers Hyderabad. Player of the Match was Rashid Khan."
match,Rising Pune Supergiant vs Royal Challengers Bengaluru,2017,"In IPL 2017, Rising Pune Supergiant played Royal Challengers Bengaluru on 2017-04-29 at Maharashtra Cricket Association Stadium. The winner was Rising Pune Supergiant. Player of the Match was LH Ferguson."
match,Gujarat Lions vs Mumbai Indians,2017,"In IPL 2017, Gujarat Lions played Mumbai Indians on 2017-04-29 at Saurashtra Cricket Association Stadium. The winner was No Result. Player of the Match was KH Pandya."
match,Sunrisers Hyderabad vs Kolkata Knight Riders,2017,"In IPL 2017, Sunrisers Hyderabad played Kolkata Knight Riders on 2017-04-30 at Rajiv Gandhi International Stadium, Uppal. The winner was Sunrisers Hyderabad. Player of the Match was DA Warner."
match,Punjab Kings vs Delhi Capitals,2017,"In IPL 2017, Punjab Kings played Delhi Capitals on 2017-04-30 at Punjab Cricket Association IS Bindra Stadium, Mohali. The winner was Punjab Kings. Player of the Match was Sandeep Sharma."
match,Rising Pune Supergiant vs Gujarat Lions,2017,"In IPL 2017, Rising Pune Supergiant played Gujarat Lions on 2017-05-01 at Maharashtra Cricket Association Stadium. The winner was Rising Pune Supergiant. Player of the Match was BA Stokes."
match,Mumbai Indians vs Royal Challengers Bengaluru,2017,"In IPL 2017, Mumbai Indians played Royal Challengers Bengaluru on 2017-05-01 at Wankhede Stadium. The winner was Mumbai Indians. Player of the Match was RG Sharma."
match,Delhi Capitals vs Sunrisers Hyderabad,2017,"In IPL 2017, Delhi Capitals played Sunrisers Hyderabad on 2017-05-02 at Feroz Shah Kotla. The winner was Delhi Capitals. Player of the Match was Mohammed Shami."
match,Kolkata Knight Riders vs Rising Pune Supergiant,2017,"In IPL 2017, Kolkata Knight Riders played Rising Pune Supergiant on 2017-05-03 at Eden Gardens. The winner was Rising Pune Supergiant. Player of the Match was RA Tripathi."
match,Delhi Capitals vs Gujarat Lions,2017,"In IPL 2017, Delhi Capitals played Gujarat Lions on 2017-05-04 at Feroz Shah Kotla. The winner was Delhi Capitals. Player of the Match was RR Pant."
match,Royal Challengers Bengaluru vs Punjab Kings,2017,"In IPL 2017, Royal Challengers Bengaluru played Punjab Kings on 2017-05-05 at M Chinnaswamy Stadium. The winner was Punjab Kings. Player of the Match was Sandeep Sharma."
match,Sunrisers Hyderabad vs Rising Pune Supergiant,2017,"In IPL 2017, Sunrisers Hyderabad played Rising Pune Supergiant on 2017-05-06 at Rajiv Gandhi International Stadium, Uppal. The winner was Rising Pune Supergiant. Player of the Match was JD Unadkat."
match,Delhi Capitals vs Mumbai Indians,2017,"In IPL 2017, Delhi Capitals played Mumbai Indians on 2017-05-06 at Feroz Shah Kotla. The winner was Mumbai Indians. Player of the Match was LMP Simmons."
match,Punjab Kings vs Gujarat Lions,2017,"In IPL 2017, Punjab Kings played Gujarat Lions on 2017-05-07 at Punjab Cricket Association IS Bindra Stadium, Mohali. The winner was Gujarat Lions. Player of the Match was DR Smith."
match,Royal Challengers Bengaluru vs Kolkata Knight Riders,2017,"In IPL 2017, Royal Challengers Bengaluru played Kolkata Knight Riders on 2017-05-07 at M Chinnaswamy Stadium. The winner was Kolkata Knight Riders. Player of the Match was SP Narine."
match,Sunrisers Hyderabad vs Mumbai Indians,2017,"In IPL 2017, Sunrisers Hyderabad played Mumbai Indians on 2017-05-08 at Rajiv Gandhi International Stadium, Uppal. The winner was Sunrisers Hyderabad. Player of the Match was S Dhawan."
match,Punjab Kings vs Kolkata Knight Riders,2017,"In IPL 2017, Punjab Kings played Kolkata Knight Riders on 2017-05-09 at Punjab Cricket Association IS Bindra Stadium, Mohali. The winner was Punjab Kings. Player of the Match was MM Sharma."
match,Gujarat Lions vs Delhi Capitals,2017,"In IPL 2017, Gujarat Lions played Delhi Capitals on 2017-05-10 at Green Park. The winner was Delhi Capitals. Player of the Match was SS Iyer."
match,Mumbai Indians vs Punjab Kings,2017,"In IPL 2017, Mumbai Indians played Punjab Kings on 2017-05-11 at Wankhede Stadium. The winner was Punjab Kings. Player of the Match was WP Saha."
match,Delhi Capitals vs Rising Pune Supergiant,2017,"In IPL 2017, Delhi Capitals played Rising Pune Supergiant on 2017-05-12 at Feroz Shah Kotla. The winner was Delhi Capitals. Player of the Match was KK Nair."
match,Gujarat Lions vs Sunrisers Hyderabad,2017,"In IPL 2017, Gujarat Lions played Sunrisers Hyderabad on 2017-05-13 at Green Park. The winner was Sunrisers Hyderabad. Player of the Match was Mohammed Siraj."
match,Kolkata Knight Riders vs Mumbai Indians,2017,"In IPL 2017, Kolkata Knight Riders played Mumbai Indians on 2017-05-13 at Eden Gardens. The winner was Mumbai Indians. Player of the Match was AT Rayudu."
match,Delhi Capitals vs Royal Challengers Bengaluru,2017,"In IPL 2017, Delhi Capitals played Royal Challengers Bengaluru on 2017-05-14 at Feroz Shah Kotla. The winner was Royal Challengers Bengaluru. Player of the Match was HV Patel."
match,Rising Pune Supergiant vs Punjab Kings,2017,"In IPL 2017, Rising Pune Supergiant played Punjab Kings on 2017-05-14 at Maharashtra Cricket Association Stadium. The winner was Rising Pune Supergiant. Player of the Match was JD Unadkat."
match,Mumbai Indians vs Rising Pune Supergiant,2017,"In IPL 2017, Mumbai Indians played Rising Pune Supergiant on 2017-05-16 at Wankhede Stadium. The winner was Rising Pune Supergiant. Player of the Match was Washington Sundar."
match,Sunrisers Hyderabad vs Kolkata Knight Riders,2017,"In IPL 2017, Sunrisers Hyderabad played Kolkata Knight Riders on 2017-05-17 at M Chinnaswamy Stadium. The winner was Kolkata Knight Riders. Player of the Match was NM Coulter-Nile."
match,Mumbai Indians vs Kolkata Knight Riders,2017,"In IPL 2017, Mumbai Indians played Kolkata Knight Riders on 2017-05-19 at M Chinnaswamy Stadium. The winner was Mumbai Indians. Player of the Match was KV Sharma."
match,Mumbai Indians vs Rising Pune Supergiant,2017,"In IPL 2017, Mumbai Indians played Rising Pune Supergiant on 2017-05-21 at Rajiv Gandhi International Stadium, Uppal. The winner was Mumbai Indians. Player of the Match was KH Pandya."
match,Mumbai Indians vs Chennai Super Kings,2018,"In IPL 2018, Mumbai Indians played Chennai Super Kings on 2018-04-07 at Wankhede Stadium. The winner was Chennai Super Kings. Player of the Match was DJ Bravo."
match,Royal Challengers Bengaluru vs Kolkata Knight Riders,2018,"In IPL 2018, Royal Challengers Bengaluru played Kolkata Knight Riders on 2018-04-08 at Eden Gardens. The winner was Kolkata Knight Riders. Player of the Match was SP Narine."
match,Delhi Capitals vs Punjab Kings,2018,"In IPL 2018, Delhi Capitals played Punjab Kings on 2018-04-08 at Punjab Cricket Association IS Bindra Stadium. The winner was Punjab Kings. Player of the Match was KL Rahul."
match,Rajasthan Royals vs Sunrisers Hyderabad,2018,"In IPL 2018, Rajasthan Royals played Sunrisers Hyderabad on 2018-04-09 at Rajiv Gandhi International Stadium. The winner was Sunrisers Hyderabad. Player of the Match was S Dhawan."
match,Kolkata Knight Riders vs Chennai Super Kings,2018,"In IPL 2018, Kolkata Knight Riders played Chennai Super Kings on 2018-04-10 at MA Chidambaram Stadium. The winner was Chennai Super Kings. Player of the Match was SW Billings."
match,Rajasthan Royals vs Delhi Capitals,2018,"In IPL 2018, Rajasthan Royals played Delhi Capitals on 2018-04-11 at Sawai Mansingh Stadium. The winner was Rajasthan Royals. Player of the Match was SV Samson."
match,Mumbai Indians vs Sunrisers Hyderabad,2018,"In IPL 2018, Mumbai Indians played Sunrisers Hyderabad on 2018-04-12 at Rajiv Gandhi International Stadium. The winner was Sunrisers Hyderabad. Player of the Match was Rashid Khan."
match,Punjab Kings vs Royal Challengers Bengaluru,2018,"In IPL 2018, Punjab Kings played Royal Challengers Bengaluru on 2018-04-13 at M.Chinnaswamy Stadium. The winner was Royal Challengers Bengaluru. Player of the Match was UT Yadav."
match,Mumbai Indians vs Delhi Capitals,2018,"In IPL 2018, Mumbai Indians played Delhi Capitals on 2018-04-14 at Wankhede Stadium. The winner was Delhi Capitals. Player of the Match was JJ Roy."
match,Kolkata Knight Riders vs Sunrisers Hyderabad,2018,"In IPL 2018, Kolkata Knight Riders played Sunrisers Hyderabad on 2018-04-14 at Eden Gardens. The winner was Sunrisers Hyderabad. Player of the Match was B Stanlake."
match,Rajasthan Royals vs Royal Challengers Bengaluru,2018,"In IPL 2018, Rajasthan Royals played Royal Challengers Bengaluru on 2018-04-15 at M.Chinnaswamy Stadium. The winner was Rajasthan Royals. Player of the Match was SV Samson."
match,Punjab Kings vs Chennai Super Kings,2018,"In IPL 2018, Punjab Kings played Chennai Super Kings on 2018-04-15 at Punjab Cricket Association IS Bindra Stadium. The winner was Punjab Kings. Player of the Match was CH Gayle."
match,Kolkata Knight Riders vs Delhi Capitals,2018,"In IPL 2018, Kolkata Knight Riders played Delhi Capitals on 2018-04-16 at Eden Gardens. The winner was Kolkata Knight Riders. Player of the Match was N Rana."
match,Mumbai Indians vs Royal Challengers Bengaluru,2018,"In IPL 2018, Mumbai Indians played Royal Challengers Bengaluru on 2018-04-17 at Wankhede Stadium. The winner was Mumbai Indians. Player of the Match was RG Sharma."
match,Rajasthan Royals vs Kolkata Knight Riders,2018,"In IPL 2018, Rajasthan Royals played Kolkata Knight Riders on 2018-04-18 at Sawai Mansingh Stadium. The winner was Kolkata Knight Riders. Player of the Match was N Rana."
match,Punjab Kings vs Sunrisers Hyderabad,2018,"In IPL 2018, Punjab Kings played Sunrisers Hyderabad on 2018-04-19 at Punjab Cricket Association IS Bindra Stadium. The winner was Punjab Kings. Player of the Match was CH Gayle."
match,Chennai Super Kings vs Rajasthan Royals,2018,"In IPL 2018, Chennai Super Kings played Rajasthan Royals on 2018-04-20 at Maharashtra Cricket Association Stadium. The winner was Chennai Super Kings. Player of the Match was SR Watson."
match,Kolkata Knight Riders vs Punjab Kings,2018,"In IPL 2018, Kolkata Knight Riders played Punjab Kings on 2018-04-21 at Eden Gardens. The winner was Punjab Kings. Player of the Match was KL Rahul."
match,Delhi Capitals vs Royal Challengers Bengaluru,2018,"In IPL 2018, Delhi Capitals played Royal Challengers Bengaluru on 2018-04-21 at M.Chinnaswamy Stadium. The winner was Royal Challengers Bengaluru. Player of the Match was AB de Villiers."
match,Mumbai Indians vs Rajasthan Royals,2018,"In IPL 2018, Mumbai Indians played Rajasthan Royals on 2018-04-22 at Sawai Mansingh Stadium. The winner was Rajasthan Royals. Player of the Match was JC Archer."
match,Chennai Super Kings vs Sunrisers Hyderabad,2018,"In IPL 2018, Chennai Super Kings played Sunrisers Hyderabad on 2018-04-22 at Rajiv Gandhi International Stadium. The winner was Chennai Super Kings. Player of the Match was AT Rayudu."
match,Punjab Kings vs Delhi Capitals,2018,"In IPL 2018, Punjab Kings played Delhi Capitals on 2018-04-23 at Arun Jaitley Stadium. The winner was Punjab Kings. Player of the Match was AS Rajpoot."
match,Sunrisers Hyderabad vs Mumbai Indians,2018,"In IPL 2018, Sunrisers Hyderabad played Mumbai Indians on 2018-04-24 at Wankhede Stadium. The winner was Sunrisers Hyderabad. Player of the Match was Rashid Khan."
match,Royal Challengers Bengaluru vs Chennai Super Kings,2018,"In IPL 2018, Royal Challengers Bengaluru played Chennai Super Kings on 2018-04-25 at M.Chinnaswamy Stadium. The winner was Chennai Super Kings. Player of the Match was MS Dhoni."
match,Sunrisers Hyderabad vs Punjab Kings,2018,"In IPL 2018, Sunrisers Hyderabad played Punjab Kings on 2018-04-26 at Rajiv Gandhi International Stadium. The winner was Sunrisers Hyderabad. Player of the Match was AS Rajpoot."
match,Delhi Capitals vs Kolkata Knight Riders,2018,"In IPL 2018, Delhi Capitals played Kolkata Knight Riders on 2018-04-27 at Arun Jaitley Stadium. The winner was Delhi Capitals. Player of the Match was SS Iyer."
match,Chennai Super Kings vs Mumbai Indians,2018,"In IPL 2018, Chennai Super Kings played Mumbai Indians on 2018-04-28 at Maharashtra Cricket Association Stadium. The winner was Mumbai Indians. Player of the Match was RG Sharma."
match,Sunrisers Hyderabad vs Rajasthan Royals,2018,"In IPL 2018, Sunrisers Hyderabad played Rajasthan Royals on 2018-04-29 at Sawai Mansingh Stadium. The winner was Sunrisers Hyderabad. Player of the Match was KS Williamson."
match,Royal Challengers Bengaluru vs Kolkata Knight Riders,2018,"In IPL 2018, Royal Challengers Bengaluru played Kolkata Knight Riders on 2018-04-29 at M.Chinnaswamy Stadium. The winner was Kolkata Knight Riders. Player of the Match was CA Lynn."
match,Chennai Super Kings vs Delhi Capitals,2018,"In IPL 2018, Chennai Super Kings played Delhi Capitals on 2018-04-30 at Maharashtra Cricket Association Stadium. The winner was Chennai Super Kings. Player of the Match was SR Watson."
match,Royal Challengers Bengaluru vs Mumbai Indians,2018,"In IPL 2018, Royal Challengers Bengaluru played Mumbai Indians on 2018-05-01 at M.Chinnaswamy Stadium. The winner was Royal Challengers Bengaluru. Player of the Match was TG Southee."
match,Delhi Capitals vs Rajasthan Royals,2018,"In IPL 2018, Delhi Capitals played Rajasthan Royals on 2018-05-02 at Arun Jaitley Stadium. The winner was Delhi Capitals. Player of the Match was RR Pant."
match,Chennai Super Kings vs Kolkata Knight Riders,2018,"In IPL 2018, Chennai Super Kings played Kolkata Knight Riders on 2018-05-03 at Eden Gardens. The winner was Kolkata Knight Riders. Player of the Match was SP Narine."
match,Punjab Kings vs Mumbai Indians,2018,"In IPL 2018, Punjab Kings played Mumbai Indians on 2018-05-04 at Holkar Cricket Stadium. The winner was Mumbai Indians. Player of the Match was SA Yadav."
match,Delhi Capitals vs Sunrisers Hyderabad,2018,"In IPL 2018, Delhi Capitals played Sunrisers Hyderabad on 2018-05-05 at Rajiv Gandhi International Stadium. The winner was Sunrisers Hyderabad. Player of the Match was Rashid Khan."
match,Royal Challengers Bengaluru vs Chennai Super Kings,2018,"In IPL 2018, Royal Challengers Bengaluru played Chennai Super Kings on 2018-05-05 at Maharashtra Cricket Association Stadium. The winner was Chennai Super Kings. Player of the Match was RA Jadeja."
match,Mumbai Indians vs Kolkata Knight Riders,2018,"In IPL 2018, Mumbai Indians played Kolkata Knight Riders on 2018-05-06 at Wankhede Stadium. The winner was Mumbai Indians. Player of the Match was HH Pandya."
match,Rajasthan Royals vs Punjab Kings,2018,"In IPL 2018, Rajasthan Royals played Punjab Kings on 2018-05-06 at Holkar Cricket Stadium. The winner was Punjab Kings. Player of the Match was Mujeeb Ur Rahman."
match,Sunrisers Hyderabad vs Royal Challengers Bengaluru,2018,"In IPL 2018, Sunrisers Hyderabad played Royal Challengers Bengaluru on 2018-05-07 at Rajiv Gandhi International Stadium. The winner was Sunrisers Hyderabad. Player of the Match was KS Williamson."
match,Rajasthan Royals vs Punjab Kings,2018,"In IPL 2018, Rajasthan Royals played Punjab Kings on 2018-05-08 at Sawai Mansingh Stadium. The winner was Rajasthan Royals. Player of the Match was JC Buttler."
match,Mumbai Indians vs Kolkata Knight Riders,2018,"In IPL 2018, Mumbai Indians played Kolkata Knight Riders on 2018-05-09 at Eden Gardens. The winner was Mumbai Indians. Player of the Match was Ishan Kishan."
match,Delhi Capitals vs Sunrisers Hyderabad,2018,"In IPL 2018, Delhi Capitals played Sunrisers Hyderabad on 2018-05-10 at Arun Jaitley Stadium. The winner was Sunrisers Hyderabad. Player of the Match was S Dhawan."
match,Chennai Super Kings vs Rajasthan Royals,2018,"In IPL 2018, Chennai Super Kings played Rajasthan Royals on 2018-05-11 at Sawai Mansingh Stadium. The winner was Rajasthan Royals. Player of the Match was JC Buttler."
match,Delhi Capitals vs Royal Challengers Bengaluru,2018,"In IPL 2018, Delhi Capitals played Royal Challengers Bengaluru on 2018-05-12 at Arun Jaitley Stadium. The winner was Royal Challengers Bengaluru. Player of the Match was AB de Villiers."
match,Kolkata Knight Riders vs Punjab Kings,2018,"In IPL 2018, Kolkata Knight Riders played Punjab Kings on 2018-05-12 at Holkar Cricket Stadium. The winner was Kolkata Knight Riders. Player of the Match was SP Narine."
match,Sunrisers Hyderabad vs Chennai Super Kings,2018,"In IPL 2018, Sunrisers Hyderabad played Chennai Super Kings on 2018-05-13 at Maharashtra Cricket Association Stadium. The winner was Chennai Super Kings. Player of the Match was AT Rayudu."
match,Mumbai Indians vs Rajasthan Royals,2018,"In IPL 2018, Mumbai Indians played Rajasthan Royals on 2018-05-13 at Wankhede Stadium. The winner was Rajasthan Royals. Player of the Match was JC Buttler."
match,Punjab Kings vs Royal Challengers Bengaluru,2018,"In IPL 2018, Punjab Kings played Royal Challengers Bengaluru on 2018-05-14 at Holkar Cricket Stadium. The winner was Royal Challengers Bengaluru. Player of the Match was UT Yadav."
match,Rajasthan Royals vs Kolkata Knight Riders,2018,"In IPL 2018, Rajasthan Royals played Kolkata Knight Riders on 2018-05-15 at Eden Gardens. The winner was Kolkata Knight Riders. Player of the Match was Kuldeep Yadav."
match,Mumbai Indians vs Punjab Kings,2018,"In IPL 2018, Mumbai Indians played Punjab Kings on 2018-05-16 at Wankhede Stadium. The winner was Mumbai Indians. Player of the Match was JJ Bumrah."
match,Royal Challengers Bengaluru vs Sunrisers Hyderabad,2018,"In IPL 2018, Royal Challengers Bengaluru played Sunrisers Hyderabad on 2018-05-17 at M.Chinnaswamy Stadium. The winner was Royal Challengers Bengaluru. Player of the Match was AB de Villiers."
match,Delhi Capitals vs Chennai Super Kings,2018,"In IPL 2018, Delhi Capitals played Chennai Super Kings on 2018-05-18 at Arun Jaitley Stadium. The winner was Delhi Capitals. Player of the Match was HV Patel."
match,Sunrisers Hyderabad vs Kolkata Knight Riders,2018,"In IPL 2018, Sunrisers Hyderabad played Kolkata Knight Riders on 2018-05-19 at Rajiv Gandhi International Stadium. The winner was Kolkata Knight Riders. Player of the Match was CA Lynn."
match,Rajasthan Royals vs Royal Challengers Bengaluru,2018,"In IPL 2018, Rajasthan Royals played Royal Challengers Bengaluru on 2018-05-19 at Sawai Mansingh Stadium. The winner was Rajasthan Royals. Player of the Match was S Gopal."
match,Delhi Capitals vs Mumbai Indians,2018,"In IPL 2018, Delhi Capitals played Mumbai Indians on 2018-05-20 at Arun Jaitley Stadium. The winner was Delhi Capitals. Player of the Match was A Mishra."
match,Punjab Kings vs Chennai Super Kings,2018,"In IPL 2018, Punjab Kings played Chennai Super Kings on 2018-05-20 at Maharashtra Cricket Association Stadium. The winner was Chennai Super Kings. Player of the Match was L Ngidi."
match,Sunrisers Hyderabad vs Chennai Super Kings,2018,"In IPL 2018, Sunrisers Hyderabad played Chennai Super Kings on 2018-05-22 at Wankhede Stadium. The winner was Chennai Super Kings. Player of the Match was F du Plessis."
match,Kolkata Knight Riders vs Rajasthan Royals,2018,"In IPL 2018, Kolkata Knight Riders played Rajasthan Royals on 2018-05-23 at Eden Gardens. The winner was Kolkata Knight Riders. Player of the Match was AD Russell."
match,Sunrisers Hyderabad vs Kolkata Knight Riders,2018,"In IPL 2018, Sunrisers Hyderabad played Kolkata Knight Riders on 2018-05-25 at Eden Gardens. The winner was Sunrisers Hyderabad. Player of the Match was Rashid Khan."
match,Sunrisers Hyderabad vs Chennai Super Kings,2018,"In IPL 2018, Sunrisers Hyderabad played Chennai Super Kings on 2018-05-27 at Wankhede Stadium. The winner was Chennai Super Kings. Player of the Match was SR Watson."
match,Royal Challengers Bengaluru vs Chennai Super Kings,2019,"In IPL 2019, Royal Challengers Bengaluru played Chennai Super Kings on 2019-03-23 at MA Chidambaram Stadium. The winner was Chennai Super Kings. Player of the Match was Harbhajan Singh."
match,Sunrisers Hyderabad vs Kolkata Knight Riders,2019,"In IPL 2019, Sunrisers Hyderabad played Kolkata Knight Riders on 2019-03-24 at Eden Gardens. The winner was Kolkata Knight Riders. Player of the Match was AD Russell."
match,Delhi Capitals vs Mumbai Indians,2019,"In IPL 2019, Delhi Capitals played Mumbai Indians on 2019-03-24 at Wankhede Stadium. The winner was Delhi Capitals. Player of the Match was RR Pant."
match,Punjab Kings vs Rajasthan Royals,2019,"In IPL 2019, Punjab Kings played Rajasthan Royals on 2019-03-25 at Sawai Mansingh Stadium. The winner was Punjab Kings. Player of the Match was CH Gayle."
match,Delhi Capitals vs Chennai Super Kings,2019,"In IPL 2019, Delhi Capitals played Chennai Super Kings on 2019-03-26 at Arun Jaitley Stadium. The winner was Chennai Super Kings. Player of the Match was SR Watson."
match,Kolkata Knight Riders vs Punjab Kings,2019,"In IPL 2019, Kolkata Knight Riders played Punjab Kings on 2019-03-27 at Eden Gardens. The winner was Kolkata Knight Riders. Player of the Match was AD Russell."
match,Mumbai Indians vs Royal Challengers Bengaluru,2019,"In IPL 2019, Mumbai Indians played Royal Challengers Bengaluru on 2019-03-28 at M.Chinnaswamy Stadium. The winner was Mumbai Indians. Player of the Match was JJ Bumrah."
match,Rajasthan Royals vs Sunrisers Hyderabad,2019,"In IPL 2019, Rajasthan Royals played Sunrisers Hyderabad on 2019-03-29 at Rajiv Gandhi International Stadium. The winner was Sunrisers Hyderabad. Player of the Match was Rashid Khan."
match,Kolkata Knight Riders vs Delhi Capitals,2019,"In IPL 2019, Kolkata Knight Riders played Delhi Capitals on 2019-03-30 at Arun Jaitley Stadium. The winner was No Result. Player of the Match was PP Shaw."
match,Mumbai Indians vs Punjab Kings,2019,"In IPL 2019, Mumbai Indians played Punjab Kings on 2019-03-30 at Punjab Cricket Association IS Bindra Stadium. The winner was Punjab Kings. Player of the Match was MA Agarwal."
match,Sunrisers Hyderabad vs Royal Challengers Bengaluru,2019,"In IPL 2019, Sunrisers Hyderabad played Royal Challengers Bengaluru on 2019-03-31 at Rajiv Gandhi International Stadium. The winner was Sunrisers Hyderabad. Player of the Match was JM Bairstow."
match,Chennai Super Kings vs Rajasthan Royals,2019,"In IPL 2019, Chennai Super Kings played Rajasthan Royals on 2019-03-31 at MA Chidambaram Stadium. The winner was Chennai Super Kings. Player of the Match was MS Dhoni."
match,Punjab Kings vs Delhi Capitals,2019,"In IPL 2019, Punjab Kings played Delhi Capitals on 2019-04-01 at Punjab Cricket Association IS Bindra Stadium. The winner was Punjab Kings. Player of the Match was SM Curran."
match,Royal Challengers Bengaluru vs Rajasthan Royals,2019,"In IPL 2019, Royal Challengers Bengaluru played Rajasthan Royals on 2019-04-02 at Sawai Mansingh Stadium. The winner was Rajasthan Royals. Player of the Match was S Gopal."
match,Mumbai Indians vs Chennai Super Kings,2019,"In IPL 2019, Mumbai Indians played Chennai Super Kings on 2019-04-03 at Wankhede Stadium. The winner was Mumbai Indians. Player of the Match was HH Pandya."
match,Delhi Capitals vs Sunrisers Hyderabad,2019,"In IPL 2019, Delhi Capitals played Sunrisers Hyderabad on 2019-04-04 at Arun Jaitley Stadium. The winner was Sunrisers Hyderabad. Player of the Match was JM Bairstow."
match,Royal Challengers Bengaluru vs Kolkata Knight Riders,2019,"In IPL 2019, Royal Challengers Bengaluru played Kolkata Knight Riders on 2019-04-05 at M.Chinnaswamy Stadium. The winner was Kolkata Knight Riders. Player of the Match was AD Russell."
match,Chennai Super Kings vs Punjab Kings,2019,"In IPL 2019, Chennai Super Kings played Punjab Kings on 2019-04-06 at MA Chidambaram Stadium. The winner was Chennai Super Kings. Player of the Match was Harbhajan Singh."
match,Mumbai Indians vs Sunrisers Hyderabad,2019,"In IPL 2019, Mumbai Indians played Sunrisers Hyderabad on 2019-04-06 at Rajiv Gandhi International Stadium. The winner was Mumbai Indians. Player of the Match was AS Joseph."
match,Royal Challengers Bengaluru vs Delhi Capitals,2019,"In IPL 2019, Royal Challengers Bengaluru played Delhi Capitals on 2019-04-07 at M.Chinnaswamy Stadium. The winner was Delhi Capitals. Player of the Match was K Rabada."
match,Rajasthan Royals vs Kolkata Knight Riders,2019,"In IPL 2019, Rajasthan Royals played Kolkata Knight Riders on 2019-04-07 at Sawai Mansingh Stadium. The winner was Kolkata Knight Riders. Player of the Match was HF Gurney."
match,Sunrisers Hyderabad vs Punjab Kings,2019,"In IPL 2019, Sunrisers Hyderabad played Punjab Kings on 2019-04-08 at Punjab Cricket Association IS Bindra Stadium. The winner was Punjab Kings. Player of the Match was KL Rahul."
match,Kolkata Knight Riders vs Chennai Super Kings,2019,"In IPL 2019, Kolkata Knight Riders played Chennai Super Kings on 2019-04-09 at MA Chidambaram Stadium. The winner was Chennai Super Kings. Player of the Match was DL Chahar."
match,Punjab Kings vs Mumbai Indians,2019,"In IPL 2019, Punjab Kings played Mumbai Indians on 2019-04-10 at Wankhede Stadium. The winner was Mumbai Indians. Player of the Match was KA Pollard."
match,Rajasthan Royals vs Chennai Super Kings,2019,"In IPL 2019, Rajasthan Royals played Chennai Super Kings on 2019-04-11 at Sawai Mansingh Stadium. The winner was Chennai Super Kings. Player of the Match was MS Dhoni."
match,Kolkata Knight Riders vs Delhi Capitals,2019,"In IPL 2019, Kolkata Knight Riders played Delhi Capitals on 2019-04-12 at Eden Gardens. The winner was Delhi Capitals. Player of the Match was S Dhawan."
match,Punjab Kings vs Royal Challengers Bengaluru,2019,"In IPL 2019, Punjab Kings played Royal Challengers Bengaluru on 2019-04-13 at Punjab Cricket Association IS Bindra Stadium. The winner was Royal Challengers Bengaluru. Player of the Match was AB de Villiers."
match,Mumbai Indians vs Rajasthan Royals,2019,"In IPL 2019, Mumbai Indians played Rajasthan Royals on 2019-04-13 at Wankhede Stadium. The winner was Rajasthan Royals. Player of the Match was JC Buttler."
match,Delhi Capitals vs Sunrisers Hyderabad,2019,"In IPL 2019, Delhi Capitals played Sunrisers Hyderabad on 2019-04-14 at Rajiv Gandhi International Stadium. The winner was Delhi Capitals. Player of the Match was KMA Paul."
match,Kolkata Knight Riders vs Chennai Super Kings,2019,"In IPL 2019, Kolkata Knight Riders played Chennai Super Kings on 2019-04-14 at Eden Gardens. The winner was Chennai Super Kings. Player of the Match was Imran Tahir."
match,Royal Challengers Bengaluru vs Mumbai Indians,2019,"In IPL 2019, Royal Challengers Bengaluru played Mumbai Indians on 2019-04-15 at Wankhede Stadium. The winner was Mumbai Indians. Player of the Match was SL Malinga."
match,Punjab Kings vs Rajasthan Royals,2019,"In IPL 2019, Punjab Kings played Rajasthan Royals on 2019-04-16 at Punjab Cricket Association IS Bindra Stadium. The winner was Punjab Kings. Player of the Match was R Ashwin."
match,Chennai Super Kings vs Sunrisers Hyderabad,2019,"In IPL 2019, Chennai Super Kings played Sunrisers Hyderabad on 2019-04-17 at Rajiv Gandhi International Stadium. The winner was Sunrisers Hyderabad. Player of the Match was DA Warner."
match,Mumbai Indians vs Delhi Capitals,2019,"In IPL 2019, Mumbai Indians played Delhi Capitals on 2019-04-18 at Arun Jaitley Stadium. The winner was Mumbai Indians. Player of the Match was HH Pandya."
match,Royal Challengers Bengaluru vs Kolkata Knight Riders,2019,"In IPL 2019, Royal Challengers Bengaluru played Kolkata Knight Riders on 2019-04-19 at Eden Gardens. The winner was Royal Challengers Bengaluru. Player of the Match was V Kohli."
match,Mumbai Indians vs Rajasthan Royals,2019,"In IPL 2019, Mumbai Indians played Rajasthan Royals on 2019-04-20 at Sawai Mansingh Stadium. The winner was Rajasthan Royals. Player of the Match was SPD Smith."
match,Punjab Kings vs Delhi Capitals,2019,"In IPL 2019, Punjab Kings played Delhi Capitals on 2019-04-20 at Arun Jaitley Stadium. The winner was Delhi Capitals. Player of the Match was SS Iyer."
match,Kolkata Knight Riders vs Sunrisers Hyderabad,2019,"In IPL 2019, Kolkata Knight Riders played Sunrisers Hyderabad on 2019-04-21 at Rajiv Gandhi International Stadium. The winner was Sunrisers Hyderabad. Player of the Match was KK Ahmed."
match,Royal Challengers Bengaluru vs Chennai Super Kings,2019,"In IPL 2019, Royal Challengers Bengaluru played Chennai Super Kings on 2019-04-21 at M.Chinnaswamy Stadium. The winner was Royal Challengers Bengaluru. Player of the Match was PA Patel."
match,Rajasthan Royals vs Delhi Capitals,2019,"In IPL 2019, Rajasthan Royals played Delhi Capitals on 2019-04-22 at Sawai Mansingh Stadium. The winner was Delhi Capitals. Player of the Match was RR Pant."
match,Sunrisers Hyderabad vs Chennai Super Kings,2019,"In IPL 2019, Sunrisers Hyderabad played Chennai Super Kings on 2019-04-23 at MA Chidambaram Stadium. The winner was Chennai Super Kings. Player of the Match was SR Watson."
match,Royal Challengers Bengaluru vs Punjab Kings,2019,"In IPL 2019, Royal Challengers Bengaluru played Punjab Kings on 2019-04-24 at M.Chinnaswamy Stadium. The winner was Royal Challengers Bengaluru. Player of the Match was AB de Villiers."
match,Kolkata Knight Riders vs Rajasthan Royals,2019,"In IPL 2019, Kolkata Knight Riders played Rajasthan Royals on 2019-04-25 at Eden Gardens. The winner was Rajasthan Royals. Player of the Match was VR Aaron."
match,Mumbai Indians vs Chennai Super Kings,2019,"In IPL 2019, Mumbai Indians played Chennai Super Kings on 2019-04-26 at MA Chidambaram Stadium. The winner was Mumbai Indians. Player of the Match was RG Sharma."
match,Sunrisers Hyderabad vs Rajasthan Royals,2019,"In IPL 2019, Sunrisers Hyderabad played Rajasthan Royals on 2019-04-27 at Sawai Mansingh Stadium. The winner was Rajasthan Royals. Player of the Match was JD Unadkat."
match,Kolkata Knight Riders vs Mumbai Indians,2019,"In IPL 2019, Kolkata Knight Riders played Mumbai Indians on 2019-04-28 at Eden Gardens. The winner was Kolkata Knight Riders. Player of the Match was AD Russell."
match,Delhi Capitals vs Royal Challengers Bengaluru,2019,"In IPL 2019, Delhi Capitals played Royal Challengers Bengaluru on 2019-04-28 at Arun Jaitley Stadium. The winner was Delhi Capitals. Player of the Match was S Dhawan."
match,Sunrisers Hyderabad vs Punjab Kings,2019,"In IPL 2019, Sunrisers Hyderabad played Punjab Kings on 2019-04-29 at Rajiv Gandhi International Stadium. The winner was Sunrisers Hyderabad. Player of the Match was DA Warner."
match,Royal Challengers Bengaluru vs Rajasthan Royals,2019,"In IPL 2019, Royal Challengers Bengaluru played Rajasthan Royals on 2019-04-30 at M.Chinnaswamy Stadium. The winner was No Result. Player of the Match was Unknown."
match,Chennai Super Kings vs Delhi Capitals,2019,"In IPL 2019, Chennai Super Kings played Delhi Capitals on 2019-05-01 at MA Chidambaram Stadium. The winner was Chennai Super Kings. Player of the Match was MS Dhoni."
match,Mumbai Indians vs Sunrisers Hyderabad,2019,"In IPL 2019, Mumbai Indians played Sunrisers Hyderabad on 2019-05-02 at Wankhede Stadium. The winner was No Result. Player of the Match was JJ Bumrah."
match,Punjab Kings vs Kolkata Knight Riders,2019,"In IPL 2019, Punjab Kings played Kolkata Knight Riders on 2019-05-03 at Punjab Cricket Association IS Bindra Stadium. The winner was Kolkata Knight Riders. Player of the Match was Shubman Gill."
match,Rajasthan Royals vs Delhi Capitals,2019,"In IPL 2019, Rajasthan Royals played Delhi Capitals on 2019-05-04 at Arun Jaitley Stadium. The winner was Delhi Capitals. Player of the Match was A Mishra."
match,Sunrisers Hyderabad vs Royal Challengers Bengaluru,2019,"In IPL 2019, Sunrisers Hyderabad played Royal Challengers Bengaluru on 2019-05-04 at M.Chinnaswamy Stadium. The winner was Royal Challengers Bengaluru. Player of the Match was SO Hetmyer."
match,Chennai Super Kings vs Punjab Kings,2019,"In IPL 2019, Chennai Super Kings played Punjab Kings on 2019-05-05 at Punjab Cricket Association IS Bindra Stadium. The winner was Punjab Kings. Player of the Match was KL Rahul."
match,Kolkata Knight Riders vs Mumbai Indians,2019,"In IPL 2019, Kolkata Knight Riders played Mumbai Indians on 2019-05-05 at Wankhede Stadium. The winner was Mumbai Indians. Player of the Match was HH Pandya."
match,Chennai Super Kings vs Mumbai Indians,2019,"In IPL 2019, Chennai Super Kings played Mumbai Indians on 2019-05-07 at MA Chidambaram Stadium. The winner was Mumbai Indians. Player of the Match was SA Yadav."
match,Sunrisers Hyderabad vs Delhi Capitals,2019,"In IPL 2019, Sunrisers Hyderabad played Delhi Capitals on 2019-05-08 at Dr. Y.S. Rajasekhara Reddy ACA-VDCA Cricket Stadium. The winner was Delhi Capitals. Player of the Match was RR Pant."
match,Delhi Capitals vs Chennai Super Kings,2019,"In IPL 2019, Delhi Capitals played Chennai Super Kings on 2019-05-10 at Dr. Y.S. Rajasekhara Reddy ACA-VDCA Cricket Stadium. The winner was Chennai Super Kings. Player of the Match was F du Plessis."
match,Mumbai Indians vs Chennai Super Kings,2019,"In IPL 2019, Mumbai Indians played Chennai Super Kings on 2019-05-12 at Rajiv Gandhi International Stadium. The winner was Mumbai Indians. Player of the Match was JJ Bumrah."
match,Mumbai Indians vs Chennai Super Kings,2020,"In IPL 2020, Mumbai Indians played Chennai Super Kings on 2020-09-19 at Sheikh Zayed Stadium. The winner was Chennai Super Kings. Player of the Match was AT Rayudu."
match,Delhi Capitals vs Punjab Kings,2020,"In IPL 2020, Delhi Capitals played Punjab Kings on 2020-09-20 at Dubai International Cricket Stadium. The winner was No Result. Player of the Match was MP Stoinis."
match,Royal Challengers Bengaluru vs Sunrisers Hyderabad,2020,"In IPL 2020, Royal Challengers Bengaluru played Sunrisers Hyderabad on 2020-09-21 at Dubai International Cricket Stadium. The winner was Royal Challengers Bengaluru. Player of the Match was YS Chahal."
match,Rajasthan Royals vs Chennai Super Kings,2020,"In IPL 2020, Rajasthan Royals played Chennai Super Kings on 2020-09-22 at Sharjah Cricket Stadium. The winner was Rajasthan Royals. Player of the Match was SV Samson."
match,Mumbai Indians vs Kolkata Knight Riders,2020,"In IPL 2020, Mumbai Indians played Kolkata Knight Riders on 2020-09-23 at Sheikh Zayed Stadium. The winner was Mumbai Indians. Player of the Match was RG Sharma."
match,Punjab Kings vs Royal Challengers Bengaluru,2020,"In IPL 2020, Punjab Kings played Royal Challengers Bengaluru on 2020-09-24 at Dubai International Cricket Stadium. The winner was Punjab Kings. Player of the Match was KL Rahul."
match,Delhi Capitals vs Chennai Super Kings,2020,"In IPL 2020, Delhi Capitals played Chennai Super Kings on 2020-09-25 at Dubai International Cricket Stadium. The winner was Delhi Capitals. Player of the Match was PP Shaw."
match,Sunrisers Hyderabad vs Kolkata Knight Riders,2020,"In IPL 2020, Sunrisers Hyderabad played Kolkata Knight Riders on 2020-09-26 at Sheikh Zayed Stadium. The winner was Kolkata Knight Riders. Player of the Match was Shubman Gill."
match,Punjab Kings vs Rajasthan Royals,2020,"In IPL 2020, Punjab Kings played Rajasthan Royals on 2020-09-27 at Sharjah Cricket Stadium. The winner was Rajasthan Royals. Player of the Match was SV Samson."
match,Royal Challengers Bengaluru vs Mumbai Indians,2020,"In IPL 2020, Royal Challengers Bengaluru played Mumbai Indians on 2020-09-28 at Dubai International Cricket Stadium. The winner was No Result. Player of the Match was AB de Villiers."
match,Sunrisers Hyderabad vs Delhi Capitals,2020,"In IPL 2020, Sunrisers Hyderabad played Delhi Capitals on 2020-09-29 at Sheikh Zayed Stadium. The winner was Sunrisers Hyderabad. Player of the Match was Rashid Khan."
match,Kolkata Knight Riders vs Rajasthan Royals,2020,"In IPL 2020, Kolkata Knight Riders played Rajasthan Royals on 2020-09-30 at Dubai International Cricket Stadium. The winner was Kolkata Knight Riders. Player of the Match was Shivam Mavi."
match,Mumbai Indians vs Punjab Kings,2020,"In IPL 2020, Mumbai Indians played Punjab Kings on 2020-10-01 at Sheikh Zayed Stadium. The winner was Mumbai Indians. Player of the Match was KA Pollard."
match,Sunrisers Hyderabad vs Chennai Super Kings,2020,"In IPL 2020, Sunrisers Hyderabad played Chennai Super Kings on 2020-10-02 at Dubai International Cricket Stadium. The winner was Sunrisers Hyderabad. Player of the Match was PK Garg."
match,Delhi Capitals vs Kolkata Knight Riders,2020,"In IPL 2020, Delhi Capitals played Kolkata Knight Riders on 2020-10-03 at Sharjah Cricket Stadium. The winner was Delhi Capitals. Player of the Match was SS Iyer."
match,Rajasthan Royals vs Royal Challengers Bengaluru,2020,"In IPL 2020, Rajasthan Royals played Royal Challengers Bengaluru on 2020-10-03 at Sheikh Zayed Stadium. The winner was Royal Challengers Bengaluru. Player of the Match was YS Chahal."
match,Punjab Kings vs Chennai Super Kings,2020,"In IPL 2020, Punjab Kings played Chennai Super Kings on 2020-10-04 at Dubai International Cricket Stadium. The winner was Chennai Super Kings. Player of the Match was SR Watson."
match,Mumbai Indians vs Sunrisers Hyderabad,2020,"In IPL 2020, Mumbai Indians played Sunrisers Hyderabad on 2020-10-04 at Sharjah Cricket Stadium. The winner was Mumbai Indians. Player of the Match was TA Boult."
match,Delhi Capitals vs Royal Challengers Bengaluru,2020,"In IPL 2020, Delhi Capitals played Royal Challengers Bengaluru on 2020-10-05 at Dubai International Cricket Stadium. The winner was Delhi Capitals. Player of the Match was AR Patel."
match,Mumbai Indians vs Rajasthan Royals,2020,"In IPL 2020, Mumbai Indians played Rajasthan Royals on 2020-10-06 at Sheikh Zayed Stadium. The winner was Mumbai Indians. Player of the Match was SA Yadav."
match,Kolkata Knight Riders vs Chennai Super Kings,2020,"In IPL 2020, Kolkata Knight Riders played Chennai Super Kings on 2020-10-07 at Sheikh Zayed Stadium. The winner was Kolkata Knight Riders. Player of the Match was RA Tripathi."
match,Sunrisers Hyderabad vs Punjab Kings,2020,"In IPL 2020, Sunrisers Hyderabad played Punjab Kings on 2020-10-08 at Dubai International Cricket Stadium. The winner was Sunrisers Hyderabad. Player of the Match was JM Bairstow."
match,Delhi Capitals vs Rajasthan Royals,2020,"In IPL 2020, Delhi Capitals played Rajasthan Royals on 2020-10-09 at Sharjah Cricket Stadium. The winner was Delhi Capitals. Player of the Match was R Ashwin."
match,Kolkata Knight Riders vs Punjab Kings,2020,"In IPL 2020, Kolkata Knight Riders played Punjab Kings on 2020-10-10 at Sheikh Zayed Stadium. The winner was Kolkata Knight Riders. Player of the Match was KD Karthik."
match,Royal Challengers Bengaluru vs Chennai Super Kings,2020,"In IPL 2020, Royal Challengers Bengaluru played Chennai Super Kings on 2020-10-10 at Dubai International Cricket Stadium. The winner was Royal Challengers Bengaluru. Player of the Match was V Kohli."
match,Delhi Capitals vs Mumbai Indians,2020,"In IPL 2020, Delhi Capitals played Mumbai Indians on 2020-10-11 at Sheikh Zayed Stadium. The winner was Mumbai Indians. Player of the Match was Q de Kock."
match,Sunrisers Hyderabad vs Rajasthan Royals,2020,"In IPL 2020, Sunrisers Hyderabad played Rajasthan Royals on 2020-10-11 at Dubai International Cricket Stadium. The winner was Rajasthan Royals. Player of the Match was R Tewatia."
match,Royal Challengers Bengaluru vs Kolkata Knight Riders,2020,"In IPL 2020, Royal Challengers Bengaluru played Kolkata Knight Riders on 2020-10-12 at Sharjah Cricket Stadium. The winner was Royal Challengers Bengaluru. Player of the Match was AB de Villiers."
match,Chennai Super Kings vs Sunrisers Hyderabad,2020,"In IPL 2020, Chennai Super Kings played Sunrisers Hyderabad on 2020-10-13 at Dubai International Cricket Stadium. The winner was Chennai Super Kings. Player of the Match was RA Jadeja."
match,Delhi Capitals vs Rajasthan Royals,2020,"In IPL 2020, Delhi Capitals played Rajasthan Royals on 2020-10-14 at Dubai International Cricket Stadium. The winner was Delhi Capitals. Player of the Match was A Nortje."
match,Royal Challengers Bengaluru vs Punjab Kings,2020,"In IPL 2020, Royal Challengers Bengaluru played Punjab Kings on 2020-10-15 at Sharjah Cricket Stadium. The winner was Punjab Kings. Player of the Match was KL Rahul."
match,Kolkata Knight Riders vs Mumbai Indians,2020,"In IPL 2020, Kolkata Knight Riders played Mumbai Indians on 2020-10-16 at Sheikh Zayed Stadium. The winner was Mumbai Indians. Player of the Match was Q de Kock."
match,Rajasthan Royals vs Royal Challengers Bengaluru,2020,"In IPL 2020, Rajasthan Royals played Royal Challengers Bengaluru on 2020-10-17 at Dubai International Cricket Stadium. The winner was Royal Challengers Bengaluru. Player of the Match was AB de Villiers."
match,Chennai Super Kings vs Delhi Capitals,2020,"In IPL 2020, Chennai Super Kings played Delhi Capitals on 2020-10-17 at Sharjah Cricket Stadium. The winner was Delhi Capitals. Player of the Match was S Dhawan."
match,Mumbai Indians vs Punjab Kings,2020,"In IPL 2020, Mumbai Indians played Punjab Kings on 2020-10-18 at Dubai International Cricket Stadium. The winner was No Result. Player of the Match was KL Rahul."
match,Kolkata Knight Riders vs Sunrisers Hyderabad,2020,"In IPL 2020, Kolkata Knight Riders played Sunrisers Hyderabad on 2020-10-18 at Sheikh Zayed Stadium. The winner was No Result. Player of the Match was LH Ferguson."
match,Chennai Super Kings vs Rajasthan Royals,2020,"In IPL 2020, Chennai Super Kings played Rajasthan Royals on 2020-10-19 at Sheikh Zayed Stadium. The winner was Rajasthan Royals. Player of the Match was JC Buttler."
match,Delhi Capitals vs Punjab Kings,2020,"In IPL 2020, Delhi Capitals played Punjab Kings on 2020-10-20 at Dubai International Cricket Stadium. The winner was Punjab Kings. Player of the Match was S Dhawan."
match,Kolkata Knight Riders vs Royal Challengers Bengaluru,2020,"In IPL 2020, Kolkata Knight Riders played Royal Challengers Bengaluru on 2020-10-21 at Sheikh Zayed Stadium. The winner was Royal Challengers Bengaluru. Player of the Match was Mohammed Siraj."
match,Rajasthan Royals vs Sunrisers Hyderabad,2020,"In IPL 2020, Rajasthan Royals played Sunrisers Hyderabad on 2020-10-22 at Dubai International Cricket Stadium. The winner was Sunrisers Hyderabad. Player of the Match was MK Pandey."
match,Chennai Super Kings vs Mumbai Indians,2020,"In IPL 2020, Chennai Super Kings played Mumbai Indians on 2020-10-23 at Sharjah Cricket Stadium. The winner was Mumbai Indians. Player of the Match was TA Boult."
match,Punjab Kings vs Sunrisers Hyderabad,2020,"In IPL 2020, Punjab Kings played Sunrisers Hyderabad on 2020-10-24 at Dubai International Cricket Stadium. The winner was Punjab Kings. Player of the Match was CJ Jordan."
match,Kolkata Knight Riders vs Delhi Capitals,2020,"In IPL 2020, Kolkata Knight Riders played Delhi Capitals on 2020-10-24 at Sheikh Zayed Stadium. The winner was Kolkata Knight Riders. Player of the Match was CV Varun."
match,Mumbai Indians vs Rajasthan Royals,2020,"In IPL 2020, Mumbai Indians played Rajasthan Royals on 2020-10-25 at Sheikh Zayed Stadium. The winner was Rajasthan Royals. Player of the Match was BA Stokes."
match,Royal Challengers Bengaluru vs Chennai Super Kings,2020,"In IPL 2020, Royal Challengers Bengaluru played Chennai Super Kings on 2020-10-25 at Dubai International Cricket Stadium. The winner was Chennai Super Kings. Player of the Match was RD Gaikwad."
match,Kolkata Knight Riders vs Punjab Kings,2020,"In IPL 2020, Kolkata Knight Riders played Punjab Kings on 2020-10-26 at Sharjah Cricket Stadium. The winner was Punjab Kings. Player of the Match was CH Gayle."
match,Sunrisers Hyderabad vs Delhi Capitals,2020,"In IPL 2020, Sunrisers Hyderabad played Delhi Capitals on 2020-10-27 at Dubai International Cricket Stadium. The winner was Sunrisers Hyderabad. Player of the Match was WP Saha."
match,Royal Challengers Bengaluru vs Mumbai Indians,2020,"In IPL 2020, Royal Challengers Bengaluru played Mumbai Indians on 2020-10-28 at Sheikh Zayed Stadium. The winner was Mumbai Indians. Player of the Match was SA Yadav."
match,Kolkata Knight Riders vs Chennai Super Kings,2020,"In IPL 2020, Kolkata Knight Riders played Chennai Super Kings on 2020-10-29 at Dubai International Cricket Stadium. The winner was Chennai Super Kings. Player of the Match was RD Gaikwad."
match,Punjab Kings vs Rajasthan Royals,2020,"In IPL 2020, Punjab Kings played Rajasthan Royals on 2020-10-30 at Sheikh Zayed Stadium. The winner was Rajasthan Royals. Player of the Match was BA Stokes."
match,Royal Challengers Bengaluru vs Sunrisers Hyderabad,2020,"In IPL 2020, Royal Challengers Bengaluru played Sunrisers Hyderabad on 2020-10-31 at Sharjah Cricket Stadium. The winner was Sunrisers Hyderabad. Player of the Match was Sandeep Sharma."
match,Delhi Capitals vs Mumbai Indians,2020,"In IPL 2020, Delhi Capitals played Mumbai Indians on 2020-10-31 at Dubai International Cricket Stadium. The winner was Mumbai Indians. Player of the Match was Ishan Kishan."
match,Punjab Kings vs Chennai Super Kings,2020,"In IPL 2020, Punjab Kings played Chennai Super Kings on 2020-11-01 at Sheikh Zayed Stadium. The winner was Chennai Super Kings. Player of the Match was RD Gaikwad."
match,Kolkata Knight Riders vs Rajasthan Royals,2020,"In IPL 2020, Kolkata Knight Riders played Rajasthan Royals on 2020-11-01 at Dubai International Cricket Stadium. The winner was Kolkata Knight Riders. Player of the Match was PJ Cummins."
match,Royal Challengers Bengaluru vs Delhi Capitals,2020,"In IPL 2020, Royal Challengers Bengaluru played Delhi Capitals on 2020-11-02 at Sheikh Zayed Stadium. The winner was Delhi Capitals. Player of the Match was A Nortje."
match,Mumbai Indians vs Sunrisers Hyderabad,2020,"In IPL 2020, Mumbai Indians played Sunrisers Hyderabad on 2020-11-03 at Sharjah Cricket Stadium. The winner was Sunrisers Hyderabad. Player of the Match was S Nadeem."
match,Mumbai Indians vs Delhi Capitals,2020,"In IPL 2020, Mumbai Indians played Delhi Capitals on 2020-11-05 at Dubai International Cricket Stadium. The winner was Mumbai Indians. Player of the Match was JJ Bumrah."
match,Royal Challengers Bengaluru vs Sunrisers Hyderabad,2020,"In IPL 2020, Royal Challengers Bengaluru played Sunrisers Hyderabad on 2020-11-06 at Sheikh Zayed Stadium. The winner was Sunrisers Hyderabad. Player of the Match was KS Williamson."
match,Delhi Capitals vs Sunrisers Hyderabad,2020,"In IPL 2020, Delhi Capitals played Sunrisers Hyderabad on 2020-11-08 at Sheikh Zayed Stadium. The winner was Delhi Capitals. Player of the Match was MP Stoinis."
match,Delhi Capitals vs Mumbai Indians,2020,"In IPL 2020, Delhi Capitals played Mumbai Indians on 2020-11-10 at Dubai International Cricket Stadium. The winner was Mumbai Indians. Player of the Match was TA Boult."
match,Mumbai Indians vs Royal Challengers Bengaluru,2021,"In IPL 2021, Mumbai Indians played Royal Challengers Bengaluru on 2021-04-09 at MA Chidambaram Stadium, Chepauk, Chennai. The winner was Royal Challengers Bengaluru. Player of the Match was HV Patel."
match,Chennai Super Kings vs Delhi Capitals,2021,"In IPL 2021, Chennai Super Kings played Delhi Capitals on 2021-04-10 at Wankhede Stadium, Mumbai. The winner was Delhi Capitals. Player of the Match was S Dhawan."
match,Kolkata Knight Riders vs Sunrisers Hyderabad,2021,"In IPL 2021, Kolkata Knight Riders played Sunrisers Hyderabad on 2021-04-11 at MA Chidambaram Stadium, Chepauk, Chennai. The winner was Kolkata Knight Riders. Player of the Match was N Rana."
match,Punjab Kings vs Rajasthan Royals,2021,"In IPL 2021, Punjab Kings played Rajasthan Royals on 2021-04-12 at Wankhede Stadium, Mumbai. The winner was Punjab Kings. Player of the Match was SV Samson."
match,Mumbai Indians vs Kolkata Knight Riders,2021,"In IPL 2021, Mumbai Indians played Kolkata Knight Riders on 2021-04-13 at MA Chidambaram Stadium, Chepauk, Chennai. The winner was Mumbai Indians. Player of the Match was RD Chahar."
match,Royal Challengers Bengaluru vs Sunrisers Hyderabad,2021,"In IPL 2021, Royal Challengers Bengaluru played Sunrisers Hyderabad on 2021-04-14 at MA Chidambaram Stadium, Chepauk, Chennai. The winner was Royal Challengers Bengaluru. Player of the Match was GJ Maxwell."
match,Delhi Capitals vs Rajasthan Royals,2021,"In IPL 2021, Delhi Capitals played Rajasthan Royals on 2021-04-15 at Wankhede Stadium, Mumbai. The winner was Rajasthan Royals. Player of the Match was JD Unadkat."
match,Punjab Kings vs Chennai Super Kings,2021,"In IPL 2021, Punjab Kings played Chennai Super Kings on 2021-04-16 at Wankhede Stadium, Mumbai. The winner was Chennai Super Kings. Player of the Match was DL Chahar."
match,Mumbai Indians vs Sunrisers Hyderabad,2021,"In IPL 2021, Mumbai Indians played Sunrisers Hyderabad on 2021-04-17 at MA Chidambaram Stadium, Chepauk, Chennai. The winner was Mumbai Indians. Player of the Match was KA Pollard."
match,Royal Challengers Bengaluru vs Kolkata Knight Riders,2021,"In IPL 2021, Royal Challengers Bengaluru played Kolkata Knight Riders on 2021-04-18 at MA Chidambaram Stadium, Chepauk, Chennai. The winner was Royal Challengers Bengaluru. Player of the Match was AB de Villiers."
match,Punjab Kings vs Delhi Capitals,2021,"In IPL 2021, Punjab Kings played Delhi Capitals on 2021-04-18 at Wankhede Stadium, Mumbai. The winner was Delhi Capitals. Player of the Match was S Dhawan."
match,Chennai Super Kings vs Rajasthan Royals,2021,"In IPL 2021, Chennai Super Kings played Rajasthan Royals on 2021-04-19 at Wankhede Stadium, Mumbai. The winner was Chennai Super Kings. Player of the Match was MM Ali."
match,Mumbai Indians vs Delhi Capitals,2021,"In IPL 2021, Mumbai Indians played Delhi Capitals on 2021-04-20 at MA Chidambaram Stadium, Chepauk, Chennai. The winner was Delhi Capitals. Player of the Match was A Mishra."
match,Punjab Kings vs Sunrisers Hyderabad,2021,"In IPL 2021, Punjab Kings played Sunrisers Hyderabad on 2021-04-21 at MA Chidambaram Stadium, Chepauk, Chennai. The winner was Sunrisers Hyderabad. Player of the Match was JM Bairstow."
match,Chennai Super Kings vs Kolkata Knight Riders,2021,"In IPL 2021, Chennai Super Kings played Kolkata Knight Riders on 2021-04-21 at Wankhede Stadium, Mumbai. The winner was Chennai Super Kings. Player of the Match was F du Plessis."
match,Rajasthan Royals vs Royal Challengers Bengaluru,2021,"In IPL 2021, Rajasthan Royals played Royal Challengers Bengaluru on 2021-04-22 at Wankhede Stadium, Mumbai. The winner was Royal Challengers Bengaluru. Player of the Match was D Padikkal."
match,Mumbai Indians vs Punjab Kings,2021,"In IPL 2021, Mumbai Indians played Punjab Kings on 2021-04-23 at MA Chidambaram Stadium, Chepauk, Chennai. The winner was Punjab Kings. Player of the Match was KL Rahul."
match,Kolkata Knight Riders vs Rajasthan Royals,2021,"In IPL 2021, Kolkata Knight Riders played Rajasthan Royals on 2021-04-24 at Wankhede Stadium, Mumbai. The winner was Rajasthan Royals. Player of the Match was CH Morris."
match,Delhi Capitals vs Sunrisers Hyderabad,2021,"In IPL 2021, Delhi Capitals played Sunrisers Hyderabad on 2021-04-25 at MA Chidambaram Stadium, Chepauk, Chennai. The winner was No Result. Player of the Match was PP Shaw."
match,Chennai Super Kings vs Royal Challengers Bengaluru,2021,"In IPL 2021, Chennai Super Kings played Royal Challengers Bengaluru on 2021-04-25 at Wankhede Stadium, Mumbai. The winner was Chennai Super Kings. Player of the Match was RA Jadeja."
match,Punjab Kings vs Kolkata Knight Riders,2021,"In IPL 2021, Punjab Kings played Kolkata Knight Riders on 2021-04-26 at Narendra Modi Stadium, Ahmedabad. The winner was Kolkata Knight Riders. Player of the Match was EJG Morgan."
match,Royal Challengers Bengaluru vs Delhi Capitals,2021,"In IPL 2021, Royal Challengers Bengaluru played Delhi Capitals on 2021-04-27 at Narendra Modi Stadium, Ahmedabad. The winner was Royal Challengers Bengaluru. Player of the Match was AB de Villiers."
match,Sunrisers Hyderabad vs Chennai Super Kings,2021,"In IPL 2021, Sunrisers Hyderabad played Chennai Super Kings on 2021-04-28 at Arun Jaitley Stadium, Delhi. The winner was Chennai Super Kings. Player of the Match was RD Gaikwad."
match,Kolkata Knight Riders vs Delhi Capitals,2021,"In IPL 2021, Kolkata Knight Riders played Delhi Capitals on 2021-04-29 at Narendra Modi Stadium, Ahmedabad. The winner was Delhi Capitals. Player of the Match was PP Shaw."
match,Rajasthan Royals vs Mumbai Indians,2021,"In IPL 2021, Rajasthan Royals played Mumbai Indians on 2021-04-29 at Arun Jaitley Stadium, Delhi. The winner was Mumbai Indians. Player of the Match was Q de Kock."
match,Punjab Kings vs Royal Challengers Bengaluru,2021,"In IPL 2021, Punjab Kings played Royal Challengers Bengaluru on 2021-04-30 at Narendra Modi Stadium, Ahmedabad. The winner was Punjab Kings. Player of the Match was Harpreet Brar."
match,Chennai Super Kings vs Mumbai Indians,2021,"In IPL 2021, Chennai Super Kings played Mumbai Indians on 2021-05-01 at Arun Jaitley Stadium, Delhi. The winner was Mumbai Indians. Player of the Match was KA Pollard."
match,Punjab Kings vs Delhi Capitals,2021,"In IPL 2021, Punjab Kings played Delhi Capitals on 2021-05-02 at Narendra Modi Stadium, Ahmedabad. The winner was Delhi Capitals. Player of the Match was MA Agarwal."
match,Rajasthan Royals vs Sunrisers Hyderabad,2021,"In IPL 2021, Rajasthan Royals played Sunrisers Hyderabad on 2021-05-02 at Arun Jaitley Stadium, Delhi. The winner was Rajasthan Royals. Player of the Match was JC Buttler."
match,Chennai Super Kings vs Mumbai Indians,2021,"In IPL 2021, Chennai Super Kings played Mumbai Indians on 2021-09-19 at Dubai International Cricket Stadium. The winner was Chennai Super Kings. Player of the Match was RD Gaikwad."
match,Royal Challengers Bengaluru vs Kolkata Knight Riders,2021,"In IPL 2021, Royal Challengers Bengaluru played Kolkata Knight Riders on 2021-09-20 at Zayed Cricket Stadium, Abu Dhabi. The winner was Kolkata Knight Riders. Player of the Match was CV Varun."
match,Rajasthan Royals vs Punjab Kings,2021,"In IPL 2021, Rajasthan Royals played Punjab Kings on 2021-09-21 at Dubai International Cricket Stadium. The winner was Rajasthan Royals. Player of the Match was Kartik Tyagi."
match,Sunrisers Hyderabad vs Delhi Capitals,2021,"In IPL 2021, Sunrisers Hyderabad played Delhi Capitals on 2021-09-22 at Dubai International Cricket Stadium. The winner was Delhi Capitals. Player of the Match was A Nortje."
match,Mumbai Indians vs Kolkata Knight Riders,2021,"In IPL 2021, Mumbai Indians played Kolkata Knight Riders on 2021-09-23 at Zayed Cricket Stadium, Abu Dhabi. The winner was Kolkata Knight Riders. Player of the Match was SP Narine."
match,Royal Challengers Bengaluru vs Chennai Super Kings,2021,"In IPL 2021, Royal Challengers Bengaluru played Chennai Super Kings on 2021-09-24 at Sharjah Cricket Stadium. The winner was Chennai Super Kings. Player of the Match was DJ Bravo."
match,Punjab Kings vs Sunrisers Hyderabad,2021,"In IPL 2021, Punjab Kings played Sunrisers Hyderabad on 2021-09-25 at Sharjah Cricket Stadium. The winner was Punjab Kings. Player of the Match was JO Holder."
match,Delhi Capitals vs Rajasthan Royals,2021,"In IPL 2021, Delhi Capitals played Rajasthan Royals on 2021-09-25 at Zayed Cricket Stadium, Abu Dhabi. The winner was Delhi Capitals. Player of the Match was SS Iyer."
match,Royal Challengers Bengaluru vs Mumbai Indians,2021,"In IPL 2021, Royal Challengers Bengaluru played Mumbai Indians on 2021-09-26 at Dubai International Cricket Stadium. The winner was Royal Challengers Bengaluru. Player of the Match was GJ Maxwell."
match,Kolkata Knight Riders vs Chennai Super Kings,2021,"In IPL 2021, Kolkata Knight Riders played Chennai Super Kings on 2021-09-26 at Zayed Cricket Stadium, Abu Dhabi. The winner was Chennai Super Kings. Player of the Match was RA Jadeja."
match,Rajasthan Royals vs Sunrisers Hyderabad,2021,"In IPL 2021, Rajasthan Royals played Sunrisers Hyderabad on 2021-09-27 at Dubai International Cricket Stadium. The winner was Sunrisers Hyderabad. Player of the Match was JJ Roy."
match,Punjab Kings vs Mumbai Indians,2021,"In IPL 2021, Punjab Kings played Mumbai Indians on 2021-09-28 at Zayed Cricket Stadium, Abu Dhabi. The winner was Mumbai Indians. Player of the Match was KA Pollard."
match,Delhi Capitals vs Kolkata Knight Riders,2021,"In IPL 2021, Delhi Capitals played Kolkata Knight Riders on 2021-09-28 at Sharjah Cricket Stadium. The winner was Kolkata Knight Riders. Player of the Match was SP Narine."
match,Rajasthan Royals vs Royal Challengers Bengaluru,2021,"In IPL 2021, Rajasthan Royals played Royal Challengers Bengaluru on 2021-09-29 at Dubai International Cricket Stadium. The winner was Royal Challengers Bengaluru. Player of the Match was YS Chahal."
match,Sunrisers Hyderabad vs Chennai Super Kings,2021,"In IPL 2021, Sunrisers Hyderabad played Chennai Super Kings on 2021-09-30 at Sharjah Cricket Stadium. The winner was Chennai Super Kings. Player of the Match was JR Hazlewood."
match,Kolkata Knight Riders vs Punjab Kings,2021,"In IPL 2021, Kolkata Knight Riders played Punjab Kings on 2021-10-01 at Dubai International Cricket Stadium. The winner was Punjab Kings. Player of the Match was KL Rahul."
match,Mumbai Indians vs Delhi Capitals,2021,"In IPL 2021, Mumbai Indians played Delhi Capitals on 2021-10-02 at Sharjah Cricket Stadium. The winner was Delhi Capitals. Player of the Match was AR Patel."
match,Chennai Super Kings vs Rajasthan Royals,2021,"In IPL 2021, Chennai Super Kings played Rajasthan Royals on 2021-10-02 at Zayed Cricket Stadium, Abu Dhabi. The winner was Rajasthan Royals. Player of the Match was RD Gaikwad."
match,Royal Challengers Bengaluru vs Punjab Kings,2021,"In IPL 2021, Royal Challengers Bengaluru played Punjab Kings on 2021-10-03 at Sharjah Cricket Stadium. The winner was Royal Challengers Bengaluru. Player of the Match was GJ Maxwell."
match,Sunrisers Hyderabad vs Kolkata Knight Riders,2021,"In IPL 2021, Sunrisers Hyderabad played Kolkata Knight Riders on 2021-10-03 at Dubai International Cricket Stadium. The winner was Kolkata Knight Riders. Player of the Match was Shubman Gill."
match,Chennai Super Kings vs Delhi Capitals,2021,"In IPL 2021, Chennai Super Kings played Delhi Capitals on 2021-10-04 at Dubai International Cricket Stadium. The winner was Delhi Capitals. Player of the Match was AR Patel."
match,Rajasthan Royals vs Mumbai Indians,2021,"In IPL 2021, Rajasthan Royals played Mumbai Indians on 2021-10-05 at Sharjah Cricket Stadium. The winner was Mumbai Indians. Player of the Match was NM Coulter-Nile."
match,Sunrisers Hyderabad vs Royal Challengers Bengaluru,2021,"In IPL 2021, Sunrisers Hyderabad played Royal Challengers Bengaluru on 2021-10-06 at Zayed Cricket Stadium, Abu Dhabi. The winner was Sunrisers Hyderabad. Player of the Match was KS Williamson."
match,Chennai Super Kings vs Punjab Kings,2021,"In IPL 2021, Chennai Super Kings played Punjab Kings on 2021-10-07 at Dubai International Cricket Stadium. The winner was Punjab Kings. Player of the Match was KL Rahul."
match,Kolkata Knight Riders vs Rajasthan Royals,2021,"In IPL 2021, Kolkata Knight Riders played Rajasthan Royals on 2021-10-07 at Sharjah Cricket Stadium. The winner was Kolkata Knight Riders. Player of the Match was Shivam Mavi."
match,Delhi Capitals vs Royal Challengers Bengaluru,2021,"In IPL 2021, Delhi Capitals played Royal Challengers Bengaluru on 2021-10-08 at Dubai International Cricket Stadium. The winner was Royal Challengers Bengaluru. Player of the Match was KS Bharat."
match,Mumbai Indians vs Sunrisers Hyderabad,2021,"In IPL 2021, Mumbai Indians played Sunrisers Hyderabad on 2021-10-08 at Zayed Cricket Stadium, Abu Dhabi. The winner was Mumbai Indians. Player of the Match was Ishan Kishan."
match,Delhi Capitals vs Chennai Super Kings,2021,"In IPL 2021, Delhi Capitals played Chennai Super Kings on 2021-10-10 at Dubai International Cricket Stadium. The winner was Chennai Super Kings. Player of the Match was RD Gaikwad."
match,Royal Challengers Bengaluru vs Kolkata Knight Riders,2021,"In IPL 2021, Royal Challengers Bengaluru played Kolkata Knight Riders on 2021-10-11 at Sharjah Cricket Stadium. The winner was Kolkata Knight Riders. Player of the Match was SP Narine."
match,Delhi Capitals vs Kolkata Knight Riders,2021,"In IPL 2021, Delhi Capitals played Kolkata Knight Riders on 2021-10-13 at Sharjah Cricket Stadium. The winner was Kolkata Knight Riders. Player of the Match was VR Iyer."
match,Chennai Super Kings vs Kolkata Knight Riders,2021,"In IPL 2021, Chennai Super Kings played Kolkata Knight Riders on 2021-10-15 at Dubai International Cricket Stadium. The winner was Chennai Super Kings. Player of the Match was F du Plessis."
match,Chennai Super Kings vs Kolkata Knight Riders,2022,"In IPL 2022, Chennai Super Kings played Kolkata Knight Riders on 2022-03-26 at Wankhede Stadium, Mumbai. The winner was Kolkata Knight Riders. Player of the Match was UT Yadav."
match,Mumbai Indians vs Delhi Capitals,2022,"In IPL 2022, Mumbai Indians played Delhi Capitals on 2022-03-27 at Brabourne Stadium, Mumbai. The winner was Delhi Capitals. Player of the Match was Kuldeep Yadav."
match,Royal Challengers Bengaluru vs Punjab Kings,2022,"In IPL 2022, Royal Challengers Bengaluru played Punjab Kings on 2022-03-27 at Dr DY Patil Sports Academy, Mumbai. The winner was Punjab Kings. Player of the Match was OF Smith."
match,Lucknow Super Giants vs Gujarat Titans,2022,"In IPL 2022, Lucknow Super Giants played Gujarat Titans on 2022-03-28 at Wankhede Stadium, Mumbai. The winner was Gujarat Titans. Player of the Match was Mohammed Shami."
match,Rajasthan Royals vs Sunrisers Hyderabad,2022,"In IPL 2022, Rajasthan Royals played Sunrisers Hyderabad on 2022-03-29 at Maharashtra Cricket Association Stadium, Pune. The winner was Rajasthan Royals. Player of the Match was SV Samson."
match,Kolkata Knight Riders vs Royal Challengers Bengaluru,2022,"In IPL 2022, Kolkata Knight Riders played Royal Challengers Bengaluru on 2022-03-30 at Dr DY Patil Sports Academy, Mumbai. The winner was Royal Challengers Bengaluru. Player of the Match was PWH de Silva."
match,Chennai Super Kings vs Lucknow Super Giants,2022,"In IPL 2022, Chennai Super Kings played Lucknow Super Giants on 2022-03-31 at Brabourne Stadium, Mumbai. The winner was Lucknow Super Giants. Player of the Match was E Lewis."
match,Punjab Kings vs Kolkata Knight Riders,2022,"In IPL 2022, Punjab Kings played Kolkata Knight Riders on 2022-04-01 at Wankhede Stadium, Mumbai. The winner was Kolkata Knight Riders. Player of the Match was UT Yadav."
match,Rajasthan Royals vs Mumbai Indians,2022,"In IPL 2022, Rajasthan Royals played Mumbai Indians on 2022-04-02 at Dr DY Patil Sports Academy, Mumbai. The winner was Rajasthan Royals. Player of the Match was JC Buttler."
match,Gujarat Titans vs Delhi Capitals,2022,"In IPL 2022, Gujarat Titans played Delhi Capitals on 2022-04-02 at Maharashtra Cricket Association Stadium, Pune. The winner was Gujarat Titans. Player of the Match was LH Ferguson."
match,Punjab Kings vs Chennai Super Kings,2022,"In IPL 2022, Punjab Kings played Chennai Super Kings on 2022-04-03 at Brabourne Stadium, Mumbai. The winner was Punjab Kings. Player of the Match was LS Livingstone."
match,Lucknow Super Giants vs Sunrisers Hyderabad,2022,"In IPL 2022, Lucknow Super Giants played Sunrisers Hyderabad on 2022-04-04 at Dr DY Patil Sports Academy, Mumbai. The winner was Lucknow Super Giants. Player of the Match was Avesh Khan."
match,Rajasthan Royals vs Royal Challengers Bengaluru,2022,"In IPL 2022, Rajasthan Royals played Royal Challengers Bengaluru on 2022-04-05 at Wankhede Stadium, Mumbai. The winner was Royal Challengers Bengaluru. Player of the Match was KD Karthik."
match,Mumbai Indians vs Kolkata Knight Riders,2022,"In IPL 2022, Mumbai Indians played Kolkata Knight Riders on 2022-04-06 at Maharashtra Cricket Association Stadium, Pune. The winner was Kolkata Knight Riders. Player of the Match was PJ Cummins."
match,Delhi Capitals vs Lucknow Super Giants,2022,"In IPL 2022, Delhi Capitals played Lucknow Super Giants on 2022-04-07 at Dr DY Patil Sports Academy, Mumbai. The winner was Lucknow Super Giants. Player of the Match was Q de Kock."
match,Punjab Kings vs Gujarat Titans,2022,"In IPL 2022, Punjab Kings played Gujarat Titans on 2022-04-08 at Brabourne Stadium, Mumbai. The winner was Gujarat Titans. Player of the Match was Shubman Gill."
match,Chennai Super Kings vs Sunrisers Hyderabad,2022,"In IPL 2022, Chennai Super Kings played Sunrisers Hyderabad on 2022-04-09 at Dr DY Patil Sports Academy, Mumbai. The winner was Sunrisers Hyderabad. Player of the Match was Abhishek Sharma."
match,Mumbai Indians vs Royal Challengers Bengaluru,2022,"In IPL 2022, Mumbai Indians played Royal Challengers Bengaluru on 2022-04-09 at Maharashtra Cricket Association Stadium, Pune. The winner was Royal Challengers Bengaluru. Player of the Match was Anuj Rawat."
match,Delhi Capitals vs Kolkata Knight Riders,2022,"In IPL 2022, Delhi Capitals played Kolkata Knight Riders on 2022-04-10 at Brabourne Stadium, Mumbai. The winner was Delhi Capitals. Player of the Match was Kuldeep Yadav."
match,Rajasthan Royals vs Lucknow Super Giants,2022,"In IPL 2022, Rajasthan Royals played Lucknow Super Giants on 2022-04-10 at Wankhede Stadium, Mumbai. The winner was Rajasthan Royals. Player of the Match was YS Chahal."
match,Gujarat Titans vs Sunrisers Hyderabad,2022,"In IPL 2022, Gujarat Titans played Sunrisers Hyderabad on 2022-04-11 at Dr DY Patil Sports Academy, Mumbai. The winner was Sunrisers Hyderabad. Player of the Match was KS Williamson."
match,Chennai Super Kings vs Royal Challengers Bengaluru,2022,"In IPL 2022, Chennai Super Kings played Royal Challengers Bengaluru on 2022-04-12 at Dr DY Patil Sports Academy, Mumbai. The winner was Chennai Super Kings. Player of the Match was S Dube."
match,Punjab Kings vs Mumbai Indians,2022,"In IPL 2022, Punjab Kings played Mumbai Indians on 2022-04-13 at Maharashtra Cricket Association Stadium, Pune. The winner was Punjab Kings. Player of the Match was MA Agarwal."
match,Gujarat Titans vs Rajasthan Royals,2022,"In IPL 2022, Gujarat Titans played Rajasthan Royals on 2022-04-14 at Dr DY Patil Sports Academy, Mumbai. The winner was Gujarat Titans. Player of the Match was HH Pandya."
match,Kolkata Knight Riders vs Sunrisers Hyderabad,2022,"In IPL 2022, Kolkata Knight Riders played Sunrisers Hyderabad on 2022-04-15 at Brabourne Stadium, Mumbai. The winner was Sunrisers Hyderabad. Player of the Match was RA Tripathi."
match,Lucknow Super Giants vs Mumbai Indians,2022,"In IPL 2022, Lucknow Super Giants played Mumbai Indians on 2022-04-16 at Brabourne Stadium, Mumbai. The winner was Lucknow Super Giants. Player of the Match was KL Rahul."
match,Royal Challengers Bengaluru vs Delhi Capitals,2022,"In IPL 2022, Royal Challengers Bengaluru played Delhi Capitals on 2022-04-16 at Wankhede Stadium, Mumbai. The winner was Royal Challengers Bengaluru. Player of the Match was KD Karthik."
match,Chennai Super Kings vs Gujarat Titans,2022,"In IPL 2022, Chennai Super Kings played Gujarat Titans on 2022-04-17 at Maharashtra Cricket Association Stadium, Pune. The winner was Gujarat Titans. Player of the Match was DA Miller."
match,Punjab Kings vs Sunrisers Hyderabad,2022,"In IPL 2022, Punjab Kings played Sunrisers Hyderabad on 2022-04-17 at Dr DY Patil Sports Academy, Mumbai. The winner was Sunrisers Hyderabad. Player of the Match was Umran Malik."
match,Rajasthan Royals vs Kolkata Knight Riders,2022,"In IPL 2022, Rajasthan Royals played Kolkata Knight Riders on 2022-04-18 at Brabourne Stadium, Mumbai. The winner was Rajasthan Royals. Player of the Match was YS Chahal."
match,Royal Challengers Bengaluru vs Lucknow Super Giants,2022,"In IPL 2022, Royal Challengers Bengaluru played Lucknow Super Giants on 2022-04-19 at Dr DY Patil Sports Academy, Mumbai. The winner was Royal Challengers Bengaluru. Player of the Match was F du Plessis."
match,Punjab Kings vs Delhi Capitals,2022,"In IPL 2022, Punjab Kings played Delhi Capitals on 2022-04-20 at Brabourne Stadium, Mumbai. The winner was Delhi Capitals. Player of the Match was Kuldeep Yadav."
match,Mumbai Indians vs Chennai Super Kings,2022,"In IPL 2022, Mumbai Indians played Chennai Super Kings on 2022-04-21 at Dr DY Patil Sports Academy, Mumbai. The winner was Chennai Super Kings. Player of the Match was Mukesh Choudhary."
match,Rajasthan Royals vs Delhi Capitals,2022,"In IPL 2022, Rajasthan Royals played Delhi Capitals on 2022-04-22 at Wankhede Stadium, Mumbai. The winner was Rajasthan Royals. Player of the Match was JC Buttler."
match,Royal Challengers Bengaluru vs Sunrisers Hyderabad,2022,"In IPL 2022, Royal Challengers Bengaluru played Sunrisers Hyderabad on 2022-04-23 at Brabourne Stadium, Mumbai. The winner was Sunrisers Hyderabad. Player of the Match was M Jansen."
match,Gujarat Titans vs Kolkata Knight Riders,2022,"In IPL 2022, Gujarat Titans played Kolkata Knight Riders on 2022-04-23 at Dr DY Patil Sports Academy, Mumbai. The winner was Gujarat Titans. Player of the Match was Rashid Khan."
match,Lucknow Super Giants vs Mumbai Indians,2022,"In IPL 2022, Lucknow Super Giants played Mumbai Indians on 2022-04-24 at Wankhede Stadium, Mumbai. The winner was Lucknow Super Giants. Player of the Match was KL Rahul."
match,Punjab Kings vs Chennai Super Kings,2022,"In IPL 2022, Punjab Kings played Chennai Super Kings on 2022-04-25 at Wankhede Stadium, Mumbai. The winner was Punjab Kings. Player of the Match was S Dhawan."
match,Rajasthan Royals vs Royal Challengers Bengaluru,2022,"In IPL 2022, Rajasthan Royals played Royal Challengers Bengaluru on 2022-04-26 at Maharashtra Cricket Association Stadium, Pune. The winner was Rajasthan Royals. Player of the Match was R Parag."
match,Sunrisers Hyderabad vs Gujarat Titans,2022,"In IPL 2022, Sunrisers Hyderabad played Gujarat Titans on 2022-04-27 at Wankhede Stadium, Mumbai. The winner was Gujarat Titans. Player of the Match was Umran Malik."
match,Kolkata Knight Riders vs Delhi Capitals,2022,"In IPL 2022, Kolkata Knight Riders played Delhi Capitals on 2022-04-28 at Wankhede Stadium, Mumbai. The winner was Delhi Capitals. Player of the Match was Kuldeep Yadav."
match,Lucknow Super Giants vs Punjab Kings,2022,"In IPL 2022, Lucknow Super Giants played Punjab Kings on 2022-04-29 at Maharashtra Cricket Association Stadium, Pune. The winner was Lucknow Super Giants. Player of the Match was KH Pandya."
match,Royal Challengers Bengaluru vs Gujarat Titans,2022,"In IPL 2022, Royal Challengers Bengaluru played Gujarat Titans on 2022-04-30 at Brabourne Stadium, Mumbai. The winner was Gujarat Titans. Player of the Match was R Tewatia."
match,Rajasthan Royals vs Mumbai Indians,2022,"In IPL 2022, Rajasthan Royals played Mumbai Indians on 2022-04-30 at Dr DY Patil Sports Academy, Mumbai. The winner was Mumbai Indians. Player of the Match was SA Yadav."
match,Lucknow Super Giants vs Delhi Capitals,2022,"In IPL 2022, Lucknow Super Giants played Delhi Capitals on 2022-05-01 at Wankhede Stadium, Mumbai. The winner was Lucknow Super Giants. Player of the Match was Mohsin Khan."
match,Chennai Super Kings vs Sunrisers Hyderabad,2022,"In IPL 2022, Chennai Super Kings played Sunrisers Hyderabad on 2022-05-01 at Maharashtra Cricket Association Stadium, Pune. The winner was Chennai Super Kings. Player of the Match was RD Gaikwad."
match,Rajasthan Royals vs Kolkata Knight Riders,2022,"In IPL 2022, Rajasthan Royals played Kolkata Knight Riders on 2022-05-02 at Wankhede Stadium, Mumbai. The winner was Kolkata Knight Riders. Player of the Match was RK Singh."
match,Gujarat Titans vs Punjab Kings,2022,"In IPL 2022, Gujarat Titans played Punjab Kings on 2022-05-03 at Dr DY Patil Sports Academy, Mumbai. The winner was Punjab Kings. Player of the Match was K Rabada."
match,Royal Challengers Bengaluru vs Chennai Super Kings,2022,"In IPL 2022, Royal Challengers Bengaluru played Chennai Super Kings on 2022-05-04 at Maharashtra Cricket Association Stadium, Pune. The winner was Royal Challengers Bengaluru. Player of the Match was HV Patel."
match,Delhi Capitals vs Sunrisers Hyderabad,2022,"In IPL 2022, Delhi Capitals played Sunrisers Hyderabad on 2022-05-05 at Brabourne Stadium, Mumbai. The winner was Delhi Capitals. Player of the Match was DA Warner."
match,Mumbai Indians vs Gujarat Titans,2022,"In IPL 2022, Mumbai Indians played Gujarat Titans on 2022-05-06 at Brabourne Stadium, Mumbai. The winner was Mumbai Indians. Player of the Match was TH David."
match,Lucknow Super Giants vs Kolkata Knight Riders,2022,"In IPL 2022, Lucknow Super Giants played Kolkata Knight Riders on 2022-05-07 at Maharashtra Cricket Association Stadium, Pune. The winner was Lucknow Super Giants. Player of the Match was Avesh Khan."
match,Punjab Kings vs Rajasthan Royals,2022,"In IPL 2022, Punjab Kings played Rajasthan Royals on 2022-05-07 at Wankhede Stadium, Mumbai. The winner was Rajasthan Royals. Player of the Match was YBK Jaiswal."
match,Royal Challengers Bengaluru vs Sunrisers Hyderabad,2022,"In IPL 2022, Royal Challengers Bengaluru played Sunrisers Hyderabad on 2022-05-08 at Wankhede Stadium, Mumbai. The winner was Royal Challengers Bengaluru. Player of the Match was PWH de Silva."
match,Chennai Super Kings vs Delhi Capitals,2022,"In IPL 2022, Chennai Super Kings played Delhi Capitals on 2022-05-08 at Dr DY Patil Sports Academy, Mumbai. The winner was Chennai Super Kings. Player of the Match was DP Conway."
match,Kolkata Knight Riders vs Mumbai Indians,2022,"In IPL 2022, Kolkata Knight Riders played Mumbai Indians on 2022-05-09 at Dr DY Patil Sports Academy, Mumbai. The winner was Kolkata Knight Riders. Player of the Match was JJ Bumrah."
match,Gujarat Titans vs Lucknow Super Giants,2022,"In IPL 2022, Gujarat Titans played Lucknow Super Giants on 2022-05-10 at Maharashtra Cricket Association Stadium, Pune. The winner was Gujarat Titans. Player of the Match was Shubman Gill."
match,Rajasthan Royals vs Delhi Capitals,2022,"In IPL 2022, Rajasthan Royals played Delhi Capitals on 2022-05-11 at Dr DY Patil Sports Academy, Mumbai. The winner was Delhi Capitals. Player of the Match was MR Marsh."
match,Chennai Super Kings vs Mumbai Indians,2022,"In IPL 2022, Chennai Super Kings played Mumbai Indians on 2022-05-12 at Wankhede Stadium, Mumbai. The winner was Mumbai Indians. Player of the Match was DR Sams."
match,Punjab Kings vs Royal Challengers Bengaluru,2022,"In IPL 2022, Punjab Kings played Royal Challengers Bengaluru on 2022-05-13 at Brabourne Stadium, Mumbai. The winner was Punjab Kings. Player of the Match was JM Bairstow."
match,Kolkata Knight Riders vs Sunrisers Hyderabad,2022,"In IPL 2022, Kolkata Knight Riders played Sunrisers Hyderabad on 2022-05-14 at Maharashtra Cricket Association Stadium, Pune. The winner was Kolkata Knight Riders. Player of the Match was AD Russell."
match,Chennai Super Kings vs Gujarat Titans,2022,"In IPL 2022, Chennai Super Kings played Gujarat Titans on 2022-05-15 at Wankhede Stadium, Mumbai. The winner was Gujarat Titans. Player of the Match was WP Saha."
match,Rajasthan Royals vs Lucknow Super Giants,2022,"In IPL 2022, Rajasthan Royals played Lucknow Super Giants on 2022-05-15 at Brabourne Stadium, Mumbai. The winner was Rajasthan Royals. Player of the Match was TA Boult."
match,Delhi Capitals vs Punjab Kings,2022,"In IPL 2022, Delhi Capitals played Punjab Kings on 2022-05-16 at Dr DY Patil Sports Academy, Mumbai. The winner was Delhi Capitals. Player of the Match was SN Thakur."
match,Sunrisers Hyderabad vs Mumbai Indians,2022,"In IPL 2022, Sunrisers Hyderabad played Mumbai Indians on 2022-05-17 at Wankhede Stadium, Mumbai. The winner was Sunrisers Hyderabad. Player of the Match was RA Tripathi."
match,Lucknow Super Giants vs Kolkata Knight Riders,2022,"In IPL 2022, Lucknow Super Giants played Kolkata Knight Riders on 2022-05-18 at Dr DY Patil Sports Academy, Mumbai. The winner was Lucknow Super Giants. Player of the Match was Q de Kock."
match,Gujarat Titans vs Royal Challengers Bengaluru,2022,"In IPL 2022, Gujarat Titans played Royal Challengers Bengaluru on 2022-05-19 at Wankhede Stadium, Mumbai. The winner was Royal Challengers Bengaluru. Player of the Match was V Kohli."
match,Chennai Super Kings vs Rajasthan Royals,2022,"In IPL 2022, Chennai Super Kings played Rajasthan Royals on 2022-05-20 at Brabourne Stadium, Mumbai. The winner was Rajasthan Royals. Player of the Match was R Ashwin."
match,Delhi Capitals vs Mumbai Indians,2022,"In IPL 2022, Delhi Capitals played Mumbai Indians on 2022-05-21 at Wankhede Stadium, Mumbai. The winner was Mumbai Indians. Player of the Match was JJ Bumrah."
match,Sunrisers Hyderabad vs Punjab Kings,2022,"In IPL 2022, Sunrisers Hyderabad played Punjab Kings on 2022-05-22 at Wankhede Stadium, Mumbai. The winner was Punjab Kings. Player of the Match was Harpreet Brar."
match,Rajasthan Royals vs Gujarat Titans,2022,"In IPL 2022, Rajasthan Royals played Gujarat Titans on 2022-05-24 at Eden Gardens, Kolkata. The winner was Gujarat Titans. Player of the Match was DA Miller."
match,Royal Challengers Bengaluru vs Lucknow Super Giants,2022,"In IPL 2022, Royal Challengers Bengaluru played Lucknow Super Giants on 2022-05-25 at Eden Gardens, Kolkata. The winner was Royal Challengers Bengaluru. Player of the Match was RM Patidar."
match,Royal Challengers Bengaluru vs Rajasthan Royals,2022,"In IPL 2022, Royal Challengers Bengaluru played Rajasthan Royals on 2022-05-27 at Narendra Modi Stadium, Ahmedabad. The winner was Rajasthan Royals. Player of the Match was JC Buttler."
match,Rajasthan Royals vs Gujarat Titans,2022,"In IPL 2022, Rajasthan Royals played Gujarat Titans on 2022-05-29 at Narendra Modi Stadium, Ahmedabad. The winner was Gujarat Titans. Player of the Match was HH Pandya."
match,Chennai Super Kings vs Gujarat Titans,2023,"In IPL 2023, Chennai Super Kings played Gujarat Titans on 2023-03-31 at Narendra Modi Stadium, Ahmedabad. The winner was Gujarat Titans. Player of the Match was Rashid Khan."
match,Punjab Kings vs Kolkata Knight Riders,2023,"In IPL 2023, Punjab Kings played Kolkata Knight Riders on 2023-04-01 at Punjab Cricket Association IS Bindra Stadium, Mohali, Chandigarh. The winner was Punjab Kings. Player of the Match was Arshdeep Singh."
match,Lucknow Super Giants vs Delhi Capitals,2023,"In IPL 2023, Lucknow Super Giants played Delhi Capitals on 2023-04-01 at Bharat Ratna Shri Atal Bihari Vajpayee Ekana Cricket Stadium, Lucknow. The winner was Lucknow Super Giants. Player of the Match was MA Wood."
match,Rajasthan Royals vs Sunrisers Hyderabad,2023,"In IPL 2023, Rajasthan Royals played Sunrisers Hyderabad on 2023-04-02 at Rajiv Gandhi International Stadium, Uppal, Hyderabad. The winner was Rajasthan Royals. Player of the Match was JC Buttler."
match,Mumbai Indians vs Royal Challengers Bengaluru,2023,"In IPL 2023, Mumbai Indians played Royal Challengers Bengaluru on 2023-04-02 at M Chinnaswamy Stadium, Bengaluru. The winner was Royal Challengers Bengaluru. Player of the Match was F du Plessis."
match,Chennai Super Kings vs Lucknow Super Giants,2023,"In IPL 2023, Chennai Super Kings played Lucknow Super Giants on 2023-04-03 at MA Chidambaram Stadium, Chepauk, Chennai. The winner was Chennai Super Kings. Player of the Match was MM Ali."
match,Delhi Capitals vs Gujarat Titans,2023,"In IPL 2023, Delhi Capitals played Gujarat Titans on 2023-04-04 at Arun Jaitley Stadium, Delhi. The winner was Gujarat Titans. Player of the Match was B Sai Sudharsan."
match,Punjab Kings vs Rajasthan Royals,2023,"In IPL 2023, Punjab Kings played Rajasthan Royals on 2023-04-05 at Barsapara Cricket Stadium, Guwahati. The winner was Punjab Kings. Player of the Match was NT Ellis."
match,Kolkata Knight Riders vs Royal Challengers Bengaluru,2023,"In IPL 2023, Kolkata Knight Riders played Royal Challengers Bengaluru on 2023-04-06 at Eden Gardens, Kolkata. The winner was Kolkata Knight Riders. Player of the Match was SN Thakur."
match,Sunrisers Hyderabad vs Lucknow Super Giants,2023,"In IPL 2023, Sunrisers Hyderabad played Lucknow Super Giants on 2023-04-07 at Bharat Ratna Shri Atal Bihari Vajpayee Ekana Cricket Stadium, Lucknow. The winner was Lucknow Super Giants. Player of the Match was KH Pandya."
match,Mumbai Indians vs Chennai Super Kings,2023,"In IPL 2023, Mumbai Indians played Chennai Super Kings on 2023-04-08 at Wankhede Stadium, Mumbai. The winner was Chennai Super Kings. Player of the Match was RA Jadeja."
match,Rajasthan Royals vs Delhi Capitals,2023,"In IPL 2023, Rajasthan Royals played Delhi Capitals on 2023-04-08 at Barsapara Cricket Stadium, Guwahati. The winner was Rajasthan Royals. Player of the Match was YBK Jaiswal."
match,Gujarat Titans vs Kolkata Knight Riders,2023,"In IPL 2023, Gujarat Titans played Kolkata Knight Riders on 2023-04-09 at Narendra Modi Stadium, Ahmedabad. The winner was Kolkata Knight Riders. Player of the Match was RK Singh."
match,Punjab Kings vs Sunrisers Hyderabad,2023,"In IPL 2023, Punjab Kings played Sunrisers Hyderabad on 2023-04-09 at Rajiv Gandhi International Stadium, Uppal, Hyderabad. The winner was Sunrisers Hyderabad. Player of the Match was S Dhawan."
match,Royal Challengers Bengaluru vs Lucknow Super Giants,2023,"In IPL 2023, Royal Challengers Bengaluru played Lucknow Super Giants on 2023-04-10 at M Chinnaswamy Stadium, Bengaluru. The winner was Lucknow Super Giants. Player of the Match was N Pooran."
match,Delhi Capitals vs Mumbai Indians,2023,"In IPL 2023, Delhi Capitals played Mumbai Indians on 2023-04-11 at Arun Jaitley Stadium, Delhi. The winner was Mumbai Indians. Player of the Match was RG Sharma."
match,Rajasthan Royals vs Chennai Super Kings,2023,"In IPL 2023, Rajasthan Royals played Chennai Super Kings on 2023-04-12 at MA Chidambaram Stadium, Chepauk, Chennai. The winner was Rajasthan Royals. Player of the Match was R Ashwin."
match,Punjab Kings vs Gujarat Titans,2023,"In IPL 2023, Punjab Kings played Gujarat Titans on 2023-04-13 at Punjab Cricket Association IS Bindra Stadium, Mohali, Chandigarh. The winner was Gujarat Titans. Player of the Match was MM Sharma."
match,Sunrisers Hyderabad vs Kolkata Knight Riders,2023,"In IPL 2023, Sunrisers Hyderabad played Kolkata Knight Riders on 2023-04-14 at Eden Gardens, Kolkata. The winner was Sunrisers Hyderabad. Player of the Match was HC Brook."
match,Lucknow Super Giants vs Punjab Kings,2023,"In IPL 2023, Lucknow Super Giants played Punjab Kings on 2023-04-15 at Bharat Ratna Shri Atal Bihari Vajpayee Ekana Cricket Stadium, Lucknow. The winner was Punjab Kings. Player of the Match was Sikandar Raza."
match,Royal Challengers Bengaluru vs Delhi Capitals,2023,"In IPL 2023, Royal Challengers Bengaluru played Delhi Capitals on 2023-04-15 at M Chinnaswamy Stadium, Bengaluru. The winner was Royal Challengers Bengaluru. Player of the Match was V Kohli."
match,Kolkata Knight Riders vs Mumbai Indians,2023,"In IPL 2023, Kolkata Knight Riders played Mumbai Indians on 2023-04-16 at Wankhede Stadium, Mumbai. The winner was Mumbai Indians. Player of the Match was VR Iyer."
match,Gujarat Titans vs Rajasthan Royals,2023,"In IPL 2023, Gujarat Titans played Rajasthan Royals on 2023-04-16 at Narendra Modi Stadium, Ahmedabad. The winner was Rajasthan Royals. Player of the Match was SO Hetmyer."
match,Chennai Super Kings vs Royal Challengers Bengaluru,2023,"In IPL 2023, Chennai Super Kings played Royal Challengers Bengaluru on 2023-04-17 at M Chinnaswamy Stadium, Bengaluru. The winner was Chennai Super Kings. Player of the Match was DP Conway."
match,Mumbai Indians vs Sunrisers Hyderabad,2023,"In IPL 2023, Mumbai Indians played Sunrisers Hyderabad on 2023-04-18 at Rajiv Gandhi International Stadium, Uppal, Hyderabad. The winner was Mumbai Indians. Player of the Match was C Green."
match,Lucknow Super Giants vs Rajasthan Royals,2023,"In IPL 2023, Lucknow Super Giants played Rajasthan Royals on 2023-04-19 at Sawai Mansingh Stadium, Jaipur. The winner was Lucknow Super Giants. Player of the Match was MP Stoinis."
match,Kolkata Knight Riders vs Delhi Capitals,2023,"In IPL 2023, Kolkata Knight Riders played Delhi Capitals on 2023-04-20 at Arun Jaitley Stadium, Delhi. The winner was Delhi Capitals. Player of the Match was I Sharma."
match,Royal Challengers Bengaluru vs Punjab Kings,2023,"In IPL 2023, Royal Challengers Bengaluru played Punjab Kings on 2023-04-20 at Punjab Cricket Association IS Bindra Stadium, Mohali, Chandigarh. The winner was Royal Challengers Bengaluru. Player of the Match was Mohammed Siraj."
match,Sunrisers Hyderabad vs Chennai Super Kings,2023,"In IPL 2023, Sunrisers Hyderabad played Chennai Super Kings on 2023-04-21 at MA Chidambaram Stadium, Chepauk, Chennai. The winner was Chennai Super Kings. Player of the Match was RA Jadeja."
match,Gujarat Titans vs Lucknow Super Giants,2023,"In IPL 2023, Gujarat Titans played Lucknow Super Giants on 2023-04-22 at Bharat Ratna Shri Atal Bihari Vajpayee Ekana Cricket Stadium, Lucknow. The winner was Gujarat Titans. Player of the Match was MM Sharma."
match,Punjab Kings vs Mumbai Indians,2023,"In IPL 2023, Punjab Kings played Mumbai Indians on 2023-04-22 at Wankhede Stadium, Mumbai. The winner was Punjab Kings. Player of the Match was SM Curran."
match,Chennai Super Kings vs Kolkata Knight Riders,2023,"In IPL 2023, Chennai Super Kings played Kolkata Knight Riders on 2023-04-23 at Eden Gardens, Kolkata. The winner was Chennai Super Kings. Player of the Match was AM Rahane."
match,Royal Challengers Bengaluru vs Rajasthan Royals,2023,"In IPL 2023, Royal Challengers Bengaluru played Rajasthan Royals on 2023-04-23 at M Chinnaswamy Stadium, Bengaluru. The winner was Royal Challengers Bengaluru. Player of the Match was GJ Maxwell."
match,Delhi Capitals vs Sunrisers Hyderabad,2023,"In IPL 2023, Delhi Capitals played Sunrisers Hyderabad on 2023-04-24 at Rajiv Gandhi International Stadium, Uppal, Hyderabad. The winner was Delhi Capitals. Player of the Match was AR Patel."
match,Gujarat Titans vs Mumbai Indians,2023,"In IPL 2023, Gujarat Titans played Mumbai Indians on 2023-04-25 at Narendra Modi Stadium, Ahmedabad. The winner was Gujarat Titans. Player of the Match was A Manohar."
match,Kolkata Knight Riders vs Royal Challengers Bengaluru,2023,"In IPL 2023, Kolkata Knight Riders played Royal Challengers Bengaluru on 2023-04-26 at M Chinnaswamy Stadium, Bengaluru. The winner was Kolkata Knight Riders. Player of the Match was CV Varun."
match,Rajasthan Royals vs Chennai Super Kings,2023,"In IPL 2023, Rajasthan Royals played Chennai Super Kings on 2023-04-27 at Sawai Mansingh Stadium, Jaipur. The winner was Rajasthan Royals. Player of the Match was YBK Jaiswal."
match,Lucknow Super Giants vs Punjab Kings,2023,"In IPL 2023, Lucknow Super Giants played Punjab Kings on 2023-04-28 at Punjab Cricket Association IS Bindra Stadium, Mohali, Chandigarh. The winner was Lucknow Super Giants. Player of the Match was MP Stoinis."
match,Kolkata Knight Riders vs Gujarat Titans,2023,"In IPL 2023, Kolkata Knight Riders played Gujarat Titans on 2023-04-29 at Eden Gardens, Kolkata. The winner was Gujarat Titans. Player of the Match was J Little."
match,Sunrisers Hyderabad vs Delhi Capitals,2023,"In IPL 2023, Sunrisers Hyderabad played Delhi Capitals on 2023-04-29 at Arun Jaitley Stadium, Delhi. The winner was Sunrisers Hyderabad. Player of the Match was MR Marsh."
match,Chennai Super Kings vs Punjab Kings,2023,"In IPL 2023, Chennai Super Kings played Punjab Kings on 2023-04-30 at MA Chidambaram Stadium, Chepauk, Chennai. The winner was Punjab Kings. Player of the Match was DP Conway."
match,Rajasthan Royals vs Mumbai Indians,2023,"In IPL 2023, Rajasthan Royals played Mumbai Indians on 2023-04-30 at Wankhede Stadium, Mumbai. The winner was Mumbai Indians. Player of the Match was YBK Jaiswal."
match,Royal Challengers Bengaluru vs Lucknow Super Giants,2023,"In IPL 2023, Royal Challengers Bengaluru played Lucknow Super Giants on 2023-05-01 at Bharat Ratna Shri Atal Bihari Vajpayee Ekana Cricket Stadium, Lucknow. The winner was Royal Challengers Bengaluru. Player of the Match was F du Plessis."
match,Delhi Capitals vs Gujarat Titans,2023,"In IPL 2023, Delhi Capitals played Gujarat Titans on 2023-05-02 at Narendra Modi Stadium, Ahmedabad. The winner was Delhi Capitals. Player of the Match was Mohammed Shami."
match,Lucknow Super Giants vs Chennai Super Kings,2023,"In IPL 2023, Lucknow Super Giants played Chennai Super Kings on 2023-05-03 at Bharat Ratna Shri Atal Bihari Vajpayee Ekana Cricket Stadium, Lucknow. The winner was No Result. Player of the Match was Unknown."
match,Punjab Kings vs Mumbai Indians,2023,"In IPL 2023, Punjab Kings played Mumbai Indians on 2023-05-03 at Punjab Cricket Association IS Bindra Stadium, Mohali, Chandigarh. The winner was Mumbai Indians. Player of the Match was Ishan Kishan."
match,Kolkata Knight Riders vs Sunrisers Hyderabad,2023,"In IPL 2023, Kolkata Knight Riders played Sunrisers Hyderabad on 2023-05-04 at Rajiv Gandhi International Stadium, Uppal, Hyderabad. The winner was Kolkata Knight Riders. Player of the Match was CV Varun."
match,Rajasthan Royals vs Gujarat Titans,2023,"In IPL 2023, Rajasthan Royals played Gujarat Titans on 2023-05-05 at Sawai Mansingh Stadium, Jaipur. The winner was Gujarat Titans. Player of the Match was Rashid Khan."
match,Mumbai Indians vs Chennai Super Kings,2023,"In IPL 2023, Mumbai Indians played Chennai Super Kings on 2023-05-06 at MA Chidambaram Stadium, Chepauk, Chennai. The winner was Chennai Super Kings. Player of the Match was M Pathirana."
match,Royal Challengers Bengaluru vs Delhi Capitals,2023,"In IPL 2023, Royal Challengers Bengaluru played Delhi Capitals on 2023-05-06 at Arun Jaitley Stadium, Delhi. The winner was Delhi Capitals. Player of the Match was PD Salt."
match,Gujarat Titans vs Lucknow Super Giants,2023,"In IPL 2023, Gujarat Titans played Lucknow Super Giants on 2023-05-07 at Narendra Modi Stadium, Ahmedabad. The winner was Gujarat Titans. Player of the Match was Shubman Gill."
match,Rajasthan Royals vs Sunrisers Hyderabad,2023,"In IPL 2023, Rajasthan Royals played Sunrisers Hyderabad on 2023-05-07 at Sawai Mansingh Stadium, Jaipur. The winner was Sunrisers Hyderabad. Player of the Match was GD Phillips."
match,Punjab Kings vs Kolkata Knight Riders,2023,"In IPL 2023, Punjab Kings played Kolkata Knight Riders on 2023-05-08 at Eden Gardens, Kolkata. The winner was Kolkata Knight Riders. Player of the Match was AD Russell."
match,Royal Challengers Bengaluru vs Mumbai Indians,2023,"In IPL 2023, Royal Challengers Bengaluru played Mumbai Indians on 2023-05-09 at Wankhede Stadium, Mumbai. The winner was Mumbai Indians. Player of the Match was SA Yadav."
match,Chennai Super Kings vs Delhi Capitals,2023,"In IPL 2023, Chennai Super Kings played Delhi Capitals on 2023-05-10 at MA Chidambaram Stadium, Chepauk, Chennai. The winner was Chennai Super Kings. Player of the Match was RA Jadeja."
match,Kolkata Knight Riders vs Rajasthan Royals,2023,"In IPL 2023, Kolkata Knight Riders played Rajasthan Royals on 2023-05-11 at Eden Gardens, Kolkata. The winner was Rajasthan Royals. Player of the Match was YBK Jaiswal."
match,Mumbai Indians vs Gujarat Titans,2023,"In IPL 2023, Mumbai Indians played Gujarat Titans on 2023-05-12 at Wankhede Stadium, Mumbai. The winner was Mumbai Indians. Player of the Match was SA Yadav."
match,Punjab Kings vs Delhi Capitals,2023,"In IPL 2023, Punjab Kings played Delhi Capitals on 2023-05-13 at Arun Jaitley Stadium, Delhi. The winner was Punjab Kings. Player of the Match was P Simran Singh."
match,Sunrisers Hyderabad vs Lucknow Super Giants,2023,"In IPL 2023, Sunrisers Hyderabad played Lucknow Super Giants on 2023-05-13 at Rajiv Gandhi International Stadium, Uppal, Hyderabad. The winner was Lucknow Super Giants. Player of the Match was PN Mankad."
match,Chennai Super Kings vs Kolkata Knight Riders,2023,"In IPL 2023, Chennai Super Kings played Kolkata Knight Riders on 2023-05-14 at MA Chidambaram Stadium, Chepauk, Chennai. The winner was Kolkata Knight Riders. Player of the Match was RK Singh."
match,Royal Challengers Bengaluru vs Rajasthan Royals,2023,"In IPL 2023, Royal Challengers Bengaluru played Rajasthan Royals on 2023-05-14 at Sawai Mansingh Stadium, Jaipur. The winner was Royal Challengers Bengaluru. Player of the Match was WD Parnell."
match,Gujarat Titans vs Sunrisers Hyderabad,2023,"In IPL 2023, Gujarat Titans played Sunrisers Hyderabad on 2023-05-15 at Narendra Modi Stadium, Ahmedabad. The winner was Gujarat Titans. Player of the Match was Shubman Gill."
match,Lucknow Super Giants vs Mumbai Indians,2023,"In IPL 2023, Lucknow Super Giants played Mumbai Indians on 2023-05-16 at Bharat Ratna Shri Atal Bihari Vajpayee Ekana Cricket Stadium, Lucknow. The winner was Lucknow Super Giants. Player of the Match was MP Stoinis."
match,Delhi Capitals vs Punjab Kings,2023,"In IPL 2023, Delhi Capitals played Punjab Kings on 2023-05-17 at Himachal Pradesh Cricket Association Stadium, Dharamsala. The winner was Delhi Capitals. Player of the Match was RR Rossouw."
match,Sunrisers Hyderabad vs Royal Challengers Bengaluru,2023,"In IPL 2023, Sunrisers Hyderabad played Royal Challengers Bengaluru on 2023-05-18 at Rajiv Gandhi International Stadium, Uppal, Hyderabad. The winner was Royal Challengers Bengaluru. Player of the Match was V Kohli."
match,Punjab Kings vs Rajasthan Royals,2023,"In IPL 2023, Punjab Kings played Rajasthan Royals on 2023-05-19 at Himachal Pradesh Cricket Association Stadium, Dharamsala. The winner was Rajasthan Royals. Player of the Match was D Padikkal."
match,Lucknow Super Giants vs Kolkata Knight Riders,2023,"In IPL 2023, Lucknow Super Giants played Kolkata Knight Riders on 2023-05-20 at Eden Gardens, Kolkata. The winner was Lucknow Super Giants. Player of the Match was N Pooran."
match,Chennai Super Kings vs Delhi Capitals,2023,"In IPL 2023, Chennai Super Kings played Delhi Capitals on 2023-05-20 at Arun Jaitley Stadium, Delhi. The winner was Chennai Super Kings. Player of the Match was RD Gaikwad."
match,Royal Challengers Bengaluru vs Gujarat Titans,2023,"In IPL 2023, Royal Challengers Bengaluru played Gujarat Titans on 2023-05-21 at M Chinnaswamy Stadium, Bengaluru. The winner was Gujarat Titans. Player of the Match was Shubman Gill."
match,Sunrisers Hyderabad vs Mumbai Indians,2023,"In IPL 2023, Sunrisers Hyderabad played Mumbai Indians on 2023-05-21 at Wankhede Stadium, Mumbai. The winner was Mumbai Indians. Player of the Match was C Green."
match,Chennai Super Kings vs Gujarat Titans,2023,"In IPL 2023, Chennai Super Kings played Gujarat Titans on 2023-05-23 at MA Chidambaram Stadium, Chepauk, Chennai. The winner was Chennai Super Kings. Player of the Match was RD Gaikwad."
match,Mumbai Indians vs Lucknow Super Giants,2023,"In IPL 2023, Mumbai Indians played Lucknow Super Giants on 2023-05-24 at MA Chidambaram Stadium, Chepauk, Chennai. The winner was Mumbai Indians. Player of the Match was Akash Madhwal."
match,Gujarat Titans vs Mumbai Indians,2023,"In IPL 2023, Gujarat Titans played Mumbai Indians on 2023-05-26 at Narendra Modi Stadium, Ahmedabad. The winner was Gujarat Titans. Player of the Match was Shubman Gill."
match,Gujarat Titans vs Chennai Super Kings,2023,"In IPL 2023, Gujarat Titans played Chennai Super Kings on 2023-05-29 at Narendra Modi Stadium, Ahmedabad. The winner was Chennai Super Kings. Player of the Match was DP Conway."
match,Royal Challengers Bengaluru vs Chennai Super Kings,2024,"In IPL 2024, Royal Challengers Bengaluru played Chennai Super Kings on 2024-03-22 at MA Chidambaram Stadium, Chepauk, Chennai. The winner was Chennai Super Kings. Player of the Match was Mustafizur Rahman."
match,Delhi Capitals vs Punjab Kings,2024,"In IPL 2024, Delhi Capitals played Punjab Kings on 2024-03-23 at Maharaja Yadavindra Singh International Cricket Stadium, Mullanpur. The winner was Punjab Kings. Player of the Match was SM Curran."
match,Kolkata Knight Riders vs Sunrisers Hyderabad,2024,"In IPL 2024, Kolkata Knight Riders played Sunrisers Hyderabad on 2024-03-23 at Eden Gardens, Kolkata. The winner was Kolkata Knight Riders. Player of the Match was AD Russell."
match,Rajasthan Royals vs Lucknow Super Giants,2024,"In IPL 2024, Rajasthan Royals played Lucknow Super Giants on 2024-03-24 at Sawai Mansingh Stadium, Jaipur. The winner was Rajasthan Royals. Player of the Match was SV Samson."
match,Gujarat Titans vs Mumbai Indians,2024,"In IPL 2024, Gujarat Titans played Mumbai Indians on 2024-03-24 at Narendra Modi Stadium, Ahmedabad. The winner was Gujarat Titans. Player of the Match was B Sai Sudharsan."
match,Punjab Kings vs Royal Challengers Bengaluru,2024,"In IPL 2024, Punjab Kings played Royal Challengers Bengaluru on 2024-03-25 at M Chinnaswamy Stadium, Bengaluru. The winner was Royal Challengers Bengaluru. Player of the Match was V Kohli."
match,Chennai Super Kings vs Gujarat Titans,2024,"In IPL 2024, Chennai Super Kings played Gujarat Titans on 2024-03-26 at MA Chidambaram Stadium, Chepauk, Chennai. The winner was Chennai Super Kings. Player of the Match was S Dube."
match,Sunrisers Hyderabad vs Mumbai Indians,2024,"In IPL 2024, Sunrisers Hyderabad played Mumbai Indians on 2024-03-27 at Rajiv Gandhi International Stadium, Uppal, Hyderabad. The winner was Sunrisers Hyderabad. Player of the Match was Abhishek Sharma."
match,Rajasthan Royals vs Delhi Capitals,2024,"In IPL 2024, Rajasthan Royals played Delhi Capitals on 2024-03-28 at Sawai Mansingh Stadium, Jaipur. The winner was Rajasthan Royals. Player of the Match was R Parag."
match,Royal Challengers Bengaluru vs Kolkata Knight Riders,2024,"In IPL 2024, Royal Challengers Bengaluru played Kolkata Knight Riders on 2024-03-29 at M Chinnaswamy Stadium, Bengaluru. The winner was Kolkata Knight Riders. Player of the Match was SP Narine."
match,Lucknow Super Giants vs Punjab Kings,2024,"In IPL 2024, Lucknow Super Giants played Punjab Kings on 2024-03-30 at Bharat Ratna Shri Atal Bihari Vajpayee Ekana Cricket Stadium, Lucknow. The winner was Lucknow Super Giants. Player of the Match was MP Yadav."
match,Delhi Capitals vs Chennai Super Kings,2024,"In IPL 2024, Delhi Capitals played Chennai Super Kings on 2024-03-31 at Dr. Y.S. Rajasekhara Reddy ACA-VDCA Cricket Stadium, Visakhapatnam. The winner was Delhi Capitals. Player of the Match was KK Ahmed."
match,Sunrisers Hyderabad vs Gujarat Titans,2024,"In IPL 2024, Sunrisers Hyderabad played Gujarat Titans on 2024-03-31 at Narendra Modi Stadium, Ahmedabad. The winner was Gujarat Titans. Player of the Match was MM Sharma."
match,Mumbai Indians vs Rajasthan Royals,2024,"In IPL 2024, Mumbai Indians played Rajasthan Royals on 2024-04-01 at Wankhede Stadium, Mumbai. The winner was Rajasthan Royals. Player of the Match was TA Boult."
match,Lucknow Super Giants vs Royal Challengers Bengaluru,2024,"In IPL 2024, Lucknow Super Giants played Royal Challengers Bengaluru on 2024-04-02 at M Chinnaswamy Stadium, Bengaluru. The winner was Lucknow Super Giants. Player of the Match was MP Yadav."
match,Kolkata Knight Riders vs Delhi Capitals,2024,"In IPL 2024, Kolkata Knight Riders played Delhi Capitals on 2024-04-03 at Dr. Y.S. Rajasekhara Reddy ACA-VDCA Cricket Stadium, Visakhapatnam. The winner was Kolkata Knight Riders. Player of the Match was SP Narine."
match,Gujarat Titans vs Punjab Kings,2024,"In IPL 2024, Gujarat Titans played Punjab Kings on 2024-04-04 at Narendra Modi Stadium, Ahmedabad. The winner was Punjab Kings. Player of the Match was Shashank Singh."
match,Chennai Super Kings vs Sunrisers Hyderabad,2024,"In IPL 2024, Chennai Super Kings played Sunrisers Hyderabad on 2024-04-05 at Rajiv Gandhi International Stadium, Uppal, Hyderabad. The winner was Sunrisers Hyderabad. Player of the Match was Abhishek Sharma."
match,Royal Challengers Bengaluru vs Rajasthan Royals,2024,"In IPL 2024, Royal Challengers Bengaluru played Rajasthan Royals on 2024-04-06 at Sawai Mansingh Stadium, Jaipur. The winner was Rajasthan Royals. Player of the Match was JC Buttler."
match,Lucknow Super Giants vs Gujarat Titans,2024,"In IPL 2024, Lucknow Super Giants played Gujarat Titans on 2024-04-07 at Bharat Ratna Shri Atal Bihari Vajpayee Ekana Cricket Stadium, Lucknow. The winner was Lucknow Super Giants. Player of the Match was Yash Thakur."
match,Mumbai Indians vs Delhi Capitals,2024,"In IPL 2024, Mumbai Indians played Delhi Capitals on 2024-04-07 at Wankhede Stadium, Mumbai. The winner was Mumbai Indians. Player of the Match was R Shepherd."
match,Kolkata Knight Riders vs Chennai Super Kings,2024,"In IPL 2024, Kolkata Knight Riders played Chennai Super Kings on 2024-04-08 at MA Chidambaram Stadium, Chepauk, Chennai. The winner was Chennai Super Kings. Player of the Match was RA Jadeja."
match,Sunrisers Hyderabad vs Punjab Kings,2024,"In IPL 2024, Sunrisers Hyderabad played Punjab Kings on 2024-04-09 at Maharaja Yadavindra Singh International Cricket Stadium, Mullanpur. The winner was Sunrisers Hyderabad. Player of the Match was Nithish Kumar Reddy."
match,Rajasthan Royals vs Gujarat Titans,2024,"In IPL 2024, Rajasthan Royals played Gujarat Titans on 2024-04-10 at Sawai Mansingh Stadium, Jaipur. The winner was Gujarat Titans. Player of the Match was Rashid Khan."
match,Royal Challengers Bengaluru vs Mumbai Indians,2024,"In IPL 2024, Royal Challengers Bengaluru played Mumbai Indians on 2024-04-11 at Wankhede Stadium, Mumbai. The winner was Mumbai Indians. Player of the Match was JJ Bumrah."
match,Lucknow Super Giants vs Delhi Capitals,2024,"In IPL 2024, Lucknow Super Giants played Delhi Capitals on 2024-04-12 at Bharat Ratna Shri Atal Bihari Vajpayee Ekana Cricket Stadium, Lucknow. The winner was Delhi Capitals. Player of the Match was Kuldeep Yadav."
match,Punjab Kings vs Rajasthan Royals,2024,"In IPL 2024, Punjab Kings played Rajasthan Royals on 2024-04-13 at Maharaja Yadavindra Singh International Cricket Stadium, Mullanpur. The winner was Rajasthan Royals. Player of the Match was SO Hetmyer."
match,Lucknow Super Giants vs Kolkata Knight Riders,2024,"In IPL 2024, Lucknow Super Giants played Kolkata Knight Riders on 2024-04-14 at Eden Gardens, Kolkata. The winner was Kolkata Knight Riders. Player of the Match was PD Salt."
match,Chennai Super Kings vs Mumbai Indians,2024,"In IPL 2024, Chennai Super Kings played Mumbai Indians on 2024-04-14 at Wankhede Stadium, Mumbai. The winner was Chennai Super Kings. Player of the Match was M Pathirana."
match,Sunrisers Hyderabad vs Royal Challengers Bengaluru,2024,"In IPL 2024, Sunrisers Hyderabad played Royal Challengers Bengaluru on 2024-04-15 at M Chinnaswamy Stadium, Bengaluru. The winner was Sunrisers Hyderabad. Player of the Match was TM Head."
match,Kolkata Knight Riders vs Rajasthan Royals,2024,"In IPL 2024, Kolkata Knight Riders played Rajasthan Royals on 2024-04-16 at Eden Gardens, Kolkata. The winner was Rajasthan Royals. Player of the Match was JC Buttler."
match,Gujarat Titans vs Delhi Capitals,2024,"In IPL 2024, Gujarat Titans played Delhi Capitals on 2024-04-17 at Narendra Modi Stadium, Ahmedabad. The winner was Delhi Capitals. Player of the Match was RR Pant."
match,Mumbai Indians vs Punjab Kings,2024,"In IPL 2024, Mumbai Indians played Punjab Kings on 2024-04-18 at Maharaja Yadavindra Singh International Cricket Stadium, Mullanpur. The winner was Mumbai Indians. Player of the Match was JJ Bumrah."
match,Chennai Super Kings vs Lucknow Super Giants,2024,"In IPL 2024, Chennai Super Kings played Lucknow Super Giants on 2024-04-19 at Bharat Ratna Shri Atal Bihari Vajpayee Ekana Cricket Stadium, Lucknow. The winner was Lucknow Super Giants. Player of the Match was KL Rahul."
match,Sunrisers Hyderabad vs Delhi Capitals,2024,"In IPL 2024, Sunrisers Hyderabad played Delhi Capitals on 2024-04-20 at Arun Jaitley Stadium, Delhi. The winner was Sunrisers Hyderabad. Player of the Match was TM Head."
match,Punjab Kings vs Gujarat Titans,2024,"In IPL 2024, Punjab Kings played Gujarat Titans on 2024-04-21 at Maharaja Yadavindra Singh International Cricket Stadium, Mullanpur. The winner was Gujarat Titans. Player of the Match was R Sai Kishore."
match,Kolkata Knight Riders vs Royal Challengers Bengaluru,2024,"In IPL 2024, Kolkata Knight Riders played Royal Challengers Bengaluru on 2024-04-21 at Eden Gardens, Kolkata. The winner was Kolkata Knight Riders. Player of the Match was AD Russell."
match,Mumbai Indians vs Rajasthan Royals,2024,"In IPL 2024, Mumbai Indians played Rajasthan Royals on 2024-04-22 at Sawai Mansingh Stadium, Jaipur. The winner was Rajasthan Royals. Player of the Match was Sandeep Sharma."
match,Chennai Super Kings vs Lucknow Super Giants,2024,"In IPL 2024, Chennai Super Kings played Lucknow Super Giants on 2024-04-23 at MA Chidambaram Stadium, Chepauk, Chennai. The winner was Lucknow Super Giants. Player of the Match was MP Stoinis."
match,Delhi Capitals vs Gujarat Titans,2024,"In IPL 2024, Delhi Capitals played Gujarat Titans on 2024-04-24 at Arun Jaitley Stadium, Delhi. The winner was Delhi Capitals. Player of the Match was RR Pant."
match,Royal Challengers Bengaluru vs Sunrisers Hyderabad,2024,"In IPL 2024, Royal Challengers Bengaluru played Sunrisers Hyderabad on 2024-04-25 at Rajiv Gandhi International Stadium, Uppal, Hyderabad. The winner was Royal Challengers Bengaluru. Player of the Match was RM Patidar."
match,Kolkata Knight Riders vs Punjab Kings,2024,"In IPL 2024, Kolkata Knight Riders played Punjab Kings on 2024-04-26 at Eden Gardens, Kolkata. The winner was Punjab Kings. Player of the Match was JM Bairstow."
match,Delhi Capitals vs Mumbai Indians,2024,"In IPL 2024, Delhi Capitals played Mumbai Indians on 2024-04-27 at Arun Jaitley Stadium, Delhi. The winner was Delhi Capitals. Player of the Match was J Fraser-McGurk."
match,Lucknow Super Giants vs Rajasthan Royals,2024,"In IPL 2024, Lucknow Super Giants played Rajasthan Royals on 2024-04-27 at Bharat Ratna Shri Atal Bihari Vajpayee Ekana Cricket Stadium, Lucknow. The winner was Rajasthan Royals. Player of the Match was SV Samson."
match,Gujarat Titans vs Royal Challengers Bengaluru,2024,"In IPL 2024, Gujarat Titans played Royal Challengers Bengaluru on 2024-04-28 at Narendra Modi Stadium, Ahmedabad. The winner was Royal Challengers Bengaluru. Player of the Match was WG Jacks."
match,Chennai Super Kings vs Sunrisers Hyderabad,2024,"In IPL 2024, Chennai Super Kings played Sunrisers Hyderabad on 2024-04-28 at MA Chidambaram Stadium, Chepauk, Chennai. The winner was Chennai Super Kings. Player of the Match was RD Gaikwad."
match,Delhi Capitals vs Kolkata Knight Riders,2024,"In IPL 2024, Delhi Capitals played Kolkata Knight Riders on 2024-04-29 at Eden Gardens, Kolkata. The winner was Kolkata Knight Riders. Player of the Match was CV Varun."
match,Mumbai Indians vs Lucknow Super Giants,2024,"In IPL 2024, Mumbai Indians played Lucknow Super Giants on 2024-04-30 at Bharat Ratna Shri Atal Bihari Vajpayee Ekana Cricket Stadium, Lucknow. The winner was Lucknow Super Giants. Player of the Match was MP Stoinis."
match,Chennai Super Kings vs Punjab Kings,2024,"In IPL 2024, Chennai Super Kings played Punjab Kings on 2024-05-01 at MA Chidambaram Stadium, Chepauk, Chennai. The winner was Punjab Kings. Player of the Match was Harpreet Brar."
match,Sunrisers Hyderabad vs Rajasthan Royals,2024,"In IPL 2024, Sunrisers Hyderabad played Rajasthan Royals on 2024-05-02 at Rajiv Gandhi International Stadium, Uppal, Hyderabad. The winner was Sunrisers Hyderabad. Player of the Match was B Kumar."
match,Kolkata Knight Riders vs Mumbai Indians,2024,"In IPL 2024, Kolkata Knight Riders played Mumbai Indians on 2024-05-03 at Wankhede Stadium, Mumbai. The winner was Kolkata Knight Riders. Player of the Match was VR Iyer."
match,Gujarat Titans vs Royal Challengers Bengaluru,2024,"In IPL 2024, Gujarat Titans played Royal Challengers Bengaluru on 2024-05-04 at M Chinnaswamy Stadium, Bengaluru. The winner was Royal Challengers Bengaluru. Player of the Match was Mohammed Siraj."
match,Chennai Super Kings vs Punjab Kings,2024,"In IPL 2024, Chennai Super Kings played Punjab Kings on 2024-05-05 at Himachal Pradesh Cricket Association Stadium, Dharamsala. The winner was Chennai Super Kings. Player of the Match was RA Jadeja."
match,Kolkata Knight Riders vs Lucknow Super Giants,2024,"In IPL 2024, Kolkata Knight Riders played Lucknow Super Giants on 2024-05-05 at Bharat Ratna Shri Atal Bihari Vajpayee Ekana Cricket Stadium, Lucknow. The winner was Kolkata Knight Riders. Player of the Match was SP Narine."
match,Sunrisers Hyderabad vs Mumbai Indians,2024,"In IPL 2024, Sunrisers Hyderabad played Mumbai Indians on 2024-05-06 at Wankhede Stadium, Mumbai. The winner was Mumbai Indians. Player of the Match was SA Yadav."
match,Delhi Capitals vs Rajasthan Royals,2024,"In IPL 2024, Delhi Capitals played Rajasthan Royals on 2024-05-07 at Arun Jaitley Stadium, Delhi. The winner was Delhi Capitals. Player of the Match was Kuldeep Yadav."
match,Lucknow Super Giants vs Sunrisers Hyderabad,2024,"In IPL 2024, Lucknow Super Giants played Sunrisers Hyderabad on 2024-05-08 at Rajiv Gandhi International Stadium, Uppal, Hyderabad. The winner was Sunrisers Hyderabad. Player of the Match was TM Head."
match,Royal Challengers Bengaluru vs Punjab Kings,2024,"In IPL 2024, Royal Challengers Bengaluru played Punjab Kings on 2024-05-09 at Himachal Pradesh Cricket Association Stadium, Dharamsala. The winner was Royal Challengers Bengaluru. Player of the Match was V Kohli."
match,Gujarat Titans vs Chennai Super Kings,2024,"In IPL 2024, Gujarat Titans played Chennai Super Kings on 2024-05-10 at Narendra Modi Stadium, Ahmedabad. The winner was Gujarat Titans. Player of the Match was Shubman Gill."
match,Kolkata Knight Riders vs Mumbai Indians,2024,"In IPL 2024, Kolkata Knight Riders played Mumbai Indians on 2024-05-11 at Eden Gardens, Kolkata. The winner was Kolkata Knight Riders. Player of the Match was CV Varun."
match,Royal Challengers Bengaluru vs Delhi Capitals,2024,"In IPL 2024, Royal Challengers Bengaluru played Delhi Capitals on 2024-05-12 at M Chinnaswamy Stadium, Bengaluru. The winner was Royal Challengers Bengaluru. Player of the Match was C Green."
match,Rajasthan Royals vs Chennai Super Kings,2024,"In IPL 2024, Rajasthan Royals played Chennai Super Kings on 2024-05-12 at MA Chidambaram Stadium, Chepauk, Chennai. The winner was Chennai Super Kings. Player of the Match was Simarjeet Singh."
match,Delhi Capitals vs Lucknow Super Giants,2024,"In IPL 2024, Delhi Capitals played Lucknow Super Giants on 2024-05-14 at Arun Jaitley Stadium, Delhi. The winner was Delhi Capitals. Player of the Match was I Sharma."
match,Rajasthan Royals vs Punjab Kings,2024,"In IPL 2024, Rajasthan Royals played Punjab Kings on 2024-05-15 at Barsapara Cricket Stadium, Guwahati. The winner was Punjab Kings. Player of the Match was SM Curran."
match,Lucknow Super Giants vs Mumbai Indians,2024,"In IPL 2024, Lucknow Super Giants played Mumbai Indians on 2024-05-17 at Wankhede Stadium, Mumbai. The winner was Lucknow Super Giants. Player of the Match was N Pooran."
match,Royal Challengers Bengaluru vs Chennai Super Kings,2024,"In IPL 2024, Royal Challengers Bengaluru played Chennai Super Kings on 2024-05-18 at M Chinnaswamy Stadium, Bengaluru. The winner was Royal Challengers Bengaluru. Player of the Match was F du Plessis."
match,Punjab Kings vs Sunrisers Hyderabad,2024,"In IPL 2024, Punjab Kings played Sunrisers Hyderabad on 2024-05-19 at Rajiv Gandhi International Stadium, Uppal, Hyderabad. The winner was Sunrisers Hyderabad. Player of the Match was Abhishek Sharma."
match,Sunrisers Hyderabad vs Kolkata Knight Riders,2024,"In IPL 2024, Sunrisers Hyderabad played Kolkata Knight Riders on 2024-05-21 at Narendra Modi Stadium, Ahmedabad. The winner was Kolkata Knight Riders. Player of the Match was MA Starc."
match,Royal Challengers Bengaluru vs Rajasthan Royals,2024,"In IPL 2024, Royal Challengers Bengaluru played Rajasthan Royals on 2024-05-22 at Narendra Modi Stadium, Ahmedabad. The winner was Rajasthan Royals. Player of the Match was R Ashwin."
match,Sunrisers Hyderabad vs Rajasthan Royals,2024,"In IPL 2024, Sunrisers Hyderabad played Rajasthan Royals on 2024-05-24 at MA Chidambaram Stadium, Chepauk, Chennai. The winner was Sunrisers Hyderabad. Player of the Match was Shahbaz Ahmed."
match,Sunrisers Hyderabad vs Kolkata Knight Riders,2024,"In IPL 2024, Sunrisers Hyderabad played Kolkata Knight Riders on 2024-05-26 at MA Chidambaram Stadium, Chepauk, Chennai. The winner was Kolkata Knight Riders. Player of the Match was MA Starc."
match,Kolkata Knight Riders vs Royal Challengers Bengaluru,2025,"In IPL 2025, Kolkata Knight Riders played Royal Challengers Bengaluru on 2025-03-22 at Eden Gardens, Kolkata. The winner was Royal Challengers Bengaluru. Player of the Match was KH Pandya."
match,Mumbai Indians vs Chennai Super Kings,2025,"In IPL 2025, Mumbai Indians played Chennai Super Kings on 2025-03-23 at MA Chidambaram Stadium, Chepauk, Chennai. The winner was Chennai Super Kings. Player of the Match was Noor Ahmad."
match,Sunrisers Hyderabad vs Rajasthan Royals,2025,"In IPL 2025, Sunrisers Hyderabad played Rajasthan Royals on 2025-03-23 at Rajiv Gandhi International Stadium, Uppal, Hyderabad. The winner was Sunrisers Hyderabad. Player of the Match was Ishan Kishan."
match,Lucknow Super Giants vs Delhi Capitals,2025,"In IPL 2025, Lucknow Super Giants played Delhi Capitals on 2025-03-24 at Dr. Y.S. Rajasekhara Reddy ACA-VDCA Cricket Stadium, Visakhapatnam. The winner was Delhi Capitals. Player of the Match was Ashutosh Sharma."
match,Punjab Kings vs Gujarat Titans,2025,"In IPL 2025, Punjab Kings played Gujarat Titans on 2025-03-25 at Narendra Modi Stadium, Ahmedabad. The winner was Punjab Kings. Player of the Match was SS Iyer."
match,Rajasthan Royals vs Kolkata Knight Riders,2025,"In IPL 2025, Rajasthan Royals played Kolkata Knight Riders on 2025-03-26 at Barsapara Cricket Stadium, Guwahati. The winner was Kolkata Knight Riders. Player of the Match was Q de Kock."
match,Sunrisers Hyderabad vs Lucknow Super Giants,2025,"In IPL 2025, Sunrisers Hyderabad played Lucknow Super Giants on 2025-03-27 at Rajiv Gandhi International Stadium, Uppal, Hyderabad. The winner was Lucknow Super Giants. Player of the Match was SN Thakur."
match,Royal Challengers Bengaluru vs Chennai Super Kings,2025,"In IPL 2025, Royal Challengers Bengaluru played Chennai Super Kings on 2025-03-28 at MA Chidambaram Stadium, Chepauk, Chennai. The winner was Royal Challengers Bengaluru. Player of the Match was RM Patidar."
match,Gujarat Titans vs Mumbai Indians,2025,"In IPL 2025, Gujarat Titans played Mumbai Indians on 2025-03-29 at Narendra Modi Stadium, Ahmedabad. The winner was Gujarat Titans. Player of the Match was M Prasidh Krishna."
match,Rajasthan Royals vs Chennai Super Kings,2025,"In IPL 2025, Rajasthan Royals played Chennai Super Kings on 2025-03-30 at Barsapara Cricket Stadium, Guwahati. The winner was Rajasthan Royals. Player of the Match was N Rana."
match,Sunrisers Hyderabad vs Delhi Capitals,2025,"In IPL 2025, Sunrisers Hyderabad played Delhi Capitals on 2025-03-30 at Dr. Y.S. Rajasekhara Reddy ACA-VDCA Cricket Stadium, Visakhapatnam. The winner was Delhi Capitals. Player of the Match was MA Starc."
match,Kolkata Knight Riders vs Mumbai Indians,2025,"In IPL 2025, Kolkata Knight Riders played Mumbai Indians on 2025-03-31 at Wankhede Stadium, Mumbai. The winner was Mumbai Indians. Player of the Match was Ashwani Kumar."
match,Lucknow Super Giants vs Punjab Kings,2025,"In IPL 2025, Lucknow Super Giants played Punjab Kings on 2025-04-01 at Bharat Ratna Shri Atal Bihari Vajpayee Ekana Cricket Stadium, Lucknow. The winner was Punjab Kings. Player of the Match was P Simran Singh."
match,Royal Challengers Bengaluru vs Gujarat Titans,2025,"In IPL 2025, Royal Challengers Bengaluru played Gujarat Titans on 2025-04-02 at M Chinnaswamy Stadium, Bengaluru. The winner was Gujarat Titans. Player of the Match was Mohammed Siraj."
match,Kolkata Knight Riders vs Sunrisers Hyderabad,2025,"In IPL 2025, Kolkata Knight Riders played Sunrisers Hyderabad on 2025-04-03 at Eden Gardens, Kolkata. The winner was Kolkata Knight Riders. Player of the Match was VG Arora."
match,Lucknow Super Giants vs Mumbai Indians,2025,"In IPL 2025, Lucknow Super Giants played Mumbai Indians on 2025-04-04 at Bharat Ratna Shri Atal Bihari Vajpayee Ekana Cricket Stadium, Lucknow. The winner was Lucknow Super Giants. Player of the Match was DS Rathi."
match,Delhi Capitals vs Chennai Super Kings,2025,"In IPL 2025, Delhi Capitals played Chennai Super Kings on 2025-04-05 at MA Chidambaram Stadium, Chepauk, Chennai. The winner was Delhi Capitals. Player of the Match was KL Rahul."
match,Rajasthan Royals vs Punjab Kings,2025,"In IPL 2025, Rajasthan Royals played Punjab Kings on 2025-04-05 at Maharaja Yadavindra Singh International Cricket Stadium, Mullanpur. The winner was Rajasthan Royals. Player of the Match was JC Archer."
match,Sunrisers Hyderabad vs Gujarat Titans,2025,"In IPL 2025, Sunrisers Hyderabad played Gujarat Titans on 2025-04-06 at Rajiv Gandhi International Stadium, Uppal, Hyderabad. The winner was Gujarat Titans. Player of the Match was Mohammed Siraj."
match,Royal Challengers Bengaluru vs Mumbai Indians,2025,"In IPL 2025, Royal Challengers Bengaluru played Mumbai Indians on 2025-04-07 at Wankhede Stadium, Mumbai. The winner was Royal Challengers Bengaluru. Player of the Match was RM Patidar."
match,Punjab Kings vs Chennai Super Kings,2025,"In IPL 2025, Punjab Kings played Chennai Super Kings on 2025-04-08 at Maharaja Yadavindra Singh International Cricket Stadium, Mullanpur. The winner was Punjab Kings. Player of the Match was Priyansh Arya."
match,Lucknow Super Giants vs Kolkata Knight Riders,2025,"In IPL 2025, Lucknow Super Giants played Kolkata Knight Riders on 2025-04-08 at Eden Gardens, Kolkata. The winner was Lucknow Super Giants. Player of the Match was N Pooran."
match,Gujarat Titans vs Rajasthan Royals,2025,"In IPL 2025, Gujarat Titans played Rajasthan Royals on 2025-04-09 at Narendra Modi Stadium, Ahmedabad. The winner was Gujarat Titans. Player of the Match was B Sai Sudharsan."
match,Royal Challengers Bengaluru vs Delhi Capitals,2025,"In IPL 2025, Royal Challengers Bengaluru played Delhi Capitals on 2025-04-10 at M Chinnaswamy Stadium, Bengaluru. The winner was Delhi Capitals. Player of the Match was KL Rahul."
match,Chennai Super Kings vs Kolkata Knight Riders,2025,"In IPL 2025, Chennai Super Kings played Kolkata Knight Riders on 2025-04-11 at MA Chidambaram Stadium, Chepauk, Chennai. The winner was Kolkata Knight Riders. Player of the Match was SP Narine."
match,Gujarat Titans vs Lucknow Super Giants,2025,"In IPL 2025, Gujarat Titans played Lucknow Super Giants on 2025-04-12 at Bharat Ratna Shri Atal Bihari Vajpayee Ekana Cricket Stadium, Lucknow. The winner was Lucknow Super Giants. Player of the Match was AK Markram."
match,Punjab Kings vs Sunrisers Hyderabad,2025,"In IPL 2025, Punjab Kings played Sunrisers Hyderabad on 2025-04-12 at Rajiv Gandhi International Stadium, Uppal, Hyderabad. The winner was Sunrisers Hyderabad. Player of the Match was Abhishek Sharma."
match,Rajasthan Royals vs Royal Challengers Bengaluru,2025,"In IPL 2025, Rajasthan Royals played Royal Challengers Bengaluru on 2025-04-13 at Sawai Mansingh Stadium, Jaipur. The winner was Royal Challengers Bengaluru. Player of the Match was PD Salt."
match,Mumbai Indians vs Delhi Capitals,2025,"In IPL 2025, Mumbai Indians played Delhi Capitals on 2025-04-13 at Arun Jaitley Stadium, Delhi. The winner was Mumbai Indians. Player of the Match was KV Sharma."
match,Lucknow Super Giants vs Chennai Super Kings,2025,"In IPL 2025, Lucknow Super Giants played Chennai Super Kings on 2025-04-14 at Bharat Ratna Shri Atal Bihari Vajpayee Ekana Cricket Stadium, Lucknow. The winner was Chennai Super Kings. Player of the Match was MS Dhoni."
match,Punjab Kings vs Kolkata Knight Riders,2025,"In IPL 2025, Punjab Kings played Kolkata Knight Riders on 2025-04-15 at Maharaja Yadavindra Singh International Cricket Stadium, Mullanpur. The winner was Punjab Kings. Player of the Match was YS Chahal."
match,Delhi Capitals vs Rajasthan Royals,2025,"In IPL 2025, Delhi Capitals played Rajasthan Royals on 2025-04-16 at Arun Jaitley Stadium, Delhi. The winner was No Result. Player of the Match was MA Starc."
match,Sunrisers Hyderabad vs Mumbai Indians,2025,"In IPL 2025, Sunrisers Hyderabad played Mumbai Indians on 2025-04-17 at Wankhede Stadium, Mumbai. The winner was Mumbai Indians. Player of the Match was WG Jacks."
match,Royal Challengers Bengaluru vs Punjab Kings,2025,"In IPL 2025, Royal Challengers Bengaluru played Punjab Kings on 2025-04-18 at M Chinnaswamy Stadium, Bengaluru. The winner was Punjab Kings. Player of the Match was TH David."
match,Lucknow Super Giants vs Rajasthan Royals,2025,"In IPL 2025, Lucknow Super Giants played Rajasthan Royals on 2025-04-19 at Sawai Mansingh Stadium, Jaipur. The winner was Lucknow Super Giants. Player of the Match was Avesh Khan."
match,Delhi Capitals vs Gujarat Titans,2025,"In IPL 2025, Delhi Capitals played Gujarat Titans on 2025-04-19 at Narendra Modi Stadium, Ahmedabad. The winner was Gujarat Titans. Player of the Match was JC Buttler."
match,Punjab Kings vs Royal Challengers Bengaluru,2025,"In IPL 2025, Punjab Kings played Royal Challengers Bengaluru on 2025-04-20 at Maharaja Yadavindra Singh International Cricket Stadium, Mullanpur. The winner was Royal Challengers Bengaluru. Player of the Match was V Kohli."
match,Chennai Super Kings vs Mumbai Indians,2025,"In IPL 2025, Chennai Super Kings played Mumbai Indians on 2025-04-20 at Wankhede Stadium, Mumbai. The winner was Mumbai Indians. Player of the Match was RG Sharma."
match,Gujarat Titans vs Kolkata Knight Riders,2025,"In IPL 2025, Gujarat Titans played Kolkata Knight Riders on 2025-04-21 at Eden Gardens, Kolkata. The winner was Gujarat Titans. Player of the Match was Shubman Gill."
match,Lucknow Super Giants vs Delhi Capitals,2025,"In IPL 2025, Lucknow Super Giants played Delhi Capitals on 2025-04-22 at Bharat Ratna Shri Atal Bihari Vajpayee Ekana Cricket Stadium, Lucknow. The winner was Delhi Capitals. Player of the Match was Mukesh Kumar."
match,Sunrisers Hyderabad vs Mumbai Indians,2025,"In IPL 2025, Sunrisers Hyderabad played Mumbai Indians on 2025-04-23 at Rajiv Gandhi International Stadium, Uppal, Hyderabad. The winner was Mumbai Indians. Player of the Match was TA Boult."
match,Royal Challengers Bengaluru vs Rajasthan Royals,2025,"In IPL 2025, Royal Challengers Bengaluru played Rajasthan Royals on 2025-04-24 at M Chinnaswamy Stadium, Bengaluru. The winner was Royal Challengers Bengaluru. Player of the Match was JR Hazlewood."
match,Chennai Super Kings vs Sunrisers Hyderabad,2025,"In IPL 2025, Chennai Super Kings played Sunrisers Hyderabad on 2025-04-25 at MA Chidambaram Stadium, Chepauk, Chennai. The winner was Sunrisers Hyderabad. Player of the Match was HV Patel."
match,Punjab Kings vs Kolkata Knight Riders,2025,"In IPL 2025, Punjab Kings played Kolkata Knight Riders on 2025-04-26 at Eden Gardens, Kolkata. The winner was No Result. Player of the Match was Unknown."
match,Mumbai Indians vs Lucknow Super Giants,2025,"In IPL 2025, Mumbai Indians played Lucknow Super Giants on 2025-04-27 at Wankhede Stadium, Mumbai. The winner was Mumbai Indians. Player of the Match was WG Jacks."
match,Delhi Capitals vs Royal Challengers Bengaluru,2025,"In IPL 2025, Delhi Capitals played Royal Challengers Bengaluru on 2025-04-27 at Arun Jaitley Stadium, Delhi. The winner was Royal Challengers Bengaluru. Player of the Match was KH Pandya."
match,Gujarat Titans vs Rajasthan Royals,2025,"In IPL 2025, Gujarat Titans played Rajasthan Royals on 2025-04-28 at Sawai Mansingh Stadium, Jaipur. The winner was Rajasthan Royals. Player of the Match was V Suryavanshi."
match,Kolkata Knight Riders vs Delhi Capitals,2025,"In IPL 2025, Kolkata Knight Riders played Delhi Capitals on 2025-04-29 at Arun Jaitley Stadium, Delhi. The winner was Kolkata Knight Riders. Player of the Match was SP Narine."
match,Chennai Super Kings vs Punjab Kings,2025,"In IPL 2025, Chennai Super Kings played Punjab Kings on 2025-04-30 at MA Chidambaram Stadium, Chepauk, Chennai. The winner was Punjab Kings. Player of the Match was SS Iyer."
match,Mumbai Indians vs Rajasthan Royals,2025,"In IPL 2025, Mumbai Indians played Rajasthan Royals on 2025-05-01 at Sawai Mansingh Stadium, Jaipur. The winner was Mumbai Indians. Player of the Match was RD Rickelton."
match,Gujarat Titans vs Sunrisers Hyderabad,2025,"In IPL 2025, Gujarat Titans played Sunrisers Hyderabad on 2025-05-02 at Narendra Modi Stadium, Ahmedabad. The winner was Gujarat Titans. Player of the Match was M Prasidh Krishna."
match,Royal Challengers Bengaluru vs Chennai Super Kings,2025,"In IPL 2025, Royal Challengers Bengaluru played Chennai Super Kings on 2025-05-03 at M Chinnaswamy Stadium, Bengaluru. The winner was Royal Challengers Bengaluru. Player of the Match was R Shepherd."
match,Kolkata Knight Riders vs Rajasthan Royals,2025,"In IPL 2025, Kolkata Knight Riders played Rajasthan Royals on 2025-05-04 at Eden Gardens, Kolkata. The winner was Kolkata Knight Riders. Player of the Match was AD Russell."
match,Punjab Kings vs Lucknow Super Giants,2025,"In IPL 2025, Punjab Kings played Lucknow Super Giants on 2025-05-04 at Himachal Pradesh Cricket Association Stadium, Dharamsala. The winner was Punjab Kings. Player of the Match was P Simran Singh."
match,Delhi Capitals vs Sunrisers Hyderabad,2025,"In IPL 2025, Delhi Capitals played Sunrisers Hyderabad on 2025-05-05 at Rajiv Gandhi International Stadium, Uppal, Hyderabad. The winner was No Result. Player of the Match was Unknown."
match,Mumbai Indians vs Gujarat Titans,2025,"In IPL 2025, Mumbai Indians played Gujarat Titans on 2025-05-06 at Wankhede Stadium, Mumbai. The winner was Gujarat Titans. Player of the Match was Shubman Gill."
match,Kolkata Knight Riders vs Chennai Super Kings,2025,"In IPL 2025, Kolkata Knight Riders played Chennai Super Kings on 2025-05-07 at Eden Gardens, Kolkata. The winner was Chennai Super Kings. Player of the Match was Noor Ahmad."
match,Punjab Kings vs Delhi Capitals,2025,"In IPL 2025, Punjab Kings played Delhi Capitals on 2025-05-08 at Himachal Pradesh Cricket Association Stadium, Dharamsala. The winner was No Result. Player of the Match was Unknown."
match,Delhi Capitals vs Gujarat Titans,2025,"In IPL 2025, Delhi Capitals played Gujarat Titans on 2025-05-18 at Arun Jaitley Stadium, Delhi. The winner was Gujarat Titans. Player of the Match was B Sai Sudharsan."
match,Punjab Kings vs Rajasthan Royals,2025,"In IPL 2025, Punjab Kings played Rajasthan Royals on 2025-05-18 at Sawai Mansingh Stadium, Jaipur. The winner was Punjab Kings. Player of the Match was Harpreet Brar."
match,Lucknow Super Giants vs Sunrisers Hyderabad,2025,"In IPL 2025, Lucknow Super Giants played Sunrisers Hyderabad on 2025-05-19 at Bharat Ratna Shri Atal Bihari Vajpayee Ekana Cricket Stadium, Lucknow. The winner was Sunrisers Hyderabad. Player of the Match was Abhishek Sharma."
match,Chennai Super Kings vs Rajasthan Royals,2025,"In IPL 2025, Chennai Super Kings played Rajasthan Royals on 2025-05-20 at Arun Jaitley Stadium, Delhi. The winner was Rajasthan Royals. Player of the Match was Akash Madhwal."
match,Mumbai Indians vs Delhi Capitals,2025,"In IPL 2025, Mumbai Indians played Delhi Capitals on 2025-05-21 at Wankhede Stadium, Mumbai. The winner was Mumbai Indians. Player of the Match was SA Yadav."
match,Lucknow Super Giants vs Gujarat Titans,2025,"In IPL 2025, Lucknow Super Giants played Gujarat Titans on 2025-05-22 at Narendra Modi Stadium, Ahmedabad. The winner was Lucknow Super Giants. Player of the Match was MR Marsh."
match,Sunrisers Hyderabad vs Royal Challengers Bengaluru,2025,"In IPL 2025, Sunrisers Hyderabad played Royal Challengers Bengaluru on 2025-05-23 at Bharat Ratna Shri Atal Bihari Vajpayee Ekana Cricket Stadium, Lucknow. The winner was Sunrisers Hyderabad. Player of the Match was Ishan Kishan."
match,Punjab Kings vs Delhi Capitals,2025,"In IPL 2025, Punjab Kings played Delhi Capitals on 2025-05-24 at Sawai Mansingh Stadium, Jaipur. The winner was Delhi Capitals. Player of the Match was Sameer Rizvi."
match,Chennai Super Kings vs Gujarat Titans,2025,"In IPL 2025, Chennai Super Kings played Gujarat Titans on 2025-05-25 at Narendra Modi Stadium, Ahmedabad. The winner was Chennai Super Kings. Player of the Match was D Brevis."
match,Sunrisers Hyderabad vs Kolkata Knight Riders,2025,"In IPL 2025, Sunrisers Hyderabad played Kolkata Knight Riders on 2025-05-25 at Arun Jaitley Stadium, Delhi. The winner was Sunrisers Hyderabad. Player of the Match was H Klaasen."
match,Mumbai Indians vs Punjab Kings,2025,"In IPL 2025, Mumbai Indians played Punjab Kings on 2025-05-26 at Sawai Mansingh Stadium, Jaipur. The winner was Punjab Kings. Player of the Match was JP Inglis."
match,Lucknow Super Giants vs Royal Challengers Bengaluru,2025,"In IPL 2025, Lucknow Super Giants played Royal Challengers Bengaluru on 2025-05-27 at Bharat Ratna Shri Atal Bihari Vajpayee Ekana Cricket Stadium, Lucknow. The winner was Royal Challengers Bengaluru. Player of the Match was JM Sharma."
match,Punjab Kings vs Royal Challengers Bengaluru,2025,"In IPL 2025, Punjab Kings played Royal Challengers Bengaluru on 2025-05-29 at Maharaja Yadavindra Singh International Cricket Stadium, Mullanpur. The winner was Royal Challengers Bengaluru. Player of the Match was Suyash Sharma."
match,Mumbai Indians vs Gujarat Titans,2025,"In IPL 2025, Mumbai Indians played Gujarat Titans on 2025-05-30 at Maharaja Yadavindra Singh International Cricket Stadium, New Chandigarh. The winner was Mumbai Indians. Player of the Match was RG Sharma."
match,Mumbai Indians vs Punjab Kings,2025,"In IPL 2025, Mumbai Indians played Punjab Kings on 2025-06-01 at Narendra Modi Stadium, Ahmedabad. The winner was Punjab Kings. Player of the Match was SS Iyer."
match,Royal Challengers Bengaluru vs Punjab Kings,2025,"In IPL 2025, Royal Challengers Bengaluru played Punjab Kings on 2025-06-03 at Narendra Modi Stadium, Ahmedabad. The winner was Royal Challengers Bengaluru. Player of the Match was KH Pandya."
match,Sunrisers Hyderabad vs Royal Challengers Bengaluru,2026,"In IPL 2026, Sunrisers Hyderabad played Royal Challengers Bengaluru on 2026-03-28 at M Chinnaswamy Stadium, Bengaluru. The winner was Royal Challengers Bengaluru. Player of the Match was JA Duffy."
match,Kolkata Knight Riders vs Mumbai Indians,2026,"In IPL 2026, Kolkata Knight Riders played Mumbai Indians on 2026-03-29 at Wankhede Stadium, Mumbai. The winner was Mumbai Indians. Player of the Match was SN Thakur."
match,Chennai Super Kings vs Rajasthan Royals,2026,"In IPL 2026, Chennai Super Kings played Rajasthan Royals on 2026-03-30 at Barsapara Cricket Stadium, Guwahati. The winner was Rajasthan Royals. Player of the Match was N Burger."
match,Gujarat Titans vs Punjab Kings,2026,"In IPL 2026, Gujarat Titans played Punjab Kings on 2026-03-31 at Maharaja Yadavindra Singh International Cricket Stadium, New Chandigarh. The winner was Punjab Kings. Player of the Match was C Connolly."
match,Lucknow Super Giants vs Delhi Capitals,2026,"In IPL 2026, Lucknow Super Giants played Delhi Capitals on 2026-04-01 at Bharat Ratna Shri Atal Bihari Vajpayee Ekana Cricket Stadium, Lucknow. The winner was Delhi Capitals. Player of the Match was Sameer Rizvi."
match,Sunrisers Hyderabad vs Kolkata Knight Riders,2026,"In IPL 2026, Sunrisers Hyderabad played Kolkata Knight Riders on 2026-04-02 at Eden Gardens, Kolkata. The winner was Sunrisers Hyderabad. Player of the Match was Nithish Kumar Reddy."
match,Chennai Super Kings vs Punjab Kings,2026,"In IPL 2026, Chennai Super Kings played Punjab Kings on 2026-04-03 at MA Chidambaram Stadium, Chepauk, Chennai. The winner was Punjab Kings. Player of the Match was Priyansh Arya."
match,Mumbai Indians vs Delhi Capitals,2026,"In IPL 2026, Mumbai Indians played Delhi Capitals on 2026-04-04 at Arun Jaitley Stadium, Delhi. The winner was Delhi Capitals. Player of the Match was Sameer Rizvi."
match,Rajasthan Royals vs Gujarat Titans,2026,"In IPL 2026, Rajasthan Royals played Gujarat Titans on 2026-04-04 at Narendra Modi Stadium, Ahmedabad. The winner was Rajasthan Royals. Player of the Match was Ravi Bishnoi."
match,Sunrisers Hyderabad vs Lucknow Super Giants,2026,"In IPL 2026, Sunrisers Hyderabad played Lucknow Super Giants on 2026-04-05 at Rajiv Gandhi International Stadium, Uppal, Hyderabad. The winner was Lucknow Super Giants. Player of the Match was Mohammed Shami."
match,Royal Challengers Bengaluru vs Chennai Super Kings,2026,"In IPL 2026, Royal Challengers Bengaluru played Chennai Super Kings on 2026-04-05 at M Chinnaswamy Stadium, Bengaluru. The winner was Royal Challengers Bengaluru. Player of the Match was TH David."
match,Kolkata Knight Riders vs Punjab Kings,2026,"In IPL 2026, Kolkata Knight Riders played Punjab Kings on 2026-04-06 at Eden Gardens, Kolkata. The winner was No Result. Player of the Match was Unknown."
match,Rajasthan Royals vs Mumbai Indians,2026,"In IPL 2026, Rajasthan Royals played Mumbai Indians on 2026-04-07 at Barsapara Cricket Stadium, Guwahati. The winner was Rajasthan Royals. Player of the Match was YBK Jaiswal."
match,Gujarat Titans vs Delhi Capitals,2026,"In IPL 2026, Gujarat Titans played Delhi Capitals on 2026-04-08 at Arun Jaitley Stadium, Delhi. The winner was Gujarat Titans. Player of the Match was Rashid Khan."
match,Kolkata Knight Riders vs Lucknow Super Giants,2026,"In IPL 2026, Kolkata Knight Riders played Lucknow Super Giants on 2026-04-09 at Eden Gardens, Kolkata. The winner was Lucknow Super Giants. Player of the Match was MD Choudhary."
match,Royal Challengers Bengaluru vs Rajasthan Royals,2026,"In IPL 2026, Royal Challengers Bengaluru played Rajasthan Royals on 2026-04-10 at Barsapara Cricket Stadium, Guwahati. The winner was Rajasthan Royals. Player of the Match was V Suryavanshi."
match,Sunrisers Hyderabad vs Punjab Kings,2026,"In IPL 2026, Sunrisers Hyderabad played Punjab Kings on 2026-04-11 at Maharaja Yadavindra Singh International Cricket Stadium, New Chandigarh. The winner was Punjab Kings. Player of the Match was SS Iyer."
match,Chennai Super Kings vs Delhi Capitals,2026,"In IPL 2026, Chennai Super Kings played Delhi Capitals on 2026-04-11 at MA Chidambaram Stadium, Chepauk, Chennai. The winner was Chennai Super Kings. Player of the Match was SV Samson."
match,Lucknow Super Giants vs Gujarat Titans,2026,"In IPL 2026, Lucknow Super Giants played Gujarat Titans on 2026-04-12 at Bharat Ratna Shri Atal Bihari Vajpayee Ekana Cricket Stadium, Lucknow. The winner was Gujarat Titans. Player of the Match was M Prasidh Krishna."
match,Royal Challengers Bengaluru vs Mumbai Indians,2026,"In IPL 2026, Royal Challengers Bengaluru played Mumbai Indians on 2026-04-12 at Wankhede Stadium, Mumbai. The winner was Royal Challengers Bengaluru. Player of the Match was PD Salt."
match,Sunrisers Hyderabad vs Rajasthan Royals,2026,"In IPL 2026, Sunrisers Hyderabad played Rajasthan Royals on 2026-04-13 at Rajiv Gandhi International Stadium, Uppal, Hyderabad. The winner was Sunrisers Hyderabad. Player of the Match was PP Hinge."
match,Chennai Super Kings vs Kolkata Knight Riders,2026,"In IPL 2026, Chennai Super Kings played Kolkata Knight Riders on 2026-04-14 at MA Chidambaram Stadium, Chepauk, Chennai. The winner was Chennai Super Kings. Player of the Match was Noor Ahmad."
match,Lucknow Super Giants vs Royal Challengers Bengaluru,2026,"In IPL 2026, Lucknow Super Giants played Royal Challengers Bengaluru on 2026-04-15 at M Chinnaswamy Stadium, Bengaluru. The winner was Royal Challengers Bengaluru. Player of the Match was JR Hazlewood."
match,Mumbai Indians vs Punjab Kings,2026,"In IPL 2026, Mumbai Indians played Punjab Kings on 2026-04-16 at Wankhede Stadium, Mumbai. The winner was Punjab Kings. Player of the Match was Arshdeep Singh."
match,Kolkata Knight Riders vs Gujarat Titans,2026,"In IPL 2026, Kolkata Knight Riders played Gujarat Titans on 2026-04-17 at Narendra Modi Stadium, Ahmedabad. The winner was Gujarat Titans. Player of the Match was Shubman Gill."
match,Sunrisers Hyderabad vs Chennai Super Kings,2026,"In IPL 2026, Sunrisers Hyderabad played Chennai Super Kings on 2026-04-18 at Rajiv Gandhi International Stadium, Uppal, Hyderabad. The winner was Sunrisers Hyderabad. Player of the Match was E Malinga."
match,Royal Challengers Bengaluru vs Delhi Capitals,2026,"In IPL 2026, Royal Challengers Bengaluru played Delhi Capitals on 2026-04-18 at M Chinnaswamy Stadium, Bengaluru. The winner was Delhi Capitals. Player of the Match was T Stubbs."
match,Punjab Kings vs Lucknow Super Giants,2026,"In IPL 2026, Punjab Kings played Lucknow Super Giants on 2026-04-19 at Maharaja Yadavindra Singh International Cricket Stadium, New Chandigarh. The winner was Punjab Kings. Player of the Match was Priyansh Arya."
match,Rajasthan Royals vs Kolkata Knight Riders,2026,"In IPL 2026, Rajasthan Royals played Kolkata Knight Riders on 2026-04-19 at Eden Gardens, Kolkata. The winner was Kolkata Knight Riders. Player of the Match was CV Varun."
match,Mumbai Indians vs Gujarat Titans,2026,"In IPL 2026, Mumbai Indians played Gujarat Titans on 2026-04-20 at Narendra Modi Stadium, Ahmedabad. The winner was Mumbai Indians. Player of the Match was Tilak Varma."
match,Sunrisers Hyderabad vs Delhi Capitals,2026,"In IPL 2026, Sunrisers Hyderabad played Delhi Capitals on 2026-04-21 at Rajiv Gandhi International Stadium, Uppal, Hyderabad. The winner was Sunrisers Hyderabad. Player of the Match was Abhishek Sharma."
match,Rajasthan Royals vs Lucknow Super Giants,2026,"In IPL 2026, Rajasthan Royals played Lucknow Super Giants on 2026-04-22 at Bharat Ratna Shri Atal Bihari Vajpayee Ekana Cricket Stadium, Lucknow. The winner was Rajasthan Royals. Player of the Match was RA Jadeja."
match,Chennai Super Kings vs Mumbai Indians,2026,"In IPL 2026, Chennai Super Kings played Mumbai Indians on 2026-04-23 at Wankhede Stadium, Mumbai. The winner was Chennai Super Kings. Player of the Match was SV Samson."
match,Gujarat Titans vs Royal Challengers Bengaluru,2026,"In IPL 2026, Gujarat Titans played Royal Challengers Bengaluru on 2026-04-24 at M Chinnaswamy Stadium, Bengaluru. The winner was Royal Challengers Bengaluru. Player of the Match was V Kohli."
match,Rajasthan Royals vs Sunrisers Hyderabad,2026,"In IPL 2026, Rajasthan Royals played Sunrisers Hyderabad on 2026-04-25 at Sawai Mansingh Stadium, Jaipur. The winner was Sunrisers Hyderabad. Player of the Match was Ishan Kishan."
match,Delhi Capitals vs Punjab Kings,2026,"In IPL 2026, Delhi Capitals played Punjab Kings on 2026-04-25 at Arun Jaitley Stadium, Delhi. The winner was Punjab Kings. Player of the Match was KL Rahul."
match,Chennai Super Kings vs Gujarat Titans,2026,"In IPL 2026, Chennai Super Kings played Gujarat Titans on 2026-04-26 at MA Chidambaram Stadium, Chepauk, Chennai. The winner was Gujarat Titans. Player of the Match was K Rabada."
match,Kolkata Knight Riders vs Lucknow Super Giants,2026,"In IPL 2026, Kolkata Knight Riders played Lucknow Super Giants on 2026-04-26 at Bharat Ratna Shri Atal Bihari Vajpayee Ekana Cricket Stadium, Lucknow. The winner was No Result. Player of the Match was RK Singh."
match,Delhi Capitals vs Royal Challengers Bengaluru,2026,"In IPL 2026, Delhi Capitals played Royal Challengers Bengaluru on 2026-04-27 at Arun Jaitley Stadium, Delhi. The winner was Royal Challengers Bengaluru. Player of the Match was JR Hazlewood."
match,Punjab Kings vs Rajasthan Royals,2026,"In IPL 2026, Punjab Kings played Rajasthan Royals on 2026-04-28 at Maharaja Yadavindra Singh International Cricket Stadium, New Chandigarh. The winner was Rajasthan Royals. Player of the Match was D Ferreira."
match,Mumbai Indians vs Sunrisers Hyderabad,2026,"In IPL 2026, Mumbai Indians played Sunrisers Hyderabad on 2026-04-29 at Wankhede Stadium, Mumbai. The winner was Sunrisers Hyderabad. Player of the Match was H Klaasen."
match,Royal Challengers Bengaluru vs Gujarat Titans,2026,"In IPL 2026, Royal Challengers Bengaluru played Gujarat Titans on 2026-04-30 at Narendra Modi Stadium, Ahmedabad. The winner was Gujarat Titans. Player of the Match was JO Holder."
match,Rajasthan Royals vs Delhi Capitals,2026,"In IPL 2026, Rajasthan Royals played Delhi Capitals on 2026-05-01 at Sawai Mansingh Stadium, Jaipur. The winner was Delhi Capitals. Player of the Match was KL Rahul."
match,Mumbai Indians vs Chennai Super Kings,2026,"In IPL 2026, Mumbai Indians played Chennai Super Kings on 2026-05-02 at MA Chidambaram Stadium, Chepauk, Chennai. The winner was Chennai Super Kings. Player of the Match was RD Gaikwad."
match,Punjab Kings vs Gujarat Titans,2026,"In IPL 2026, Punjab Kings played Gujarat Titans on 2026-05-03 at Narendra Modi Stadium, Ahmedabad. The winner was Gujarat Titans. Player of the Match was JO Holder."
match,Sunrisers Hyderabad vs Kolkata Knight Riders,2026,"In IPL 2026, Sunrisers Hyderabad played Kolkata Knight Riders on 2026-05-03 at Rajiv Gandhi International Stadium, Uppal, Hyderabad. The winner was Kolkata Knight Riders. Player of the Match was CV Varun."
match,Lucknow Super Giants vs Mumbai Indians,2026,"In IPL 2026, Lucknow Super Giants played Mumbai Indians on 2026-05-04 at Wankhede Stadium, Mumbai. The winner was Mumbai Indians. Player of the Match was RD Rickelton."
match,Delhi Capitals vs Chennai Super Kings,2026,"In IPL 2026, Delhi Capitals played Chennai Super Kings on 2026-05-05 at Arun Jaitley Stadium, Delhi. The winner was Chennai Super Kings. Player of the Match was SV Samson."
match,Sunrisers Hyderabad vs Punjab Kings,2026,"In IPL 2026, Sunrisers Hyderabad played Punjab Kings on 2026-05-06 at Rajiv Gandhi International Stadium, Uppal, Hyderabad. The winner was Sunrisers Hyderabad. Player of the Match was PJ Cummins."
match,Lucknow Super Giants vs Royal Challengers Bengaluru,2026,"In IPL 2026, Lucknow Super Giants played Royal Challengers Bengaluru on 2026-05-07 at Bharat Ratna Shri Atal Bihari Vajpayee Ekana Cricket Stadium, Lucknow. The winner was Lucknow Super Giants. Player of the Match was MR Marsh."
match,Delhi Capitals vs Kolkata Knight Riders,2026,"In IPL 2026, Delhi Capitals played Kolkata Knight Riders on 2026-05-08 at Arun Jaitley Stadium, Delhi. The winner was Kolkata Knight Riders. Player of the Match was FH Allen."
match,Gujarat Titans vs Rajasthan Royals,2026,"In IPL 2026, Gujarat Titans played Rajasthan Royals on 2026-05-09 at Sawai Mansingh Stadium, Jaipur. The winner was Gujarat Titans. Player of the Match was Rashid Khan."
match,Lucknow Super Giants vs Chennai Super Kings,2026,"In IPL 2026, Lucknow Super Giants played Chennai Super Kings on 2026-05-10 at MA Chidambaram Stadium, Chepauk, Chennai. The winner was Chennai Super Kings. Player of the Match was J Overton."
match,Mumbai Indians vs Royal Challengers Bengaluru,2026,"In IPL 2026, Mumbai Indians played Royal Challengers Bengaluru on 2026-05-10 at Shaheed Veer Narayan Singh International Stadium, Raipur. The winner was Royal Challengers Bengaluru. Player of the Match was B Kumar."
match,Punjab Kings vs Delhi Capitals,2026,"In IPL 2026, Punjab Kings played Delhi Capitals on 2026-05-11 at Himachal Pradesh Cricket Association Stadium, Dharamsala. The winner was Delhi Capitals. Player of the Match was M Tiwari."
match,Gujarat Titans vs Sunrisers Hyderabad,2026,"In IPL 2026, Gujarat Titans played Sunrisers Hyderabad on 2026-05-12 at Narendra Modi Stadium, Ahmedabad. The winner was Gujarat Titans. Player of the Match was K Rabada."
match,Kolkata Knight Riders vs Royal Challengers Bengaluru,2026,"In IPL 2026, Kolkata Knight Riders played Royal Challengers Bengaluru on 2026-05-13 at Shaheed Veer Narayan Singh International Stadium, Raipur. The winner was Royal Challengers Bengaluru. Player of the Match was V Kohli."
match,Punjab Kings vs Mumbai Indians,2026,"In IPL 2026, Punjab Kings played Mumbai Indians on 2026-05-14 at Himachal Pradesh Cricket Association Stadium, Dharamsala. The winner was Mumbai Indians. Player of the Match was Tilak Varma."
match,Chennai Super Kings vs Lucknow Super Giants,2026,"In IPL 2026, Chennai Super Kings played Lucknow Super Giants on 2026-05-15 at Bharat Ratna Shri Atal Bihari Vajpayee Ekana Cricket Stadium, Lucknow. The winner was Lucknow Super Giants. Player of the Match was MR Marsh."
match,Kolkata Knight Riders vs Gujarat Titans,2026,"In IPL 2026, Kolkata Knight Riders played Gujarat Titans on 2026-05-16 at Eden Gardens, Kolkata. The winner was Kolkata Knight Riders. Player of the Match was SP Narine."
match,Rajasthan Royals vs Delhi Capitals,2026,"In IPL 2026, Rajasthan Royals played Delhi Capitals on 2026-05-17 at Arun Jaitley Stadium, Delhi. The winner was Delhi Capitals. Player of the Match was MA Starc."
match,Royal Challengers Bengaluru vs Punjab Kings,2026,"In IPL 2026, Royal Challengers Bengaluru played Punjab Kings on 2026-05-17 at Himachal Pradesh Cricket Association Stadium, Dharamsala. The winner was Royal Challengers Bengaluru. Player of the Match was VR Iyer."
match,Chennai Super Kings vs Sunrisers Hyderabad,2026,"In IPL 2026, Chennai Super Kings played Sunrisers Hyderabad on 2026-05-18 at MA Chidambaram Stadium, Chepauk, Chennai. The winner was Sunrisers Hyderabad. Player of the Match was Ishan Kishan."
match,Lucknow Super Giants vs Rajasthan Royals,2026,"In IPL 2026, Lucknow Super Giants played Rajasthan Royals on 2026-05-19 at Sawai Mansingh Stadium, Jaipur. The winner was Rajasthan Royals. Player of the Match was V Suryavanshi."
match,Mumbai Indians vs Kolkata Knight Riders,2026,"In IPL 2026, Mumbai Indians played Kolkata Knight Riders on 2026-05-20 at Eden Gardens, Kolkata. The winner was Kolkata Knight Riders. Player of the Match was MK Pandey."
match,Gujarat Titans vs Chennai Super Kings,2026,"In IPL 2026, Gujarat Titans played Chennai Super Kings on 2026-05-21 at Narendra Modi Stadium, Ahmedabad. The winner was Gujarat Titans. Player of the Match was Mohammed Siraj."
match,Sunrisers Hyderabad vs Royal Challengers Bengaluru,2026,"In IPL 2026, Sunrisers Hyderabad played Royal Challengers Bengaluru on 2026-05-22 at Rajiv Gandhi International Stadium, Uppal, Hyderabad. The winner was Sunrisers Hyderabad. Player of the Match was Ishan Kishan."
match,Lucknow Super Giants vs Punjab Kings,2026,"In IPL 2026, Lucknow Super Giants played Punjab Kings on 2026-05-23 at Bharat Ratna Shri Atal Bihari Vajpayee Ekana Cricket Stadium, Lucknow. The winner was Punjab Kings. Player of the Match was SS Iyer."
match,Rajasthan Royals vs Mumbai Indians,2026,"In IPL 2026, Rajasthan Royals played Mumbai Indians on 2026-05-24 at Wankhede Stadium, Mumbai. The winner was Rajasthan Royals. Player of the Match was JC Archer."
match,Delhi Capitals vs Kolkata Knight Riders,2026,"In IPL 2026, Delhi Capitals played Kolkata Knight Riders on 2026-05-24 at Eden Gardens, Kolkata. The winner was Delhi Capitals. Player of the Match was Kuldeep Yadav."
match,Royal Challengers Bengaluru vs Gujarat Titans,2026,"In IPL 2026, Royal Challengers Bengaluru played Gujarat Titans on 2026-05-26 at Himachal Pradesh Cricket Association Stadium, Dharamsala. The winner was Royal Challengers Bengaluru. Player of the Match was RM Patidar."
match,Rajasthan Royals vs Sunrisers Hyderabad,2026,"In IPL 2026, Rajasthan Royals played Sunrisers Hyderabad on 2026-05-27 at Maharaja Yadavindra Singh International Cricket Stadium, New Chandigarh. The winner was Rajasthan Royals. Player of the Match was V Suryavanshi."
match,Rajasthan Royals vs Gujarat Titans,2026,"In IPL 2026, Rajasthan Royals played Gujarat Titans on 2026-05-29 at Maharaja Yadavindra Singh International Cricket Stadium, New Chandigarh. The winner was Gujarat Titans. Player of the Match was Shubman Gill."
match,Gujarat Titans vs Royal Challengers Bengaluru,2026,"In IPL 2026, Gujarat Titans played Royal Challengers Bengaluru on 2026-05-31 at Narendra Modi Stadium, Ahmedabad. The winner was Royal Challengers Bengaluru. Player of the Match was V Kohli."
season_squad,Chennai Super Kings,2008,"IPL 2008 squad for Chennai Super Kings: A Mukund, CK Kapugedera, JA Morkel, JDP Oram, Joginder Sharma, L Balaji, M Muralitharan, M Ntini, MEK Hussey, ML Hayden, MS Dhoni, MS Gony, P Amarnath, PA Patel, S Anirudha, S Badrinath, S Vidyut, SK Raina, SP Fleming."
season_squad,Deccan Chargers,2008,"IPL 2008 squad for Deccan Chargers: A Symonds, AC Gilchrist, AS Yadav, D Kalyankrishna, DB Ravi Teja, DNT Zoysa, DP Vijaykumar, H Das, HH Gibbs, LPC Silva, PM Sarvesh Kumar, PP Ojha, RG Sharma, RP Singh, SB Bangar, SB Styris, Shahid Afridi, VVS Laxman, WPUJC Vaas, Y Venugopal Rao."
season_squad,Delhi Capitals,2008,"IPL 2008 squad for Delhi Capitals: A Mishra, AB de Villiers, B Geeves, DL Vettori, G Gambhir, GD McGrath, KD Karthik, M Manhas, MF Maharoof, MK Tiwary, Mohammad Asif, PJ Sangwan, R Bhatia, S Dhawan, Shoaib Malik, TM Dilshan, V Sehwag, VY Mahesh."
season_squad,Kolkata Knight Riders,2008,"IPL 2008 squad for Kolkata Knight Riders: A Chopra, AB Agarkar, AB Dinda, BAW Mendis, BB McCullum, BJ Hodge, DB Das, DJ Hussey, I Sharma, Iqbal Abdulla, LR Shukla, M Kartik, Mohammad Hafeez, RT Ponting, SC Ganguly, Salman Butt, Shoaib Akhtar, T Taibu, Umar Gul, WP Saha."
season_squad,Mumbai Indians,2008,"IPL 2008 squad for Mumbai Indians: A Nehra, A Nel, AM Nayar, AM Rahane, CRD Fernando, DJ Bravo, DJ Thornely, DR Smith, DS Kulkarni, Harbhajan Singh, L Ronchi, MA Khote, MK Pandey, PR Shah, RR Raje, RV Pawar, RV Uthappa, SD Chitnis, SM Pollock, SR Tendulkar, SS Tiwary, ST Jayasuriya, VS Yeligati, YV Takawale."
season_squad,Punjab Kings,2008,"IPL 2008 squad for Punjab Kings: B Lee, DPMD Jayawardene, Gagandeep Singh, IK Pathan, JR Hopes, K Goel, KC Sangakkara, LA Pomersbach, P Dharmani, PP Chawla, RR Powar, RR Sarwan, S Sohal, S Sreesanth, SE Marsh, SM Katich, TM Srivastava, U Kaul, VRV Singh, WA Mota, Yuvraj Singh."
season_squad,Rajasthan Royals,2008,"IPL 2008 squad for Rajasthan Royals: AD Mascarenhas, D Salunkhe, DS Lehmann, GC Smith, Kamran Akmal, M Kaif, M Rawat, MM Patel, NK Patel, Pankaj Singh, RA Jadeja, SA Asnodkar, SK Trivedi, SK Warne, SR Watson, Sohail Tanvir, T Kohli, YK Pathan, Younis Khan."
season_squad,Royal Challengers Bengaluru,2008,"IPL 2008 squad for Royal Challengers Bengaluru: A Kumble, AA Noffke, Abdur Razzak, B Akhil, B Chipli, CL White, DT Patil, DW Steyn, J Arunkumar, JH Kallis, LRPL Taylor, MV Boucher, Misbah-ul-Haq, P Kumar, R Dravid, R Vinay Kumar, S Chanderpaul, SB Joshi, SP Goswami, V Kohli, W Jaffer, Z Khan."
season_squad,Chennai Super Kings,2009,"IPL 2009 squad for Chennai Super Kings: A Flintoff, GJ Bailey, JA Morkel, JDP Oram, Joginder Sharma, L Balaji, M Muralitharan, M Vijay, ML Hayden, MS Dhoni, MS Gony, PA Patel, R Ashwin, S Badrinath, S Tyagi, SB Jakati, SK Raina, T Thushara."
season_squad,Deccan Chargers,2009,"IPL 2009 squad for Deccan Chargers: A Symonds, AA Bilakhia, AC Gilchrist, DB Ravi Teja, DR Smith, FH Edwards, HH Gibbs, Harmeet Singh, Jaskaran Singh, PP Ojha, RG Sharma, RJ Harris, RP Singh, SB Styris, Shoaib Ahmed, TL Suman, VVS Laxman, WPUJC Vaas, Y Venugopal Rao."
season_squad,Delhi Capitals,2009,"IPL 2009 squad for Delhi Capitals: A Mishra, A Nehra, AB McDonald, AB de Villiers, AM Salvi, DA Warner, DL Vettori, DP Nannes, G Gambhir, KD Karthik, M Manhas, MF Maharoof, MK Tiwary, PJ Sangwan, R Bhatia, TM Dilshan, V Sehwag, VY Mahesh, Y Nagar."
season_squad,Kolkata Knight Riders,2009,"IPL 2009 squad for Kolkata Knight Riders: A Chopra, AB Agarkar, AB Dinda, AD Mathews, AN Ghosh, Anureet Singh, BAW Mendis, BB McCullum, BJ Hodge, CH Gayle, CK Langeveldt, DJ Hussey, I Sharma, LR Shukla, M Kartik, MC Henriques, MN van Wyk, Mashrafe Mortaza, SB Bangar, SC Ganguly, SS Sarkar, SS Shaikh, WP Saha, Yashpal Singh."
season_squad,Mumbai Indians,2009,"IPL 2009 squad for Mumbai Indians: AM Nayar, AM Rahane, C Nanda, DJ Bravo, DS Kulkarni, GR Napier, Harbhajan Singh, JP Duminy, L Ronchi, Mohammad Ashraful, PR Shah, RA Shaikh, RR Raje, S Dhawan, SL Malinga, SR Tendulkar, SS Tiwary, ST Jayasuriya, YV Takawale, Z Khan."
season_squad,Punjab Kings,2009,"IPL 2009 squad for Punjab Kings: B Lee, DPMD Jayawardene, IK Pathan, K Goel, KC Sangakkara, LA Pomersbach, PP Chawla, RR Bose, RR Powar, RS Bopara, S Sohal, S Sreesanth, SM Katich, T Kohli, TM Srivastava, VRV Singh, VS Malik, WA Mota, YA Abdulla, Yuvraj Singh."
season_squad,Rajasthan Royals,2009,"IPL 2009 squad for Rajasthan Royals: A Singh, AD Mascarenhas, AS Raut, GC Smith, J Botha, Kamran Khan, LA Carseldine, M Morkel, M Rawat, MM Patel, NK Patel, NV Ojha, PC Valthaty, RA Jadeja, RJ Quiney, SA Asnodkar, SD Chitnis, SK Trivedi, SK Warne, SM Harwood, T Henderson, YK Pathan."
season_squad,Royal Challengers Bengaluru,2009,"IPL 2009 squad for Royal Challengers Bengaluru: A Kumble, A Mithun, B Akhil, D du Preez, DW Steyn, JD Ryder, JH Kallis, KP Appanna, KP Pietersen, KV Sharma, LRPL Taylor, MK Pandey, MV Boucher, P Kumar, Pankaj Singh, R Bishnoi, R Dravid, R Vinay Kumar, RE van der Merwe, RV Uthappa, SP Goswami, V Kohli, W Jaffer."
season_squad,Chennai Super Kings,2010,"IPL 2010 squad for Chennai Super Kings: C Ganapathy, DE Bollinger, GJ Bailey, JA Morkel, JM Kemp, Joginder Sharma, KB Arun Karthik, L Balaji, M Muralitharan, M Vijay, MEK Hussey, ML Hayden, MS Dhoni, MS Gony, NLTC Perera, PA Patel, R Ashwin, S Anirudha, S Badrinath, S Tyagi, SB Jakati, SK Raina, T Thushara."
season_squad,Deccan Chargers,2010,"IPL 2010 squad for Deccan Chargers: A Symonds, AA Bilakhia, AC Gilchrist, Anirudh Singh, B Sumanth, DR Smith, HH Gibbs, Harmeet Singh, Jaskaran Singh, KAJ Roach, MD Mishra, MR Marsh, PP Ojha, R Sharma, RG Sharma, RJ Harris, RP Singh, TL Suman, VVS Laxman, WPUJC Vaas, Y Venugopal Rao."
season_squad,Delhi Capitals,2010,"IPL 2010 squad for Delhi Capitals: A Mishra, A Nehra, AB McDonald, AB de Villiers, DA Warner, DL Vettori, DP Nannes, G Gambhir, KD Karthik, KM Jadhav, M Manhas, MC Henriques, MF Maharoof, PD Collingwood, PJ Sangwan, R Bhatia, S Ladda, TM Dilshan, UT Yadav, V Sehwag, VY Mahesh, Y Nagar."
season_squad,Kolkata Knight Riders,2010,"IPL 2010 squad for Kolkata Knight Riders: AB Agarkar, AB Dinda, AD Mathews, BAW Mendis, BB McCullum, BJ Hodge, CA Pujara, CH Gayle, CK Langeveldt, DJ Hussey, Harpreet Singh, I Sharma, Iqbal Abdulla, JD Unadkat, LR Shukla, M Kartik, MB Parmar, MK Tiwary, Mandeep Singh, OA Shah, RS Gavaskar, SC Ganguly, SE Bond, WP Saha."
season_squad,Mumbai Indians,2010,"IPL 2010 squad for Mumbai Indians: AG Murtaza, AM Nayar, AN Ahmed, AP Tare, AT Rayudu, C Madan, CRD Fernando, DJ Bravo, DS Kulkarni, Harbhajan Singh, JP Duminy, KA Pollard, R McLaren, R Sathish, S Dhawan, SL Malinga, SR Tendulkar, SS Tiwary, ST Jayasuriya, STR Binny, Z Khan."
season_squad,Punjab Kings,2010,"IPL 2010 squad for Punjab Kings: AB Barath, B Lee, Bipul Sharma, DPMD Jayawardene, IK Pathan, J Theron, K Goel, KC Sangakkara, L Ablish, M Kaif, MS Bisla, PP Chawla, RR Powar, RS Bopara, RS Sodhi, S Sohal, S Sreesanth, SE Marsh, SJ Srivastava, VRV Singh, VS Malik, YA Abdulla, Yuvraj Singh."
season_squad,Rajasthan Royals,2010,"IPL 2010 squad for Rajasthan Royals: A Uniyal, AA Jhunjhunwala, AC Voges, AD Mascarenhas, AG Paunikar, AJ Finch, AP Dole, AS Raut, DR Martyn, FY Fazal, GC Smith, Kamran Khan, M Morkel, MJ Lumb, MM Patel, NV Ojha, P Dogra, S Narwal, SA Asnodkar, SB Wagh, SK Trivedi, SK Warne, SR Watson, SW Tait, YK Pathan."
season_squad,Royal Challengers Bengaluru,2010,"IPL 2010 squad for Royal Challengers Bengaluru: A Kumble, A Mithun, B Akhil, CL White, DW Steyn, EJG Morgan, JH Kallis, KP Appanna, KP Pietersen, LRPL Taylor, MK Pandey, MV Boucher, ND Doshi, P Kumar, Pankaj Singh, R Dravid, R Vinay Kumar, RE van der Merwe, RV Uthappa, S Sriram, SP Goswami, V Kohli."
season_squad,Chennai Super Kings,2011,"IPL 2011 squad for Chennai Super Kings: DE Bollinger, DJ Bravo, JA Morkel, Joginder Sharma, KMDN Kulasekara, M Vijay, MEK Hussey, MS Dhoni, R Ashwin, S Anirudha, S Badrinath, S Randiv, SB Jakati, SB Styris, SK Raina, TG Southee, WP Saha."
season_squad,Deccan Chargers,2011,"IPL 2011 squad for Deccan Chargers: A Mishra, Anand Rajan, B Chipli, CL White, DB Ravi Teja, DT Christian, DW Steyn, Harmeet Singh, I Malhotra, I Sharma, IR Jaggi, JP Duminy, KC Sangakkara, KH Devdhar, MJ Lumb, MS Gony, PP Ojha, S Dhawan, S Sohal."
season_squad,Delhi Capitals,2011,"IPL 2011 squad for Delhi Capitals: AB Agarkar, AB Dinda, AB McDonald, AJ Finch, AM Salvi, CA Ingram, DA Warner, IK Pathan, JR Hopes, M Morkel, MS Wade, NV Ojha, RE van der Merwe, S Nadeem, S Sriram, TR Birt, UBT Chand, UT Yadav, V Sehwag, VR Aaron, Y Nagar, Y Venugopal Rao."
season_squad,Kochi Tuskers Kerala,2011,"IPL 2011 squad for Kochi Tuskers Kerala: B Akhil, BB McCullum, BJ Hodge, DPMD Jayawardene, KM Jadhav, M Klinger, M Muralitharan, NLTC Perera, OA Shah, P Parameswaran, P Prasanth, PA Patel, R Vinay Kumar, RA Jadeja, RP Singh, RR Powar, RV Gomez, S Sreesanth, VVS Laxman, Y Gnaneswara Rao."
season_squad,Kolkata Knight Riders,2011,"IPL 2011 squad for Kolkata Knight Riders: B Lee, BJ Haddin, EJG Morgan, G Gambhir, Iqbal Abdulla, JD Unadkat, JH Kallis, L Balaji, LR Shukla, MK Tiwary, MS Bisla, MV Boucher, R Bhatia, RN ten Doeschate, S Ladda, SP Goswami, Shakib Al Hasan, YK Pathan."
season_squad,Mumbai Indians,2011,"IPL 2011 squad for Mumbai Indians: A Symonds, AC Blizzard, AG Murtaza, AN Ahmed, AT Rayudu, DJ Jacobs, DS Kulkarni, Harbhajan Singh, JEC Franklin, KA Pollard, MM Patel, R Sathish, RG Sharma, RW Price, SL Malinga, SR Tendulkar, TL Suman."
season_squad,Pune Warriors,2011,"IPL 2011 squad for Pune Warriors: AA Jhunjhunwala, AC Thomas, B Kumar, CJ Ferguson, GC Smith, Harpreet Singh, JD Ryder, JE Taylor, JP Faulkner, Kamran Khan, M Kartik, M Manhas, MD Mishra, MK Pandey, MR Marsh, NL McCullum, R Sharma, RV Uthappa, S Rana, SB Wagh, SC Ganguly, SS Mundhe, TD Paine, WD Parnell, Yuvraj Singh."
season_squad,Punjab Kings,2011,"IPL 2011 squad for Punjab Kings: AC Gilchrist, AM Nayar, BA Bhatt, Bipul Sharma, DJ Hussey, KD Karthik, L Ablish, Mandeep Singh, NJ Rimmington, P Kumar, PC Valthaty, PP Chawla, R McLaren, RJ Harris, SD Chitnis, SE Marsh, SJ Srivastava, Sunny Singh, VS Malik."
season_squad,Rajasthan Royals,2011,"IPL 2011 squad for Rajasthan Royals: A Singh, AA Chavan, AG Paunikar, AL Menaria, AM Rahane, AS Raut, DH Yagnik, FY Fazal, J Botha, JDP Oram, LRPL Taylor, ND Doshi, PR Shah, Pankaj Singh, R Dravid, SA Asnodkar, SK Trivedi, SK Warne, SR Watson, STR Binny, SW Tait."
season_squad,Royal Challengers Bengaluru,2011,"IPL 2011 squad for Royal Challengers Bengaluru: A Mithun, AA Kazi, AB de Villiers, AUK Pathan, CA Pujara, CH Gayle, CK Langeveldt, DL Vettori, DP Nannes, J Syed Mohammad, JJ van der Wath, KB Arun Karthik, LA Pomersbach, M Kaif, MA Agarwal, R Ninan, S Aravind, SS Tiwary, TM Dilshan, V Kohli, Z Khan."
season_squad,Chennai Super Kings,2012,"IPL 2012 squad for Chennai Super Kings: BW Hilfenhaus, DE Bollinger, DJ Bravo, F du Plessis, JA Morkel, KMDN Kulasekara, M Vijay, MEK Hussey, MS Dhoni, R Ashwin, RA Jadeja, S Anirudha, S Badrinath, SB Jakati, SK Raina, VY Mahesh, WP Saha."
season_squad,Deccan Chargers,2012,"IPL 2012 squad for Deccan Chargers: A Ashish Reddy, A Mishra, AA Jhunjhunwala, Anand Rajan, Ankit Sharma, B Chipli, BB Samantray, CA Lynn, CL White, DB Ravi Teja, DJ Harris, DT Christian, DW Steyn, IR Jaggi, J Theron, JP Duminy, KC Sangakkara, MS Gony, PA Patel, PA Reddy, S Dhawan, T Mishra, TP Sudhindra, V Pratap Singh."
season_squad,Delhi Capitals,2012,"IPL 2012 squad for Delhi Capitals: AB Agarkar, AD Russell, AJ Finch, DA Warner, DAJ Bracewell, DPMD Jayawardene, GJ Maxwell, IK Pathan, KP Pietersen, LRPL Taylor, M Morkel, NV Ojha, P Negi, RE van der Merwe, S Nadeem, Sunny Gupta, UBT Chand, UT Yadav, V Sehwag, VR Aaron, Y Nagar, Y Venugopal Rao."
season_squad,Kolkata Knight Riders,2012,"IPL 2012 squad for Kolkata Knight Riders: B Lee, BB McCullum, DB Das, G Gambhir, Iqbal Abdulla, JD Unadkat, JH Kallis, L Balaji, LR Shukla, M de Lange, MK Tiwary, MS Bisla, PJ Sangwan, R Bhatia, RN ten Doeschate, SP Narine, Shakib Al Hasan, YK Pathan."
season_squad,Mumbai Indians,2012,"IPL 2012 squad for Mumbai Indians: AC Blizzard, AN Ahmed, AT Rayudu, CJ McKay, DJ Jacobs, DR Smith, DS Kulkarni, HH Gibbs, Harbhajan Singh, JEC Franklin, KA Pollard, KD Karthik, MM Patel, NLTC Perera, PP Ojha, R Shukla, RE Levi, RG Sharma, RJ Peterson, RP Singh, SA Yadav, SL Malinga, SR Tendulkar, TL Suman."
season_squad,Pune Warriors,2012,"IPL 2012 squad for Pune Warriors: A Nehra, AB Dinda, AC Thomas, AD Mathews, AG Murtaza, AP Majumdar, B Kumar, CJ Ferguson, Harpreet Singh, JD Ryder, K Upadhyay, LJ Wright, M Kartik, M Manhas, MD Mishra, MJ Clarke, MK Pandey, MN Samuels, R Sharma, RV Uthappa, SC Ganguly, SPD Smith, WD Parnell."
season_squad,Punjab Kings,2012,"IPL 2012 squad for Punjab Kings: AC Gilchrist, AD Mascarenhas, AM Nayar, Azhar Mahmood, BA Bhatt, Bipul Sharma, DA Miller, DJ Hussey, Gurkeerat Singh, Harmeet Singh, JP Faulkner, Mandeep Singh, N Saini, P Awana, P Dogra, P Kumar, PC Valthaty, PP Chawla, RJ Harris, RR Powar, SD Chitnis, SE Marsh."
season_squad,Rajasthan Royals,2012,"IPL 2012 squad for Rajasthan Royals: A Chandila, A Singh, AA Chavan, AL Menaria, AM Rahane, BJ Hodge, DH Yagnik, GB Hogg, J Botha, KK Cooper, OA Shah, Pankaj Singh, R Dravid, SK Trivedi, SP Goswami, SR Watson, STR Binny, SW Tait."
season_squad,Royal Challengers Bengaluru,2012,"IPL 2012 squad for Royal Challengers Bengaluru: A Mithun, AB McDonald, AB de Villiers, AUK Pathan, CA Pujara, CH Gayle, DL Vettori, HV Patel, J Syed Mohammad, KB Arun Karthik, KP Appanna, M Kaif, M Muralitharan, MA Agarwal, P Parameswaran, R Vinay Kumar, RR Bhatkal, S Aravind, SS Tiwary, TM Dilshan, V Kohli, Z Khan."
season_squad,Chennai Super Kings,2013,"IPL 2013 squad for Chennai Super Kings: AS Rajpoot, B Laughlin, CH Morris, DJ Bravo, DP Nannes, JA Morkel, JO Holder, M Vijay, MEK Hussey, MM Sharma, MS Dhoni, R Ashwin, RA Jadeja, S Anirudha, S Badrinath, SK Raina, WP Saha."
season_squad,Delhi Capitals,2013,"IPL 2013 squad for Delhi Capitals: A Nehra, AB Agarkar, AD Russell, B Chipli, BJ Rohrer, BMAJ Mendis, CM Gautam, DA Warner, DPMD Jayawardene, IK Pathan, J Botha, KM Jadhav, M Morkel, MC Juneja, NV Ojha, P Negi, RE van der Merwe, S Kaul, S Nadeem, UBT Chand, UT Yadav, V Sehwag, Y Venugopal Rao."
season_squad,Kolkata Knight Riders,2013,"IPL 2013 squad for Kolkata Knight Riders: B Lee, BB McCullum, DB Das, EJG Morgan, G Gambhir, Iqbal Abdulla, JH Kallis, L Balaji, LR Shukla, MK Tiwary, MS Bisla, Mohammed Shami, P Dogra, PJ Sangwan, R Bhatia, R McLaren, RN ten Doeschate, S Ladda, S Narwal, SMSM Senanayake, SP Narine, YK Pathan."
season_squad,Mumbai Indians,2013,"IPL 2013 squad for Mumbai Indians: AN Ahmed, AP Tare, AT Rayudu, DR Smith, DS Kulkarni, GJ Maxwell, Harbhajan Singh, JDP Oram, JJ Bumrah, KA Pollard, KD Karthik, MG Johnson, MM Patel, NM Coulter-Nile, P Suyal, PP Ojha, R Dhawan, RG Sharma, RT Ponting, SL Malinga, SR Tendulkar, YS Chahal."
season_squad,Pune Warriors,2013,"IPL 2013 squad for Pune Warriors: AB Dinda, AD Mathews, AG Murtaza, AJ Finch, AM Nayar, B Kumar, BAW Mendis, IC Pandey, K Upadhyay, KW Richardson, LJ Wright, LRPL Taylor, M Manhas, M Rawat, MK Pandey, MN Samuels, MR Marsh, Parvez Rasool, R Sharma, RV Gomez, RV Uthappa, SPD Smith, TL Suman, UA Birla, WD Parnell, Yuvraj Singh."
season_squad,Punjab Kings,2013,"IPL 2013 squad for Punjab Kings: AC Gilchrist, AD Mascarenhas, Azhar Mahmood, BA Bhatt, Bipul Sharma, DA Miller, DJ Hussey, Gurkeerat Singh, Harmeet Singh, LA Pomersbach, M Vohra, MG Neser, MS Gony, Mandeep Singh, P Awana, P Kumar, PC Valthaty, PP Chawla, R Sathish, RJ Harris, SE Marsh, Sandeep Sharma."
season_squad,Rajasthan Royals,2013,"IPL 2013 squad for Rajasthan Royals: A Chandila, AA Chavan, AL Menaria, AM Rahane, BJ Hodge, DH Yagnik, GB Hogg, Harmeet Singh, JP Faulkner, KK Cooper, MDKJ Perera, OA Shah, PV Tambe, R Dravid, R Shukla, S Badree, S Sreesanth, SK Trivedi, SR Watson, STR Binny, SV Samson, SW Tait, Sachin Baby, VS Malik."
season_squad,Royal Challengers Bengaluru,2013,"IPL 2013 squad for Royal Challengers Bengaluru: A Mithun, A Mukund, AB McDonald, AB de Villiers, CA Pujara, CH Gayle, DT Christian, J Syed Mohammad, JD Unadkat, KB Arun Karthik, KK Nair, KL Rahul, M Kartik, M Muralitharan, MA Agarwal, MC Henriques, R Rampaul, R Vinay Kumar, RP Singh, SS Tiwary, TM Dilshan, V Kohli, Z Khan."
season_squad,Sunrisers Hyderabad,2013,"IPL 2013 squad for Sunrisers Hyderabad: A Ashish Reddy, A Mishra, Anand Rajan, Ankit Sharma, BB Samantray, CL White, DB Ravi Teja, DJG Sammy, DW Steyn, GH Vihari, I Sharma, KC Sangakkara, KV Sharma, NLTC Perera, PA Patel, PA Reddy, Q de Kock, S Dhawan, X Thalaivan Sargunam."
season_squad,Chennai Super Kings,2014,"IPL 2014 squad for Chennai Super Kings: A Nehra, BB McCullum, BW Hilfenhaus, DJ Bravo, DJ Hussey, DR Smith, F du Plessis, IC Pandey, JW Hastings, M Manhas, MM Sharma, MS Dhoni, P Negi, R Ashwin, RA Jadeja, S Badree, SK Raina, V Shankar."
season_squad,Delhi Capitals,2014,"IPL 2014 squad for Delhi Capitals: Imran Tahir, JD Unadkat, JDS Neesham, JP Duminy, KD Karthik, KM Jadhav, KP Pietersen, LR Shukla, LRPL Taylor, M Vijay, MA Agarwal, MK Tiwary, Mohammed Shami, NM Coulter-Nile, Q de Kock, R Sharma, R Shukla, S Kaul, S Nadeem, WD Parnell."
season_squad,Kolkata Knight Riders,2014,"IPL 2014 squad for Kolkata Knight Riders: AD Russell, CA Lynn, G Gambhir, JH Kallis, M Morkel, MK Pandey, MS Bisla, PJ Cummins, PP Chawla, R Vinay Kumar, RN ten Doeschate, RV Uthappa, SA Yadav, SP Narine, Shakib Al Hasan, UT Yadav, YK Pathan."
season_squad,Mumbai Indians,2014,"IPL 2014 squad for Mumbai Indians: AP Tare, AT Rayudu, BR Dunk, CJ Anderson, CM Gautam, Harbhajan Singh, JJ Bumrah, K Santokie, KA Pollard, LMP Simmons, M de Lange, MEK Hussey, P Kumar, P Suyal, PP Ojha, RG Sharma, S Gopal, SL Malinga, Z Khan."
season_squad,Punjab Kings,2014,"IPL 2014 squad for Punjab Kings: AR Patel, BE Hendricks, CA Pujara, DA Miller, GJ Bailey, GJ Maxwell, Karanveer Singh, L Balaji, M Kartik, M Vohra, MG Johnson, Mandeep Singh, P Awana, R Dhawan, SE Marsh, Sandeep Sharma, Shivam Sharma, V Sehwag, WP Saha."
season_squad,Rajasthan Royals,2014,"IPL 2014 squad for Rajasthan Royals: AM Nayar, AM Rahane, Ankit Sharma, BCJ Cutting, BJ Hodge, DH Yagnik, DS Kulkarni, Iqbal Abdulla, JP Faulkner, KK Cooper, KK Nair, KW Richardson, PV Tambe, R Bhatia, R Tewatia, SPD Smith, SR Watson, STR Binny, SV Samson, TG Southee, UBT Chand, VS Malik."
season_squad,Royal Challengers Bengaluru,2014,"IPL 2014 squad for Royal Challengers Bengaluru: AB Dinda, AB de Villiers, AN Ahmed, CH Gayle, HV Patel, JA Morkel, M Muralitharan, MA Starc, NJ Maddinson, PA Patel, R Rampaul, RR Rossouw, S Rana, SB Jakati, V Kohli, VH Zol, VR Aaron, YS Chahal, YV Takawale, Yuvraj Singh."
season_squad,Sunrisers Hyderabad,2014,"IPL 2014 squad for Sunrisers Hyderabad: A Mishra, AJ Finch, B Kumar, DA Warner, DJG Sammy, DW Steyn, I Sharma, IK Pathan, JO Holder, KL Rahul, KV Sharma, MC Henriques, NV Ojha, Parvez Rasool, S Anirudha, S Dhawan, Y Venugopal Rao."
season_squad,Chennai Super Kings,2015,"IPL 2015 squad for Chennai Super Kings: A Nehra, BB McCullum, DJ Bravo, DR Smith, F du Plessis, IC Pandey, MEK Hussey, MM Sharma, MS Dhoni, P Negi, R Ashwin, RA Jadeja, RG More, SK Raina."
season_squad,Delhi Capitals,2015,"IPL 2015 squad for Delhi Capitals: A Mishra, AD Mathews, CM Gautam, DJ Muthuswami, GS Sandhu, Imran Tahir, J Yadav, JA Morkel, JD Unadkat, JP Duminy, KM Jadhav, MA Agarwal, MK Tiwary, NM Coulter-Nile, Q de Kock, S Nadeem, SS Iyer, SS Tiwary, Yuvraj Singh, Z Khan."
season_squad,Kolkata Knight Riders,2015,"IPL 2015 squad for Kolkata Knight Riders: AD Russell, Azhar Mahmood, G Gambhir, GB Hogg, J Botha, KC Cariappa, M Morkel, MK Pandey, PJ Cummins, PP Chawla, RN ten Doeschate, RV Uthappa, SA Yadav, SP Narine, Shakib Al Hasan, UT Yadav, YK Pathan."
season_squad,Mumbai Indians,2015,"IPL 2015 squad for Mumbai Indians: AJ Finch, AP Tare, AT Rayudu, CJ Anderson, HH Pandya, Harbhajan Singh, J Suchith, JJ Bumrah, KA Pollard, LMP Simmons, M de Lange, MJ McClenaghan, P Suyal, PA Patel, PP Ojha, R Vinay Kumar, RG Sharma, S Gopal, SL Malinga, UBT Chand."
season_squad,Punjab Kings,2015,"IPL 2015 squad for Punjab Kings: AR Patel, Anureet Singh, BE Hendricks, DA Miller, GJ Bailey, GJ Maxwell, Gurkeerat Singh, Karanveer Singh, M Vijay, M Vohra, MG Johnson, NLTC Perera, R Dhawan, SE Marsh, SN Thakur, Sandeep Sharma, Shivam Sharma, V Sehwag, WP Saha."
season_squad,Rajasthan Royals,2015,"IPL 2015 squad for Rajasthan Royals: AM Rahane, Ankit Sharma, BB Sran, CH Morris, DJ Hooda, DS Kulkarni, J Theron, JP Faulkner, KK Nair, PV Tambe, R Bhatia, R Tewatia, SPD Smith, SR Watson, STR Binny, SV Samson, TG Southee."
season_squad,Royal Challengers Bengaluru,2015,"IPL 2015 squad for Royal Challengers Bengaluru: AB Dinda, AB de Villiers, AN Ahmed, CH Gayle, D Wiese, DJG Sammy, HV Patel, Iqbal Abdulla, KD Karthik, MA Starc, MS Bisla, Mandeep Singh, NJ Maddinson, RR Rossouw, S Aravind, SA Abbott, SN Khan, V Kohli, VR Aaron, YS Chahal."
season_squad,Sunrisers Hyderabad,2015,"IPL 2015 squad for Sunrisers Hyderabad: A Ashish Reddy, B Kumar, Bipul Sharma, DA Warner, DW Steyn, EJG Morgan, GH Vihari, I Sharma, KL Rahul, KS Williamson, KV Sharma, MC Henriques, NV Ojha, P Kumar, Parvez Rasool, RS Bopara, S Dhawan, TA Boult."
season_squad,Delhi Capitals,2016,"IPL 2016 squad for Delhi Capitals: A Mishra, CH Morris, CR Brathwaite, Imran Tahir, J Yadav, JP Duminy, KK Nair, MA Agarwal, Mohammed Shami, NM Coulter-Nile, P Negi, Q de Kock, RR Pant, S Nadeem, SS Iyer, SV Samson, SW Billings, Z Khan."
season_squad,Gujarat Lions,2016,"IPL 2016 squad for Gujarat Lions: AD Nath, AJ Finch, BB McCullum, DJ Bravo, DR Smith, DS Kulkarni, DW Steyn, ER Dwivedi, Ishan Kishan, JP Faulkner, KD Karthik, P Kumar, PJ Sangwan, PV Tambe, RA Jadeja, S Kaushik, S Ladda, SB Jakati, SK Raina."
season_squad,Kolkata Knight Riders,2016,"IPL 2016 squad for Kolkata Knight Riders: AD Russell, AS Rajpoot, C Munro, CA Lynn, G Gambhir, GB Hogg, JD Unadkat, JO Holder, JW Hastings, Kuldeep Yadav, M Morkel, MK Pandey, PP Chawla, R Sathish, RV Uthappa, SA Yadav, SP Narine, Shakib Al Hasan, UT Yadav, YK Pathan."
season_squad,Mumbai Indians,2016,"IPL 2016 squad for Mumbai Indians: AT Rayudu, HH Pandya, Harbhajan Singh, J Suchith, JC Buttler, JJ Bumrah, KA Pollard, KH Pandya, LMP Simmons, MJ Guptill, MJ McClenaghan, N Rana, PA Patel, R Vinay Kumar, RG Sharma, S Gopal, TG Southee, UBT Chand."
season_squad,Punjab Kings,2016,"IPL 2016 squad for Punjab Kings: AR Patel, Anureet Singh, DA Miller, F Behardien, GJ Maxwell, Gurkeerat Singh, HM Amla, KC Cariappa, KJ Abbott, M Vijay, M Vohra, MG Johnson, MM Sharma, MP Stoinis, NS Naik, P Sahu, R Dhawan, SE Marsh, Sandeep Sharma, Swapnil Singh, WP Saha."
season_squad,Rising Pune Supergiant,2016,"IPL 2016 squad for Rising Pune Supergiant: A Zampa, AB Dinda, AM Rahane, Ankit Sharma, DL Chahar, F du Plessis, GJ Bailey, I Sharma, IK Pathan, JA Morkel, KP Pietersen, M Ashwin, MR Marsh, MS Dhoni, NLTC Perera, PSP Handscomb, R Ashwin, R Bhatia, RP Singh, SM Boland, SPD Smith, SS Tiwary, UT Khawaja."
season_squad,Royal Challengers Bengaluru,2016,"IPL 2016 squad for Royal Challengers Bengaluru: AB de Villiers, AF Milne, CH Gayle, CJ Jordan, D Wiese, HV Patel, Iqbal Abdulla, KL Rahul, KM Jadhav, KW Richardson, Mandeep Singh, Parvez Rasool, S Aravind, SN Khan, SR Watson, STR Binny, Sachin Baby, T Shamsi, TM Head, V Kohli, VR Aaron, YS Chahal."
season_squad,Sunrisers Hyderabad,2016,"IPL 2016 squad for Sunrisers Hyderabad: A Ashish Reddy, A Nehra, AP Tare, B Kumar, BB Sran, BCJ Cutting, Bipul Sharma, DA Warner, DJ Hooda, EJG Morgan, KS Williamson, KV Sharma, MC Henriques, Mustafizur Rahman, NV Ojha, S Dhawan, TA Boult, Yuvraj Singh."
season_squad,Delhi Capitals,2017,"IPL 2017 squad for Delhi Capitals: A Mishra, AD Mathews, AP Tare, AR Bawne, CH Morris, CJ Anderson, CR Brathwaite, J Yadav, K Rabada, KK Nair, MN Samuels, Mohammed Shami, PJ Cummins, RR Pant, S Nadeem, SS Iyer, SV Samson, SW Billings, Z Khan."
season_squad,Gujarat Lions,2017,"IPL 2017 squad for Gujarat Lions: AD Nath, AJ Finch, AJ Tye, Ankit Soni, BB McCullum, Basil Thampi, DR Smith, DS Kulkarni, IK Pathan, Ishan Kishan, JJ Roy, JP Faulkner, KD Karthik, MM Patel, MS Gony, NB Singh, P Kumar, PJ Sangwan, RA Jadeja, S Kaushik, SB Jakati, SK Raina, SS Agarwal, Tejas Baroka."
season_squad,Kolkata Knight Riders,2017,"IPL 2017 squad for Kolkata Knight Riders: AS Rajpoot, C de Grandhomme, CA Lynn, CR Woakes, DM Bravo, G Gambhir, IR Jaggi, Kuldeep Yadav, MK Pandey, NM Coulter-Nile, PP Chawla, RV Uthappa, SA Yadav, SP Jackson, SP Narine, Shakib Al Hasan, TA Boult, UT Yadav, YK Pathan."
season_squad,Mumbai Indians,2017,"IPL 2017 squad for Mumbai Indians: AT Rayudu, HH Pandya, Harbhajan Singh, JC Buttler, JJ Bumrah, KA Pollard, KH Pandya, KV Sharma, LMP Simmons, MG Johnson, MJ McClenaghan, N Rana, PA Patel, R Vinay Kumar, RG Sharma, SL Malinga, SS Tiwary, TG Southee."
season_squad,Punjab Kings,2017,"IPL 2017 squad for Punjab Kings: AR Patel, Anureet Singh, DA Miller, EJG Morgan, GJ Maxwell, Gurkeerat Singh, HM Amla, I Sharma, KC Cariappa, M Vohra, MJ Guptill, MJ Henry, MM Sharma, MP Stoinis, R Tewatia, SE Marsh, Sandeep Sharma, Swapnil Singh, T Natarajan, VR Aaron, WP Saha."
season_squad,Rising Pune Supergiant,2017,"IPL 2017 squad for Rising Pune Supergiant: A Zampa, AB Dinda, AM Rahane, Ankit Sharma, BA Stokes, DL Chahar, DT Christian, F du Plessis, Imran Tahir, JD Unadkat, LH Ferguson, MA Agarwal, MK Tiwary, MS Dhoni, R Bhatia, RA Tripathi, RD Chahar, SN Thakur, SPD Smith, Washington Sundar."
season_squad,Royal Challengers Bengaluru,2017,"IPL 2017 squad for Royal Challengers Bengaluru: A Choudhary, AB de Villiers, AF Milne, Avesh Khan, B Stanlake, CH Gayle, HV Patel, Iqbal Abdulla, KM Jadhav, Mandeep Singh, P Negi, S Aravind, S Badree, SR Watson, STR Binny, Sachin Baby, TM Head, TS Mills, V Kohli, Vishnu Vinod, YS Chahal."
season_squad,Sunrisers Hyderabad,2017,"IPL 2017 squad for Sunrisers Hyderabad: A Nehra, B Kumar, BB Sran, BCJ Cutting, Bipul Sharma, CJ Jordan, DA Warner, DJ Hooda, KS Williamson, MC Henriques, Mohammad Nabi, Mohammed Siraj, Mustafizur Rahman, NV Ojha, Rashid Khan, S Dhawan, S Kaul, V Shankar, Yuvraj Singh."
season_squad,Chennai Super Kings,2018,"IPL 2018 squad for Chennai Super Kings: AT Rayudu, DJ Bravo, DJ Willey, DL Chahar, DR Shorey, F du Plessis, Harbhajan Singh, Imran Tahir, KM Asif, KM Jadhav, KV Sharma, L Ngidi, M Vijay, MA Wood, MS Dhoni, RA Jadeja, SK Raina, SN Thakur, SR Watson, SW Billings."
season_squad,Delhi Capitals,2018,"IPL 2018 squad for Delhi Capitals: A Mishra, Abhishek Sharma, Avesh Khan, C Munro, CH Morris, CJ Dala, DT Christian, G Gambhir, GJ Maxwell, HV Patel, JJ Roy, LE Plunkett, Mohammed Shami, NV Ojha, PP Shaw, R Tewatia, RR Pant, S Lamichhane, S Nadeem, SS Iyer, TA Boult, V Shankar."
season_squad,Kolkata Knight Riders,2018,"IPL 2018 squad for Kolkata Knight Riders: AD Russell, CA Lynn, JPR Scantlebury-Searles, KD Karthik, Kuldeep Yadav, M Prasidh Krishna, MG Johnson, N Rana, PP Chawla, R Vinay Kumar, RK Singh, RV Uthappa, SP Narine, Shivam Mavi, Shubman Gill, TK Curran."
season_squad,Mumbai Indians,2018,"IPL 2018 squad for Mumbai Indians: A Dananjaya, BCJ Cutting, E Lewis, HH Pandya, Ishan Kishan, JJ Bumrah, JP Duminy, KA Pollard, KH Pandya, M Markande, MJ McClenaghan, Mustafizur Rahman, PJ Sangwan, RG Sharma, SA Yadav."
season_squad,Punjab Kings,2018,"IPL 2018 squad for Punjab Kings: AD Nath, AJ Finch, AJ Tye, AR Patel, AS Rajpoot, BB Sran, CH Gayle, DA Miller, KK Nair, KL Rahul, MA Agarwal, MK Tiwary, MM Sharma, MP Stoinis, Mujeeb Ur Rahman, R Ashwin, Yuvraj Singh."
season_squad,Rajasthan Royals,2018,"IPL 2018 squad for Rajasthan Royals: AM Rahane, Ankit Sharma, Anureet Singh, B Laughlin, BA Stokes, DJM Short, DS Kulkarni, H Klaasen, IS Sodhi, JC Archer, JC Buttler, JD Unadkat, K Gowtham, MK Lomror, P Chopra, RA Tripathi, S Gopal, STR Binny, SV Samson."
season_squad,Royal Challengers Bengaluru,2018,"IPL 2018 squad for Royal Challengers Bengaluru: AB de Villiers, BB McCullum, C de Grandhomme, CJ Anderson, CR Woakes, K Khejroliya, M Ashwin, M Vohra, MM Ali, Mandeep Singh, Mohammed Siraj, P Negi, PA Patel, Q de Kock, SN Khan, TG Southee, UT Yadav, V Kohli, Washington Sundar, YS Chahal."
season_squad,Sunrisers Hyderabad,2018,"IPL 2018 squad for Sunrisers Hyderabad: AD Hales, B Kumar, B Stanlake, Basil Thampi, CJ Jordan, CR Brathwaite, DJ Hooda, KK Ahmed, KS Williamson, MK Pandey, Mohammad Nabi, RK Bhui, Rashid Khan, S Dhawan, S Kaul, SP Goswami, Sandeep Sharma, Shakib Al Hasan, WP Saha, YK Pathan."
season_squad,Chennai Super Kings,2019,"IPL 2019 squad for Chennai Super Kings: AT Rayudu, DJ Bravo, DL Chahar, DR Shorey, F du Plessis, Harbhajan Singh, Imran Tahir, KM Jadhav, KV Sharma, M Vijay, MJ Santner, MM Sharma, MS Dhoni, RA Jadeja, SC Kuggeleijn, SK Raina, SN Thakur, SR Watson, SW Billings."
season_squad,Delhi Capitals,2019,"IPL 2019 squad for Delhi Capitals: A Mishra, AR Patel, Avesh Khan, C Munro, CA Ingram, CH Morris, GH Vihari, HV Patel, I Sharma, J Suchith, K Rabada, KMA Paul, PP Shaw, R Tewatia, RR Pant, S Dhawan, S Lamichhane, SE Rutherford, SS Iyer, TA Boult."
season_squad,Kolkata Knight Riders,2019,"IPL 2019 squad for Kolkata Knight Riders: AD Russell, CA Lynn, CR Brathwaite, HF Gurney, JL Denly, KC Cariappa, KD Karthik, Kuldeep Yadav, LH Ferguson, M Prasidh Krishna, N Rana, NS Naik, PP Chawla, RK Singh, RV Uthappa, S Sandeep Warrier, SP Narine, Shubman Gill, Y Prithvi Raj."
season_squad,Mumbai Indians,2019,"IPL 2019 squad for Mumbai Indians: AS Joseph, AS Roy, BB Sran, BCJ Cutting, E Lewis, HH Pandya, Ishan Kishan, J Yadav, JJ Bumrah, JP Behrendorff, KA Pollard, KH Pandya, M Markande, MJ McClenaghan, Q de Kock, RD Chahar, RG Sharma, Rasikh Salam, SA Yadav, SD Lad, SL Malinga, Yuvraj Singh."
season_squad,Punjab Kings,2019,"IPL 2019 squad for Punjab Kings: AJ Tye, AS Rajpoot, Arshdeep Singh, CH Gayle, CV Varun, DA Miller, GC Viljoen, Harpreet Brar, KK Nair, KL Rahul, M Ashwin, MA Agarwal, Mandeep Singh, Mohammed Shami, Mujeeb Ur Rahman, N Pooran, P Simran Singh, R Ashwin, SM Curran, SN Khan."
season_squad,Rajasthan Royals,2019,"IPL 2019 squad for Rajasthan Royals: AJ Turner, AM Rahane, BA Stokes, DS Kulkarni, IS Sodhi, JC Archer, JC Buttler, JD Unadkat, K Gowtham, LS Livingstone, MK Lomror, O Thomas, P Chopra, R Parag, RA Tripathi, S Gopal, S Midhun, SPD Smith, STR Binny, SV Samson, VR Aaron."
season_squad,Royal Challengers Bengaluru,2019,"IPL 2019 squad for Royal Challengers Bengaluru: AB de Villiers, AD Nath, C de Grandhomme, DW Steyn, Gurkeerat Singh, H Klaasen, K Khejroliya, MM Ali, MP Stoinis, Mohammed Siraj, Navdeep Saini, P Negi, P Ray Barman, PA Patel, S Dube, SO Hetmyer, TG Southee, UT Yadav, V Kohli, Washington Sundar, YS Chahal."
season_squad,Sunrisers Hyderabad,2019,"IPL 2019 squad for Sunrisers Hyderabad: Abhishek Sharma, B Kumar, Basil Thampi, DA Warner, DJ Hooda, JM Bairstow, KK Ahmed, KS Williamson, MJ Guptill, MK Pandey, Mohammad Nabi, RK Bhui, Rashid Khan, S Kaul, S Nadeem, Sandeep Sharma, Shakib Al Hasan, V Shankar, WP Saha, YK Pathan."
season_squad,Chennai Super Kings,2020,"IPL 2020 squad for Chennai Super Kings: AT Rayudu, DJ Bravo, DL Chahar, F du Plessis, Imran Tahir, JR Hazlewood, KM Jadhav, KV Sharma, L Ngidi, M Vijay, MJ Santner, MS Dhoni, Monu Kumar, N Jagadeesan, PP Chawla, RA Jadeja, RD Gaikwad, SM Curran, SN Thakur, SR Watson."
season_squad,Delhi Capitals,2020,"IPL 2020 squad for Delhi Capitals: A Mishra, A Nortje, AM Rahane, AR Patel, AT Carey, Avesh Khan, DR Sams, HV Patel, I Sharma, K Rabada, MM Sharma, MP Stoinis, P Dubey, PP Shaw, R Ashwin, RR Pant, S Dhawan, SO Hetmyer, SS Iyer, TU Deshpande."
season_squad,Kolkata Knight Riders,2020,"IPL 2020 squad for Kolkata Knight Riders: AD Russell, CJ Green, CV Varun, EJG Morgan, KD Karthik, KL Nagarkoti, Kuldeep Yadav, LH Ferguson, M Prasidh Krishna, N Rana, NS Naik, PJ Cummins, RA Tripathi, RK Singh, S Sandeep Warrier, SP Narine, Shivam Mavi, Shubman Gill, T Banton."
season_squad,Mumbai Indians,2020,"IPL 2020 squad for Mumbai Indians: DS Kulkarni, HH Pandya, Ishan Kishan, J Yadav, JJ Bumrah, JL Pattinson, KA Pollard, KH Pandya, NM Coulter-Nile, Q de Kock, RD Chahar, RG Sharma, SA Yadav, SS Tiwary, TA Boult."
season_squad,Punjab Kings,2020,"IPL 2020 squad for Punjab Kings: Arshdeep Singh, CH Gayle, CJ Jordan, DJ Hooda, GJ Maxwell, Harpreet Brar, JDS Neesham, K Gowtham, KK Nair, KL Rahul, M Ashwin, MA Agarwal, Mandeep Singh, Mohammed Shami, Mujeeb Ur Rahman, N Pooran, P Simran Singh, Ravi Bishnoi, SN Khan, SS Cottrell."
season_squad,Rajasthan Royals,2020,"IPL 2020 squad for Rajasthan Royals: AJ Tye, AS Rajpoot, BA Stokes, DA Miller, JC Archer, JC Buttler, JD Unadkat, Kartik Tyagi, MK Lomror, R Parag, R Tewatia, RV Uthappa, S Gopal, SPD Smith, SV Samson, TK Curran, VR Aaron, YBK Jaiswal."
season_squad,Royal Challengers Bengaluru,2020,"IPL 2020 squad for Royal Challengers Bengaluru: A Zampa, AB de Villiers, AJ Finch, CH Morris, D Padikkal, DW Steyn, Gurkeerat Singh, I Udana, JR Philippe, MM Ali, Mohammed Siraj, Navdeep Saini, S Dube, Shahbaz Ahmed, UT Yadav, V Kohli, Washington Sundar, YS Chahal."
season_squad,Sunrisers Hyderabad,2020,"IPL 2020 squad for Sunrisers Hyderabad: Abdul Samad, Abhishek Sharma, B Kumar, Basil Thampi, DA Warner, JM Bairstow, JO Holder, KK Ahmed, KS Williamson, MK Pandey, MR Marsh, Mohammad Nabi, PK Garg, Rashid Khan, S Kaul, S Nadeem, SP Goswami, Sandeep Sharma, T Natarajan, V Shankar, WP Saha."
season_squad,Chennai Super Kings,2021,"IPL 2021 squad for Chennai Super Kings: AT Rayudu, DJ Bravo, DL Chahar, F du Plessis, Imran Tahir, JR Hazlewood, KM Asif, L Ngidi, MM Ali, MS Dhoni, RA Jadeja, RD Gaikwad, RV Uthappa, SK Raina, SM Curran, SN Thakur."
season_squad,Delhi Capitals,2021,"IPL 2021 squad for Delhi Capitals: A Mishra, A Nortje, AM Rahane, AR Patel, Avesh Khan, CR Woakes, I Sharma, K Rabada, LI Meriwala, Lalit Yadav, MP Stoinis, PP Shaw, R Ashwin, RR Pant, RV Patel, S Dhawan, SO Hetmyer, SPD Smith, SS Iyer, TK Curran."
season_squad,Kolkata Knight Riders,2021,"IPL 2021 squad for Kolkata Knight Riders: AD Russell, CV Varun, EJG Morgan, Harbhajan Singh, KD Karthik, KL Nagarkoti, LH Ferguson, M Prasidh Krishna, N Rana, PJ Cummins, RA Tripathi, S Sandeep Warrier, SP Narine, Shakib Al Hasan, Shivam Mavi, Shubman Gill, TG Southee, TL Seifert, VR Iyer."
season_squad,Mumbai Indians,2021,"IPL 2021 squad for Mumbai Indians: AF Milne, Anmolpreet Singh, CA Lynn, DS Kulkarni, HH Pandya, Ishan Kishan, J Yadav, JDS Neesham, JJ Bumrah, KA Pollard, KH Pandya, M Jansen, NM Coulter-Nile, PP Chawla, Q de Kock, RD Chahar, RG Sharma, SA Yadav, SS Tiwary, TA Boult."
season_squad,Punjab Kings,2021,"IPL 2021 squad for Punjab Kings: AK Markram, AU Rashid, Arshdeep Singh, CH Gayle, CJ Jordan, DJ Hooda, DJ Malan, FA Allen, Harpreet Brar, IC Porel, JA Richardson, Jalaj S Saxena, KL Rahul, M Ashwin, M Shahrukh Khan, MA Agarwal, MC Henriques, Mandeep Singh, Mohammed Shami, N Pooran, NT Ellis, P Simran Singh, RP Meredith, Ravi Bishnoi, SN Khan."
season_squad,Rajasthan Royals,2021,"IPL 2021 squad for Rajasthan Royals: Akash Singh, Anuj Rawat, BA Stokes, C Sakariya, CH Morris, DA Miller, E Lewis, GD Phillips, JC Buttler, JD Unadkat, K Yadav, Kartik Tyagi, LS Livingstone, M Markande, M Vohra, MK Lomror, Mustafizur Rahman, R Parag, R Tewatia, S Dube, S Gopal, SV Samson, T Shamsi, YBK Jaiswal."
season_squad,Royal Challengers Bengaluru,2021,"IPL 2021 squad for Royal Challengers Bengaluru: AB de Villiers, D Padikkal, DR Sams, DT Christian, GHS Garton, GJ Maxwell, HV Patel, KA Jamieson, KS Bharat, KW Richardson, Mohammed Siraj, Navdeep Saini, PWH de Silva, RM Patidar, Sachin Baby, Shahbaz Ahmed, TH David, V Kohli, Washington Sundar, YS Chahal."
season_squad,Sunrisers Hyderabad,2021,"IPL 2021 squad for Sunrisers Hyderabad: Abdul Samad, Abhishek Sharma, B Kumar, DA Warner, J Suchith, JJ Roy, JM Bairstow, JO Holder, KK Ahmed, KM Jadhav, KS Williamson, MK Pandey, Mohammad Nabi, Mujeeb Ur Rahman, PK Garg, Rashid Khan, S Kaul, S Nadeem, Sandeep Sharma, T Natarajan, Umran Malik, V Shankar, Virat Singh, WP Saha."
season_squad,Chennai Super Kings,2022,"IPL 2022 squad for Chennai Super Kings: AF Milne, AT Rayudu, CJ Jordan, D Pretorius, DJ Bravo, DP Conway, M Pathirana, M Theekshana, MJ Santner, MM Ali, MS Dhoni, Mukesh Choudhary, N Jagadeesan, PH Solanki, RA Jadeja, RD Gaikwad, RV Uthappa, S Dube, Simarjeet Singh, TU Deshpande."
season_squad,Delhi Capitals,2022,"IPL 2022 squad for Delhi Capitals: A Nortje, AR Patel, C Sakariya, DA Warner, KK Ahmed, KL Nagarkoti, KS Bharat, Kuldeep Yadav, Lalit Yadav, MR Marsh, Mandeep Singh, Mustafizur Rahman, PP Shaw, R Powell, RR Pant, RV Patel, SN Khan, SN Thakur, TL Seifert."
season_squad,Gujarat Titans,2022,"IPL 2022 squad for Gujarat Titans: A Manohar, AS Joseph, B Sai Sudharsan, DA Miller, DG Nalkande, HH Pandya, LH Ferguson, MS Wade, Mohammed Shami, PJ Sangwan, R Sai Kishore, R Tewatia, Rashid Khan, Shubman Gill, V Shankar, VR Aaron, WP Saha, Yash Dayal."
season_squad,Kolkata Knight Riders,2022,"IPL 2022 squad for Kolkata Knight Riders: A Tomar, AD Russell, AJ Finch, AM Rahane, AS Roy, Aman Hakim Khan, B Indrajith, CV Varun, Harshit Rana, N Rana, PJ Cummins, RK Singh, Rasikh Salam, SP Jackson, SP Narine, SS Iyer, SW Billings, Shivam Mavi, TG Southee, UT Yadav, VR Iyer."
season_squad,Lucknow Super Giants,2022,"IPL 2022 squad for Lucknow Super Giants: A Badoni, AJ Tye, Avesh Khan, DJ Hooda, E Lewis, JO Holder, K Gowtham, KH Pandya, KL Rahul, KS Sharma, M Vohra, MK Pandey, MP Stoinis, Mohsin Khan, PVD Chameera, Q de Kock, Ravi Bishnoi."
season_squad,Mumbai Indians,2022,"IPL 2022 squad for Mumbai Indians: Anmolpreet Singh, Basil Thampi, D Brevis, DR Sams, FA Allen, HR Shokeen, Ishan Kishan, JD Unadkat, JJ Bumrah, K Kartikeya, KA Pollard, M Ashwin, M Markande, R Sanjay Yadav, RG Sharma, RP Meredith, Ramandeep Singh, SA Yadav, T Stubbs, TH David, TS Mills, Tilak Varma."
season_squad,Punjab Kings,2022,"IPL 2022 squad for Punjab Kings: Arshdeep Singh, Harpreet Brar, JM Bairstow, JM Sharma, K Rabada, LS Livingstone, M Shahrukh Khan, MA Agarwal, NT Ellis, OF Smith, P Simran Singh, PBB Rajapaksa, PN Mankad, R Dhawan, RA Bawa, RD Chahar, S Dhawan, Sandeep Sharma, VG Arora."
season_squad,Rajasthan Royals,2022,"IPL 2022 squad for Rajasthan Royals: D Padikkal, DJ Mitchell, HE van der Dussen, JC Buttler, JDS Neesham, KK Nair, KR Sen, M Prasidh Krishna, NM Coulter-Nile, Navdeep Saini, OC McCoy, R Ashwin, R Parag, SO Hetmyer, SV Samson, TA Boult, YBK Jaiswal, YS Chahal."
season_squad,Royal Challengers Bengaluru,2022,"IPL 2022 squad for Royal Challengers Bengaluru: Akash Deep, Anuj Rawat, DJ Willey, F du Plessis, GJ Maxwell, HV Patel, JR Hazlewood, KD Karthik, MK Lomror, Mohammed Siraj, PWH de Silva, RM Patidar, S Kaul, SE Rutherford, SS Prabhudessai, Shahbaz Ahmed, V Kohli."
season_squad,Sunrisers Hyderabad,2022,"IPL 2022 squad for Sunrisers Hyderabad: AK Markram, Abdul Samad, Abhishek Sharma, B Kumar, Fazalhaq Farooqi, J Suchith, KS Williamson, Kartik Tyagi, M Jansen, N Pooran, PK Garg, R Shepherd, RA Tripathi, S Gopal, SA Abbott, Shashank Singh, T Natarajan, Umran Malik, Washington Sundar."
season_squad,Chennai Super Kings,2023,"IPL 2023 squad for Chennai Super Kings: AM Rahane, AT Rayudu, Akash Singh, BA Stokes, D Pretorius, DL Chahar, DP Conway, M Pathirana, M Theekshana, MJ Santner, MM Ali, MS Dhoni, RA Jadeja, RD Gaikwad, RS Hangargekar, S Dube, SSB Magala, TU Deshpande."
season_squad,Delhi Capitals,2023,"IPL 2023 squad for Delhi Capitals: A Nortje, AR Patel, Abishek Porel, Aman Hakim Khan, C Sakariya, DA Warner, I Sharma, KK Ahmed, Kuldeep Yadav, Lalit Yadav, MK Pandey, MR Marsh, Mukesh Kumar, Mustafizur Rahman, P Dubey, PD Salt, PK Garg, PP Shaw, R Powell, RR Rossouw, RV Patel, SN Khan, YV Dhull."
season_squad,Gujarat Titans,2023,"IPL 2023 squad for Gujarat Titans: A Manohar, AS Joseph, B Sai Sudharsan, DA Miller, DG Nalkande, HH Pandya, J Little, J Yadav, KS Williamson, MD Shanaka, MM Sharma, Mohammed Shami, Noor Ahmad, R Tewatia, Rashid Khan, Shubman Gill, V Shankar, WP Saha, Yash Dayal."
season_squad,Kolkata Knight Riders,2023,"IPL 2023 squad for Kolkata Knight Riders: AD Russell, AS Roy, CV Varun, D Wiese, Harshit Rana, JJ Roy, K Khejroliya, LH Ferguson, Liton Das, Mandeep Singh, N Jagadeesan, N Rana, RK Singh, Rahmanullah Gurbaz, SN Thakur, SP Narine, Suyash Sharma, TG Southee, UT Yadav, VG Arora, VR Iyer."
season_squad,Lucknow Super Giants,2023,"IPL 2023 squad for Lucknow Super Giants: A Badoni, A Mishra, Avesh Khan, DJ Hooda, JD Unadkat, K Gowtham, KH Pandya, KL Rahul, KR Mayers, KS Sharma, M Vohra, MA Wood, MP Stoinis, Mohsin Khan, N Pooran, Naveen-ul-Haq, PN Mankad, Q de Kock, R Shepherd, Ravi Bishnoi, Swapnil Singh, Yash Thakur, Yudhvir Singh."
season_squad,Mumbai Indians,2023,"IPL 2023 squad for Mumbai Indians: Akash Madhwal, Arjun Tendulkar, Arshad Khan, C Green, CJ Jordan, D Jansen, HR Shokeen, Ishan Kishan, JC Archer, JP Behrendorff, K Kartikeya, N Wadhera, PP Chawla, R Goyal, RG Sharma, RP Meredith, SA Yadav, T Stubbs, TH David, Tilak Varma, Vishnu Vinod."
season_squad,Punjab Kings,2023,"IPL 2023 squad for Punjab Kings: Arshdeep Singh, Atharva Taide, Gurnoor Brar, Harpreet Brar, Harpreet Singh, JM Sharma, K Rabada, LS Livingstone, M Shahrukh Khan, MW Short, Mohit Rathee, NT Ellis, P Simran Singh, PBB Rajapaksa, R Dhawan, RD Chahar, S Dhawan, SM Curran, Sikandar Raza."
season_squad,Rajasthan Royals,2023,"IPL 2023 squad for Rajasthan Royals: A Zampa, Abdul Basith, D Padikkal, Dhruv Jurel, JC Buttler, JE Root, JO Holder, K Yadav, KM Asif, KR Sen, M Ashwin, NA Saini, Navdeep Saini, OC McCoy, R Ashwin, R Parag, SO Hetmyer, SV Samson, Sandeep Sharma, TA Boult, YBK Jaiswal, YS Chahal."
season_squad,Royal Challengers Bengaluru,2023,"IPL 2023 squad for Royal Challengers Bengaluru: Akash Deep, Anuj Rawat, DJ Willey, F du Plessis, GJ Maxwell, H Sharma, HV Patel, JR Hazlewood, KD Karthik, KM Jadhav, KV Sharma, MG Bracewell, MK Lomror, Mohammed Siraj, PWH de Silva, RJW Topley, SS Prabhudessai, Shahbaz Ahmed, V Kohli, Vijaykumar Vyshak, WD Parnell."
season_squad,Sunrisers Hyderabad,2023,"IPL 2023 squad for Sunrisers Hyderabad: AJ Hosein, AK Markram, AU Rashid, Abdul Samad, Abhishek Sharma, Anmolpreet Singh, B Kumar, Fazalhaq Farooqi, GD Phillips, H Klaasen, HC Brook, Kartik Tyagi, M Jansen, M Markande, MA Agarwal, Mayank Dagar, Nithish Kumar Reddy, RA Tripathi, Sanvir Singh, T Natarajan, Umran Malik, Vivrant Sharma, Washington Sundar."
season_squad,Chennai Super Kings,2024,"IPL 2024 squad for Chennai Super Kings: AM Rahane, DJ Mitchell, DL Chahar, M Pathirana, M Theekshana, MJ Santner, MM Ali, MS Dhoni, Mukesh Choudhary, Mustafizur Rahman, R Ravindra, RA Jadeja, RD Gaikwad, RJ Gleeson, S Dube, SN Thakur, Sameer Rizvi, Simarjeet Singh, TU Deshpande."
season_squad,Delhi Capitals,2024,"IPL 2024 squad for Delhi Capitals: A Nortje, AR Patel, Abishek Porel, DA Warner, Gulbadin Naib, I Sharma, J Fraser-McGurk, JA Richardson, KK Ahmed, Kuldeep Yadav, Kumar Kushagra, LB Williams, Lalit Yadav, MR Marsh, Mukesh Kumar, PP Shaw, RK Bhui, RR Pant, Rasikh Salam, SD Hope, Sumit Kumar, T Stubbs."
season_squad,Gujarat Titans,2024,"IPL 2024 squad for Gujarat Titans: A Manohar, Azmatullah Omarzai, B Sai Sudharsan, BR Sharath, DA Miller, DG Nalkande, J Little, KS Williamson, Kartik Tyagi, M Shahrukh Khan, MJ Suthar, MM Sharma, MS Wade, Noor Ahmad, R Sai Kishore, R Tewatia, Rashid Khan, S Sandeep Warrier, SH Johnson, Shubman Gill, UT Yadav, V Shankar, WP Saha."
season_squad,Kolkata Knight Riders,2024,"IPL 2024 squad for Kolkata Knight Riders: A Raghuvanshi, AD Russell, AS Roy, CV Varun, Harshit Rana, MA Starc, MK Pandey, N Rana, PD Salt, PVD Chameera, RK Singh, Rahmanullah Gurbaz, Ramandeep Singh, SP Narine, SS Iyer, Suyash Sharma, VG Arora, VR Iyer."
season_squad,Lucknow Super Giants,2024,"IPL 2024 squad for Lucknow Super Giants: A Badoni, A Mishra, AA Kulkarni, AJ Turner, Arshad Khan, Arshad Khan (2), D Padikkal, DJ Hooda, K Gowtham, KH Pandya, KL Rahul, M Siddharth, MJ Henry, MP Stoinis, MP Yadav, Mohsin Khan, N Pooran, Naveen-ul-Haq, Q de Kock, Ravi Bishnoi, S Joseph, Yash Thakur, Yudhvir Singh."
season_squad,Mumbai Indians,2024,"IPL 2024 squad for Mumbai Indians: A Kamboj, Akash Madhwal, Arjun Tendulkar, D Brevis, G Coetzee, HH Pandya, Ishan Kishan, JJ Bumrah, KT Maphaka, L Wood, Mohammad Nabi, N Thushara, N Wadhera, Naman Dhir, PP Chawla, R Shepherd, RG Sharma, S Gopal, SA Yadav, SZ Mulani, TH David, Tilak Varma."
season_squad,Punjab Kings,2024,"IPL 2024 squad for Punjab Kings: Arshdeep Singh, Ashutosh Sharma, Atharva Taide, HV Patel, Harpreet Brar, Harpreet Singh, JM Bairstow, JM Sharma, K Rabada, LS Livingstone, NT Ellis, P Simran Singh, R Dhawan, RD Chahar, RR Rossouw, S Dhawan, SM Curran, Shashank Singh, Shivam Singh, Sikandar Raza, V Kaverappa."
season_squad,Rajasthan Royals,2024,"IPL 2024 squad for Rajasthan Royals: Avesh Khan, D Ferreira, Dhruv Jurel, JC Buttler, KA Maharaj, KR Sen, N Burger, R Ashwin, R Parag, R Powell, SB Dubey, SO Hetmyer, SV Samson, Sandeep Sharma, T Kohler-Cadmore, TA Boult, Tanush Kotian, YBK Jaiswal, YS Chahal."
season_squad,Royal Challengers Bengaluru,2024,"IPL 2024 squad for Royal Challengers Bengaluru: AS Joseph, Akash Deep, Anuj Rawat, C Green, F du Plessis, GJ Maxwell, H Sharma, KD Karthik, KV Sharma, LH Ferguson, MK Lomror, Mayank Dagar, Mohammed Siraj, RJW Topley, RM Patidar, SS Prabhudessai, Saurav Chauhan, Swapnil Singh, V Kohli, Vijaykumar Vyshak, WG Jacks, Yash Dayal."
season_squad,Sunrisers Hyderabad,2024,"IPL 2024 squad for Sunrisers Hyderabad: AK Markram, Abdul Samad, Abhishek Sharma, Anmolpreet Singh, B Kumar, H Klaasen, JD Unadkat, M Jansen, M Markande, MA Agarwal, Nithish Kumar Reddy, PJ Cummins, RA Tripathi, Sanvir Singh, Shahbaz Ahmed, T Natarajan, TM Head, Umran Malik, V Viyaskanth, Washington Sundar."
season_squad,Chennai Super Kings,2025,"IPL 2025 squad for Chennai Super Kings: A Kamboj, A Mhatre, D Brevis, DJ Hooda, DP Conway, J Overton, KK Ahmed, M Pathirana, MS Dhoni, Mukesh Choudhary, NT Ellis, Noor Ahmad, R Ashwin, R Ravindra, RA Jadeja, RA Tripathi, RD Gaikwad, S Dube, SK Rasheed, SM Curran, Urvil Patel, V Shankar."
season_squad,Delhi Capitals,2025,"IPL 2025 squad for Delhi Capitals: AR Patel, Abishek Porel, Ashutosh Sharma, D Ferreira, F du Plessis, J Fraser-McGurk, KK Nair, KL Rahul, Kuldeep Yadav, M Tiwari, MA Starc, MM Sharma, Mukesh Kumar, Mustafizur Rahman, PVD Chameera, Sameer Rizvi, Sediqullah Atal, T Natarajan, T Stubbs, V Nigam."
season_squad,Gujarat Titans,2025,"IPL 2025 squad for Gujarat Titans: Arshad Khan, B Sai Sudharsan, BKG Mendis, G Coetzee, I Sharma, JC Buttler, K Khejroliya, K Rabada, Karim Janat, M Prasidh Krishna, M Shahrukh Khan, Mohammed Siraj, R Sai Kishore, R Tewatia, Rashid Khan, SE Rutherford, Shubman Gill, Washington Sundar."
season_squad,Kolkata Knight Riders,2025,"IPL 2025 squad for Kolkata Knight Riders: A Nortje, A Raghuvanshi, AD Russell, AM Rahane, AS Roy, C Sakariya, CV Varun, Harshit Rana, MK Pandey, MM Ali, Q de Kock, R Powell, RK Singh, Rahmanullah Gurbaz, Ramandeep Singh, SH Johnson, SP Narine, VG Arora, VR Iyer."
season_squad,Lucknow Super Giants,2025,"IPL 2025 squad for Lucknow Super Giants: A Badoni, AK Markram, Abdul Samad, Akash Deep, Akash Singh, Avesh Khan, DA Miller, DS Rathi, Himmat Singh, M Siddharth, MP Breetzke, MP Yadav, MR Marsh, N Pooran, Prince Yadav, RR Pant, Ravi Bishnoi, SN Thakur, Shahbaz Ahmed, W O'Rourke."
season_squad,Mumbai Indians,2025,"IPL 2025 squad for Mumbai Indians: Ashwani Kumar, C Bosch, DL Chahar, HH Pandya, JJ Bumrah, JM Bairstow, KV Sharma, MJ Santner, Mujeeb Ur Rahman, Naman Dhir, PVSN Raju, R Minz, RA Bawa, RD Rickelton, RG Sharma, RJ Gleeson, RJW Topley, SA Yadav, TA Boult, Tilak Varma, V Puthur, WG Jacks."
season_squad,Punjab Kings,2025,"IPL 2025 squad for Punjab Kings: Arshdeep Singh, Azmatullah Omarzai, GJ Maxwell, Harpreet Brar, JP Inglis, KA Jamieson, LH Ferguson, M Jansen, MJ Owen, MP Stoinis, Musheer Khan, N Wadhera, P Dubey, P Simran Singh, Priyansh Arya, SS Iyer, Shashank Singh, Suryansh Shedge, Vijaykumar Vyshak, XC Bartlett, YS Chahal, Yash Thakur."
season_squad,Rajasthan Royals,2025,"IPL 2025 squad for Rajasthan Royals: Akash Madhwal, Dhruv Jurel, Fazalhaq Farooqi, JC Archer, K Kartikeya, KS Rathore, KT Maphaka, M Theekshana, N Rana, PWH de Silva, R Parag, SB Dubey, SO Hetmyer, SV Samson, Sandeep Sharma, TU Deshpande, V Suryavanshi, YBK Jaiswal, Yudhvir Singh."
season_squad,Royal Challengers Bengaluru,2025,"IPL 2025 squad for Royal Challengers Bengaluru: B Kumar, D Padikkal, JG Bethell, JM Sharma, JR Hazlewood, KH Pandya, L Ngidi, LS Livingstone, MA Agarwal, MS Bhandage, N Thushara, PD Salt, R Shepherd, RM Patidar, Rasikh Salam, Suyash Sharma, TH David, V Kohli, Yash Dayal."
season_squad,Sunrisers Hyderabad,2025,"IPL 2025 squad for Sunrisers Hyderabad: A Manohar, A Zampa, Abhishek Sharma, Aniket Verma, Atharva Taide, E Malinga, H Klaasen, HV Patel, Harsh Dubey, Ishan Kishan, JD Unadkat, Mohammed Shami, Nithish Kumar Reddy, PHKD Mendis, PJ Cummins, PWA Mulder, RD Chahar, Sachin Baby, Simarjeet Singh, TM Head, Zeeshan Ansari."
season_squad,Chennai Super Kings,2026,"IPL 2026 squad for Chennai Super Kings: A Kamboj, A Mhatre, AJ Hosein, D Brevis, Gurjapneet Singh, J Overton, KK Ahmed, Kartik Sharma, MJ Henry, MW Short, Mukesh Choudhary, Noor Ahmad, PR Veer, RD Chahar, RD Gaikwad, RS Ghosh, S Dube, SH Johnson, SN Khan, SV Samson, Urvil Patel."
season_squad,Delhi Capitals,2026,"IPL 2026 squad for Delhi Capitals: AR Patel, Abishek Porel, Ashutosh Sharma, Auqib Nabi, DA Miller, KA Jamieson, KK Nair, KL Rahul, Kuldeep Yadav, L Ngidi, M Tiwari, MA Starc, Mukesh Kumar, N Rana, P Nissanka, PVD Chameera, SU Parakh, Sameer Rizvi, T Natarajan, T Stubbs, T Vijay, V Nigam."
season_squad,Gujarat Titans,2026,"IPL 2026 squad for Gujarat Titans: Arshad Khan, Ashok Sharma, B Sai Sudharsan, GD Phillips, JC Buttler, JO Holder, K Khejroliya, K Rabada, Kumar Kushagra, M Prasidh Krishna, M Shahrukh Khan, MJ Suthar, Mohammed Siraj, N Sindhu, R Sai Kishore, R Tewatia, Rashid Khan, Shubman Gill, Washington Sundar."
season_squad,Kolkata Knight Riders,2026,"IPL 2026 squad for Kolkata Knight Riders: A Raghuvanshi, AM Rahane, AS Roy, B Muzarabani, C Green, CV Varun, FH Allen, Kartik Tyagi, M Pathirana, MK Pandey, Navdeep Saini, R Powell, RK Singh, Ramandeep Singh, SP Narine, SR Dubey, T Dahiya, TL Seifert, VG Arora."
season_squad,Lucknow Super Giants,2026,"IPL 2026 squad for Lucknow Super Giants: A Badoni, A Nortje, AA Kulkarni, AK Markram, Abdul Samad, Akash Singh, Akshat Raghuwanshi, Arjun Tendulkar, Avesh Khan, DS Rathi, GF Linde, Himmat Singh, JP Inglis, M Siddharth, MD Choudhary, MP Yadav, MR Marsh, Mohammed Shami, Mohsin Khan, N Pooran, Prince Yadav, RR Pant, Shahbaz Ahmed."
season_squad,Mumbai Indians,2026,"IPL 2026 squad for Mumbai Indians: AM Ghazanfar, Ashwani Kumar, C Bosch, DL Chahar, DV Malewar, HH Pandya, JJ Bumrah, Krish Bhagat, M Markande, MJ Santner, Mayank Rawat, Naman Dhir, Q de Kock, R Minz, RA Bawa, RD Rickelton, RG Sharma, Raghu Sharma, SA Yadav, SE Rutherford, SN Thakur, TA Boult, Tilak Varma, WG Jacks."
season_squad,Punjab Kings,2026,"IPL 2026 squad for Punjab Kings: Arshdeep Singh, Azmatullah Omarzai, BJ Dwarshuis, C Connolly, Harpreet Brar, LH Ferguson, M Jansen, MP Stoinis, N Wadhera, P Simran Singh, Priyansh Arya, SS Iyer, Shashank Singh, Suryansh Shedge, Vijaykumar Vyshak, Vishnu Vinod, XC Bartlett, YS Chahal, Yash Thakur."
season_squad,Rajasthan Royals,2026,"IPL 2026 squad for Rajasthan Royals: AF Milne, Brijesh Sharma, D Ferreira, Dhruv Jurel, JC Archer, LG Pretorius, MD Shanaka, N Burger, R Parag, RA Jadeja, Ravi Bishnoi, Ravi Singh, SB Dubey, SO Hetmyer, SS Mishra, Sandeep Sharma, TU Deshpande, V Suryavanshi, YBK Jaiswal, Yash Raj Punja."
season_squad,Royal Challengers Bengaluru,2026,"IPL 2026 squad for Royal Challengers Bengaluru: Abhinandan Singh, B Kumar, D Padikkal, JA Duffy, JG Bethell, JM Sharma, JR Hazlewood, KH Pandya, PD Salt, R Shepherd, RM Patidar, Rasikh Salam, Suyash Sharma, TH David, V Kohli, VR Iyer."
season_squad,Sunrisers Hyderabad,2026,"IPL 2026 squad for Sunrisers Hyderabad: Abhishek Sharma, Aniket Verma, D Madushanka, DA Payne, E Malinga, H Klaasen, HV Patel, Harsh Dubey, Ishan Kishan, JD Unadkat, LS Livingstone, Nithish Kumar Reddy, PJ Cummins, PP Hinge, R Smaran, S Arora, Sakib Hussain, Salil Arora, Shivang Kumar, TM Head."
season_summary,IPL 2008,2008,IPL 2008 season summary: Champion was Rajasthan Royals. Orange Cap winner was SE Marsh with 616 runs. Purple Cap winner was Sohail Tanvir with 22 wickets.
season_summary,IPL 2009,2009,IPL 2009 season summary: Champion was Deccan Chargers. Orange Cap winner was ML Hayden with 572 runs. Purple Cap winner was RP Singh with 23 wickets.
season_summary,IPL 2010,2010,IPL 2010 season summary: Champion was Chennai Super Kings. Orange Cap winner was SR Tendulkar with 618 runs. Purple Cap winner was PP Ojha with 21 wickets.
season_summary,IPL 2011,2011,IPL 2011 season summary: Champion was Chennai Super Kings. Orange Cap winner was CH Gayle with 608 runs. Purple Cap winner was SL Malinga with 28 wickets.
season_summary,IPL 2012,2012,IPL 2012 season summary: Champion was Kolkata Knight Riders. Orange Cap winner was CH Gayle with 733 runs. Purple Cap winner was M Morkel with 25 wickets.
season_summary,IPL 2013,2013,IPL 2013 season summary: Champion was Mumbai Indians. Orange Cap winner was MEK Hussey with 733 runs. Purple Cap winner was DJ Bravo with 32 wickets.
season_summary,IPL 2014,2014,IPL 2014 season summary: Champion was Kolkata Knight Riders. Orange Cap winner was RV Uthappa with 660 runs. Purple Cap winner was MM Sharma with 23 wickets.
season_summary,IPL 2015,2015,IPL 2015 season summary: Champion was Mumbai Indians. Orange Cap winner was DA Warner with 562 runs. Purple Cap winner was DJ Bravo with 26 wickets.
season_summary,IPL 2016,2016,IPL 2016 season summary: Champion was Sunrisers Hyderabad. Orange Cap winner was V Kohli with 973 runs. Purple Cap winner was B Kumar with 23 wickets.
season_summary,IPL 2017,2017,IPL 2017 season summary: Champion was Mumbai Indians. Orange Cap winner was DA Warner with 641 runs. Purple Cap winner was B Kumar with 26 wickets.
season_summary,IPL 2018,2018,IPL 2018 season summary: Champion was Chennai Super Kings. Orange Cap winner was KS Williamson with 735 runs. Purple Cap winner was AJ Tye with 24 wickets.
season_summary,IPL 2019,2019,IPL 2019 season summary: Champion was Mumbai Indians. Orange Cap winner was DA Warner with 692 runs. Purple Cap winner was Imran Tahir with 26 wickets.
season_summary,IPL 2020,2020,IPL 2020 season summary: Champion was Mumbai Indians. Orange Cap winner was KL Rahul with 670 runs. Purple Cap winner was K Rabada with 30 wickets.
season_summary,IPL 2021,2021,IPL 2021 season summary: Champion was Chennai Super Kings. Orange Cap winner was RD Gaikwad with 635 runs. Purple Cap winner was HV Patel with 32 wickets.
season_summary,IPL 2022,2022,IPL 2022 season summary: Champion was Gujarat Titans. Orange Cap winner was JC Buttler with 863 runs. Purple Cap winner was YS Chahal with 27 wickets.
season_summary,IPL 2023,2023,IPL 2023 season summary: Champion was Chennai Super Kings. Orange Cap winner was Shubman Gill with 890 runs. Purple Cap winner was Mohammed Shami with 28 wickets.
season_summary,IPL 2024,2024,IPL 2024 season summary: Champion was Kolkata Knight Riders. Orange Cap winner was V Kohli with 741 runs. Purple Cap winner was HV Patel with 24 wickets.
season_summary,IPL 2025,2025,IPL 2025 season summary: Champion was Royal Challengers Bengaluru. Orange Cap winner was B Sai Sudharsan with 759 runs. Purple Cap winner was M Prasidh Krishna with 25 wickets.
season_summary,IPL 2026,2026,IPL 2026 season summary: Champion was Royal Challengers Bengaluru. Orange Cap winner was V Suryavanshi with 776 runs. Purple Cap winner was K Rabada with 29 wickets.
team_titles,Chennai Super Kings,all,Chennai Super Kings has won 5 IPL titles in the available IPL dataset.
team_titles,Mumbai Indians,all,Mumbai Indians has won 5 IPL titles in the available IPL dataset.
team_titles,Kolkata Knight Riders,all,Kolkata Knight Riders has won 3 IPL titles in the available IPL dataset.
team_titles,Royal Challengers Bengaluru,all,Royal Challengers Bengaluru has won 2 IPL titles in the available IPL dataset.
team_titles,Deccan Chargers,all,Deccan Chargers has won 1 IPL title in the available IPL dataset.
team_titles,Gujarat Titans,all,Gujarat Titans has won 1 IPL title in the available IPL dataset.
team_titles,Rajasthan Royals,all,Rajasthan Royals has won 1 IPL title in the available IPL dataset.
team_titles,Sunrisers Hyderabad,all,Sunrisers Hyderabad has won 1 IPL title in the available IPL dataset.
potm_total,AB de Villiers,all,AB de Villiers has won 25 Player of the Match awards in the IPL dataset.
potm_total,V Kohli,all,V Kohli has won 22 Player of the Match awards in the IPL dataset.
potm_total,CH Gayle,all,CH Gayle has won 22 Player of the Match awards in the IPL dataset.
potm_total,RG Sharma,all,RG Sharma has won 21 Player of the Match awards in the IPL dataset.
potm_total,DA Warner,all,DA Warner has won 18 Player of the Match awards in the IPL dataset.
potm_total,MS Dhoni,all,MS Dhoni has won 18 Player of the Match awards in the IPL dataset.
potm_total,SP Narine,all,SP Narine has won 18 Player of the Match awards in the IPL dataset.
potm_total,RA Jadeja,all,RA Jadeja has won 17 Player of the Match awards in the IPL dataset.
potm_total,KL Rahul,all,KL Rahul has won 17 Player of the Match awards in the IPL dataset.
potm_total,YK Pathan,all,YK Pathan has won 16 Player of the Match awards in the IPL dataset.
potm_total,SR Watson,all,SR Watson has won 16 Player of the Match awards in the IPL dataset.
potm_total,AD Russell,all,AD Russell has won 16 Player of the Match awards in the IPL dataset.
potm_total,Rashid Khan,all,Rashid Khan has won 14 Player of the Match awards in the IPL dataset.
potm_total,SK Raina,all,SK Raina has won 14 Player of the Match awards in the IPL dataset.
potm_total,KA Pollard,all,KA Pollard has won 14 Player of the Match awards in the IPL dataset.
potm_total,Shubman Gill,all,Shubman Gill has won 14 Player of the Match awards in the IPL dataset.
potm_total,JC Buttler,all,JC Buttler has won 14 Player of the Match awards in the IPL dataset.
potm_total,SV Samson,all,SV Samson has won 14 Player of the Match awards in the IPL dataset.
potm_total,AM Rahane,all,AM Rahane has won 13 Player of the Match awards in the IPL dataset.
potm_total,G Gambhir,all,G Gambhir has won 13 Player of the Match awards in the IPL dataset.
potm_total,MEK Hussey,all,MEK Hussey has won 12 Player of the Match awards in the IPL dataset.
potm_total,RD Gaikwad,all,RD Gaikwad has won 12 Player of the Match awards in the IPL dataset.
potm_total,A Mishra,all,A Mishra has won 12 Player of the Match awards in the IPL dataset.
potm_total,S Dhawan,all,S Dhawan has won 12 Player of the Match awards in the IPL dataset.
potm_total,DR Smith,all,DR Smith has won 11 Player of the Match awards in the IPL dataset.
potm_total,SS Iyer,all,SS Iyer has won 11 Player of the Match awards in the IPL dataset.
potm_total,V Sehwag,all,V Sehwag has won 11 Player of the Match awards in the IPL dataset.
potm_total,AT Rayudu,all,AT Rayudu has won 10 Player of the Match awards in the IPL dataset.
potm_total,JJ Bumrah,all,JJ Bumrah has won 10 Player of the Match awards in the IPL dataset.
potm_total,UT Yadav,all,UT Yadav has won 10 Player of the Match awards in the IPL dataset.
potm_total,JH Kallis,all,JH Kallis has won 10 Player of the Match awards in the IPL dataset.
potm_total,F du Plessis,all,F du Plessis has won 10 Player of the Match awards in the IPL dataset.
potm_total,SA Yadav,all,SA Yadav has won 10 Player of the Match awards in the IPL dataset.
potm_total,Ishan Kishan,all,Ishan Kishan has won 9 Player of the Match awards in the IPL dataset.
potm_total,KH Pandya,all,KH Pandya has won 9 Player of the Match awards in the IPL dataset.
potm_total,GJ Maxwell,all,GJ Maxwell has won 9 Player of the Match awards in the IPL dataset.
potm_total,MP Stoinis,all,MP Stoinis has won 9 Player of the Match awards in the IPL dataset.
potm_total,SE Marsh,all,SE Marsh has won 9 Player of the Match awards in the IPL dataset.
potm_total,HH Pandya,all,HH Pandya has won 8 Player of the Match awards in the IPL dataset.
potm_total,CV Varun,all,CV Varun has won 8 Player of the Match awards in the IPL dataset.
potm_total,Harbhajan Singh,all,Harbhajan Singh has won 8 Player of the Match awards in the IPL dataset.
potm_total,Kuldeep Yadav,all,Kuldeep Yadav has won 8 Player of the Match awards in the IPL dataset.
potm_total,SR Tendulkar,all,SR Tendulkar has won 8 Player of the Match awards in the IPL dataset.
potm_total,RR Pant,all,RR Pant has won 8 Player of the Match awards in the IPL dataset.
potm_total,AR Patel,all,AR Patel has won 8 Player of the Match awards in the IPL dataset.
potm_total,AC Gilchrist,all,AC Gilchrist has won 7 Player of the Match awards in the IPL dataset.
potm_total,Sandeep Sharma,all,Sandeep Sharma has won 7 Player of the Match awards in the IPL dataset.
potm_total,YS Chahal,all,YS Chahal has won 7 Player of the Match awards in the IPL dataset.
potm_total,Q de Kock,all,Q de Kock has won 7 Player of the Match awards in the IPL dataset.
potm_total,TA Boult,all,TA Boult has won 7 Player of the Match awards in the IPL dataset.
potm_total,KD Karthik,all,KD Karthik has won 7 Player of the Match awards in the IPL dataset.
potm_total,B Kumar,all,B Kumar has won 7 Player of the Match awards in the IPL dataset.
potm_total,Mohammed Siraj,all,Mohammed Siraj has won 7 Player of the Match awards in the IPL dataset.
potm_total,RV Uthappa,all,RV Uthappa has won 7 Player of the Match awards in the IPL dataset.
potm_total,Abhishek Sharma,all,Abhishek Sharma has won 7 Player of the Match awards in the IPL dataset.
potm_total,SL Malinga,all,SL Malinga has won 6 Player of the Match awards in the IPL dataset.
potm_total,KS Williamson,all,KS Williamson has won 6 Player of the Match awards in the IPL dataset.
potm_total,JM Bairstow,all,JM Bairstow has won 6 Player of the Match awards in the IPL dataset.
potm_total,R Ashwin,all,R Ashwin has won 6 Player of the Match awards in the IPL dataset.
potm_total,MA Starc,all,MA Starc has won 6 Player of the Match awards in the IPL dataset.
potm_total,A Nehra,all,A Nehra has won 6 Player of the Match awards in the IPL dataset.
potm_total,M Vijay,all,M Vijay has won 6 Player of the Match awards in the IPL dataset.
potm_total,MK Pandey,all,MK Pandey has won 6 Player of the Match awards in the IPL dataset.
potm_total,JD Unadkat,all,JD Unadkat has won 6 Player of the Match awards in the IPL dataset.
potm_total,BJ Hodge,all,BJ Hodge has won 6 Player of the Match awards in the IPL dataset.
potm_total,YBK Jaiswal,all,YBK Jaiswal has won 6 Player of the Match awards in the IPL dataset.
potm_total,MR Marsh,all,MR Marsh has won 6 Player of the Match awards in the IPL dataset.
potm_total,N Rana,all,N Rana has won 6 Player of the Match awards in the IPL dataset.
potm_total,DW Steyn,all,DW Steyn has won 5 Player of the Match awards in the IPL dataset.
potm_total,SPD Smith,all,SPD Smith has won 5 Player of the Match awards in the IPL dataset.
potm_total,HV Patel,all,HV Patel has won 5 Player of the Match awards in the IPL dataset.
potm_total,Yuvraj Singh,all,Yuvraj Singh has won 5 Player of the Match awards in the IPL dataset.
potm_total,JP Faulkner,all,JP Faulkner has won 5 Player of the Match awards in the IPL dataset.
potm_total,DA Miller,all,DA Miller has won 5 Player of the Match awards in the IPL dataset.
potm_total,BA Stokes,all,BA Stokes has won 5 Player of the Match awards in the IPL dataset.
potm_total,RM Patidar,all,RM Patidar has won 5 Player of the Match awards in the IPL dataset.
potm_total,DPMD Jayawardene,all,DPMD Jayawardene has won 5 Player of the Match awards in the IPL dataset.
potm_total,KC Sangakkara,all,KC Sangakkara has won 5 Player of the Match awards in the IPL dataset.
potm_total,PA Patel,all,PA Patel has won 5 Player of the Match awards in the IPL dataset.
potm_total,NM Coulter-Nile,all,NM Coulter-Nile has won 5 Player of the Match awards in the IPL dataset.
potm_total,AJ Finch,all,AJ Finch has won 5 Player of the Match awards in the IPL dataset.
potm_total,WP Saha,all,WP Saha has won 5 Player of the Match awards in the IPL dataset.
potm_total,SC Ganguly,all,SC Ganguly has won 5 Player of the Match awards in the IPL dataset.
potm_total,MM Sharma,all,MM Sharma has won 5 Player of the Match awards in the IPL dataset.
potm_total,BB McCullum,all,BB McCullum has won 5 Player of the Match awards in the IPL dataset.
potm_total,JR Hazlewood,all,JR Hazlewood has won 4 Player of the Match awards in the IPL dataset.
potm_total,N Pooran,all,N Pooran has won 4 Player of the Match awards in the IPL dataset.
potm_total,Mohammed Shami,all,Mohammed Shami has won 4 Player of the Match awards in the IPL dataset.
potm_total,RK Singh,all,RK Singh has won 4 Player of the Match awards in the IPL dataset.
potm_total,ML Hayden,all,ML Hayden has won 4 Player of the Match awards in the IPL dataset.
potm_total,SN Thakur,all,SN Thakur has won 4 Player of the Match awards in the IPL dataset.
potm_total,PP Shaw,all,PP Shaw has won 4 Player of the Match awards in the IPL dataset.
potm_total,RA Tripathi,all,RA Tripathi has won 4 Player of the Match awards in the IPL dataset.
potm_total,SK Warne,all,SK Warne has won 4 Player of the Match awards in the IPL dataset.
potm_total,JP Duminy,all,JP Duminy has won 4 Player of the Match awards in the IPL dataset.
potm_total,SM Curran,all,SM Curran has won 4 Player of the Match awards in the IPL dataset.
potm_total,K Rabada,all,K Rabada has won 4 Player of the Match awards in the IPL dataset.
potm_total,PD Salt,all,PD Salt has won 4 Player of the Match awards in the IPL dataset.
potm_total,MA Agarwal,all,MA Agarwal has won 4 Player of the Match awards in the IPL dataset.
potm_total,VR Iyer,all,VR Iyer has won 4 Player of the Match awards in the IPL dataset.
potm_total,DP Conway,all,DP Conway has won 4 Player of the Match awards in the IPL dataset.
potm_total,I Sharma,all,I Sharma has won 4 Player of the Match awards in the IPL dataset.
potm_total,Harpreet Brar,all,Harpreet Brar has won 4 Player of the Match awards in the IPL dataset.
potm_total,CA Lynn,all,CA Lynn has won 4 Player of the Match awards in the IPL dataset.
potm_total,DJ Bravo,all,DJ Bravo has won 4 Player of the Match awards in the IPL dataset.
potm_total,V Suryavanshi,all,V Suryavanshi has won 4 Player of the Match awards in the IPL dataset.
potm_total,B Sai Sudharsan,all,B Sai Sudharsan has won 4 Player of the Match awards in the IPL dataset.
potm_total,TM Head,all,TM Head has won 3 Player of the Match awards in the IPL dataset.
potm_total,P Simran Singh,all,P Simran Singh has won 3 Player of the Match awards in the IPL dataset.
potm_total,Noor Ahmad,all,Noor Ahmad has won 3 Player of the Match awards in the IPL dataset.
potm_total,KK Nair,all,KK Nair has won 3 Player of the Match awards in the IPL dataset.
potm_total,TH David,all,TH David has won 3 Player of the Match awards in the IPL dataset.
potm_total,LRPL Taylor,all,LRPL Taylor has won 3 Player of the Match awards in the IPL dataset.
potm_total,KP Pietersen,all,KP Pietersen has won 3 Player of the Match awards in the IPL dataset.
potm_total,PJ Cummins,all,PJ Cummins has won 3 Player of the Match awards in the IPL dataset.
potm_total,Avesh Khan,all,Avesh Khan has won 3 Player of the Match awards in the IPL dataset.
potm_total,LMP Simmons,all,LMP Simmons has won 3 Player of the Match awards in the IPL dataset.
potm_total,L Balaji,all,L Balaji has won 3 Player of the Match awards in the IPL dataset.
potm_total,Mandeep Singh,all,Mandeep Singh has won 3 Player of the Match awards in the IPL dataset.
potm_total,M Prasidh Krishna,all,M Prasidh Krishna has won 3 Player of the Match awards in the IPL dataset.
potm_total,WG Jacks,all,WG Jacks has won 3 Player of the Match awards in the IPL dataset.
potm_total,Priyansh Arya,all,Priyansh Arya has won 3 Player of the Match awards in the IPL dataset.
potm_total,A Kumble,all,A Kumble has won 3 Player of the Match awards in the IPL dataset.
potm_total,R Vinay Kumar,all,R Vinay Kumar has won 3 Player of the Match awards in the IPL dataset.
potm_total,CH Morris,all,CH Morris has won 3 Player of the Match awards in the IPL dataset.
potm_total,Sameer Rizvi,all,Sameer Rizvi has won 3 Player of the Match awards in the IPL dataset.
potm_total,MK Tiwary,all,MK Tiwary has won 3 Player of the Match awards in the IPL dataset.
potm_total,JC Archer,all,JC Archer has won 3 Player of the Match awards in the IPL dataset.
potm_total,A Nortje,all,A Nortje has won 3 Player of the Match awards in the IPL dataset.
potm_total,C Green,all,C Green has won 3 Player of the Match awards in the IPL dataset.
potm_total,CJ Anderson,all,CJ Anderson has won 3 Player of the Match awards in the IPL dataset.
potm_total,A Symonds,all,A Symonds has won 3 Player of the Match awards in the IPL dataset.
potm_total,LH Ferguson,all,LH Ferguson has won 3 Player of the Match awards in the IPL dataset.
potm_total,M Vohra,all,M Vohra has won 3 Player of the Match awards in the IPL dataset.
potm_total,PP Chawla,all,PP Chawla has won 3 Player of the Match awards in the IPL dataset.
potm_total,SO Hetmyer,all,SO Hetmyer has won 3 Player of the Match awards in the IPL dataset.
potm_total,JO Holder,all,JO Holder has won 3 Player of the Match awards in the IPL dataset.
potm_total,MV Boucher,all,MV Boucher has won 2 Player of the Match awards in the IPL dataset.
potm_total,MP Yadav,all,MP Yadav has won 2 Player of the Match awards in the IPL dataset.
potm_total,MM Ali,all,MM Ali has won 2 Player of the Match awards in the IPL dataset.
potm_total,BW Hilfenhaus,all,BW Hilfenhaus has won 2 Player of the Match awards in the IPL dataset.
potm_total,B Lee,all,B Lee has won 2 Player of the Match awards in the IPL dataset.
potm_total,S Dube,all,S Dube has won 2 Player of the Match awards in the IPL dataset.
potm_total,Umran Malik,all,Umran Malik has won 2 Player of the Match awards in the IPL dataset.
potm_total,MM Patel,all,MM Patel has won 2 Player of the Match awards in the IPL dataset.
potm_total,Iqbal Abdulla,all,Iqbal Abdulla has won 2 Player of the Match awards in the IPL dataset.
potm_total,Azhar Mahmood,all,Azhar Mahmood has won 2 Player of the Match awards in the IPL dataset.
potm_total,Mustafizur Rahman,all,Mustafizur Rahman has won 2 Player of the Match awards in the IPL dataset.
potm_total,R Tewatia,all,R Tewatia has won 2 Player of the Match awards in the IPL dataset.
potm_total,R Shepherd,all,R Shepherd has won 2 Player of the Match awards in the IPL dataset.
potm_total,R Sharma,all,R Sharma has won 2 Player of the Match awards in the IPL dataset.
potm_total,R Parag,all,R Parag has won 2 Player of the Match awards in the IPL dataset.
potm_total,R Dravid,all,R Dravid has won 2 Player of the Match awards in the IPL dataset.
potm_total,RD Rickelton,all,RD Rickelton has won 2 Player of the Match awards in the IPL dataset.
potm_total,PWH de Silva,all,PWH de Silva has won 2 Player of the Match awards in the IPL dataset.
potm_total,PV Tambe,all,PV Tambe has won 2 Player of the Match awards in the IPL dataset.
potm_total,AB Dinda,all,AB Dinda has won 2 Player of the Match awards in the IPL dataset.
potm_total,AJ Tye,all,AJ Tye has won 2 Player of the Match awards in the IPL dataset.
potm_total,PC Valthaty,all,PC Valthaty has won 2 Player of the Match awards in the IPL dataset.
potm_total,P Negi,all,P Negi has won 2 Player of the Match awards in the IPL dataset.
potm_total,P Kumar,all,P Kumar has won 2 Player of the Match awards in the IPL dataset.
potm_total,AS Rajpoot,all,AS Rajpoot has won 2 Player of the Match awards in the IPL dataset.
potm_total,Nithish Kumar Reddy,all,Nithish Kumar Reddy has won 2 Player of the Match awards in the IPL dataset.
potm_total,Akash Madhwal,all,Akash Madhwal has won 2 Player of the Match awards in the IPL dataset.
potm_total,S Gopal,all,S Gopal has won 2 Player of the Match awards in the IPL dataset.
potm_total,Arshdeep Singh,all,Arshdeep Singh has won 2 Player of the Match awards in the IPL dataset.
potm_total,VR Aaron,all,VR Aaron has won 2 Player of the Match awards in the IPL dataset.
potm_total,MJ McClenaghan,all,MJ McClenaghan has won 2 Player of the Match awards in the IPL dataset.
potm_total,JJ Roy,all,JJ Roy has won 2 Player of the Match awards in the IPL dataset.
potm_total,MG Johnson,all,MG Johnson has won 2 Player of the Match awards in the IPL dataset.
potm_total,Shivam Mavi,all,Shivam Mavi has won 2 Player of the Match awards in the IPL dataset.
potm_total,KM Jadhav,all,KM Jadhav has won 2 Player of the Match awards in the IPL dataset.
potm_total,SM Pollock,all,SM Pollock has won 2 Player of the Match awards in the IPL dataset.
potm_total,S Nadeem,all,S Nadeem has won 2 Player of the Match awards in the IPL dataset.
potm_total,DL Chahar,all,DL Chahar has won 2 Player of the Match awards in the IPL dataset.
potm_total,Sohail Tanvir,all,Sohail Tanvir has won 2 Player of the Match awards in the IPL dataset.
potm_total,EJG Morgan,all,EJG Morgan has won 2 Player of the Match awards in the IPL dataset.
potm_total,GC Smith,all,GC Smith has won 2 Player of the Match awards in the IPL dataset.
potm_total,GH Vihari,all,GH Vihari has won 2 Player of the Match awards in the IPL dataset.
potm_total,KV Sharma,all,KV Sharma has won 2 Player of the Match awards in the IPL dataset.
potm_total,H Klaasen,all,H Klaasen has won 2 Player of the Match awards in the IPL dataset.
potm_total,Shakib Al Hasan,all,Shakib Al Hasan has won 2 Player of the Match awards in the IPL dataset.
potm_total,HM Amla,all,HM Amla has won 2 Player of the Match awards in the IPL dataset.
potm_total,JA Morkel,all,JA Morkel has won 2 Player of the Match awards in the IPL dataset.
potm_total,Harmeet Singh,all,Harmeet Singh has won 2 Player of the Match awards in the IPL dataset.
potm_total,ST Jayasuriya,all,ST Jayasuriya has won 2 Player of the Match awards in the IPL dataset.
potm_total,IK Pathan,all,IK Pathan has won 2 Player of the Match awards in the IPL dataset.
potm_total,DJ Hussey,all,DJ Hussey has won 2 Player of the Match awards in the IPL dataset.
potm_total,KK Ahmed,all,KK Ahmed has won 2 Player of the Match awards in the IPL dataset.
potm_total,Tilak Varma,all,Tilak Varma has won 2 Player of the Match awards in the IPL dataset.
potm_total,DE Bollinger,all,DE Bollinger has won 2 Player of the Match awards in the IPL dataset.
potm_total,MC Henriques,all,MC Henriques has won 2 Player of the Match awards in the IPL dataset.
potm_total,D Padikkal,all,D Padikkal has won 2 Player of the Match awards in the IPL dataset.
potm_total,M Morkel,all,M Morkel has won 2 Player of the Match awards in the IPL dataset.
potm_total,M Muralitharan,all,M Muralitharan has won 2 Player of the Match awards in the IPL dataset.
potm_total,SK Trivedi,all,SK Trivedi has won 2 Player of the Match awards in the IPL dataset.
potm_total,M Ntini,all,M Ntini has won 2 Player of the Match awards in the IPL dataset.
potm_total,M Pathirana,all,M Pathirana has won 2 Player of the Match awards in the IPL dataset.
potm_total,Yash Thakur,all,Yash Thakur has won 1 Player of the Match awards in the IPL dataset.
potm_total,Washington Sundar,all,Washington Sundar has won 1 Player of the Match awards in the IPL dataset.
potm_total,RE Levi,all,RE Levi has won 1 Player of the Match awards in the IPL dataset.
potm_total,Shashank Singh,all,Shashank Singh has won 1 Player of the Match awards in the IPL dataset.
potm_total,SP Goswami,all,SP Goswami has won 1 Player of the Match awards in the IPL dataset.
potm_total,S Anirudha,all,S Anirudha has won 1 Player of the Match awards in the IPL dataset.
potm_total,Shahbaz Ahmed,all,Shahbaz Ahmed has won 1 Player of the Match awards in the IPL dataset.
potm_total,RJ Harris,all,RJ Harris has won 1 Player of the Match awards in the IPL dataset.
potm_total,Umar Gul,all,Umar Gul has won 1 Player of the Match awards in the IPL dataset.
potm_total,RD Chahar,all,RD Chahar has won 1 Player of the Match awards in the IPL dataset.
potm_total,SA Asnodkar,all,SA Asnodkar has won 1 Player of the Match awards in the IPL dataset.
potm_total,S Sreesanth,all,S Sreesanth has won 1 Player of the Match awards in the IPL dataset.
potm_total,SW Billings,all,SW Billings has won 1 Player of the Match awards in the IPL dataset.
potm_total,Shoaib Akhtar,all,Shoaib Akhtar has won 1 Player of the Match awards in the IPL dataset.
potm_total,SB Jakati,all,SB Jakati has won 1 Player of the Match awards in the IPL dataset.
potm_total,WPUJC Vaas,all,WPUJC Vaas has won 1 Player of the Match awards in the IPL dataset.
potm_total,S Badrinath,all,S Badrinath has won 1 Player of the Match awards in the IPL dataset.
potm_total,VG Arora,all,VG Arora has won 1 Player of the Match awards in the IPL dataset.
potm_total,S Aravind,all,S Aravind has won 1 Player of the Match awards in the IPL dataset.
potm_total,SM Katich,all,SM Katich has won 1 Player of the Match awards in the IPL dataset.
potm_total,TG Southee,all,TG Southee has won 1 Player of the Match awards in the IPL dataset.
potm_total,RS Bopara,all,RS Bopara has won 1 Player of the Match awards in the IPL dataset.
potm_total,RR Rossouw,all,RR Rossouw has won 1 Player of the Match awards in the IPL dataset.
potm_total,TL Suman,all,TL Suman has won 1 Player of the Match awards in the IPL dataset.
potm_total,T Stubbs,all,T Stubbs has won 1 Player of the Match awards in the IPL dataset.
potm_total,Ravi Bishnoi,all,Ravi Bishnoi has won 1 Player of the Match awards in the IPL dataset.
potm_total,Suyash Sharma,all,Suyash Sharma has won 1 Player of the Match awards in the IPL dataset.
potm_total,RP Singh,all,RP Singh has won 1 Player of the Match awards in the IPL dataset.
potm_total,TM Dilshan,all,TM Dilshan has won 1 Player of the Match awards in the IPL dataset.
potm_total,WD Parnell,all,WD Parnell has won 1 Player of the Match awards in the IPL dataset.
potm_total,Simarjeet Singh,all,Simarjeet Singh has won 1 Player of the Match awards in the IPL dataset.
potm_total,Sikandar Raza,all,Sikandar Raza has won 1 Player of the Match awards in the IPL dataset.
potm_total,SB Wagh,all,SB Wagh has won 1 Player of the Match awards in the IPL dataset.
potm_total,S Sohal,all,S Sohal has won 1 Player of the Match awards in the IPL dataset.
potm_total,A Chandila,all,A Chandila has won 1 Player of the Match awards in the IPL dataset.
potm_total,R Sai Kishore,all,R Sai Kishore has won 1 Player of the Match awards in the IPL dataset.
potm_total,R McLaren,all,R McLaren has won 1 Player of the Match awards in the IPL dataset.
potm_total,D Ferreira,all,D Ferreira has won 1 Player of the Match awards in the IPL dataset.
potm_total,DJ Hooda,all,DJ Hooda has won 1 Player of the Match awards in the IPL dataset.
potm_total,DJG Sammy,all,DJG Sammy has won 1 Player of the Match awards in the IPL dataset.
potm_total,DL Vettori,all,DL Vettori has won 1 Player of the Match awards in the IPL dataset.
potm_total,DP Nannes,all,DP Nannes has won 1 Player of the Match awards in the IPL dataset.
potm_total,DR Sams,all,DR Sams has won 1 Player of the Match awards in the IPL dataset.
potm_total,DS Rathi,all,DS Rathi has won 1 Player of the Match awards in the IPL dataset.
potm_total,E Lewis,all,E Lewis has won 1 Player of the Match awards in the IPL dataset.
potm_total,E Malinga,all,E Malinga has won 1 Player of the Match awards in the IPL dataset.
potm_total,FH Allen,all,FH Allen has won 1 Player of the Match awards in the IPL dataset.
potm_total,GD McGrath,all,GD McGrath has won 1 Player of the Match awards in the IPL dataset.
potm_total,GD Phillips,all,GD Phillips has won 1 Player of the Match awards in the IPL dataset.
potm_total,GJ Bailey,all,GJ Bailey has won 1 Player of the Match awards in the IPL dataset.
potm_total,HC Brook,all,HC Brook has won 1 Player of the Match awards in the IPL dataset.
potm_total,HF Gurney,all,HF Gurney has won 1 Player of the Match awards in the IPL dataset.
potm_total,HH Gibbs,all,HH Gibbs has won 1 Player of the Match awards in the IPL dataset.
potm_total,Imran Tahir,all,Imran Tahir has won 1 Player of the Match awards in the IPL dataset.
potm_total,J Botha,all,J Botha has won 1 Player of the Match awards in the IPL dataset.
potm_total,J Fraser-McGurk,all,J Fraser-McGurk has won 1 Player of the Match awards in the IPL dataset.
potm_total,D Brevis,all,D Brevis has won 1 Player of the Match awards in the IPL dataset.
potm_total,CRD Fernando,all,CRD Fernando has won 1 Player of the Match awards in the IPL dataset.
potm_total,CR Brathwaite,all,CR Brathwaite has won 1 Player of the Match awards in the IPL dataset.
potm_total,AP Tare,all,AP Tare has won 1 Player of the Match awards in the IPL dataset.
potm_total,A Manohar,all,A Manohar has won 1 Player of the Match awards in the IPL dataset.
potm_total,A Singh,all,A Singh has won 1 Player of the Match awards in the IPL dataset.
potm_total,A Zampa,all,A Zampa has won 1 Player of the Match awards in the IPL dataset.
potm_total,AA Jhunjhunwala,all,AA Jhunjhunwala has won 1 Player of the Match awards in the IPL dataset.
potm_total,AC Voges,all,AC Voges has won 1 Player of the Match awards in the IPL dataset.
potm_total,AD Mascarenhas,all,AD Mascarenhas has won 1 Player of the Match awards in the IPL dataset.
potm_total,AD Mathews,all,AD Mathews has won 1 Player of the Match awards in the IPL dataset.
potm_total,AK Markram,all,AK Markram has won 1 Player of the Match awards in the IPL dataset.
potm_total,AS Joseph,all,AS Joseph has won 1 Player of the Match awards in the IPL dataset.
potm_total,CL White,all,CL White has won 1 Player of the Match awards in the IPL dataset.
potm_total,Anuj Rawat,all,Anuj Rawat has won 1 Player of the Match awards in the IPL dataset.
potm_total,Ashutosh Sharma,all,Ashutosh Sharma has won 1 Player of the Match awards in the IPL dataset.
potm_total,Ashwani Kumar,all,Ashwani Kumar has won 1 Player of the Match awards in the IPL dataset.
potm_total,B Stanlake,all,B Stanlake has won 1 Player of the Match awards in the IPL dataset.
potm_total,BA Bhatt,all,BA Bhatt has won 1 Player of the Match awards in the IPL dataset.
potm_total,BCJ Cutting,all,BCJ Cutting has won 1 Player of the Match awards in the IPL dataset.
potm_total,C Connolly,all,C Connolly has won 1 Player of the Match awards in the IPL dataset.
potm_total,CJ Jordan,all,CJ Jordan has won 1 Player of the Match awards in the IPL dataset.
potm_total,J Little,all,J Little has won 1 Player of the Match awards in the IPL dataset.
potm_total,J Overton,all,J Overton has won 1 Player of the Match awards in the IPL dataset.
potm_total,J Theron,all,J Theron has won 1 Player of the Match awards in the IPL dataset.
potm_total,NT Ellis,all,NT Ellis has won 1 Player of the Match awards in the IPL dataset.
potm_total,MN Samuels,all,MN Samuels has won 1 Player of the Match awards in the IPL dataset.
potm_total,MS Bisla,all,MS Bisla has won 1 Player of the Match awards in the IPL dataset.
potm_total,MS Gony,all,MS Gony has won 1 Player of the Match awards in the IPL dataset.
potm_total,Mohsin Khan,all,Mohsin Khan has won 1 Player of the Match awards in the IPL dataset.
potm_total,Mujeeb Ur Rahman,all,Mujeeb Ur Rahman has won 1 Player of the Match awards in the IPL dataset.
potm_total,Mukesh Choudhary,all,Mukesh Choudhary has won 1 Player of the Match awards in the IPL dataset.
potm_total,Mukesh Kumar,all,Mukesh Kumar has won 1 Player of the Match awards in the IPL dataset.
potm_total,N Burger,all,N Burger has won 1 Player of the Match awards in the IPL dataset.
potm_total,NV Ojha,all,NV Ojha has won 1 Player of the Match awards in the IPL dataset.
potm_total,MF Maharoof,all,MF Maharoof has won 1 Player of the Match awards in the IPL dataset.
potm_total,OF Smith,all,OF Smith has won 1 Player of the Match awards in the IPL dataset.
potm_total,P Parameswaran,all,P Parameswaran has won 1 Player of the Match awards in the IPL dataset.
potm_total,PD Collingwood,all,PD Collingwood has won 1 Player of the Match awards in the IPL dataset.
potm_total,PK Garg,all,PK Garg has won 1 Player of the Match awards in the IPL dataset.
potm_total,PN Mankad,all,PN Mankad has won 1 Player of the Match awards in the IPL dataset.
potm_total,PP Hinge,all,PP Hinge has won 1 Player of the Match awards in the IPL dataset.
potm_total,PP Ojha,all,PP Ojha has won 1 Player of the Match awards in the IPL dataset.
potm_total,R Bhatia,all,R Bhatia has won 1 Player of the Match awards in the IPL dataset.
potm_total,MJ Lumb,all,MJ Lumb has won 1 Player of the Match awards in the IPL dataset.
potm_total,MD Mishra,all,MD Mishra has won 1 Player of the Match awards in the IPL dataset.
potm_total,JA Duffy,all,JA Duffy has won 1 Player of the Match awards in the IPL dataset.
potm_total,KS Bharat,all,KS Bharat has won 1 Player of the Match awards in the IPL dataset.
potm_total,JD Ryder,all,JD Ryder has won 1 Player of the Match awards in the IPL dataset.
potm_total,JDP Oram,all,JDP Oram has won 1 Player of the Match awards in the IPL dataset.
potm_total,JEC Franklin,all,JEC Franklin has won 1 Player of the Match awards in the IPL dataset.
potm_total,JM Sharma,all,JM Sharma has won 1 Player of the Match awards in the IPL dataset.
potm_total,JP Inglis,all,JP Inglis has won 1 Player of the Match awards in the IPL dataset.
potm_total,KK Cooper,all,KK Cooper has won 1 Player of the Match awards in the IPL dataset.
potm_total,KMA Paul,all,KMA Paul has won 1 Player of the Match awards in the IPL dataset.
potm_total,KMDN Kulasekara,all,KMDN Kulasekara has won 1 Player of the Match awards in the IPL dataset.
potm_total,Kartik Tyagi,all,Kartik Tyagi has won 1 Player of the Match awards in the IPL dataset.
potm_total,MD Choudhary,all,MD Choudhary has won 1 Player of the Match awards in the IPL dataset.
potm_total,L Ngidi,all,L Ngidi has won 1 Player of the Match awards in the IPL dataset.
potm_total,LJ Wright,all,LJ Wright has won 1 Player of the Match awards in the IPL dataset.
potm_total,LR Shukla,all,LR Shukla has won 1 Player of the Match awards in the IPL dataset.
potm_total,LS Livingstone,all,LS Livingstone has won 1 Player of the Match awards in the IPL dataset.
potm_total,M Jansen,all,M Jansen has won 1 Player of the Match awards in the IPL dataset.
potm_total,M Kartik,all,M Kartik has won 1 Player of the Match awards in the IPL dataset.
potm_total,M Tiwari,all,M Tiwari has won 1 Player of the Match awards in the IPL dataset.
potm_total,MA Wood,all,MA Wood has won 1 Player of the Match awards in the IPL dataset.
potm_total,Z Khan,all,Z Khan has won 1 Player of the Match awards in the IPL dataset.
