match_id,season,date,team1,team2,venue,winner,player_of_match
335982,2008,2008-04-18,Royal Challengers Bengaluru,Kolkata Knight Riders,M Chinnaswamy Stadium,Kolkata Knight Riders,BB McCullum
335983,2008,2008-04-19,Punjab Kings,Chennai Super Kings,"Punjab Cricket Association Stadium, Mohali",Chennai Super Kings,MEK Hussey
335984,2008,2008-04-19,Delhi Capitals,Rajasthan Royals,Feroz Shah Kotla,Delhi Capitals,MF Maharoof
335986,2008,2008-04-20,Kolkata Knight Riders,Deccan Chargers,Eden Gardens,Kolkata Knight Riders,DJ Hussey
335985,2008,2008-04-20,Mumbai Indians,Royal Challengers Bengaluru,Wankhede Stadium,Royal Challengers Bengaluru,MV Boucher
335987,2008,2008-04-21,Rajasthan Royals,Punjab Kings,Sawai Mansingh Stadium,Rajasthan Royals,SR Watson
335988,2008,2008-04-22,Deccan Chargers,Delhi Capitals,"Rajiv Gandhi International Stadium, Uppal",Delhi Capitals,V Sehwag
335989,2008,2008-04-23,Chennai Super Kings,Mumbai Indians,"MA Chidambaram Stadium, Chepauk",Chennai Super Kings,ML Hayden
335990,2008,2008-04-24,Deccan Chargers,Rajasthan Royals,"Rajiv Gandhi International Stadium, Uppal",Rajasthan Royals,YK Pathan
335991,2008,2008-04-25,Punjab Kings,Mumbai Indians,"Punjab Cricket Association Stadium, Mohali",Punjab Kings,KC Sangakkara
335993,2008,2008-04-26,Chennai Super Kings,Kolkata Knight Riders,"MA Chidambaram Stadium, Chepauk",Chennai Super Kings,JDP Oram
335992,2008,2008-04-26,Royal Challengers Bengaluru,Rajasthan Royals,M Chinnaswamy Stadium,Rajasthan Royals,SR Watson
335994,2008,2008-04-27,Mumbai Indians,Deccan Chargers,Dr DY Patil Sports Academy,Deccan Chargers,AC Gilchrist
335995,2008,2008-04-27,Punjab Kings,Delhi Capitals,"Punjab Cricket Association Stadium, Mohali",Punjab Kings,SM Katich
335996,2008,2008-04-28,Royal Challengers Bengaluru,Chennai Super Kings,M Chinnaswamy Stadium,Chennai Super Kings,MS Dhoni
335997,2008,2008-04-29,Kolkata Knight Riders,Mumbai Indians,Eden Gardens,Mumbai Indians,ST Jayasuriya
335998,2008,2008-04-30,Delhi Capitals,Royal Challengers Bengaluru,Feroz Shah Kotla,Delhi Capitals,GD McGrath
335999,2008,2008-05-01,Deccan Chargers,Punjab Kings,"Rajiv Gandhi International Stadium, Uppal",Punjab Kings,SE Marsh
336000,2008,2008-05-01,Rajasthan Royals,Kolkata Knight Riders,Sawai Mansingh Stadium,Rajasthan Royals,SA Asnodkar
336001,2008,2008-05-02,Chennai Super Kings,Delhi Capitals,"MA Chidambaram Stadium, Chepauk",Delhi Capitals,V Sehwag
336034,2008,2008-05-03,Royal Challengers Bengaluru,Deccan Chargers,M Chinnaswamy Stadium,Royal Challengers Bengaluru,P Kumar
336003,2008,2008-05-03,Punjab Kings,Kolkata Knight Riders,"Punjab Cricket Association Stadium, Mohali",Punjab Kings,IK Pathan
336004,2008,2008-05-04,Mumbai Indians,Delhi Capitals,Dr DY Patil Sports Academy,Mumbai Indians,SM Pollock
336005,2008,2008-05-04,Rajasthan Royals,Chennai Super Kings,Sawai Mansingh Stadium,Rajasthan Royals,Sohail Tanvir
336006,2008,2008-05-05,Royal Challengers Bengaluru,Punjab Kings,M Chinnaswamy Stadium,Punjab Kings,S Sreesanth
336007,2008,2008-05-06,Chennai Super Kings,Deccan Chargers,"MA Chidambaram Stadium, Chepauk",Deccan Chargers,AC Gilchrist
336008,2008,2008-05-07,Mumbai Indians,Rajasthan Royals,Dr DY Patil Sports Academy,Mumbai Indians,A Nehra
336010,2008,2008-05-08,Kolkata Knight Riders,Royal Challengers Bengaluru,Eden Gardens,Kolkata Knight Riders,SC Ganguly
336009,2008,2008-05-08,Delhi Capitals,Chennai Super Kings,Feroz Shah Kotla,Chennai Super Kings,MS Dhoni
336011,2008,2008-05-09,Rajasthan Royals,Deccan Chargers,Sawai Mansingh Stadium,Rajasthan Royals,YK Pathan
336013,2008,2008-05-10,Chennai Super Kings,Punjab Kings,"MA Chidambaram Stadium, Chepauk",Chennai Super Kings,L Balaji
336014,2008,2008-05-11,Deccan Chargers,Kolkata Knight Riders,"Rajiv Gandhi International Stadium, Uppal",Kolkata Knight Riders,SC Ganguly
336015,2008,2008-05-11,Rajasthan Royals,Delhi Capitals,Sawai Mansingh Stadium,Rajasthan Royals,SR Watson
336016,2008,2008-05-12,Punjab Kings,Royal Challengers Bengaluru,"Punjab Cricket Association Stadium, Mohali",Punjab Kings,SE Marsh
336017,2008,2008-05-13,Kolkata Knight Riders,Delhi Capitals,Eden Gardens,Kolkata Knight Riders,Shoaib Akhtar
336018,2008,2008-05-14,Mumbai Indians,Chennai Super Kings,Wankhede Stadium,Mumbai Indians,ST Jayasuriya
336020,2008,2008-05-15,Delhi Capitals,Deccan Chargers,Feroz Shah Kotla,Delhi Capitals,A Mishra
336021,2008,2008-05-16,Mumbai Indians,Kolkata Knight Riders,Wankhede Stadium,Mumbai Indians,SM Pollock
336022,2008,2008-05-17,Delhi Capitals,Punjab Kings,Feroz Shah Kotla,Punjab Kings,DPMD Jayawardene
336023,2008,2008-05-17,Rajasthan Royals,Royal Challengers Bengaluru,Sawai Mansingh Stadium,Rajasthan Royals,GC Smith
336025,2008,2008-05-18,Kolkata Knight Riders,Chennai Super Kings,Eden Gardens,Chennai Super Kings,M Ntini
336024,2008,2008-05-18,Deccan Chargers,Mumbai Indians,"Rajiv Gandhi International Stadium, Uppal",Mumbai Indians,DJ Bravo
336026,2008,2008-05-19,Royal Challengers Bengaluru,Delhi Capitals,M Chinnaswamy Stadium,Delhi Capitals,SP Goswami
336027,2008,2008-05-20,Kolkata Knight Riders,Rajasthan Royals,Eden Gardens,Rajasthan Royals,YK Pathan
336028,2008,2008-05-21,Mumbai Indians,Punjab Kings,Wankhede Stadium,Punjab Kings,SE Marsh
336029,2008,2008-05-21,Chennai Super Kings,Royal Challengers Bengaluru,"MA Chidambaram Stadium, Chepauk",Royal Challengers Bengaluru,A Kumble
336031,2008,2008-05-23,Punjab Kings,Deccan Chargers,"Punjab Cricket Association Stadium, Mohali",Punjab Kings,SE Marsh
336032,2008,2008-05-24,Delhi Capitals,Mumbai Indians,Feroz Shah Kotla,Delhi Capitals,KD Karthik
336033,2008,2008-05-24,Chennai Super Kings,Rajasthan Royals,"MA Chidambaram Stadium, Chepauk",Rajasthan Royals,JA Morkel
336035,2008,2008-05-25,Kolkata Knight Riders,Punjab Kings,Eden Gardens,Kolkata Knight Riders,Umar Gul
336002,2008,2008-05-25,Deccan Chargers,Royal Challengers Bengaluru,"Rajiv Gandhi International Stadium, Uppal",Royal Challengers Bengaluru,R Vinay Kumar
336036,2008,2008-05-26,Rajasthan Royals,Mumbai Indians,Sawai Mansingh Stadium,Rajasthan Royals,Sohail Tanvir
336037,2008,2008-05-27,Deccan Chargers,Chennai Super Kings,"Rajiv Gandhi International Stadium, Uppal",Chennai Super Kings,SK Raina
336019,2008,2008-05-28,Punjab Kings,Rajasthan Royals,"Punjab Cricket Association Stadium, Mohali",Punjab Kings,SE Marsh
336012,2008,2008-05-28,Royal Challengers Bengaluru,Mumbai Indians,M Chinnaswamy Stadium,Mumbai Indians,CRD Fernando
336038,2008,2008-05-30,Delhi Capitals,Rajasthan Royals,Wankhede Stadium,Rajasthan Royals,SR Watson
336039,2008,2008-05-31,Chennai Super Kings,Punjab Kings,Wankhede Stadium,Chennai Super Kings,M Ntini
336040,2008,2008-06-01,Chennai Super Kings,Rajasthan Royals,Dr DY Patil Sports Academy,Rajasthan Royals,YK Pathan
392182,2009,2009-04-18,Royal Challengers Bengaluru,Rajasthan Royals,Newlands,Royal Challengers Bengaluru,R Dravid
392181,2009,2009-04-18,Chennai Super Kings,Mumbai Indians,Newlands,Mumbai Indians,SR Tendulkar
392184,2009,2009-04-19,Deccan Chargers,Kolkata Knight Riders,Newlands,Deccan Chargers,RP Singh
392183,2009,2009-04-19,Delhi Capitals,Punjab Kings,Newlands,Delhi Capitals,DL Vettori
392185,2009,2009-04-20,Royal Challengers Bengaluru,Chennai Super Kings,St George's Park,Chennai Super Kings,M Muralitharan
392186,2009,2009-04-21,Punjab Kings,Kolkata Knight Riders,Kingsmead,Kolkata Knight Riders,CH Gayle
392188,2009,2009-04-22,Royal Challengers Bengaluru,Deccan Chargers,Newlands,Deccan Chargers,AC Gilchrist
392190,2009,2009-04-23,Kolkata Knight Riders,Rajasthan Royals,Newlands,No Result,YK Pathan
392189,2009,2009-04-23,Chennai Super Kings,Delhi Capitals,Kingsmead,Delhi Capitals,AB de Villiers
392191,2009,2009-04-24,Royal Challengers Bengaluru,Punjab Kings,Kingsmead,Punjab Kings,RS Bopara
392192,2009,2009-04-25,Deccan Chargers,Mumbai Indians,Kingsmead,Deccan Chargers,PP Ojha
392194,2009,2009-04-26,Royal Challengers Bengaluru,Delhi Capitals,St George's Park,Delhi Capitals,TM Dilshan
392195,2009,2009-04-26,Punjab Kings,Rajasthan Royals,Newlands,Punjab Kings,KC Sangakkara
392196,2009,2009-04-27,Chennai Super Kings,Deccan Chargers,Kingsmead,Deccan Chargers,HH Gibbs
392197,2009,2009-04-27,Kolkata Knight Riders,Mumbai Indians,St George's Park,Mumbai Indians,SR Tendulkar
392198,2009,2009-04-28,Delhi Capitals,Rajasthan Royals,SuperSport Park,Rajasthan Royals,YK Pathan
392200,2009,2009-04-29,Punjab Kings,Mumbai Indians,Kingsmead,Punjab Kings,KC Sangakkara
392199,2009,2009-04-29,Royal Challengers Bengaluru,Kolkata Knight Riders,Kingsmead,Royal Challengers Bengaluru,MV Boucher
392201,2009,2009-04-30,Deccan Chargers,Delhi Capitals,SuperSport Park,Delhi Capitals,DP Nannes
392202,2009,2009-04-30,Chennai Super Kings,Rajasthan Royals,SuperSport Park,Chennai Super Kings,SK Raina
392203,2009,2009-05-01,Kolkata Knight Riders,Mumbai Indians,Buffalo Park,Mumbai Indians,JP Duminy
392204,2009,2009-05-01,Royal Challengers Bengaluru,Punjab Kings,Kingsmead,Royal Challengers Bengaluru,Yuvraj Singh
392205,2009,2009-05-02,Deccan Chargers,Rajasthan Royals,St George's Park,Rajasthan Royals,YK Pathan
392206,2009,2009-05-02,Chennai Super Kings,Delhi Capitals,New Wanderers Stadium,Chennai Super Kings,SB Jakati
392208,2009,2009-05-03,Royal Challengers Bengaluru,Mumbai Indians,New Wanderers Stadium,Royal Challengers Bengaluru,JH Kallis
392207,2009,2009-05-03,Punjab Kings,Kolkata Knight Riders,St George's Park,Punjab Kings,DPMD Jayawardene
392209,2009,2009-05-04,Chennai Super Kings,Deccan Chargers,Buffalo Park,Chennai Super Kings,MS Dhoni
392210,2009,2009-05-05,Punjab Kings,Rajasthan Royals,Kingsmead,Rajasthan Royals,GC Smith
392211,2009,2009-05-05,Delhi Capitals,Kolkata Knight Riders,Kingsmead,Delhi Capitals,G Gambhir
392212,2009,2009-05-06,Deccan Chargers,Mumbai Indians,SuperSport Park,Deccan Chargers,RG Sharma
392213,2009,2009-05-07,Royal Challengers Bengaluru,Rajasthan Royals,SuperSport Park,Rajasthan Royals,A Singh
392214,2009,2009-05-07,Chennai Super Kings,Punjab Kings,SuperSport Park,Chennai Super Kings,ML Hayden
392215,2009,2009-05-08,Delhi Capitals,Mumbai Indians,Buffalo Park,Delhi Capitals,A Nehra
392216,2009,2009-05-09,Deccan Chargers,Punjab Kings,De Beers Diamond Oval,Punjab Kings,DPMD Jayawardene
392217,2009,2009-05-09,Chennai Super Kings,Rajasthan Royals,De Beers Diamond Oval,Chennai Super Kings,S Badrinath
392218,2009,2009-05-10,Royal Challengers Bengaluru,Mumbai Indians,St George's Park,Mumbai Indians,JP Duminy
392219,2009,2009-05-10,Delhi Capitals,Kolkata Knight Riders,New Wanderers Stadium,Delhi Capitals,A Mishra
392220,2009,2009-05-11,Deccan Chargers,Rajasthan Royals,De Beers Diamond Oval,Deccan Chargers,DR Smith
392222,2009,2009-05-12,Punjab Kings,Mumbai Indians,SuperSport Park,Mumbai Indians,Harbhajan Singh
392221,2009,2009-05-12,Royal Challengers Bengaluru,Kolkata Knight Riders,SuperSport Park,Royal Challengers Bengaluru,LRPL Taylor
392223,2009,2009-05-13,Deccan Chargers,Delhi Capitals,Kingsmead,Delhi Capitals,R Bhatia
392224,2009,2009-05-14,Royal Challengers Bengaluru,Chennai Super Kings,Kingsmead,Royal Challengers Bengaluru,LRPL Taylor
392225,2009,2009-05-14,Mumbai Indians,Rajasthan Royals,Kingsmead,Rajasthan Royals,SK Warne
392226,2009,2009-05-15,Delhi Capitals,Punjab Kings,OUTsurance Oval,Punjab Kings,B Lee
392227,2009,2009-05-16,Chennai Super Kings,Mumbai Indians,St George's Park,Chennai Super Kings,ML Hayden
392228,2009,2009-05-16,Deccan Chargers,Kolkata Knight Riders,New Wanderers Stadium,Deccan Chargers,RG Sharma
392229,2009,2009-05-17,Deccan Chargers,Punjab Kings,New Wanderers Stadium,Punjab Kings,Yuvraj Singh
392230,2009,2009-05-17,Delhi Capitals,Rajasthan Royals,OUTsurance Oval,Delhi Capitals,AB de Villiers
392231,2009,2009-05-18,Chennai Super Kings,Kolkata Knight Riders,SuperSport Park,Kolkata Knight Riders,BJ Hodge
392232,2009,2009-05-19,Royal Challengers Bengaluru,Delhi Capitals,New Wanderers Stadium,Royal Challengers Bengaluru,JH Kallis
392233,2009,2009-05-20,Kolkata Knight Riders,Rajasthan Royals,Kingsmead,Kolkata Knight Riders,LR Shukla
392234,2009,2009-05-20,Chennai Super Kings,Punjab Kings,Kingsmead,Chennai Super Kings,M Muralitharan
392236,2009,2009-05-21,Royal Challengers Bengaluru,Deccan Chargers,SuperSport Park,Royal Challengers Bengaluru,MK Pandey
392235,2009,2009-05-21,Delhi Capitals,Mumbai Indians,SuperSport Park,Delhi Capitals,V Sehwag
392237,2009,2009-05-22,Delhi Capitals,Deccan Chargers,SuperSport Park,Deccan Chargers,AC Gilchrist
392238,2009,2009-05-23,Royal Challengers Bengaluru,Chennai Super Kings,New Wanderers Stadium,Royal Challengers Bengaluru,MK Pandey
392239,2009,2009-05-24,Royal Challengers Bengaluru,Deccan Chargers,New Wanderers Stadium,Deccan Chargers,A Kumble
419106,2010,2010-03-12,Deccan Chargers,Kolkata Knight Riders,Dr DY Patil Sports Academy,Kolkata Knight Riders,AD Mathews
419107,2010,2010-03-13,Mumbai Indians,Rajasthan Royals,Brabourne Stadium,Mumbai Indians,YK Pathan
419108,2010,2010-03-13,Punjab Kings,Delhi Capitals,"Punjab Cricket Association Stadium, Mohali",Delhi Capitals,G Gambhir
419109,2010,2010-03-14,Kolkata Knight Riders,Royal Challengers Bengaluru,Eden Gardens,Kolkata Knight Riders,MK Tiwary
419110,2010,2010-03-14,Chennai Super Kings,Deccan Chargers,"MA Chidambaram Stadium, Chepauk",Deccan Chargers,WPUJC Vaas
419111,2010,2010-03-15,Rajasthan Royals,Delhi Capitals,"Sardar Patel Stadium, Motera",Delhi Capitals,V Sehwag
419112,2010,2010-03-16,Royal Challengers Bengaluru,Punjab Kings,M Chinnaswamy Stadium,Royal Challengers Bengaluru,JH Kallis
419113,2010,2010-03-16,Kolkata Knight Riders,Chennai Super Kings,Eden Gardens,Chennai Super Kings,MS Dhoni
419114,2010,2010-03-17,Delhi Capitals,Mumbai Indians,Feroz Shah Kotla,Mumbai Indians,SR Tendulkar
419115,2010,2010-03-18,Royal Challengers Bengaluru,Rajasthan Royals,M Chinnaswamy Stadium,Royal Challengers Bengaluru,JH Kallis
419117,2010,2010-03-19,Deccan Chargers,Punjab Kings,Barabati Stadium,Deccan Chargers,A Symonds
419116,2010,2010-03-19,Delhi Capitals,Chennai Super Kings,Feroz Shah Kotla,Chennai Super Kings,ML Hayden
419118,2010,2010-03-20,Rajasthan Royals,Kolkata Knight Riders,"Sardar Patel Stadium, Motera",Rajasthan Royals,AA Jhunjhunwala
419119,2010,2010-03-20,Mumbai Indians,Royal Challengers Bengaluru,Brabourne Stadium,Royal Challengers Bengaluru,JH Kallis
419121,2010,2010-03-21,Chennai Super Kings,Punjab Kings,"MA Chidambaram Stadium, Chepauk",No Result,J Theron
419120,2010,2010-03-21,Deccan Chargers,Delhi Capitals,Barabati Stadium,Deccan Chargers,A Symonds
419122,2010,2010-03-22,Mumbai Indians,Kolkata Knight Riders,Brabourne Stadium,Mumbai Indians,SR Tendulkar
419123,2010,2010-03-23,Royal Challengers Bengaluru,Chennai Super Kings,M Chinnaswamy Stadium,Royal Challengers Bengaluru,RV Uthappa
419124,2010,2010-03-24,Punjab Kings,Rajasthan Royals,"Punjab Cricket Association Stadium, Mohali",Rajasthan Royals,AC Voges
419128,2010,2010-03-25,Royal Challengers Bengaluru,Delhi Capitals,M Chinnaswamy Stadium,Delhi Capitals,KM Jadhav
419125,2010,2010-03-25,Chennai Super Kings,Mumbai Indians,"Brabourne Stadium, Mumbai",Mumbai Indians,SR Tendulkar
419126,2010,2010-03-26,Rajasthan Royals,Deccan Chargers,"Sardar Patel Stadium, Motera",Rajasthan Royals,YK Pathan
419127,2010,2010-03-27,Punjab Kings,Kolkata Knight Riders,"Punjab Cricket Association Stadium, Mohali",Kolkata Knight Riders,MK Tiwary
419129,2010,2010-03-28,Rajasthan Royals,Chennai Super Kings,"Sardar Patel Stadium, Motera",Rajasthan Royals,NV Ojha
419130,2010,2010-03-28,Deccan Chargers,Mumbai Indians,Dr DY Patil Sports Academy,Mumbai Indians,Harbhajan Singh
419131,2010,2010-03-29,Delhi Capitals,Kolkata Knight Riders,Feroz Shah Kotla,Delhi Capitals,DA Warner
419132,2010,2010-03-30,Mumbai Indians,Punjab Kings,Brabourne Stadium,Mumbai Indians,SL Malinga
419133,2010,2010-03-31,Chennai Super Kings,Royal Challengers Bengaluru,"MA Chidambaram Stadium, Chepauk",Chennai Super Kings,M Vijay
419134,2010,2010-03-31,Delhi Capitals,Rajasthan Royals,Feroz Shah Kotla,Delhi Capitals,KD Karthik
419135,2010,2010-04-01,Kolkata Knight Riders,Deccan Chargers,Eden Gardens,Kolkata Knight Riders,SC Ganguly
419136,2010,2010-04-02,Punjab Kings,Royal Challengers Bengaluru,"Punjab Cricket Association Stadium, Mohali",Royal Challengers Bengaluru,KP Pietersen
419138,2010,2010-04-03,Mumbai Indians,Deccan Chargers,Brabourne Stadium,Mumbai Indians,AT Rayudu
419137,2010,2010-04-03,Chennai Super Kings,Rajasthan Royals,"MA Chidambaram Stadium, Chepauk",Chennai Super Kings,M Vijay
419139,2010,2010-04-04,Kolkata Knight Riders,Punjab Kings,Eden Gardens,Punjab Kings,DPMD Jayawardene
419140,2010,2010-04-04,Delhi Capitals,Royal Challengers Bengaluru,Feroz Shah Kotla,Delhi Capitals,PD Collingwood
419141,2010,2010-04-05,Deccan Chargers,Rajasthan Royals,"Vidarbha Cricket Association Stadium, Jamtha",Rajasthan Royals,SK Warne
419142,2010,2010-04-06,Chennai Super Kings,Mumbai Indians,"MA Chidambaram Stadium, Chepauk",Chennai Super Kings,SK Raina
419144,2010,2010-04-07,Kolkata Knight Riders,Delhi Capitals,Eden Gardens,Kolkata Knight Riders,SC Ganguly
419143,2010,2010-04-07,Rajasthan Royals,Punjab Kings,Sawai Mansingh Stadium,Rajasthan Royals,MJ Lumb
419145,2010,2010-04-08,Royal Challengers Bengaluru,Deccan Chargers,M Chinnaswamy Stadium,Deccan Chargers,TL Suman
419146,2010,2010-04-09,Punjab Kings,Mumbai Indians,"Punjab Cricket Association Stadium, Mohali",Punjab Kings,KC Sangakkara
419147,2010,2010-04-10,Deccan Chargers,Chennai Super Kings,"Vidarbha Cricket Association Stadium, Jamtha",Deccan Chargers,RJ Harris
419148,2010,2010-04-10,Royal Challengers Bengaluru,Kolkata Knight Riders,M Chinnaswamy Stadium,Royal Challengers Bengaluru,R Vinay Kumar
419149,2010,2010-04-11,Delhi Capitals,Punjab Kings,Feroz Shah Kotla,Punjab Kings,PP Chawla
419150,2010,2010-04-11,Rajasthan Royals,Mumbai Indians,Sawai Mansingh Stadium,Mumbai Indians,SR Tendulkar
419151,2010,2010-04-12,Deccan Chargers,Royal Challengers Bengaluru,"Vidarbha Cricket Association Stadium, Jamtha",Deccan Chargers,Harmeet Singh
419152,2010,2010-04-13,Mumbai Indians,Delhi Capitals,Brabourne Stadium,Mumbai Indians,KA Pollard
419153,2010,2010-04-13,Chennai Super Kings,Kolkata Knight Riders,"MA Chidambaram Stadium, Chepauk",Chennai Super Kings,R Ashwin
419154,2010,2010-04-14,Rajasthan Royals,Royal Challengers Bengaluru,Sawai Mansingh Stadium,Royal Challengers Bengaluru,KP Pietersen
419155,2010,2010-04-15,Chennai Super Kings,Delhi Capitals,"MA Chidambaram Stadium, Chepauk",Delhi Capitals,G Gambhir
419156,2010,2010-04-16,Punjab Kings,Deccan Chargers,Himachal Pradesh Cricket Association Stadium,Deccan Chargers,RG Sharma
419157,2010,2010-04-17,Royal Challengers Bengaluru,Mumbai Indians,M Chinnaswamy Stadium,Mumbai Indians,R McLaren
419158,2010,2010-04-17,Kolkata Knight Riders,Rajasthan Royals,Eden Gardens,Kolkata Knight Riders,JD Unadkat
419159,2010,2010-04-18,Punjab Kings,Chennai Super Kings,Himachal Pradesh Cricket Association Stadium,Chennai Super Kings,MS Dhoni
419160,2010,2010-04-18,Delhi Capitals,Deccan Chargers,Feroz Shah Kotla,Deccan Chargers,A Symonds
419161,2010,2010-04-19,Kolkata Knight Riders,Mumbai Indians,Eden Gardens,Kolkata Knight Riders,M Kartik
419162,2010,2010-04-21,Royal Challengers Bengaluru,Mumbai Indians,Dr DY Patil Sports Academy,Mumbai Indians,KA Pollard
419163,2010,2010-04-22,Chennai Super Kings,Deccan Chargers,Dr DY Patil Sports Academy,Chennai Super Kings,DE Bollinger
419164,2010,2010-04-24,Royal Challengers Bengaluru,Deccan Chargers,Dr DY Patil Sports Academy,Royal Challengers Bengaluru,A Kumble
419165,2010,2010-04-25,Chennai Super Kings,Mumbai Indians,Dr DY Patil Sports Academy,Chennai Super Kings,SK Raina
501198,2011,2011-04-08,Chennai Super Kings,Kolkata Knight Riders,"MA Chidambaram Stadium, Chepauk",Chennai Super Kings,S Anirudha
501199,2011,2011-04-09,Deccan Chargers,Rajasthan Royals,"Rajiv Gandhi International Stadium, Uppal",Rajasthan Royals,SK Trivedi
501200,2011,2011-04-09,Kochi Tuskers Kerala,Royal Challengers Bengaluru,Nehru Stadium,Royal Challengers Bengaluru,AB de Villiers
501201,2011,2011-04-10,Delhi Capitals,Mumbai Indians,Feroz Shah Kotla,Mumbai Indians,SL Malinga
501202,2011,2011-04-10,Pune Warriors,Punjab Kings,Dr DY Patil Sports Academy,Pune Warriors,SB Wagh
501203,2011,2011-04-11,Kolkata Knight Riders,Deccan Chargers,Eden Gardens,Kolkata Knight Riders,JH Kallis
501205,2011,2011-04-12,Royal Challengers Bengaluru,Mumbai Indians,M Chinnaswamy Stadium,Mumbai Indians,SR Tendulkar
501204,2011,2011-04-12,Rajasthan Royals,Delhi Capitals,Sawai Mansingh Stadium,Rajasthan Royals,SK Warne
501206,2011,2011-04-13,Punjab Kings,Chennai Super Kings,"Punjab Cricket Association Stadium, Mohali",Punjab Kings,PC Valthaty
501207,2011,2011-04-13,Pune Warriors,Kochi Tuskers Kerala,Dr DY Patil Sports Academy,Pune Warriors,MD Mishra
501208,2011,2011-04-14,Deccan Chargers,Royal Challengers Bengaluru,"Rajiv Gandhi International Stadium, Uppal",Deccan Chargers,DW Steyn
501209,2011,2011-04-15,Rajasthan Royals,Kolkata Knight Riders,Sawai Mansingh Stadium,Kolkata Knight Riders,G Gambhir
501210,2011,2011-04-15,Mumbai Indians,Kochi Tuskers Kerala,Wankhede Stadium,Kochi Tuskers Kerala,BB McCullum
501212,2011,2011-04-16,Deccan Chargers,Punjab Kings,"Rajiv Gandhi International Stadium, Uppal",Punjab Kings,PC Valthaty
501211,2011,2011-04-16,Chennai Super Kings,Royal Challengers Bengaluru,"MA Chidambaram Stadium, Chepauk",Chennai Super Kings,MEK Hussey
501213,2011,2011-04-17,Pune Warriors,Delhi Capitals,Dr DY Patil Sports Academy,Delhi Capitals,Yuvraj Singh
501214,2011,2011-04-17,Kolkata Knight Riders,Rajasthan Royals,Eden Gardens,Kolkata Knight Riders,L Balaji
501215,2011,2011-04-18,Kochi Tuskers Kerala,Chennai Super Kings,Nehru Stadium,Kochi Tuskers Kerala,BB McCullum
501216,2011,2011-04-19,Delhi Capitals,Deccan Chargers,Feroz Shah Kotla,Deccan Chargers,S Sohal
501218,2011,2011-04-20,Mumbai Indians,Pune Warriors,Wankhede Stadium,Mumbai Indians,MM Patel
501219,2011,2011-04-20,Kolkata Knight Riders,Kochi Tuskers Kerala,Eden Gardens,Kochi Tuskers Kerala,DPMD Jayawardene
501220,2011,2011-04-21,Punjab Kings,Rajasthan Royals,"Punjab Cricket Association Stadium, Mohali",Punjab Kings,SE Marsh
501221,2011,2011-04-22,Mumbai Indians,Chennai Super Kings,Wankhede Stadium,Mumbai Indians,Harbhajan Singh
501222,2011,2011-04-22,Kolkata Knight Riders,Royal Challengers Bengaluru,Eden Gardens,Royal Challengers Bengaluru,CH Gayle
501223,2011,2011-04-23,Delhi Capitals,Punjab Kings,Feroz Shah Kotla,Delhi Capitals,DA Warner
501225,2011,2011-04-24,Rajasthan Royals,Kochi Tuskers Kerala,Sawai Mansingh Stadium,Rajasthan Royals,SK Warne
501224,2011,2011-04-24,Deccan Chargers,Mumbai Indians,"Rajiv Gandhi International Stadium, Uppal",Mumbai Indians,SL Malinga
501226,2011,2011-04-25,Chennai Super Kings,Pune Warriors,"MA Chidambaram Stadium, Chepauk",Chennai Super Kings,MEK Hussey
501227,2011,2011-04-26,Delhi Capitals,Royal Challengers Bengaluru,Feroz Shah Kotla,Royal Challengers Bengaluru,V Kohli
501228,2011,2011-04-27,Pune Warriors,Chennai Super Kings,Dr DY Patil Sports Academy,Chennai Super Kings,DE Bollinger
501229,2011,2011-04-27,Kochi Tuskers Kerala,Deccan Chargers,Nehru Stadium,Deccan Chargers,I Sharma
501230,2011,2011-04-28,Delhi Capitals,Kolkata Knight Riders,Feroz Shah Kotla,Kolkata Knight Riders,MK Tiwary
501231,2011,2011-04-29,Rajasthan Royals,Mumbai Indians,Sawai Mansingh Stadium,Rajasthan Royals,J Botha
501232,2011,2011-04-29,Royal Challengers Bengaluru,Pune Warriors,M Chinnaswamy Stadium,Royal Challengers Bengaluru,V Kohli
501233,2011,2011-04-30,Kochi Tuskers Kerala,Delhi Capitals,Nehru Stadium,Delhi Capitals,V Sehwag
501234,2011,2011-04-30,Kolkata Knight Riders,Punjab Kings,Eden Gardens,Kolkata Knight Riders,Iqbal Abdulla
501236,2011,2011-05-01,Chennai Super Kings,Deccan Chargers,"MA Chidambaram Stadium, Chepauk",Chennai Super Kings,JA Morkel
501235,2011,2011-05-01,Rajasthan Royals,Pune Warriors,Sawai Mansingh Stadium,Rajasthan Royals,LRPL Taylor
501237,2011,2011-05-02,Mumbai Indians,Punjab Kings,Wankhede Stadium,Mumbai Indians,KA Pollard
501238,2011,2011-05-02,Delhi Capitals,Kochi Tuskers Kerala,Feroz Shah Kotla,Kochi Tuskers Kerala,P Parameswaran
501239,2011,2011-05-03,Deccan Chargers,Kolkata Knight Riders,"Rajiv Gandhi International Stadium, Uppal",Kolkata Knight Riders,YK Pathan
501241,2011,2011-05-04,Pune Warriors,Mumbai Indians,Dr DY Patil Sports Academy,Mumbai Indians,R Sharma
501240,2011,2011-05-04,Chennai Super Kings,Rajasthan Royals,"MA Chidambaram Stadium, Chepauk",Chennai Super Kings,MEK Hussey
501243,2011,2011-05-05,Deccan Chargers,Delhi Capitals,"Rajiv Gandhi International Stadium, Uppal",Delhi Capitals,V Sehwag
501242,2011,2011-05-05,Kochi Tuskers Kerala,Kolkata Knight Riders,Nehru Stadium,Kochi Tuskers Kerala,BJ Hodge
501244,2011,2011-05-06,Royal Challengers Bengaluru,Punjab Kings,M Chinnaswamy Stadium,Royal Challengers Bengaluru,CH Gayle
501246,2011,2011-05-07,Mumbai Indians,Delhi Capitals,Wankhede Stadium,Mumbai Indians,AT Rayudu
501245,2011,2011-05-07,Kolkata Knight Riders,Chennai Super Kings,Eden Gardens,Kolkata Knight Riders,Iqbal Abdulla
501247,2011,2011-05-08,Royal Challengers Bengaluru,Kochi Tuskers Kerala,M Chinnaswamy Stadium,Royal Challengers Bengaluru,CH Gayle
501248,2011,2011-05-08,Punjab Kings,Pune Warriors,"Punjab Cricket Association Stadium, Mohali",Pune Warriors,R Sharma
501249,2011,2011-05-09,Rajasthan Royals,Chennai Super Kings,Sawai Mansingh Stadium,Chennai Super Kings,M Vijay
501250,2011,2011-05-10,Deccan Chargers,Pune Warriors,"Rajiv Gandhi International Stadium, Uppal",Pune Warriors,MR Marsh
501251,2011,2011-05-10,Punjab Kings,Mumbai Indians,"Punjab Cricket Association Stadium, Mohali",Punjab Kings,BA Bhatt
501252,2011,2011-05-11,Rajasthan Royals,Royal Challengers Bengaluru,Sawai Mansingh Stadium,Royal Challengers Bengaluru,S Aravind
501253,2011,2011-05-12,Chennai Super Kings,Delhi Capitals,"MA Chidambaram Stadium, Chepauk",Chennai Super Kings,MS Dhoni
501254,2011,2011-05-13,Kochi Tuskers Kerala,Punjab Kings,Holkar Cricket Stadium,Punjab Kings,KD Karthik
501256,2011,2011-05-14,Mumbai Indians,Deccan Chargers,Wankhede Stadium,Deccan Chargers,A Mishra
501255,2011,2011-05-14,Royal Challengers Bengaluru,Kolkata Knight Riders,M Chinnaswamy Stadium,Royal Challengers Bengaluru,CH Gayle
501257,2011,2011-05-15,Punjab Kings,Delhi Capitals,Himachal Pradesh Cricket Association Stadium,Punjab Kings,PP Chawla
501258,2011,2011-05-15,Kochi Tuskers Kerala,Rajasthan Royals,Holkar Cricket Stadium,Kochi Tuskers Kerala,BJ Hodge
501259,2011,2011-05-16,Pune Warriors,Deccan Chargers,Dr DY Patil Sports Academy,Deccan Chargers,A Mishra
501260,2011,2011-05-17,Punjab Kings,Royal Challengers Bengaluru,Himachal Pradesh Cricket Association Stadium,Punjab Kings,AC Gilchrist
501261,2011,2011-05-18,Chennai Super Kings,Kochi Tuskers Kerala,"MA Chidambaram Stadium, Chepauk",Chennai Super Kings,WP Saha
501262,2011,2011-05-19,Pune Warriors,Kolkata Knight Riders,Dr DY Patil Sports Academy,Kolkata Knight Riders,YK Pathan
501263,2011,2011-05-20,Mumbai Indians,Rajasthan Royals,Wankhede Stadium,Rajasthan Royals,SR Watson
501265,2011,2011-05-21,Delhi Capitals,Pune Warriors,Feroz Shah Kotla,No Result,Unknown
501264,2011,2011-05-21,Punjab Kings,Deccan Chargers,Himachal Pradesh Cricket Association Stadium,Deccan Chargers,S Dhawan
501266,2011,2011-05-22,Royal Challengers Bengaluru,Chennai Super Kings,M Chinnaswamy Stadium,Royal Challengers Bengaluru,CH Gayle
501267,2011,2011-05-22,Kolkata Knight Riders,Mumbai Indians,Eden Gardens,Mumbai Indians,JEC Franklin
501268,2011,2011-05-24,Royal Challengers Bengaluru,Chennai Super Kings,Wankhede Stadium,Chennai Super Kings,SK Raina
501269,2011,2011-05-25,Mumbai Indians,Kolkata Knight Riders,Wankhede Stadium,Mumbai Indians,MM Patel
501270,2011,2011-05-27,Royal Challengers Bengaluru,Mumbai Indians,"MA Chidambaram Stadium, Chepauk",Royal Challengers Bengaluru,CH Gayle
501271,2011,2011-05-28,Chennai Super Kings,Royal Challengers Bengaluru,"MA Chidambaram Stadium, Chepauk",Chennai Super Kings,M Vijay
548306,2012,2012-04-04,Chennai Super Kings,Mumbai Indians,"MA Chidambaram Stadium, Chepauk",Mumbai Indians,RE Levi
548307,2012,2012-04-05,Kolkata Knight Riders,Delhi Capitals,Eden Gardens,Delhi Capitals,IK Pathan
548309,2012,2012-04-06,Rajasthan Royals,Punjab Kings,Sawai Mansingh Stadium,Rajasthan Royals,AM Rahane
548308,2012,2012-04-06,Mumbai Indians,Pune Warriors,Wankhede Stadium,Pune Warriors,SPD Smith
548311,2012,2012-04-07,Deccan Chargers,Chennai Super Kings,Dr. Y.S. Rajasekhara Reddy ACA-VDCA Cricket Stadium,Chennai Super Kings,RA Jadeja
548310,2012,2012-04-07,Royal Challengers Bengaluru,Delhi Capitals,M Chinnaswamy Stadium,Royal Challengers Bengaluru,AB de Villiers
548313,2012,2012-04-08,Pune Warriors,Punjab Kings,Subrata Roy Sahara Stadium,Pune Warriors,MN Samuels
548312,2012,2012-04-08,Rajasthan Royals,Kolkata Knight Riders,Sawai Mansingh Stadium,Rajasthan Royals,BJ Hodge
548314,2012,2012-04-09,Deccan Chargers,Mumbai Indians,Dr. Y.S. Rajasekhara Reddy ACA-VDCA Cricket Stadium,Mumbai Indians,RG Sharma
548316,2012,2012-04-10,Delhi Capitals,Chennai Super Kings,Feroz Shah Kotla,Delhi Capitals,M Morkel
548315,2012,2012-04-10,Royal Challengers Bengaluru,Kolkata Knight Riders,M Chinnaswamy Stadium,Kolkata Knight Riders,L Balaji
548317,2012,2012-04-11,Mumbai Indians,Rajasthan Royals,Wankhede Stadium,Mumbai Indians,KA Pollard
548319,2012,2012-04-12,Punjab Kings,Pune Warriors,"Punjab Cricket Association Stadium, Mohali",Punjab Kings,AD Mascarenhas
548318,2012,2012-04-12,Chennai Super Kings,Royal Challengers Bengaluru,"MA Chidambaram Stadium, Chepauk",Chennai Super Kings,F du Plessis
548320,2012,2012-04-13,Kolkata Knight Riders,Rajasthan Royals,Eden Gardens,Kolkata Knight Riders,Shakib Al Hasan
548322,2012,2012-04-14,Pune Warriors,Chennai Super Kings,Subrata Roy Sahara Stadium,Pune Warriors,JD Ryder
548323,2012,2012-04-15,Kolkata Knight Riders,Punjab Kings,Eden Gardens,Punjab Kings,SP Narine
548324,2012,2012-04-15,Royal Challengers Bengaluru,Rajasthan Royals,M Chinnaswamy Stadium,Rajasthan Royals,AM Rahane
548325,2012,2012-04-16,Mumbai Indians,Delhi Capitals,Wankhede Stadium,Delhi Capitals,S Nadeem
548326,2012,2012-04-17,Rajasthan Royals,Deccan Chargers,Sawai Mansingh Stadium,Rajasthan Royals,BJ Hodge
548327,2012,2012-04-17,Royal Challengers Bengaluru,Pune Warriors,M Chinnaswamy Stadium,Royal Challengers Bengaluru,CH Gayle
548328,2012,2012-04-18,Punjab Kings,Kolkata Knight Riders,"Punjab Cricket Association Stadium, Mohali",Kolkata Knight Riders,G Gambhir
548321,2012,2012-04-19,Delhi Capitals,Deccan Chargers,Feroz Shah Kotla,Delhi Capitals,KP Pietersen
548330,2012,2012-04-19,Chennai Super Kings,Pune Warriors,"MA Chidambaram Stadium, Chepauk",Chennai Super Kings,KMDN Kulasekara
548331,2012,2012-04-20,Punjab Kings,Royal Challengers Bengaluru,"Punjab Cricket Association Stadium, Mohali",Royal Challengers Bengaluru,CH Gayle
548332,2012,2012-04-21,Chennai Super Kings,Rajasthan Royals,"MA Chidambaram Stadium, Chepauk",Chennai Super Kings,F du Plessis
548333,2012,2012-04-21,Delhi Capitals,Pune Warriors,Feroz Shah Kotla,Pune Warriors,SC Ganguly
548334,2012,2012-04-22,Mumbai Indians,Punjab Kings,Wankhede Stadium,Punjab Kings,SE Marsh
548335,2012,2012-04-22,Deccan Chargers,Kolkata Knight Riders,Barabati Stadium,Kolkata Knight Riders,B Lee
548336,2012,2012-04-23,Rajasthan Royals,Royal Challengers Bengaluru,Sawai Mansingh Stadium,Royal Challengers Bengaluru,AB de Villiers
548337,2012,2012-04-24,Pune Warriors,Delhi Capitals,Subrata Roy Sahara Stadium,Delhi Capitals,V Sehwag
548339,2012,2012-04-25,Punjab Kings,Mumbai Indians,"Punjab Cricket Association Stadium, Mohali",Mumbai Indians,AT Rayudu
548341,2012,2012-04-26,Pune Warriors,Deccan Chargers,Subrata Roy Sahara Stadium,Deccan Chargers,CL White
548342,2012,2012-04-27,Delhi Capitals,Mumbai Indians,Feroz Shah Kotla,Delhi Capitals,V Sehwag
548343,2012,2012-04-28,Chennai Super Kings,Punjab Kings,"MA Chidambaram Stadium, Chepauk",Punjab Kings,Mandeep Singh
548344,2012,2012-04-28,Kolkata Knight Riders,Royal Challengers Bengaluru,Eden Gardens,Kolkata Knight Riders,G Gambhir
548345,2012,2012-04-29,Delhi Capitals,Rajasthan Royals,Feroz Shah Kotla,Delhi Capitals,V Sehwag
548346,2012,2012-04-29,Mumbai Indians,Deccan Chargers,Wankhede Stadium,Mumbai Indians,DW Steyn
548347,2012,2012-04-30,Chennai Super Kings,Kolkata Knight Riders,"MA Chidambaram Stadium, Chepauk",Kolkata Knight Riders,G Gambhir
548348,2012,2012-05-01,Deccan Chargers,Pune Warriors,Barabati Stadium,Deccan Chargers,KC Sangakkara
548349,2012,2012-05-01,Rajasthan Royals,Delhi Capitals,Sawai Mansingh Stadium,Delhi Capitals,P Negi
548350,2012,2012-05-02,Royal Challengers Bengaluru,Punjab Kings,M Chinnaswamy Stadium,Punjab Kings,Azhar Mahmood
548351,2012,2012-05-03,Pune Warriors,Mumbai Indians,Subrata Roy Sahara Stadium,Mumbai Indians,SL Malinga
548352,2012,2012-05-04,Chennai Super Kings,Deccan Chargers,"MA Chidambaram Stadium, Chepauk",Chennai Super Kings,SK Raina
548353,2012,2012-05-05,Kolkata Knight Riders,Pune Warriors,Eden Gardens,Kolkata Knight Riders,SP Narine
548354,2012,2012-05-05,Punjab Kings,Rajasthan Royals,"Punjab Cricket Association Stadium, Mohali",Rajasthan Royals,SR Watson
548355,2012,2012-05-06,Mumbai Indians,Chennai Super Kings,Wankhede Stadium,Mumbai Indians,DR Smith
548356,2012,2012-05-06,Royal Challengers Bengaluru,Deccan Chargers,M Chinnaswamy Stadium,Royal Challengers Bengaluru,AB de Villiers
548357,2012,2012-05-07,Delhi Capitals,Kolkata Knight Riders,Feroz Shah Kotla,Kolkata Knight Riders,JH Kallis
548358,2012,2012-05-08,Pune Warriors,Rajasthan Royals,Subrata Roy Sahara Stadium,Rajasthan Royals,SR Watson
548359,2012,2012-05-08,Deccan Chargers,Punjab Kings,"Rajiv Gandhi International Stadium, Uppal",Punjab Kings,Mandeep Singh
548360,2012,2012-05-09,Mumbai Indians,Royal Challengers Bengaluru,Wankhede Stadium,Royal Challengers Bengaluru,CH Gayle
548361,2012,2012-05-10,Rajasthan Royals,Chennai Super Kings,Sawai Mansingh Stadium,Chennai Super Kings,BW Hilfenhaus
548329,2012,2012-05-10,Deccan Chargers,Delhi Capitals,"Rajiv Gandhi International Stadium, Uppal",Delhi Capitals,DA Warner
548362,2012,2012-05-11,Pune Warriors,Royal Challengers Bengaluru,Subrata Roy Sahara Stadium,Royal Challengers Bengaluru,CH Gayle
548363,2012,2012-05-12,Kolkata Knight Riders,Mumbai Indians,Eden Gardens,Mumbai Indians,RG Sharma
548364,2012,2012-05-12,Chennai Super Kings,Delhi Capitals,"MA Chidambaram Stadium, Chepauk",Chennai Super Kings,BW Hilfenhaus
548365,2012,2012-05-13,Rajasthan Royals,Pune Warriors,Sawai Mansingh Stadium,Rajasthan Royals,A Chandila
548366,2012,2012-05-13,Punjab Kings,Deccan Chargers,"Punjab Cricket Association Stadium, Mohali",Punjab Kings,DJ Hussey
548368,2012,2012-05-14,Kolkata Knight Riders,Chennai Super Kings,Eden Gardens,Chennai Super Kings,MEK Hussey
548367,2012,2012-05-14,Royal Challengers Bengaluru,Mumbai Indians,M Chinnaswamy Stadium,Mumbai Indians,AT Rayudu
548369,2012,2012-05-15,Delhi Capitals,Punjab Kings,Feroz Shah Kotla,Delhi Capitals,UT Yadav
548370,2012,2012-05-16,Mumbai Indians,Kolkata Knight Riders,Wankhede Stadium,Kolkata Knight Riders,SP Narine
548372,2012,2012-05-17,Delhi Capitals,Royal Challengers Bengaluru,Feroz Shah Kotla,Royal Challengers Bengaluru,CH Gayle
548371,2012,2012-05-17,Punjab Kings,Chennai Super Kings,Himachal Pradesh Cricket Association Stadium,Punjab Kings,AC Gilchrist
548373,2012,2012-05-18,Deccan Chargers,Rajasthan Royals,"Rajiv Gandhi International Stadium, Uppal",Deccan Chargers,DW Steyn
548374,2012,2012-05-19,Punjab Kings,Delhi Capitals,Himachal Pradesh Cricket Association Stadium,Delhi Capitals,UT Yadav
548375,2012,2012-05-19,Pune Warriors,Kolkata Knight Riders,Subrata Roy Sahara Stadium,Kolkata Knight Riders,Shakib Al Hasan
548377,2012,2012-05-20,Rajasthan Royals,Mumbai Indians,Sawai Mansingh Stadium,Mumbai Indians,DR Smith
548376,2012,2012-05-20,Deccan Chargers,Royal Challengers Bengaluru,"Rajiv Gandhi International Stadium, Uppal",Deccan Chargers,DW Steyn
548378,2012,2012-05-22,Delhi Capitals,Kolkata Knight Riders,Subrata Roy Sahara Stadium,Kolkata Knight Riders,YK Pathan
548379,2012,2012-05-23,Chennai Super Kings,Mumbai Indians,M Chinnaswamy Stadium,Chennai Super Kings,MS Dhoni
548380,2012,2012-05-25,Delhi Capitals,Chennai Super Kings,"MA Chidambaram Stadium, Chepauk",Chennai Super Kings,M Vijay
548381,2012,2012-05-27,Kolkata Knight Riders,Chennai Super Kings,"MA Chidambaram Stadium, Chepauk",Kolkata Knight Riders,MS Bisla
597998,2013,2013-04-03,Kolkata Knight Riders,Delhi Capitals,Eden Gardens,Kolkata Knight Riders,SP Narine
597999,2013,2013-04-04,Royal Challengers Bengaluru,Mumbai Indians,M Chinnaswamy Stadium,Royal Challengers Bengaluru,CH Gayle
598000,2013,2013-04-05,Sunrisers Hyderabad,Pune Warriors,"Rajiv Gandhi International Stadium, Uppal",Sunrisers Hyderabad,A Mishra
598001,2013,2013-04-06,Delhi Capitals,Rajasthan Royals,Feroz Shah Kotla,Rajasthan Royals,R Dravid
598002,2013,2013-04-06,Chennai Super Kings,Mumbai Indians,"MA Chidambaram Stadium, Chepauk",Mumbai Indians,KA Pollard
598003,2013,2013-04-07,Pune Warriors,Punjab Kings,Subrata Roy Sahara Stadium,Punjab Kings,M Vohra
598004,2013,2013-04-07,Sunrisers Hyderabad,Royal Challengers Bengaluru,"Rajiv Gandhi International Stadium, Uppal",No Result,GH Vihari
598005,2013,2013-04-08,Rajasthan Royals,Kolkata Knight Riders,Sawai Mansingh Stadium,Rajasthan Royals,SK Trivedi
598006,2013,2013-04-09,Mumbai Indians,Delhi Capitals,Wankhede Stadium,Mumbai Indians,KD Karthik
598048,2013,2013-04-09,Royal Challengers Bengaluru,Sunrisers Hyderabad,M Chinnaswamy Stadium,Royal Challengers Bengaluru,V Kohli
598007,2013,2013-04-10,Punjab Kings,Chennai Super Kings,"Punjab Cricket Association Stadium, Mohali",Chennai Super Kings,MEK Hussey
598008,2013,2013-04-11,Royal Challengers Bengaluru,Kolkata Knight Riders,M Chinnaswamy Stadium,Royal Challengers Bengaluru,CH Gayle
598009,2013,2013-04-11,Pune Warriors,Rajasthan Royals,Subrata Roy Sahara Stadium,Pune Warriors,AJ Finch
598010,2013,2013-04-12,Delhi Capitals,Sunrisers Hyderabad,Feroz Shah Kotla,Sunrisers Hyderabad,A Mishra
598012,2013,2013-04-13,Chennai Super Kings,Royal Challengers Bengaluru,"MA Chidambaram Stadium, Chepauk",Chennai Super Kings,RA Jadeja
598011,2013,2013-04-13,Mumbai Indians,Pune Warriors,Wankhede Stadium,Mumbai Indians,RG Sharma
598013,2013,2013-04-14,Kolkata Knight Riders,Sunrisers Hyderabad,Eden Gardens,Kolkata Knight Riders,G Gambhir
598014,2013,2013-04-14,Rajasthan Royals,Punjab Kings,Sawai Mansingh Stadium,Rajasthan Royals,JP Faulkner
598015,2013,2013-04-15,Chennai Super Kings,Pune Warriors,"MA Chidambaram Stadium, Chepauk",Pune Warriors,SPD Smith
598016,2013,2013-04-16,Punjab Kings,Kolkata Knight Riders,"Punjab Cricket Association Stadium, Mohali",Punjab Kings,MS Gony
598017,2013,2013-04-16,Royal Challengers Bengaluru,Delhi Capitals,M Chinnaswamy Stadium,No Result,V Kohli
598018,2013,2013-04-17,Pune Warriors,Sunrisers Hyderabad,Maharashtra Cricket Association Stadium,Sunrisers Hyderabad,A Mishra
598019,2013,2013-04-17,Rajasthan Royals,Mumbai Indians,Sawai Mansingh Stadium,Rajasthan Royals,AM Rahane
598020,2013,2013-04-18,Delhi Capitals,Chennai Super Kings,Feroz Shah Kotla,Chennai Super Kings,MEK Hussey
598021,2013,2013-04-19,Sunrisers Hyderabad,Punjab Kings,"Rajiv Gandhi International Stadium, Uppal",Sunrisers Hyderabad,GH Vihari
598022,2013,2013-04-20,Kolkata Knight Riders,Chennai Super Kings,Eden Gardens,Chennai Super Kings,RA Jadeja
598023,2013,2013-04-20,Royal Challengers Bengaluru,Rajasthan Royals,M Chinnaswamy Stadium,Royal Challengers Bengaluru,R Vinay Kumar
598025,2013,2013-04-21,Punjab Kings,Pune Warriors,"Punjab Cricket Association Stadium, Mohali",Punjab Kings,DA Miller
598024,2013,2013-04-21,Delhi Capitals,Mumbai Indians,Feroz Shah Kotla,Delhi Capitals,V Sehwag
598026,2013,2013-04-22,Chennai Super Kings,Rajasthan Royals,"MA Chidambaram Stadium, Chepauk",Chennai Super Kings,MEK Hussey
598059,2013,2013-04-23,Delhi Capitals,Punjab Kings,Feroz Shah Kotla,Punjab Kings,Harmeet Singh
598027,2013,2013-04-23,Royal Challengers Bengaluru,Pune Warriors,M Chinnaswamy Stadium,Royal Challengers Bengaluru,CH Gayle
598029,2013,2013-04-24,Kolkata Knight Riders,Mumbai Indians,Eden Gardens,Mumbai Indians,DR Smith
598030,2013,2013-04-25,Chennai Super Kings,Sunrisers Hyderabad,"MA Chidambaram Stadium, Chepauk",Chennai Super Kings,MS Dhoni
598031,2013,2013-04-26,Kolkata Knight Riders,Punjab Kings,Eden Gardens,Kolkata Knight Riders,JH Kallis
598032,2013,2013-04-27,Rajasthan Royals,Sunrisers Hyderabad,Sawai Mansingh Stadium,Rajasthan Royals,JP Faulkner
598033,2013,2013-04-27,Mumbai Indians,Royal Challengers Bengaluru,Wankhede Stadium,Mumbai Indians,DR Smith
598035,2013,2013-04-28,Delhi Capitals,Pune Warriors,Shaheed Veer Narayan Singh International Stadium,Delhi Capitals,DA Warner
598034,2013,2013-04-28,Chennai Super Kings,Kolkata Knight Riders,"MA Chidambaram Stadium, Chepauk",Chennai Super Kings,MEK Hussey
598036,2013,2013-04-29,Rajasthan Royals,Royal Challengers Bengaluru,Sawai Mansingh Stadium,Rajasthan Royals,SV Samson
598037,2013,2013-04-29,Mumbai Indians,Punjab Kings,Wankhede Stadium,Mumbai Indians,RG Sharma
598038,2013,2013-04-30,Pune Warriors,Chennai Super Kings,Subrata Roy Sahara Stadium,Chennai Super Kings,MS Dhoni
598039,2013,2013-05-01,Sunrisers Hyderabad,Mumbai Indians,"Rajiv Gandhi International Stadium, Uppal",Sunrisers Hyderabad,I Sharma
598040,2013,2013-05-01,Delhi Capitals,Kolkata Knight Riders,Shaheed Veer Narayan Singh International Stadium,Delhi Capitals,DA Warner
598041,2013,2013-05-02,Chennai Super Kings,Punjab Kings,"MA Chidambaram Stadium, Chepauk",Chennai Super Kings,SK Raina
598042,2013,2013-05-02,Pune Warriors,Royal Challengers Bengaluru,Subrata Roy Sahara Stadium,Royal Challengers Bengaluru,AB de Villiers
598043,2013,2013-05-03,Kolkata Knight Riders,Rajasthan Royals,Eden Gardens,Kolkata Knight Riders,YK Pathan
598044,2013,2013-05-04,Sunrisers Hyderabad,Delhi Capitals,"Rajiv Gandhi International Stadium, Uppal",Sunrisers Hyderabad,DJG Sammy
598046,2013,2013-05-05,Mumbai Indians,Chennai Super Kings,Wankhede Stadium,Mumbai Indians,MG Johnson
598047,2013,2013-05-05,Rajasthan Royals,Pune Warriors,Sawai Mansingh Stadium,Rajasthan Royals,AM Rahane
598064,2013,2013-05-06,Punjab Kings,Royal Challengers Bengaluru,"Punjab Cricket Association Stadium, Mohali",Punjab Kings,DA Miller
598049,2013,2013-05-07,Rajasthan Royals,Delhi Capitals,Sawai Mansingh Stadium,Rajasthan Royals,AM Rahane
598050,2013,2013-05-07,Mumbai Indians,Kolkata Knight Riders,Wankhede Stadium,Mumbai Indians,SR Tendulkar
598051,2013,2013-05-08,Sunrisers Hyderabad,Chennai Super Kings,"Rajiv Gandhi International Stadium, Uppal",Chennai Super Kings,SK Raina
598052,2013,2013-05-09,Punjab Kings,Rajasthan Royals,"Punjab Cricket Association Stadium, Mohali",Rajasthan Royals,KK Cooper
598053,2013,2013-05-09,Pune Warriors,Kolkata Knight Riders,Subrata Roy Sahara Stadium,Kolkata Knight Riders,G Gambhir
598054,2013,2013-05-10,Delhi Capitals,Royal Challengers Bengaluru,Feroz Shah Kotla,Royal Challengers Bengaluru,JD Unadkat
598055,2013,2013-05-11,Pune Warriors,Mumbai Indians,Subrata Roy Sahara Stadium,Mumbai Indians,MG Johnson
598056,2013,2013-05-11,Punjab Kings,Sunrisers Hyderabad,"Punjab Cricket Association Stadium, Mohali",Sunrisers Hyderabad,PA Patel
598057,2013,2013-05-12,Kolkata Knight Riders,Royal Challengers Bengaluru,JSCA International Stadium Complex,Kolkata Knight Riders,JH Kallis
598058,2013,2013-05-12,Rajasthan Royals,Chennai Super Kings,Sawai Mansingh Stadium,Rajasthan Royals,SR Watson
598060,2013,2013-05-13,Mumbai Indians,Sunrisers Hyderabad,Wankhede Stadium,Mumbai Indians,KA Pollard
598045,2013,2013-05-14,Royal Challengers Bengaluru,Punjab Kings,M Chinnaswamy Stadium,Punjab Kings,AC Gilchrist
598062,2013,2013-05-14,Chennai Super Kings,Delhi Capitals,"MA Chidambaram Stadium, Chepauk",Chennai Super Kings,MS Dhoni
598063,2013,2013-05-15,Mumbai Indians,Rajasthan Royals,Wankhede Stadium,Mumbai Indians,AP Tare
598061,2013,2013-05-15,Kolkata Knight Riders,Pune Warriors,JSCA International Stadium Complex,Pune Warriors,MK Pandey
598028,2013,2013-05-16,Punjab Kings,Delhi Capitals,Himachal Pradesh Cricket Association Stadium,Punjab Kings,DA Miller
598065,2013,2013-05-17,Sunrisers Hyderabad,Rajasthan Royals,"Rajiv Gandhi International Stadium, Uppal",Sunrisers Hyderabad,A Mishra
598066,2013,2013-05-18,Punjab Kings,Mumbai Indians,Himachal Pradesh Cricket Association Stadium,Punjab Kings,Azhar Mahmood
598068,2013,2013-05-18,Royal Challengers Bengaluru,Chennai Super Kings,M Chinnaswamy Stadium,Royal Challengers Bengaluru,V Kohli
598067,2013,2013-05-19,Pune Warriors,Delhi Capitals,Subrata Roy Sahara Stadium,Pune Warriors,LJ Wright
598069,2013,2013-05-19,Sunrisers Hyderabad,Kolkata Knight Riders,"Rajiv Gandhi International Stadium, Uppal",Sunrisers Hyderabad,PA Patel
598070,2013,2013-05-21,Chennai Super Kings,Mumbai Indians,Feroz Shah Kotla,Chennai Super Kings,MEK Hussey
598071,2013,2013-05-22,Rajasthan Royals,Sunrisers Hyderabad,Feroz Shah Kotla,Rajasthan Royals,BJ Hodge
598072,2013,2013-05-24,Mumbai Indians,Rajasthan Royals,Eden Gardens,Mumbai Indians,Harbhajan Singh
598073,2013,2013-05-26,Chennai Super Kings,Mumbai Indians,Eden Gardens,Mumbai Indians,KA Pollard
729279,2014,2014-04-16,Mumbai Indians,Kolkata Knight Riders,Sheikh Zayed Stadium,Kolkata Knight Riders,JH Kallis
729281,2014,2014-04-17,Delhi Capitals,Royal Challengers Bengaluru,Sharjah Cricket Stadium,Royal Challengers Bengaluru,YS Chahal
729285,2014,2014-04-18,Sunrisers Hyderabad,Rajasthan Royals,Sheikh Zayed Stadium,Rajasthan Royals,AM Rahane
729283,2014,2014-04-18,Chennai Super Kings,Punjab Kings,Sheikh Zayed Stadium,Punjab Kings,GJ Maxwell
729287,2014,2014-04-19,Royal Challengers Bengaluru,Mumbai Indians,Dubai International Cricket Stadium,Royal Challengers Bengaluru,PA Patel
729289,2014,2014-04-19,Kolkata Knight Riders,Delhi Capitals,Dubai International Cricket Stadium,Delhi Capitals,JP Duminy
729291,2014,2014-04-20,Rajasthan Royals,Punjab Kings,Sharjah Cricket Stadium,Punjab Kings,GJ Maxwell
729293,2014,2014-04-21,Chennai Super Kings,Delhi Capitals,Sheikh Zayed Stadium,Chennai Super Kings,SK Raina
729295,2014,2014-04-22,Punjab Kings,Sunrisers Hyderabad,Sharjah Cricket Stadium,Punjab Kings,GJ Maxwell
729297,2014,2014-04-23,Rajasthan Royals,Chennai Super Kings,Dubai International Cricket Stadium,Chennai Super Kings,RA Jadeja
729299,2014,2014-04-24,Royal Challengers Bengaluru,Kolkata Knight Riders,Sharjah Cricket Stadium,Kolkata Knight Riders,CA Lynn
729301,2014,2014-04-25,Sunrisers Hyderabad,Delhi Capitals,Dubai International Cricket Stadium,Sunrisers Hyderabad,AJ Finch
729303,2014,2014-04-25,Chennai Super Kings,Mumbai Indians,Dubai International Cricket Stadium,Chennai Super Kings,MM Sharma
729305,2014,2014-04-26,Rajasthan Royals,Royal Challengers Bengaluru,Sheikh Zayed Stadium,Rajasthan Royals,PV Tambe
729307,2014,2014-04-26,Kolkata Knight Riders,Punjab Kings,Sheikh Zayed Stadium,Punjab Kings,Sandeep Sharma
729309,2014,2014-04-27,Delhi Capitals,Mumbai Indians,Sharjah Cricket Stadium,Delhi Capitals,M Vijay
729311,2014,2014-04-27,Sunrisers Hyderabad,Chennai Super Kings,Sharjah Cricket Stadium,Chennai Super Kings,DR Smith
729313,2014,2014-04-28,Punjab Kings,Royal Challengers Bengaluru,Dubai International Cricket Stadium,Punjab Kings,Sandeep Sharma
729315,2014,2014-04-29,Kolkata Knight Riders,Rajasthan Royals,Sheikh Zayed Stadium,No Result,JP Faulkner
729317,2014,2014-04-30,Mumbai Indians,Sunrisers Hyderabad,Dubai International Cricket Stadium,Sunrisers Hyderabad,B Kumar
733971,2014,2014-05-02,Chennai Super Kings,Kolkata Knight Riders,JSCA International Stadium Complex,Chennai Super Kings,RA Jadeja
733975,2014,2014-05-03,Delhi Capitals,Rajasthan Royals,Feroz Shah Kotla,Rajasthan Royals,KK Nair
733973,2014,2014-05-03,Mumbai Indians,Punjab Kings,Wankhede Stadium,Mumbai Indians,CJ Anderson
733977,2014,2014-05-04,Royal Challengers Bengaluru,Sunrisers Hyderabad,M Chinnaswamy Stadium,Royal Challengers Bengaluru,AB de Villiers
733979,2014,2014-05-05,Rajasthan Royals,Kolkata Knight Riders,"Sardar Patel Stadium, Motera",Rajasthan Royals,PV Tambe
733981,2014,2014-05-05,Delhi Capitals,Chennai Super Kings,Feroz Shah Kotla,Chennai Super Kings,DR Smith
733983,2014,2014-05-06,Mumbai Indians,Royal Challengers Bengaluru,Wankhede Stadium,Mumbai Indians,RG Sharma
733985,2014,2014-05-07,Delhi Capitals,Kolkata Knight Riders,Feroz Shah Kotla,Kolkata Knight Riders,G Gambhir
733987,2014,2014-05-07,Punjab Kings,Chennai Super Kings,Barabati Stadium,Punjab Kings,GJ Maxwell
733989,2014,2014-05-08,Rajasthan Royals,Sunrisers Hyderabad,"Sardar Patel Stadium, Motera",Sunrisers Hyderabad,B Kumar
733991,2014,2014-05-09,Royal Challengers Bengaluru,Punjab Kings,M Chinnaswamy Stadium,Punjab Kings,Sandeep Sharma
733993,2014,2014-05-10,Delhi Capitals,Sunrisers Hyderabad,Feroz Shah Kotla,Sunrisers Hyderabad,DW Steyn
733995,2014,2014-05-10,Mumbai Indians,Chennai Super Kings,Wankhede Stadium,Chennai Super Kings,DR Smith
733999,2014,2014-05-11,Royal Challengers Bengaluru,Rajasthan Royals,M Chinnaswamy Stadium,Rajasthan Royals,JP Faulkner
733997,2014,2014-05-11,Punjab Kings,Kolkata Knight Riders,Barabati Stadium,Kolkata Knight Riders,G Gambhir
734001,2014,2014-05-12,Sunrisers Hyderabad,Mumbai Indians,"Rajiv Gandhi International Stadium, Uppal",Mumbai Indians,AT Rayudu
734003,2014,2014-05-13,Chennai Super Kings,Rajasthan Royals,JSCA International Stadium Complex,Chennai Super Kings,RA Jadeja
734005,2014,2014-05-13,Royal Challengers Bengaluru,Delhi Capitals,M Chinnaswamy Stadium,Royal Challengers Bengaluru,Yuvraj Singh
734007,2014,2014-05-14,Sunrisers Hyderabad,Punjab Kings,"Rajiv Gandhi International Stadium, Uppal",Punjab Kings,WP Saha
734009,2014,2014-05-14,Kolkata Knight Riders,Mumbai Indians,Barabati Stadium,Kolkata Knight Riders,RV Uthappa
734011,2014,2014-05-15,Rajasthan Royals,Delhi Capitals,"Sardar Patel Stadium, Motera",Rajasthan Royals,AM Rahane
734013,2014,2014-05-18,Chennai Super Kings,Royal Challengers Bengaluru,JSCA International Stadium Complex,Royal Challengers Bengaluru,AB de Villiers
734015,2014,2014-05-18,Sunrisers Hyderabad,Kolkata Knight Riders,"Rajiv Gandhi International Stadium, Uppal",Kolkata Knight Riders,UT Yadav
734017,2014,2014-05-19,Rajasthan Royals,Mumbai Indians,"Sardar Patel Stadium, Motera",Mumbai Indians,MEK Hussey
734019,2014,2014-05-19,Delhi Capitals,Punjab Kings,Feroz Shah Kotla,Punjab Kings,AR Patel
734021,2014,2014-05-20,Sunrisers Hyderabad,Royal Challengers Bengaluru,"Rajiv Gandhi International Stadium, Uppal",Sunrisers Hyderabad,DA Warner
734023,2014,2014-05-20,Kolkata Knight Riders,Chennai Super Kings,Eden Gardens,Kolkata Knight Riders,RV Uthappa
734025,2014,2014-05-21,Punjab Kings,Mumbai Indians,"Punjab Cricket Association Stadium, Mohali",Mumbai Indians,LMP Simmons
734029,2014,2014-05-22,Chennai Super Kings,Sunrisers Hyderabad,JSCA International Stadium Complex,Sunrisers Hyderabad,DA Warner
734027,2014,2014-05-22,Kolkata Knight Riders,Royal Challengers Bengaluru,Eden Gardens,Kolkata Knight Riders,RV Uthappa
734031,2014,2014-05-23,Mumbai Indians,Delhi Capitals,Wankhede Stadium,Mumbai Indians,MEK Hussey
734033,2014,2014-05-23,Punjab Kings,Rajasthan Royals,"Punjab Cricket Association Stadium, Mohali",Punjab Kings,SE Marsh
734035,2014,2014-05-24,Royal Challengers Bengaluru,Chennai Super Kings,M Chinnaswamy Stadium,Chennai Super Kings,MS Dhoni
734037,2014,2014-05-24,Kolkata Knight Riders,Sunrisers Hyderabad,Eden Gardens,Kolkata Knight Riders,YK Pathan
734039,2014,2014-05-25,Punjab Kings,Delhi Capitals,"Punjab Cricket Association Stadium, Mohali",Punjab Kings,M Vohra
734041,2014,2014-05-25,Mumbai Indians,Rajasthan Royals,Wankhede Stadium,Mumbai Indians,CJ Anderson
734043,2014,2014-05-27,Punjab Kings,Kolkata Knight Riders,Eden Gardens,Kolkata Knight Riders,UT Yadav
734045,2014,2014-05-28,Chennai Super Kings,Mumbai Indians,Brabourne Stadium,Chennai Super Kings,SK Raina
734047,2014,2014-05-30,Chennai Super Kings,Punjab Kings,Wankhede Stadium,Punjab Kings,V Sehwag
734049,2014,2014-06-01,Kolkata Knight Riders,Punjab Kings,M Chinnaswamy Stadium,Kolkata Knight Riders,MK Pandey
829705,2015,2015-04-08,Kolkata Knight Riders,Mumbai Indians,Eden Gardens,Kolkata Knight Riders,M Morkel
829707,2015,2015-04-09,Chennai Super Kings,Delhi Capitals,"MA Chidambaram Stadium, Chepauk",Chennai Super Kings,A Nehra
829709,2015,2015-04-10,Punjab Kings,Rajasthan Royals,Maharashtra Cricket Association Stadium,Rajasthan Royals,JP Faulkner
829711,2015,2015-04-11,Chennai Super Kings,Sunrisers Hyderabad,"MA Chidambaram Stadium, Chepauk",Chennai Super Kings,BB McCullum
829713,2015,2015-04-11,Kolkata Knight Riders,Royal Challengers Bengaluru,Eden Gardens,Royal Challengers Bengaluru,CH Gayle
829715,2015,2015-04-12,Delhi Capitals,Rajasthan Royals,Feroz Shah Kotla,Rajasthan Royals,DJ Hooda
829717,2015,2015-04-12,Mumbai Indians,Punjab Kings,Wankhede Stadium,Punjab Kings,GJ Bailey
829719,2015,2015-04-13,Royal Challengers Bengaluru,Sunrisers Hyderabad,M Chinnaswamy Stadium,Sunrisers Hyderabad,DA Warner
829721,2015,2015-04-14,Rajasthan Royals,Mumbai Indians,"Sardar Patel Stadium, Motera",Rajasthan Royals,SPD Smith
829725,2015,2015-04-15,Punjab Kings,Delhi Capitals,Maharashtra Cricket Association Stadium,Delhi Capitals,MA Agarwal
829727,2015,2015-04-16,Sunrisers Hyderabad,Rajasthan Royals,Dr. Y.S. Rajasekhara Reddy ACA-VDCA Cricket Stadium,Rajasthan Royals,AM Rahane
829729,2015,2015-04-17,Mumbai Indians,Chennai Super Kings,Wankhede Stadium,Chennai Super Kings,A Nehra
829731,2015,2015-04-18,Sunrisers Hyderabad,Delhi Capitals,Dr. Y.S. Rajasekhara Reddy ACA-VDCA Cricket Stadium,Delhi Capitals,JP Duminy
829733,2015,2015-04-18,Punjab Kings,Kolkata Knight Riders,Maharashtra Cricket Association Stadium,Kolkata Knight Riders,AD Russell
829735,2015,2015-04-19,Rajasthan Royals,Chennai Super Kings,"Sardar Patel Stadium, Motera",Rajasthan Royals,AM Rahane
829737,2015,2015-04-19,Royal Challengers Bengaluru,Mumbai Indians,M Chinnaswamy Stadium,Mumbai Indians,Harbhajan Singh
829739,2015,2015-04-20,Delhi Capitals,Kolkata Knight Riders,Feroz Shah Kotla,Kolkata Knight Riders,UT Yadav
829741,2015,2015-04-21,Rajasthan Royals,Punjab Kings,"Sardar Patel Stadium, Motera",No Result,SE Marsh
829743,2015,2015-04-22,Sunrisers Hyderabad,Kolkata Knight Riders,Dr. Y.S. Rajasekhara Reddy ACA-VDCA Cricket Stadium,Sunrisers Hyderabad,DA Warner
829745,2015,2015-04-22,Royal Challengers Bengaluru,Chennai Super Kings,M Chinnaswamy Stadium,Chennai Super Kings,SK Raina
829747,2015,2015-04-23,Delhi Capitals,Mumbai Indians,Feroz Shah Kotla,Delhi Capitals,SS Iyer
829749,2015,2015-04-24,Rajasthan Royals,Royal Challengers Bengaluru,"Sardar Patel Stadium, Motera",Royal Challengers Bengaluru,MA Starc
829751,2015,2015-04-25,Mumbai Indians,Sunrisers Hyderabad,Wankhede Stadium,Mumbai Indians,SL Malinga
829753,2015,2015-04-25,Chennai Super Kings,Punjab Kings,"MA Chidambaram Stadium, Chepauk",Chennai Super Kings,BB McCullum
829757,2015,2015-04-26,Delhi Capitals,Royal Challengers Bengaluru,Feroz Shah Kotla,Royal Challengers Bengaluru,VR Aaron
829759,2015,2015-04-27,Punjab Kings,Sunrisers Hyderabad,"Punjab Cricket Association Stadium, Mohali",Sunrisers Hyderabad,TA Boult
829765,2015,2015-04-28,Chennai Super Kings,Kolkata Knight Riders,"MA Chidambaram Stadium, Chepauk",Chennai Super Kings,DJ Bravo
829763,2015,2015-04-29,Royal Challengers Bengaluru,Rajasthan Royals,M Chinnaswamy Stadium,No Result,Unknown
829723,2015,2015-04-30,Kolkata Knight Riders,Chennai Super Kings,Eden Gardens,Kolkata Knight Riders,AD Russell
829769,2015,2015-05-01,Mumbai Indians,Rajasthan Royals,Wankhede Stadium,Mumbai Indians,AT Rayudu
829767,2015,2015-05-01,Delhi Capitals,Punjab Kings,Feroz Shah Kotla,Delhi Capitals,NM Coulter-Nile
829771,2015,2015-05-02,Royal Challengers Bengaluru,Kolkata Knight Riders,M Chinnaswamy Stadium,Royal Challengers Bengaluru,Mandeep Singh
829773,2015,2015-05-02,Sunrisers Hyderabad,Chennai Super Kings,"Rajiv Gandhi International Stadium, Uppal",Sunrisers Hyderabad,DA Warner
829775,2015,2015-05-03,Punjab Kings,Mumbai Indians,"Punjab Cricket Association Stadium, Mohali",Mumbai Indians,LMP Simmons
829777,2015,2015-05-03,Rajasthan Royals,Delhi Capitals,Brabourne Stadium,Rajasthan Royals,AM Rahane
829779,2015,2015-05-04,Chennai Super Kings,Royal Challengers Bengaluru,"MA Chidambaram Stadium, Chepauk",Chennai Super Kings,SK Raina
829781,2015,2015-05-04,Kolkata Knight Riders,Sunrisers Hyderabad,Eden Gardens,Kolkata Knight Riders,UT Yadav
829783,2015,2015-05-05,Mumbai Indians,Delhi Capitals,Wankhede Stadium,Mumbai Indians,Harbhajan Singh
829785,2015,2015-05-06,Royal Challengers Bengaluru,Punjab Kings,M Chinnaswamy Stadium,Royal Challengers Bengaluru,CH Gayle
829787,2015,2015-05-07,Rajasthan Royals,Sunrisers Hyderabad,Brabourne Stadium,Sunrisers Hyderabad,EJG Morgan
829761,2015,2015-05-07,Kolkata Knight Riders,Delhi Capitals,Eden Gardens,Kolkata Knight Riders,PP Chawla
829789,2015,2015-05-08,Chennai Super Kings,Mumbai Indians,"MA Chidambaram Stadium, Chepauk",Mumbai Indians,HH Pandya
829791,2015,2015-05-09,Kolkata Knight Riders,Punjab Kings,Eden Gardens,Kolkata Knight Riders,AD Russell
829793,2015,2015-05-09,Delhi Capitals,Sunrisers Hyderabad,Shaheed Veer Narayan Singh International Stadium,Sunrisers Hyderabad,MC Henriques
829795,2015,2015-05-10,Mumbai Indians,Royal Challengers Bengaluru,Wankhede Stadium,Royal Challengers Bengaluru,AB de Villiers
829797,2015,2015-05-10,Chennai Super Kings,Rajasthan Royals,"MA Chidambaram Stadium, Chepauk",Chennai Super Kings,RA Jadeja
829799,2015,2015-05-11,Sunrisers Hyderabad,Punjab Kings,"Rajiv Gandhi International Stadium, Uppal",Sunrisers Hyderabad,DA Warner
829801,2015,2015-05-12,Delhi Capitals,Chennai Super Kings,Shaheed Veer Narayan Singh International Stadium,Delhi Capitals,Z Khan
829803,2015,2015-05-13,Punjab Kings,Royal Challengers Bengaluru,"Punjab Cricket Association Stadium, Mohali",Punjab Kings,AR Patel
829805,2015,2015-05-14,Mumbai Indians,Kolkata Knight Riders,Wankhede Stadium,Mumbai Indians,HH Pandya
829807,2015,2015-05-15,Sunrisers Hyderabad,Royal Challengers Bengaluru,"Rajiv Gandhi International Stadium, Uppal",Royal Challengers Bengaluru,V Kohli
829811,2015,2015-05-16,Rajasthan Royals,Kolkata Knight Riders,Brabourne Stadium,Rajasthan Royals,SR Watson
829809,2015,2015-05-16,Punjab Kings,Chennai Super Kings,"Punjab Cricket Association Stadium, Mohali",Chennai Super Kings,P Negi
829813,2015,2015-05-17,Royal Challengers Bengaluru,Delhi Capitals,M Chinnaswamy Stadium,No Result,Unknown
829815,2015,2015-05-17,Sunrisers Hyderabad,Mumbai Indians,"Rajiv Gandhi International Stadium, Uppal",Mumbai Indians,MJ McClenaghan
829817,2015,2015-05-19,Chennai Super Kings,Mumbai Indians,Wankhede Stadium,Mumbai Indians,KA Pollard
829819,2015,2015-05-20,Royal Challengers Bengaluru,Rajasthan Royals,Maharashtra Cricket Association Stadium,Royal Challengers Bengaluru,AB de Villiers
829821,2015,2015-05-22,Chennai Super Kings,Royal Challengers Bengaluru,JSCA International Stadium Complex,Chennai Super Kings,A Nehra
829823,2015,2015-05-24,Mumbai Indians,Chennai Super Kings,Eden Gardens,Mumbai Indians,RG Sharma
980901,2016,2016-04-09,Mumbai Indians,Rising Pune Supergiant,Wankhede Stadium,Rising Pune Supergiant,AM Rahane
980903,2016,2016-04-10,Kolkata Knight Riders,Delhi Capitals,Eden Gardens,Kolkata Knight Riders,AD Russell
980905,2016,2016-04-11,Punjab Kings,Gujarat Lions,"Punjab Cricket Association IS Bindra Stadium, Mohali",Gujarat Lions,AJ Finch
980907,2016,2016-04-12,Royal Challengers Bengaluru,Sunrisers Hyderabad,M Chinnaswamy Stadium,Royal Challengers Bengaluru,AB de Villiers
980909,2016,2016-04-13,Kolkata Knight Riders,Mumbai Indians,Eden Gardens,Mumbai Indians,RG Sharma
980911,2016,2016-04-14,Gujarat Lions,Rising Pune Supergiant,Saurashtra Cricket Association Stadium,Gujarat Lions,AJ Finch
980913,2016,2016-04-15,Delhi Capitals,Punjab Kings,Feroz Shah Kotla,Delhi Capitals,A Mishra
980917,2016,2016-04-16,Mumbai Indians,Gujarat Lions,Wankhede Stadium,Gujarat Lions,AJ Finch
980915,2016,2016-04-16,Sunrisers Hyderabad,Kolkata Knight Riders,"Rajiv Gandhi International Stadium, Uppal",Kolkata Knight Riders,G Gambhir
980921,2016,2016-04-17,Royal Challengers Bengaluru,Delhi Capitals,M Chinnaswamy Stadium,Delhi Capitals,Q de Kock
980919,2016,2016-04-17,Punjab Kings,Rising Pune Supergiant,"Punjab Cricket Association IS Bindra Stadium, Mohali",Punjab Kings,M Vohra
980923,2016,2016-04-18,Sunrisers Hyderabad,Mumbai Indians,"Rajiv Gandhi International Stadium, Uppal",Sunrisers Hyderabad,DA Warner
980925,2016,2016-04-19,Punjab Kings,Kolkata Knight Riders,"Punjab Cricket Association IS Bindra Stadium, Mohali",Kolkata Knight Riders,RV Uthappa
980927,2016,2016-04-20,Mumbai Indians,Royal Challengers Bengaluru,Wankhede Stadium,Mumbai Indians,RG Sharma
980929,2016,2016-04-21,Gujarat Lions,Sunrisers Hyderabad,Saurashtra Cricket Association Stadium,Sunrisers Hyderabad,B Kumar
980931,2016,2016-04-22,Rising Pune Supergiant,Royal Challengers Bengaluru,Maharashtra Cricket Association Stadium,Royal Challengers Bengaluru,AB de Villiers
980935,2016,2016-04-23,Sunrisers Hyderabad,Punjab Kings,"Rajiv Gandhi International Stadium, Uppal",Sunrisers Hyderabad,Mustafizur Rahman
980933,2016,2016-04-23,Delhi Capitals,Mumbai Indians,Feroz Shah Kotla,Delhi Capitals,SV Samson
980937,2016,2016-04-24,Gujarat Lions,Royal Challengers Bengaluru,Saurashtra Cricket Association Stadium,Gujarat Lions,V Kohli
980939,2016,2016-04-24,Rising Pune Supergiant,Kolkata Knight Riders,Maharashtra Cricket Association Stadium,Kolkata Knight Riders,SA Yadav
980941,2016,2016-04-25,Punjab Kings,Mumbai Indians,"Punjab Cricket Association IS Bindra Stadium, Mohali",Mumbai Indians,PA Patel
980943,2016,2016-04-26,Sunrisers Hyderabad,Rising Pune Supergiant,"Rajiv Gandhi International Stadium, Uppal",Rising Pune Supergiant,AB Dinda
980945,2016,2016-04-27,Delhi Capitals,Gujarat Lions,Feroz Shah Kotla,Gujarat Lions,CH Morris
980947,2016,2016-04-28,Mumbai Indians,Kolkata Knight Riders,Wankhede Stadium,Mumbai Indians,RG Sharma
980949,2016,2016-04-29,Rising Pune Supergiant,Gujarat Lions,Maharashtra Cricket Association Stadium,Gujarat Lions,DR Smith
980951,2016,2016-04-30,Delhi Capitals,Kolkata Knight Riders,Feroz Shah Kotla,Delhi Capitals,CR Brathwaite
980953,2016,2016-04-30,Sunrisers Hyderabad,Royal Challengers Bengaluru,"Rajiv Gandhi International Stadium, Uppal",Sunrisers Hyderabad,DA Warner
980957,2016,2016-05-01,Rising Pune Supergiant,Mumbai Indians,Maharashtra Cricket Association Stadium,Mumbai Indians,RG Sharma
980955,2016,2016-05-01,Gujarat Lions,Punjab Kings,Saurashtra Cricket Association Stadium,Punjab Kings,AR Patel
980959,2016,2016-05-02,Royal Challengers Bengaluru,Kolkata Knight Riders,M Chinnaswamy Stadium,Kolkata Knight Riders,AD Russell
980961,2016,2016-05-03,Gujarat Lions,Delhi Capitals,Saurashtra Cricket Association Stadium,Delhi Capitals,RR Pant
980963,2016,2016-05-04,Kolkata Knight Riders,Punjab Kings,Eden Gardens,Kolkata Knight Riders,AD Russell
980965,2016,2016-05-05,Delhi Capitals,Rising Pune Supergiant,Feroz Shah Kotla,Rising Pune Supergiant,AM Rahane
980967,2016,2016-05-06,Sunrisers Hyderabad,Gujarat Lions,"Rajiv Gandhi International Stadium, Uppal",Sunrisers Hyderabad,B Kumar
980969,2016,2016-05-07,Royal Challengers Bengaluru,Rising Pune Supergiant,M Chinnaswamy Stadium,Royal Challengers Bengaluru,V Kohli
980971,2016,2016-05-07,Punjab Kings,Delhi Capitals,"Punjab Cricket Association IS Bindra Stadium, Mohali",Punjab Kings,MP Stoinis
980973,2016,2016-05-08,Mumbai Indians,Sunrisers Hyderabad,Dr. Y.S. Rajasekhara Reddy ACA-VDCA Cricket Stadium,Sunrisers Hyderabad,A Nehra
980975,2016,2016-05-08,Kolkata Knight Riders,Gujarat Lions,Eden Gardens,Gujarat Lions,P Kumar
980977,2016,2016-05-09,Punjab Kings,Royal Challengers Bengaluru,"Punjab Cricket Association IS Bindra Stadium, Mohali",Royal Challengers Bengaluru,SR Watson
980979,2016,2016-05-10,Rising Pune Supergiant,Sunrisers Hyderabad,Dr. Y.S. Rajasekhara Reddy ACA-VDCA Cricket Stadium,Sunrisers Hyderabad,A Zampa
980981,2016,2016-05-11,Royal Challengers Bengaluru,Mumbai Indians,M Chinnaswamy Stadium,Mumbai Indians,KH Pandya
980983,2016,2016-05-12,Sunrisers Hyderabad,Delhi Capitals,"Rajiv Gandhi International Stadium, Uppal",Delhi Capitals,CH Morris
980985,2016,2016-05-13,Mumbai Indians,Punjab Kings,Dr. Y.S. Rajasekhara Reddy ACA-VDCA Cricket Stadium,Punjab Kings,MP Stoinis
980987,2016,2016-05-14,Royal Challengers Bengaluru,Gujarat Lions,M Chinnaswamy Stadium,Royal Challengers Bengaluru,AB de Villiers
980989,2016,2016-05-14,Kolkata Knight Riders,Rising Pune Supergiant,Eden Gardens,Kolkata Knight Riders,YK Pathan
980991,2016,2016-05-15,Punjab Kings,Sunrisers Hyderabad,"Punjab Cricket Association IS Bindra Stadium, Mohali",Sunrisers Hyderabad,HM Amla
980993,2016,2016-05-15,Mumbai Indians,Delhi Capitals,Dr. Y.S. Rajasekhara Reddy ACA-VDCA Cricket Stadium,Mumbai Indians,KH Pandya
980995,2016,2016-05-16,Kolkata Knight Riders,Royal Challengers Bengaluru,Eden Gardens,Royal Challengers Bengaluru,V Kohli
980997,2016,2016-05-17,Rising Pune Supergiant,Delhi Capitals,Dr. Y.S. Rajasekhara Reddy ACA-VDCA Cricket Stadium,Rising Pune Supergiant,AB Dinda
980999,2016,2016-05-18,Royal Challengers Bengaluru,Punjab Kings,M Chinnaswamy Stadium,Royal Challengers Bengaluru,V Kohli
981001,2016,2016-05-19,Gujarat Lions,Kolkata Knight Riders,Green Park,Gujarat Lions,DR Smith
981003,2016,2016-05-20,Delhi Capitals,Sunrisers Hyderabad,Shaheed Veer Narayan Singh International Stadium,Delhi Capitals,KK Nair
981005,2016,2016-05-21,Rising Pune Supergiant,Punjab Kings,Dr. Y.S. Rajasekhara Reddy ACA-VDCA Cricket Stadium,Rising Pune Supergiant,MS Dhoni
981007,2016,2016-05-21,Gujarat Lions,Mumbai Indians,Green Park,Gujarat Lions,SK Raina
981011,2016,2016-05-22,Delhi Capitals,Royal Challengers Bengaluru,Shaheed Veer Narayan Singh International Stadium,Royal Challengers Bengaluru,V Kohli
981009,2016,2016-05-22,Kolkata Knight Riders,Sunrisers Hyderabad,Eden Gardens,Kolkata Knight Riders,YK Pathan
981013,2016,2016-05-24,Gujarat Lions,Royal Challengers Bengaluru,M Chinnaswamy Stadium,Royal Challengers Bengaluru,AB de Villiers
981015,2016,2016-05-25,Sunrisers Hyderabad,Kolkata Knight Riders,Feroz Shah Kotla,Sunrisers Hyderabad,MC Henriques
981017,2016,2016-05-27,Gujarat Lions,Sunrisers Hyderabad,Feroz Shah Kotla,Sunrisers Hyderabad,DA Warner
981019,2016,2016-05-29,Royal Challengers Bengaluru,Sunrisers Hyderabad,M Chinnaswamy Stadium,Sunrisers Hyderabad,BCJ Cutting
1082591,2017,2017-04-05,Sunrisers Hyderabad,Royal Challengers Bengaluru,"Rajiv Gandhi International Stadium, Uppal",Sunrisers Hyderabad,Yuvraj Singh
1082592,2017,2017-04-06,Rising Pune Supergiant,Mumbai Indians,Maharashtra Cricket Association Stadium,Rising Pune Supergiant,SPD Smith
1082593,2017,2017-04-07,Gujarat Lions,Kolkata Knight Riders,Saurashtra Cricket Association Stadium,Kolkata Knight Riders,CA Lynn
1082594,2017,2017-04-08,Punjab Kings,Rising Pune Supergiant,Holkar Cricket Stadium,Punjab Kings,GJ Maxwell
1082595,2017,2017-04-08,Royal Challengers Bengaluru,Delhi Capitals,M.Chinnaswamy Stadium,Royal Challengers Bengaluru,KM Jadhav
1082597,2017,2017-04-09,Mumbai Indians,Kolkata Knight Riders,Wankhede Stadium,Mumbai Indians,N Rana
1082596,2017,2017-04-09,Sunrisers Hyderabad,Gujarat Lions,"Rajiv Gandhi International Stadium, Uppal",Sunrisers Hyderabad,Rashid Khan
1082598,2017,2017-04-10,Punjab Kings,Royal Challengers Bengaluru,Holkar Cricket Stadium,Punjab Kings,AR Patel
1082599,2017,2017-04-11,Rising Pune Supergiant,Delhi Capitals,Maharashtra Cricket Association Stadium,Delhi Capitals,SV Samson
1082600,2017,2017-04-12,Mumbai Indians,Sunrisers Hyderabad,Wankhede Stadium,Mumbai Indians,JJ Bumrah
1082601,2017,2017-04-13,Kolkata Knight Riders,Punjab Kings,Eden Gardens,Kolkata Knight Riders,SP Narine
1082602,2017,2017-04-14,Royal Challengers Bengaluru,Mumbai Indians,M Chinnaswamy Stadium,Mumbai Indians,KA Pollard
1082603,2017,2017-04-14,Gujarat Lions,Rising Pune Supergiant,Saurashtra Cricket Association Stadium,Gujarat Lions,AJ Tye
1082604,2017,2017-04-15,Kolkata Knight Riders,Sunrisers Hyderabad,Eden Gardens,Kolkata Knight Riders,RV Uthappa
1082605,2017,2017-04-15,Delhi Capitals,Punjab Kings,Feroz Shah Kotla,Delhi Capitals,CJ Anderson
1082606,2017,2017-04-16,Mumbai Indians,Gujarat Lions,Wankhede Stadium,Mumbai Indians,N Rana
1082607,2017,2017-04-16,Royal Challengers Bengaluru,Rising Pune Supergiant,M Chinnaswamy Stadium,Rising Pune Supergiant,BA Stokes
1082609,2017,2017-04-17,Sunrisers Hyderabad,Punjab Kings,"Rajiv Gandhi International Stadium, Uppal",Sunrisers Hyderabad,B Kumar
1082608,2017,2017-04-17,Delhi Capitals,Kolkata Knight Riders,Feroz Shah Kotla,Kolkata Knight Riders,NM Coulter-Nile
1082610,2017,2017-04-18,Gujarat Lions,Royal Challengers Bengaluru,Saurashtra Cricket Association Stadium,Royal Challengers Bengaluru,CH Gayle
1082611,2017,2017-04-19,Sunrisers Hyderabad,Delhi Capitals,"Rajiv Gandhi International Stadium, Uppal",Sunrisers Hyderabad,KS Williamson
1082612,2017,2017-04-20,Punjab Kings,Mumbai Indians,Holkar Cricket Stadium,Mumbai Indians,JC Buttler
1082613,2017,2017-04-21,Kolkata Knight Riders,Gujarat Lions,Eden Gardens,Gujarat Lions,SK Raina
1082615,2017,2017-04-22,Rising Pune Supergiant,Sunrisers Hyderabad,Maharashtra Cricket Association Stadium,Rising Pune Supergiant,MS Dhoni
1082614,2017,2017-04-22,Mumbai Indians,Delhi Capitals,Wankhede Stadium,Mumbai Indians,MJ McClenaghan
1082617,2017,2017-04-23,Kolkata Knight Riders,Royal Challengers Bengaluru,Eden Gardens,Kolkata Knight Riders,NM Coulter-Nile
1082616,2017,2017-04-23,Gujarat Lions,Punjab Kings,Saurashtra Cricket Association Stadium,Punjab Kings,HM Amla
1082618,2017,2017-04-24,Mumbai Indians,Rising Pune Supergiant,Wankhede Stadium,Rising Pune Supergiant,BA Stokes
1082620,2017,2017-04-26,Rising Pune Supergiant,Kolkata Knight Riders,Maharashtra Cricket Association Stadium,Kolkata Knight Riders,RV Uthappa
1082621,2017,2017-04-27,Royal Challengers Bengaluru,Gujarat Lions,M Chinnaswamy Stadium,Gujarat Lions,AJ Tye
1082622,2017,2017-04-28,Kolkata Knight Riders,Delhi Capitals,Eden Gardens,Kolkata Knight Riders,G Gambhir
1082623,2017,2017-04-28,Punjab Kings,Sunrisers Hyderabad,"Punjab Cricket Association IS Bindra Stadium, Mohali",Sunrisers Hyderabad,Rashid Khan
1082624,2017,2017-04-29,Rising Pune Supergiant,Royal Challengers Bengaluru,Maharashtra Cricket Association Stadium,Rising Pune Supergiant,LH Ferguson
1082625,2017,2017-04-29,Gujarat Lions,Mumbai Indians,Saurashtra Cricket Association Stadium,No Result,KH Pandya
1082627,2017,2017-04-30,Sunrisers Hyderabad,Kolkata Knight Riders,"Rajiv Gandhi International Stadium, Uppal",Sunrisers Hyderabad,DA Warner
1082626,2017,2017-04-30,Punjab Kings,Delhi Capitals,"Punjab Cricket Association IS Bindra Stadium, Mohali",Punjab Kings,Sandeep Sharma
1082629,2017,2017-05-01,Rising Pune Supergiant,Gujarat Lions,Maharashtra Cricket Association Stadium,Rising Pune Supergiant,BA Stokes
1082628,2017,2017-05-01,Mumbai Indians,Royal Challengers Bengaluru,Wankhede Stadium,Mumbai Indians,RG Sharma
1082630,2017,2017-05-02,Delhi Capitals,Sunrisers Hyderabad,Feroz Shah Kotla,Delhi Capitals,Mohammed Shami
1082631,2017,2017-05-03,Kolkata Knight Riders,Rising Pune Supergiant,Eden Gardens,Rising Pune Supergiant,RA Tripathi
1082632,2017,2017-05-04,Delhi Capitals,Gujarat Lions,Feroz Shah Kotla,Delhi Capitals,RR Pant
1082633,2017,2017-05-05,Royal Challengers Bengaluru,Punjab Kings,M Chinnaswamy Stadium,Punjab Kings,Sandeep Sharma
1082634,2017,2017-05-06,Sunrisers Hyderabad,Rising Pune Supergiant,"Rajiv Gandhi International Stadium, Uppal",Rising Pune Supergiant,JD Unadkat
1082635,2017,2017-05-06,Delhi Capitals,Mumbai Indians,Feroz Shah Kotla,Mumbai Indians,LMP Simmons
1082637,2017,2017-05-07,Punjab Kings,Gujarat Lions,"Punjab Cricket Association IS Bindra Stadium, Mohali",Gujarat Lions,DR Smith
1082636,2017,2017-05-07,Royal Challengers Bengaluru,Kolkata Knight Riders,M Chinnaswamy Stadium,Kolkata Knight Riders,SP Narine
1082638,2017,2017-05-08,Sunrisers Hyderabad,Mumbai Indians,"Rajiv Gandhi International Stadium, Uppal",Sunrisers Hyderabad,S Dhawan
1082639,2017,2017-05-09,Punjab Kings,Kolkata Knight Riders,"Punjab Cricket Association IS Bindra Stadium, Mohali",Punjab Kings,MM Sharma
1082640,2017,2017-05-10,Gujarat Lions,Delhi Capitals,Green Park,Delhi Capitals,SS Iyer
1082641,2017,2017-05-11,Mumbai Indians,Punjab Kings,Wankhede Stadium,Punjab Kings,WP Saha
1082642,2017,2017-05-12,Delhi Capitals,Rising Pune Supergiant,Feroz Shah Kotla,Delhi Capitals,KK Nair
1082643,2017,2017-05-13,Gujarat Lions,Sunrisers Hyderabad,Green Park,Sunrisers Hyderabad,Mohammed Siraj
1082644,2017,2017-05-13,Kolkata Knight Riders,Mumbai Indians,Eden Gardens,Mumbai Indians,AT Rayudu
1082646,2017,2017-05-14,Delhi Capitals,Royal Challengers Bengaluru,Feroz Shah Kotla,Royal Challengers Bengaluru,HV Patel
1082645,2017,2017-05-14,Rising Pune Supergiant,Punjab Kings,Maharashtra Cricket Association Stadium,Rising Pune Supergiant,JD Unadkat
1082647,2017,2017-05-16,Mumbai Indians,Rising Pune Supergiant,Wankhede Stadium,Rising Pune Supergiant,Washington Sundar
1082648,2017,2017-05-17,Sunrisers Hyderabad,Kolkata Knight Riders,M Chinnaswamy Stadium,Kolkata Knight Riders,NM Coulter-Nile
1082649,2017,2017-05-19,Mumbai Indians,Kolkata Knight Riders,M Chinnaswamy Stadium,Mumbai Indians,KV Sharma
1082650,2017,2017-05-21,Mumbai Indians,Rising Pune Supergiant,"Rajiv Gandhi International Stadium, Uppal",Mumbai Indians,KH Pandya
1136561,2018,2018-04-07,Mumbai Indians,Chennai Super Kings,Wankhede Stadium,Chennai Super Kings,DJ Bravo
1136563,2018,2018-04-08,Royal Challengers Bengaluru,Kolkata Knight Riders,Eden Gardens,Kolkata Knight Riders,SP Narine
1136562,2018,2018-04-08,Delhi Capitals,Punjab Kings,Punjab Cricket Association IS Bindra Stadium,Punjab Kings,KL Rahul
1136564,2018,2018-04-09,Rajasthan Royals,Sunrisers Hyderabad,Rajiv Gandhi International Stadium,Sunrisers Hyderabad,S Dhawan
1136565,2018,2018-04-10,Kolkata Knight Riders,Chennai Super Kings,MA Chidambaram Stadium,Chennai Super Kings,SW Billings
1136566,2018,2018-04-11,Rajasthan Royals,Delhi Capitals,Sawai Mansingh Stadium,Rajasthan Royals,SV Samson
1136567,2018,2018-04-12,Mumbai Indians,Sunrisers Hyderabad,Rajiv Gandhi International Stadium,Sunrisers Hyderabad,Rashid Khan
1136568,2018,2018-04-13,Punjab Kings,Royal Challengers Bengaluru,M.Chinnaswamy Stadium,Royal Challengers Bengaluru,UT Yadav
1136569,2018,2018-04-14,Mumbai Indians,Delhi Capitals,Wankhede Stadium,Delhi Capitals,JJ Roy
1136570,2018,2018-04-14,Kolkata Knight Riders,Sunrisers Hyderabad,Eden Gardens,Sunrisers Hyderabad,B Stanlake
1136571,2018,2018-04-15,Rajasthan Royals,Royal Challengers Bengaluru,M.Chinnaswamy Stadium,Rajasthan Royals,SV Samson
1136572,2018,2018-04-15,Punjab Kings,Chennai Super Kings,Punjab Cricket Association IS Bindra Stadium,Punjab Kings,CH Gayle
1136573,2018,2018-04-16,Kolkata Knight Riders,Delhi Capitals,Eden Gardens,Kolkata Knight Riders,N Rana
1136574,2018,2018-04-17,Mumbai Indians,Royal Challengers Bengaluru,Wankhede Stadium,Mumbai Indians,RG Sharma
1136575,2018,2018-04-18,Rajasthan Royals,Kolkata Knight Riders,Sawai Mansingh Stadium,Kolkata Knight Riders,N Rana
1136576,2018,2018-04-19,Punjab Kings,Sunrisers Hyderabad,Punjab Cricket Association IS Bindra Stadium,Punjab Kings,CH Gayle
1136577,2018,2018-04-20,Chennai Super Kings,Rajasthan Royals,Maharashtra Cricket Association Stadium,Chennai Super Kings,SR Watson
1136578,2018,2018-04-21,Kolkata Knight Riders,Punjab Kings,Eden Gardens,Punjab Kings,KL Rahul
1136579,2018,2018-04-21,Delhi Capitals,Royal Challengers Bengaluru,M.Chinnaswamy Stadium,Royal Challengers Bengaluru,AB de Villiers
1136581,2018,2018-04-22,Mumbai Indians,Rajasthan Royals,Sawai Mansingh Stadium,Rajasthan Royals,JC Archer
1136580,2018,2018-04-22,Chennai Super Kings,Sunrisers Hyderabad,Rajiv Gandhi International Stadium,Chennai Super Kings,AT Rayudu
1136582,2018,2018-04-23,Punjab Kings,Delhi Capitals,Arun Jaitley Stadium,Punjab Kings,AS Rajpoot
1136583,2018,2018-04-24,Sunrisers Hyderabad,Mumbai Indians,Wankhede Stadium,Sunrisers Hyderabad,Rashid Khan
1136584,2018,2018-04-25,Royal Challengers Bengaluru,Chennai Super Kings,M.Chinnaswamy Stadium,Chennai Super Kings,MS Dhoni
1136585,2018,2018-04-26,Sunrisers Hyderabad,Punjab Kings,Rajiv Gandhi International Stadium,Sunrisers Hyderabad,AS Rajpoot
1136586,2018,2018-04-27,Delhi Capitals,Kolkata Knight Riders,Arun Jaitley Stadium,Delhi Capitals,SS Iyer
1136587,2018,2018-04-28,Chennai Super Kings,Mumbai Indians,Maharashtra Cricket Association Stadium,Mumbai Indians,RG Sharma
1136588,2018,2018-04-29,Sunrisers Hyderabad,Rajasthan Royals,Sawai Mansingh Stadium,Sunrisers Hyderabad,KS Williamson
1136589,2018,2018-04-29,Royal Challengers Bengaluru,Kolkata Knight Riders,M.Chinnaswamy Stadium,Kolkata Knight Riders,CA Lynn
1136590,2018,2018-04-30,Chennai Super Kings,Delhi Capitals,Maharashtra Cricket Association Stadium,Chennai Super Kings,SR Watson
1136591,2018,2018-05-01,Royal Challengers Bengaluru,Mumbai Indians,M.Chinnaswamy Stadium,Royal Challengers Bengaluru,TG Southee
1136592,2018,2018-05-02,Delhi Capitals,Rajasthan Royals,Arun Jaitley Stadium,Delhi Capitals,RR Pant
1136593,2018,2018-05-03,Chennai Super Kings,Kolkata Knight Riders,Eden Gardens,Kolkata Knight Riders,SP Narine
1136594,2018,2018-05-04,Punjab Kings,Mumbai Indians,Holkar Cricket Stadium,Mumbai Indians,SA Yadav
1136596,2018,2018-05-05,Delhi Capitals,Sunrisers Hyderabad,Rajiv Gandhi International Stadium,Sunrisers Hyderabad,Rashid Khan
1136595,2018,2018-05-05,Royal Challengers Bengaluru,Chennai Super Kings,Maharashtra Cricket Association Stadium,Chennai Super Kings,RA Jadeja
1136597,2018,2018-05-06,Mumbai Indians,Kolkata Knight Riders,Wankhede Stadium,Mumbai Indians,HH Pandya
1136598,2018,2018-05-06,Rajasthan Royals,Punjab Kings,Holkar Cricket Stadium,Punjab Kings,Mujeeb Ur Rahman
1136599,2018,2018-05-07,Sunrisers Hyderabad,Royal Challengers Bengaluru,Rajiv Gandhi International Stadium,Sunrisers Hyderabad,KS Williamson
1136600,2018,2018-05-08,Rajasthan Royals,Punjab Kings,Sawai Mansingh Stadium,Rajasthan Royals,JC Buttler
1136601,2018,2018-05-09,Mumbai Indians,Kolkata Knight Riders,Eden Gardens,Mumbai Indians,Ishan Kishan
1136602,2018,2018-05-10,Delhi Capitals,Sunrisers Hyderabad,Arun Jaitley Stadium,Sunrisers Hyderabad,S Dhawan
1136603,2018,2018-05-11,Chennai Super Kings,Rajasthan Royals,Sawai Mansingh Stadium,Rajasthan Royals,JC Buttler
1136605,2018,2018-05-12,Delhi Capitals,Royal Challengers Bengaluru,Arun Jaitley Stadium,Royal Challengers Bengaluru,AB de Villiers
1136604,2018,2018-05-12,Kolkata Knight Riders,Punjab Kings,Holkar Cricket Stadium,Kolkata Knight Riders,SP Narine
1136606,2018,2018-05-13,Sunrisers Hyderabad,Chennai Super Kings,Maharashtra Cricket Association Stadium,Chennai Super Kings,AT Rayudu
1136607,2018,2018-05-13,Mumbai Indians,Rajasthan Royals,Wankhede Stadium,Rajasthan Royals,JC Buttler
1136608,2018,2018-05-14,Punjab Kings,Royal Challengers Bengaluru,Holkar Cricket Stadium,Royal Challengers Bengaluru,UT Yadav
1136609,2018,2018-05-15,Rajasthan Royals,Kolkata Knight Riders,Eden Gardens,Kolkata Knight Riders,Kuldeep Yadav
1136610,2018,2018-05-16,Mumbai Indians,Punjab Kings,Wankhede Stadium,Mumbai Indians,JJ Bumrah
1136611,2018,2018-05-17,Royal Challengers Bengaluru,Sunrisers Hyderabad,M.Chinnaswamy Stadium,Royal Challengers Bengaluru,AB de Villiers
1136612,2018,2018-05-18,Delhi Capitals,Chennai Super Kings,Arun Jaitley Stadium,Delhi Capitals,HV Patel
1136614,2018,2018-05-19,Sunrisers Hyderabad,Kolkata Knight Riders,Rajiv Gandhi International Stadium,Kolkata Knight Riders,CA Lynn
1136613,2018,2018-05-19,Rajasthan Royals,Royal Challengers Bengaluru,Sawai Mansingh Stadium,Rajasthan Royals,S Gopal
1136615,2018,2018-05-20,Delhi Capitals,Mumbai Indians,Arun Jaitley Stadium,Delhi Capitals,A Mishra
1136616,2018,2018-05-20,Punjab Kings,Chennai Super Kings,Maharashtra Cricket Association Stadium,Chennai Super Kings,L Ngidi
1136617,2018,2018-05-22,Sunrisers Hyderabad,Chennai Super Kings,Wankhede Stadium,Chennai Super Kings,F du Plessis
1136618,2018,2018-05-23,Kolkata Knight Riders,Rajasthan Royals,Eden Gardens,Kolkata Knight Riders,AD Russell
1136619,2018,2018-05-25,Sunrisers Hyderabad,Kolkata Knight Riders,Eden Gardens,Sunrisers Hyderabad,Rashid Khan
1136620,2018,2018-05-27,Sunrisers Hyderabad,Chennai Super Kings,Wankhede Stadium,Chennai Super Kings,SR Watson
1175356,2019,2019-03-23,Royal Challengers Bengaluru,Chennai Super Kings,MA Chidambaram Stadium,Chennai Super Kings,Harbhajan Singh
1175357,2019,2019-03-24,Sunrisers Hyderabad,Kolkata Knight Riders,Eden Gardens,Kolkata Knight Riders,AD Russell
1175358,2019,2019-03-24,Delhi Capitals,Mumbai Indians,Wankhede Stadium,Delhi Capitals,RR Pant
1175359,2019,2019-03-25,Punjab Kings,Rajasthan Royals,Sawai Mansingh Stadium,Punjab Kings,CH Gayle
1175360,2019,2019-03-26,Delhi Capitals,Chennai Super Kings,Arun Jaitley Stadium,Chennai Super Kings,SR Watson
1175361,2019,2019-03-27,Kolkata Knight Riders,Punjab Kings,Eden Gardens,Kolkata Knight Riders,AD Russell
1175362,2019,2019-03-28,Mumbai Indians,Royal Challengers Bengaluru,M.Chinnaswamy Stadium,Mumbai Indians,JJ Bumrah
1175363,2019,2019-03-29,Rajasthan Royals,Sunrisers Hyderabad,Rajiv Gandhi International Stadium,Sunrisers Hyderabad,Rashid Khan
1175365,2019,2019-03-30,Kolkata Knight Riders,Delhi Capitals,Arun Jaitley Stadium,No Result,PP Shaw
1175364,2019,2019-03-30,Mumbai Indians,Punjab Kings,Punjab Cricket Association IS Bindra Stadium,Punjab Kings,MA Agarwal
1175366,2019,2019-03-31,Sunrisers Hyderabad,Royal Challengers Bengaluru,Rajiv Gandhi International Stadium,Sunrisers Hyderabad,JM Bairstow
1175367,2019,2019-03-31,Chennai Super Kings,Rajasthan Royals,MA Chidambaram Stadium,Chennai Super Kings,MS Dhoni
1175368,2019,2019-04-01,Punjab Kings,Delhi Capitals,Punjab Cricket Association IS Bindra Stadium,Punjab Kings,SM Curran
1175369,2019,2019-04-02,Royal Challengers Bengaluru,Rajasthan Royals,Sawai Mansingh Stadium,Rajasthan Royals,S Gopal
1175370,2019,2019-04-03,Mumbai Indians,Chennai Super Kings,Wankhede Stadium,Mumbai Indians,HH Pandya
1175371,2019,2019-04-04,Delhi Capitals,Sunrisers Hyderabad,Arun Jaitley Stadium,Sunrisers Hyderabad,JM Bairstow
1175372,2019,2019-04-05,Royal Challengers Bengaluru,Kolkata Knight Riders,M.Chinnaswamy Stadium,Kolkata Knight Riders,AD Russell
1178393,2019,2019-04-06,Chennai Super Kings,Punjab Kings,MA Chidambaram Stadium,Chennai Super Kings,Harbhajan Singh
1178394,2019,2019-04-06,Mumbai Indians,Sunrisers Hyderabad,Rajiv Gandhi International Stadium,Mumbai Indians,AS Joseph
1178395,2019,2019-04-07,Royal Challengers Bengaluru,Delhi Capitals,M.Chinnaswamy Stadium,Delhi Capitals,K Rabada
1178396,2019,2019-04-07,Rajasthan Royals,Kolkata Knight Riders,Sawai Mansingh Stadium,Kolkata Knight Riders,HF Gurney
1178397,2019,2019-04-08,Sunrisers Hyderabad,Punjab Kings,Punjab Cricket Association IS Bindra Stadium,Punjab Kings,KL Rahul
1178398,2019,2019-04-09,Kolkata Knight Riders,Chennai Super Kings,MA Chidambaram Stadium,Chennai Super Kings,DL Chahar
1178399,2019,2019-04-10,Punjab Kings,Mumbai Indians,Wankhede Stadium,Mumbai Indians,KA Pollard
1178400,2019,2019-04-11,Rajasthan Royals,Chennai Super Kings,Sawai Mansingh Stadium,Chennai Super Kings,MS Dhoni
1178401,2019,2019-04-12,Kolkata Knight Riders,Delhi Capitals,Eden Gardens,Delhi Capitals,S Dhawan
1178403,2019,2019-04-13,Punjab Kings,Royal Challengers Bengaluru,Punjab Cricket Association IS Bindra Stadium,Royal Challengers Bengaluru,AB de Villiers
1178402,2019,2019-04-13,Mumbai Indians,Rajasthan Royals,Wankhede Stadium,Rajasthan Royals,JC Buttler
1178405,2019,2019-04-14,Delhi Capitals,Sunrisers Hyderabad,Rajiv Gandhi International Stadium,Delhi Capitals,KMA Paul
1178404,2019,2019-04-14,Kolkata Knight Riders,Chennai Super Kings,Eden Gardens,Chennai Super Kings,Imran Tahir
1178406,2019,2019-04-15,Royal Challengers Bengaluru,Mumbai Indians,Wankhede Stadium,Mumbai Indians,SL Malinga
1178407,2019,2019-04-16,Punjab Kings,Rajasthan Royals,Punjab Cricket Association IS Bindra Stadium,Punjab Kings,R Ashwin
1178408,2019,2019-04-17,Chennai Super Kings,Sunrisers Hyderabad,Rajiv Gandhi International Stadium,Sunrisers Hyderabad,DA Warner
1178409,2019,2019-04-18,Mumbai Indians,Delhi Capitals,Arun Jaitley Stadium,Mumbai Indians,HH Pandya
1178410,2019,2019-04-19,Royal Challengers Bengaluru,Kolkata Knight Riders,Eden Gardens,Royal Challengers Bengaluru,V Kohli
1178411,2019,2019-04-20,Mumbai Indians,Rajasthan Royals,Sawai Mansingh Stadium,Rajasthan Royals,SPD Smith
1178412,2019,2019-04-20,Punjab Kings,Delhi Capitals,Arun Jaitley Stadium,Delhi Capitals,SS Iyer
1178413,2019,2019-04-21,Kolkata Knight Riders,Sunrisers Hyderabad,Rajiv Gandhi International Stadium,Sunrisers Hyderabad,KK Ahmed
1178414,2019,2019-04-21,Royal Challengers Bengaluru,Chennai Super Kings,M.Chinnaswamy Stadium,Royal Challengers Bengaluru,PA Patel
1178415,2019,2019-04-22,Rajasthan Royals,Delhi Capitals,Sawai Mansingh Stadium,Delhi Capitals,RR Pant
1178416,2019,2019-04-23,Sunrisers Hyderabad,Chennai Super Kings,MA Chidambaram Stadium,Chennai Super Kings,SR Watson
1178417,2019,2019-04-24,Royal Challengers Bengaluru,Punjab Kings,M.Chinnaswamy Stadium,Royal Challengers Bengaluru,AB de Villiers
1178418,2019,2019-04-25,Kolkata Knight Riders,Rajasthan Royals,Eden Gardens,Rajasthan Royals,VR Aaron
1178419,2019,2019-04-26,Mumbai Indians,Chennai Super Kings,MA Chidambaram Stadium,Mumbai Indians,RG Sharma
1178420,2019,2019-04-27,Sunrisers Hyderabad,Rajasthan Royals,Sawai Mansingh Stadium,Rajasthan Royals,JD Unadkat
1178422,2019,2019-04-28,Kolkata Knight Riders,Mumbai Indians,Eden Gardens,Kolkata Knight Riders,AD Russell
1178421,2019,2019-04-28,Delhi Capitals,Royal Challengers Bengaluru,Arun Jaitley Stadium,Delhi Capitals,S Dhawan
1178423,2019,2019-04-29,Sunrisers Hyderabad,Punjab Kings,Rajiv Gandhi International Stadium,Sunrisers Hyderabad,DA Warner
1178424,2019,2019-04-30,Royal Challengers Bengaluru,Rajasthan Royals,M.Chinnaswamy Stadium,No Result,Unknown
1178425,2019,2019-05-01,Chennai Super Kings,Delhi Capitals,MA Chidambaram Stadium,Chennai Super Kings,MS Dhoni
1178426,2019,2019-05-02,Mumbai Indians,Sunrisers Hyderabad,Wankhede Stadium,No Result,JJ Bumrah
1178427,2019,2019-05-03,Punjab Kings,Kolkata Knight Riders,Punjab Cricket Association IS Bindra Stadium,Kolkata Knight Riders,Shubman Gill
1178428,2019,2019-05-04,Rajasthan Royals,Delhi Capitals,Arun Jaitley Stadium,Delhi Capitals,A Mishra
1178429,2019,2019-05-04,Sunrisers Hyderabad,Royal Challengers Bengaluru,M.Chinnaswamy Stadium,Royal Challengers Bengaluru,SO Hetmyer
1178430,2019,2019-05-05,Chennai Super Kings,Punjab Kings,Punjab Cricket Association IS Bindra Stadium,Punjab Kings,KL Rahul
1178431,2019,2019-05-05,Kolkata Knight Riders,Mumbai Indians,Wankhede Stadium,Mumbai Indians,HH Pandya
1181764,2019,2019-05-07,Chennai Super Kings,Mumbai Indians,MA Chidambaram Stadium,Mumbai Indians,SA Yadav
1181766,2019,2019-05-08,Sunrisers Hyderabad,Delhi Capitals,Dr. Y.S. Rajasekhara Reddy ACA-VDCA Cricket Stadium,Delhi Capitals,RR Pant
1181767,2019,2019-05-10,Delhi Capitals,Chennai Super Kings,Dr. Y.S. Rajasekhara Reddy ACA-VDCA Cricket Stadium,Chennai Super Kings,F du Plessis
1181768,2019,2019-05-12,Mumbai Indians,Chennai Super Kings,Rajiv Gandhi International Stadium,Mumbai Indians,JJ Bumrah
1216492,2020,2020-09-19,Mumbai Indians,Chennai Super Kings,Sheikh Zayed Stadium,Chennai Super Kings,AT Rayudu
1216493,2020,2020-09-20,Delhi Capitals,Punjab Kings,Dubai International Cricket Stadium,No Result,MP Stoinis
1216534,2020,2020-09-21,Royal Challengers Bengaluru,Sunrisers Hyderabad,Dubai International Cricket Stadium,Royal Challengers Bengaluru,YS Chahal
1216496,2020,2020-09-22,Rajasthan Royals,Chennai Super Kings,Sharjah Cricket Stadium,Rajasthan Royals,SV Samson
1216508,2020,2020-09-23,Mumbai Indians,Kolkata Knight Riders,Sheikh Zayed Stadium,Mumbai Indians,RG Sharma
1216510,2020,2020-09-24,Punjab Kings,Royal Challengers Bengaluru,Dubai International Cricket Stadium,Punjab Kings,KL Rahul
1216539,2020,2020-09-25,Delhi Capitals,Chennai Super Kings,Dubai International Cricket Stadium,Delhi Capitals,PP Shaw
1216545,2020,2020-09-26,Sunrisers Hyderabad,Kolkata Knight Riders,Sheikh Zayed Stadium,Kolkata Knight Riders,Shubman Gill
1216527,2020,2020-09-27,Punjab Kings,Rajasthan Royals,Sharjah Cricket Stadium,Rajasthan Royals,SV Samson
1216547,2020,2020-09-28,Royal Challengers Bengaluru,Mumbai Indians,Dubai International Cricket Stadium,No Result,AB de Villiers
1216532,2020,2020-09-29,Sunrisers Hyderabad,Delhi Capitals,Sheikh Zayed Stadium,Sunrisers Hyderabad,Rashid Khan
1216504,2020,2020-09-30,Kolkata Knight Riders,Rajasthan Royals,Dubai International Cricket Stadium,Kolkata Knight Riders,Shivam Mavi
1216503,2020,2020-10-01,Mumbai Indians,Punjab Kings,Sheikh Zayed Stadium,Mumbai Indians,KA Pollard
1216516,2020,2020-10-02,Sunrisers Hyderabad,Chennai Super Kings,Dubai International Cricket Stadium,Sunrisers Hyderabad,PK Garg
1216515,2020,2020-10-03,Delhi Capitals,Kolkata Knight Riders,Sharjah Cricket Stadium,Delhi Capitals,SS Iyer
1216514,2020,2020-10-03,Rajasthan Royals,Royal Challengers Bengaluru,Sheikh Zayed Stadium,Royal Challengers Bengaluru,YS Chahal
1216513,2020,2020-10-04,Punjab Kings,Chennai Super Kings,Dubai International Cricket Stadium,Chennai Super Kings,SR Watson
1216538,2020,2020-10-04,Mumbai Indians,Sunrisers Hyderabad,Sharjah Cricket Stadium,Mumbai Indians,TA Boult
1216519,2020,2020-10-05,Delhi Capitals,Royal Challengers Bengaluru,Dubai International Cricket Stadium,Delhi Capitals,AR Patel
1216511,2020,2020-10-06,Mumbai Indians,Rajasthan Royals,Sheikh Zayed Stadium,Mumbai Indians,SA Yadav
1216501,2020,2020-10-07,Kolkata Knight Riders,Chennai Super Kings,Sheikh Zayed Stadium,Kolkata Knight Riders,RA Tripathi
1216542,2020,2020-10-08,Sunrisers Hyderabad,Punjab Kings,Dubai International Cricket Stadium,Sunrisers Hyderabad,JM Bairstow
1216500,2020,2020-10-09,Delhi Capitals,Rajasthan Royals,Sharjah Cricket Stadium,Delhi Capitals,R Ashwin
1216523,2020,2020-10-10,Kolkata Knight Riders,Punjab Kings,Sheikh Zayed Stadium,Kolkata Knight Riders,KD Karthik
1216525,2020,2020-10-10,Royal Challengers Bengaluru,Chennai Super Kings,Dubai International Cricket Stadium,Royal Challengers Bengaluru,V Kohli
1216529,2020,2020-10-11,Delhi Capitals,Mumbai Indians,Sheikh Zayed Stadium,Mumbai Indians,Q de Kock
1216507,2020,2020-10-11,Sunrisers Hyderabad,Rajasthan Royals,Dubai International Cricket Stadium,Rajasthan Royals,R Tewatia
1216540,2020,2020-10-12,Royal Challengers Bengaluru,Kolkata Knight Riders,Sharjah Cricket Stadium,Royal Challengers Bengaluru,AB de Villiers
1216528,2020,2020-10-13,Chennai Super Kings,Sunrisers Hyderabad,Dubai International Cricket Stadium,Chennai Super Kings,RA Jadeja
1216543,2020,2020-10-14,Delhi Capitals,Rajasthan Royals,Dubai International Cricket Stadium,Delhi Capitals,A Nortje
1216531,2020,2020-10-15,Royal Challengers Bengaluru,Punjab Kings,Sharjah Cricket Stadium,Punjab Kings,KL Rahul
1216526,2020,2020-10-16,Kolkata Knight Riders,Mumbai Indians,Sheikh Zayed Stadium,Mumbai Indians,Q de Kock
1216522,2020,2020-10-17,Rajasthan Royals,Royal Challengers Bengaluru,Dubai International Cricket Stadium,Royal Challengers Bengaluru,AB de Villiers
1216509,2020,2020-10-17,Chennai Super Kings,Delhi Capitals,Sharjah Cricket Stadium,Delhi Capitals,S Dhawan
1216517,2020,2020-10-18,Mumbai Indians,Punjab Kings,Dubai International Cricket Stadium,No Result,KL Rahul
1216512,2020,2020-10-18,Kolkata Knight Riders,Sunrisers Hyderabad,Sheikh Zayed Stadium,No Result,LH Ferguson
1216533,2020,2020-10-19,Chennai Super Kings,Rajasthan Royals,Sheikh Zayed Stadium,Rajasthan Royals,JC Buttler
1216546,2020,2020-10-20,Delhi Capitals,Punjab Kings,Dubai International Cricket Stadium,Punjab Kings,S Dhawan
1216494,2020,2020-10-21,Kolkata Knight Riders,Royal Challengers Bengaluru,Sheikh Zayed Stadium,Royal Challengers Bengaluru,Mohammed Siraj
1216518,2020,2020-10-22,Rajasthan Royals,Sunrisers Hyderabad,Dubai International Cricket Stadium,Sunrisers Hyderabad,MK Pandey
1216521,2020,2020-10-23,Chennai Super Kings,Mumbai Indians,Sharjah Cricket Stadium,Mumbai Indians,TA Boult
1216498,2020,2020-10-24,Punjab Kings,Sunrisers Hyderabad,Dubai International Cricket Stadium,Punjab Kings,CJ Jordan
1216497,2020,2020-10-24,Kolkata Knight Riders,Delhi Capitals,Sheikh Zayed Stadium,Kolkata Knight Riders,CV Varun
1216541,2020,2020-10-25,Mumbai Indians,Rajasthan Royals,Sheikh Zayed Stadium,Rajasthan Royals,BA Stokes
1216544,2020,2020-10-25,Royal Challengers Bengaluru,Chennai Super Kings,Dubai International Cricket Stadium,Chennai Super Kings,RD Gaikwad
1216520,2020,2020-10-26,Kolkata Knight Riders,Punjab Kings,Sharjah Cricket Stadium,Punjab Kings,CH Gayle
1216524,2020,2020-10-27,Sunrisers Hyderabad,Delhi Capitals,Dubai International Cricket Stadium,Sunrisers Hyderabad,WP Saha
1216499,2020,2020-10-28,Royal Challengers Bengaluru,Mumbai Indians,Sheikh Zayed Stadium,Mumbai Indians,SA Yadav
1216536,2020,2020-10-29,Kolkata Knight Riders,Chennai Super Kings,Dubai International Cricket Stadium,Chennai Super Kings,RD Gaikwad
1216537,2020,2020-10-30,Punjab Kings,Rajasthan Royals,Sheikh Zayed Stadium,Rajasthan Royals,BA Stokes
1216502,2020,2020-10-31,Royal Challengers Bengaluru,Sunrisers Hyderabad,Sharjah Cricket Stadium,Sunrisers Hyderabad,Sandeep Sharma
1216535,2020,2020-10-31,Delhi Capitals,Mumbai Indians,Dubai International Cricket Stadium,Mumbai Indians,Ishan Kishan
1216506,2020,2020-11-01,Punjab Kings,Chennai Super Kings,Sheikh Zayed Stadium,Chennai Super Kings,RD Gaikwad
1216530,2020,2020-11-01,Kolkata Knight Riders,Rajasthan Royals,Dubai International Cricket Stadium,Kolkata Knight Riders,PJ Cummins
1216505,2020,2020-11-02,Royal Challengers Bengaluru,Delhi Capitals,Sheikh Zayed Stadium,Delhi Capitals,A Nortje
1216495,2020,2020-11-03,Mumbai Indians,Sunrisers Hyderabad,Sharjah Cricket Stadium,Sunrisers Hyderabad,S Nadeem
1237177,2020,2020-11-05,Mumbai Indians,Delhi Capitals,Dubai International Cricket Stadium,Mumbai Indians,JJ Bumrah
1237178,2020,2020-11-06,Royal Challengers Bengaluru,Sunrisers Hyderabad,Sheikh Zayed Stadium,Sunrisers Hyderabad,KS Williamson
1237180,2020,2020-11-08,Delhi Capitals,Sunrisers Hyderabad,Sheikh Zayed Stadium,Delhi Capitals,MP Stoinis
1237181,2020,2020-11-10,Delhi Capitals,Mumbai Indians,Dubai International Cricket Stadium,Mumbai Indians,TA Boult
1254058,2021,2021-04-09,Mumbai Indians,Royal Challengers Bengaluru,"MA Chidambaram Stadium, Chepauk, Chennai",Royal Challengers Bengaluru,HV Patel
1254059,2021,2021-04-10,Chennai Super Kings,Delhi Capitals,"Wankhede Stadium, Mumbai",Delhi Capitals,S Dhawan
1254060,2021,2021-04-11,Kolkata Knight Riders,Sunrisers Hyderabad,"MA Chidambaram Stadium, Chepauk, Chennai",Kolkata Knight Riders,N Rana
1254061,2021,2021-04-12,Punjab Kings,Rajasthan Royals,"Wankhede Stadium, Mumbai",Punjab Kings,SV Samson
1254062,2021,2021-04-13,Mumbai Indians,Kolkata Knight Riders,"MA Chidambaram Stadium, Chepauk, Chennai",Mumbai Indians,RD Chahar
1254063,2021,2021-04-14,Royal Challengers Bengaluru,Sunrisers Hyderabad,"MA Chidambaram Stadium, Chepauk, Chennai",Royal Challengers Bengaluru,GJ Maxwell
1254064,2021,2021-04-15,Delhi Capitals,Rajasthan Royals,"Wankhede Stadium, Mumbai",Rajasthan Royals,JD Unadkat
1254065,2021,2021-04-16,Punjab Kings,Chennai Super Kings,"Wankhede Stadium, Mumbai",Chennai Super Kings,DL Chahar
1254066,2021,2021-04-17,Mumbai Indians,Sunrisers Hyderabad,"MA Chidambaram Stadium, Chepauk, Chennai",Mumbai Indians,KA Pollard
1254067,2021,2021-04-18,Royal Challengers Bengaluru,Kolkata Knight Riders,"MA Chidambaram Stadium, Chepauk, Chennai",Royal Challengers Bengaluru,AB de Villiers
1254068,2021,2021-04-18,Punjab Kings,Delhi Capitals,"Wankhede Stadium, Mumbai",Delhi Capitals,S Dhawan
1254069,2021,2021-04-19,Chennai Super Kings,Rajasthan Royals,"Wankhede Stadium, Mumbai",Chennai Super Kings,MM Ali
1254070,2021,2021-04-20,Mumbai Indians,Delhi Capitals,"MA Chidambaram Stadium, Chepauk, Chennai",Delhi Capitals,A Mishra
1254071,2021,2021-04-21,Punjab Kings,Sunrisers Hyderabad,"MA Chidambaram Stadium, Chepauk, Chennai",Sunrisers Hyderabad,JM Bairstow
1254072,2021,2021-04-21,Chennai Super Kings,Kolkata Knight Riders,"Wankhede Stadium, Mumbai",Chennai Super Kings,F du Plessis
1254073,2021,2021-04-22,Rajasthan Royals,Royal Challengers Bengaluru,"Wankhede Stadium, Mumbai",Royal Challengers Bengaluru,D Padikkal
1254074,2021,2021-04-23,Mumbai Indians,Punjab Kings,"MA Chidambaram Stadium, Chepauk, Chennai",Punjab Kings,KL Rahul
1254075,2021,2021-04-24,Kolkata Knight Riders,Rajasthan Royals,"Wankhede Stadium, Mumbai",Rajasthan Royals,CH Morris
1254077,2021,2021-04-25,Delhi Capitals,Sunrisers Hyderabad,"MA Chidambaram Stadium, Chepauk, Chennai",No Result,PP Shaw
1254076,2021,2021-04-25,Chennai Super Kings,Royal Challengers Bengaluru,"Wankhede Stadium, Mumbai",Chennai Super Kings,RA Jadeja
1254078,2021,2021-04-26,Punjab Kings,Kolkata Knight Riders,"Narendra Modi Stadium, Ahmedabad",Kolkata Knight Riders,EJG Morgan
1254079,2021,2021-04-27,Royal Challengers Bengaluru,Delhi Capitals,"Narendra Modi Stadium, Ahmedabad",Royal Challengers Bengaluru,AB de Villiers
1254080,2021,2021-04-28,Sunrisers Hyderabad,Chennai Super Kings,"Arun Jaitley Stadium, Delhi",Chennai Super Kings,RD Gaikwad
1254082,2021,2021-04-29,Kolkata Knight Riders,Delhi Capitals,"Narendra Modi Stadium, Ahmedabad",Delhi Capitals,PP Shaw
1254081,2021,2021-04-29,Rajasthan Royals,Mumbai Indians,"Arun Jaitley Stadium, Delhi",Mumbai Indians,Q de Kock
1254083,2021,2021-04-30,Punjab Kings,Royal Challengers Bengaluru,"Narendra Modi Stadium, Ahmedabad",Punjab Kings,Harpreet Brar
1254084,2021,2021-05-01,Chennai Super Kings,Mumbai Indians,"Arun Jaitley Stadium, Delhi",Mumbai Indians,KA Pollard
1254086,2021,2021-05-02,Punjab Kings,Delhi Capitals,"Narendra Modi Stadium, Ahmedabad",Delhi Capitals,MA Agarwal
1254085,2021,2021-05-02,Rajasthan Royals,Sunrisers Hyderabad,"Arun Jaitley Stadium, Delhi",Rajasthan Royals,JC Buttler
1254104,2021,2021-09-19,Chennai Super Kings,Mumbai Indians,Dubai International Cricket Stadium,Chennai Super Kings,RD Gaikwad
1254087,2021,2021-09-20,Royal Challengers Bengaluru,Kolkata Knight Riders,"Zayed Cricket Stadium, Abu Dhabi",Kolkata Knight Riders,CV Varun
1254111,2021,2021-09-21,Rajasthan Royals,Punjab Kings,Dubai International Cricket Stadium,Rajasthan Royals,Kartik Tyagi
1254105,2021,2021-09-22,Sunrisers Hyderabad,Delhi Capitals,Dubai International Cricket Stadium,Delhi Capitals,A Nortje
1254096,2021,2021-09-23,Mumbai Indians,Kolkata Knight Riders,"Zayed Cricket Stadium, Abu Dhabi",Kolkata Knight Riders,SP Narine
1254113,2021,2021-09-24,Royal Challengers Bengaluru,Chennai Super Kings,Sharjah Cricket Stadium,Chennai Super Kings,DJ Bravo
1254107,2021,2021-09-25,Punjab Kings,Sunrisers Hyderabad,Sharjah Cricket Stadium,Punjab Kings,JO Holder
1254097,2021,2021-09-25,Delhi Capitals,Rajasthan Royals,"Zayed Cricket Stadium, Abu Dhabi",Delhi Capitals,SS Iyer
1254108,2021,2021-09-26,Royal Challengers Bengaluru,Mumbai Indians,Dubai International Cricket Stadium,Royal Challengers Bengaluru,GJ Maxwell
1254098,2021,2021-09-26,Kolkata Knight Riders,Chennai Super Kings,"Zayed Cricket Stadium, Abu Dhabi",Chennai Super Kings,RA Jadeja
1254100,2021,2021-09-27,Rajasthan Royals,Sunrisers Hyderabad,Dubai International Cricket Stadium,Sunrisers Hyderabad,JJ Roy
1254099,2021,2021-09-28,Punjab Kings,Mumbai Indians,"Zayed Cricket Stadium, Abu Dhabi",Mumbai Indians,KA Pollard
1254092,2021,2021-09-28,Delhi Capitals,Kolkata Knight Riders,Sharjah Cricket Stadium,Kolkata Knight Riders,SP Narine
1254103,2021,2021-09-29,Rajasthan Royals,Royal Challengers Bengaluru,Dubai International Cricket Stadium,Royal Challengers Bengaluru,YS Chahal
1254091,2021,2021-09-30,Sunrisers Hyderabad,Chennai Super Kings,Sharjah Cricket Stadium,Chennai Super Kings,JR Hazlewood
1254102,2021,2021-10-01,Kolkata Knight Riders,Punjab Kings,Dubai International Cricket Stadium,Punjab Kings,KL Rahul
1254112,2021,2021-10-02,Mumbai Indians,Delhi Capitals,Sharjah Cricket Stadium,Delhi Capitals,AR Patel
1254089,2021,2021-10-02,Chennai Super Kings,Rajasthan Royals,"Zayed Cricket Stadium, Abu Dhabi",Rajasthan Royals,RD Gaikwad
1254090,2021,2021-10-03,Royal Challengers Bengaluru,Punjab Kings,Sharjah Cricket Stadium,Royal Challengers Bengaluru,GJ Maxwell
1254109,2021,2021-10-03,Sunrisers Hyderabad,Kolkata Knight Riders,Dubai International Cricket Stadium,Kolkata Knight Riders,Shubman Gill
1254110,2021,2021-10-04,Chennai Super Kings,Delhi Capitals,Dubai International Cricket Stadium,Delhi Capitals,AR Patel
1254093,2021,2021-10-05,Rajasthan Royals,Mumbai Indians,Sharjah Cricket Stadium,Mumbai Indians,NM Coulter-Nile
1254095,2021,2021-10-06,Sunrisers Hyderabad,Royal Challengers Bengaluru,"Zayed Cricket Stadium, Abu Dhabi",Sunrisers Hyderabad,KS Williamson
1254094,2021,2021-10-07,Chennai Super Kings,Punjab Kings,Dubai International Cricket Stadium,Punjab Kings,KL Rahul
1254106,2021,2021-10-07,Kolkata Knight Riders,Rajasthan Royals,Sharjah Cricket Stadium,Kolkata Knight Riders,Shivam Mavi
1254101,2021,2021-10-08,Delhi Capitals,Royal Challengers Bengaluru,Dubai International Cricket Stadium,Royal Challengers Bengaluru,KS Bharat
1254088,2021,2021-10-08,Mumbai Indians,Sunrisers Hyderabad,"Zayed Cricket Stadium, Abu Dhabi",Mumbai Indians,Ishan Kishan
1254114,2021,2021-10-10,Delhi Capitals,Chennai Super Kings,Dubai International Cricket Stadium,Chennai Super Kings,RD Gaikwad
1254115,2021,2021-10-11,Royal Challengers Bengaluru,Kolkata Knight Riders,Sharjah Cricket Stadium,Kolkata Knight Riders,SP Narine
1254116,2021,2021-10-13,Delhi Capitals,Kolkata Knight Riders,Sharjah Cricket Stadium,Kolkata Knight Riders,VR Iyer
1254117,2021,2021-10-15,Chennai Super Kings,Kolkata Knight Riders,Dubai International Cricket Stadium,Chennai Super Kings,F du Plessis
1304047,2022,2022-03-26,Chennai Super Kings,Kolkata Knight Riders,"Wankhede Stadium, Mumbai",Kolkata Knight Riders,UT Yadav
1304048,2022,2022-03-27,Mumbai Indians,Delhi Capitals,"Brabourne Stadium, Mumbai",Delhi Capitals,Kuldeep Yadav
1304049,2022,2022-03-27,Royal Challengers Bengaluru,Punjab Kings,"Dr DY Patil Sports Academy, Mumbai",Punjab Kings,OF Smith
1304050,2022,2022-03-28,Lucknow Super Giants,Gujarat Titans,"Wankhede Stadium, Mumbai",Gujarat Titans,Mohammed Shami
1304051,2022,2022-03-29,Rajasthan Royals,Sunrisers Hyderabad,"Maharashtra Cricket Association Stadium, Pune",Rajasthan Royals,SV Samson
1304052,2022,2022-03-30,Kolkata Knight Riders,Royal Challengers Bengaluru,"Dr DY Patil Sports Academy, Mumbai",Royal Challengers Bengaluru,PWH de Silva
1304053,2022,2022-03-31,Chennai Super Kings,Lucknow Super Giants,"Brabourne Stadium, Mumbai",Lucknow Super Giants,E Lewis
1304054,2022,2022-04-01,Punjab Kings,Kolkata Knight Riders,"Wankhede Stadium, Mumbai",Kolkata Knight Riders,UT Yadav
1304055,2022,2022-04-02,Rajasthan Royals,Mumbai Indians,"Dr DY Patil Sports Academy, Mumbai",Rajasthan Royals,JC Buttler
1304056,2022,2022-04-02,Gujarat Titans,Delhi Capitals,"Maharashtra Cricket Association Stadium, Pune",Gujarat Titans,LH Ferguson
1304057,2022,2022-04-03,Punjab Kings,Chennai Super Kings,"Brabourne Stadium, Mumbai",Punjab Kings,LS Livingstone
1304058,2022,2022-04-04,Lucknow Super Giants,Sunrisers Hyderabad,"Dr DY Patil Sports Academy, Mumbai",Lucknow Super Giants,Avesh Khan
1304059,2022,2022-04-05,Rajasthan Royals,Royal Challengers Bengaluru,"Wankhede Stadium, Mumbai",Royal Challengers Bengaluru,KD Karthik
1304060,2022,2022-04-06,Mumbai Indians,Kolkata Knight Riders,"Maharashtra Cricket Association Stadium, Pune",Kolkata Knight Riders,PJ Cummins
1304061,2022,2022-04-07,Delhi Capitals,Lucknow Super Giants,"Dr DY Patil Sports Academy, Mumbai",Lucknow Super Giants,Q de Kock
1304062,2022,2022-04-08,Punjab Kings,Gujarat Titans,"Brabourne Stadium, Mumbai",Gujarat Titans,Shubman Gill
1304063,2022,2022-04-09,Chennai Super Kings,Sunrisers Hyderabad,"Dr DY Patil Sports Academy, Mumbai",Sunrisers Hyderabad,Abhishek Sharma
1304064,2022,2022-04-09,Mumbai Indians,Royal Challengers Bengaluru,"Maharashtra Cricket Association Stadium, Pune",Royal Challengers Bengaluru,Anuj Rawat
1304065,2022,2022-04-10,Delhi Capitals,Kolkata Knight Riders,"Brabourne Stadium, Mumbai",Delhi Capitals,Kuldeep Yadav
1304066,2022,2022-04-10,Rajasthan Royals,Lucknow Super Giants,"Wankhede Stadium, Mumbai",Rajasthan Royals,YS Chahal
1304067,2022,2022-04-11,Gujarat Titans,Sunrisers Hyderabad,"Dr DY Patil Sports Academy, Mumbai",Sunrisers Hyderabad,KS Williamson
1304068,2022,2022-04-12,Chennai Super Kings,Royal Challengers Bengaluru,"Dr DY Patil Sports Academy, Mumbai",Chennai Super Kings,S Dube
1304069,2022,2022-04-13,Punjab Kings,Mumbai Indians,"Maharashtra Cricket Association Stadium, Pune",Punjab Kings,MA Agarwal
1304070,2022,2022-04-14,Gujarat Titans,Rajasthan Royals,"Dr DY Patil Sports Academy, Mumbai",Gujarat Titans,HH Pandya
1304071,2022,2022-04-15,Kolkata Knight Riders,Sunrisers Hyderabad,"Brabourne Stadium, Mumbai",Sunrisers Hyderabad,RA Tripathi
1304072,2022,2022-04-16,Lucknow Super Giants,Mumbai Indians,"Brabourne Stadium, Mumbai",Lucknow Super Giants,KL Rahul
1304073,2022,2022-04-16,Royal Challengers Bengaluru,Delhi Capitals,"Wankhede Stadium, Mumbai",Royal Challengers Bengaluru,KD Karthik
1304075,2022,2022-04-17,Chennai Super Kings,Gujarat Titans,"Maharashtra Cricket Association Stadium, Pune",Gujarat Titans,DA Miller
1304074,2022,2022-04-17,Punjab Kings,Sunrisers Hyderabad,"Dr DY Patil Sports Academy, Mumbai",Sunrisers Hyderabad,Umran Malik
1304076,2022,2022-04-18,Rajasthan Royals,Kolkata Knight Riders,"Brabourne Stadium, Mumbai",Rajasthan Royals,YS Chahal
1304077,2022,2022-04-19,Royal Challengers Bengaluru,Lucknow Super Giants,"Dr DY Patil Sports Academy, Mumbai",Royal Challengers Bengaluru,F du Plessis
1304078,2022,2022-04-20,Punjab Kings,Delhi Capitals,"Brabourne Stadium, Mumbai",Delhi Capitals,Kuldeep Yadav
1304079,2022,2022-04-21,Mumbai Indians,Chennai Super Kings,"Dr DY Patil Sports Academy, Mumbai",Chennai Super Kings,Mukesh Choudhary
1304080,2022,2022-04-22,Rajasthan Royals,Delhi Capitals,"Wankhede Stadium, Mumbai",Rajasthan Royals,JC Buttler
1304082,2022,2022-04-23,Royal Challengers Bengaluru,Sunrisers Hyderabad,"Brabourne Stadium, Mumbai",Sunrisers Hyderabad,M Jansen
1304081,2022,2022-04-23,Gujarat Titans,Kolkata Knight Riders,"Dr DY Patil Sports Academy, Mumbai",Gujarat Titans,Rashid Khan
1304083,2022,2022-04-24,Lucknow Super Giants,Mumbai Indians,"Wankhede Stadium, Mumbai",Lucknow Super Giants,KL Rahul
1304084,2022,2022-04-25,Punjab Kings,Chennai Super Kings,"Wankhede Stadium, Mumbai",Punjab Kings,S Dhawan
1304085,2022,2022-04-26,Rajasthan Royals,Royal Challengers Bengaluru,"Maharashtra Cricket Association Stadium, Pune",Rajasthan Royals,R Parag
1304086,2022,2022-04-27,Sunrisers Hyderabad,Gujarat Titans,"Wankhede Stadium, Mumbai",Gujarat Titans,Umran Malik
1304087,2022,2022-04-28,Kolkata Knight Riders,Delhi Capitals,"Wankhede Stadium, Mumbai",Delhi Capitals,Kuldeep Yadav
1304088,2022,2022-04-29,Lucknow Super Giants,Punjab Kings,"Maharashtra Cricket Association Stadium, Pune",Lucknow Super Giants,KH Pandya
1304089,2022,2022-04-30,Royal Challengers Bengaluru,Gujarat Titans,"Brabourne Stadium, Mumbai",Gujarat Titans,R Tewatia
1304090,2022,2022-04-30,Rajasthan Royals,Mumbai Indians,"Dr DY Patil Sports Academy, Mumbai",Mumbai Indians,SA Yadav
1304091,2022,2022-05-01,Lucknow Super Giants,Delhi Capitals,"Wankhede Stadium, Mumbai",Lucknow Super Giants,Mohsin Khan
1304092,2022,2022-05-01,Chennai Super Kings,Sunrisers Hyderabad,"Maharashtra Cricket Association Stadium, Pune",Chennai Super Kings,RD Gaikwad
1304093,2022,2022-05-02,Rajasthan Royals,Kolkata Knight Riders,"Wankhede Stadium, Mumbai",Kolkata Knight Riders,RK Singh
1304094,2022,2022-05-03,Gujarat Titans,Punjab Kings,"Dr DY Patil Sports Academy, Mumbai",Punjab Kings,K Rabada
1304095,2022,2022-05-04,Royal Challengers Bengaluru,Chennai Super Kings,"Maharashtra Cricket Association Stadium, Pune",Royal Challengers Bengaluru,HV Patel
1304096,2022,2022-05-05,Delhi Capitals,Sunrisers Hyderabad,"Brabourne Stadium, Mumbai",Delhi Capitals,DA Warner
1304097,2022,2022-05-06,Mumbai Indians,Gujarat Titans,"Brabourne Stadium, Mumbai",Mumbai Indians,TH David
1304099,2022,2022-05-07,Lucknow Super Giants,Kolkata Knight Riders,"Maharashtra Cricket Association Stadium, Pune",Lucknow Super Giants,Avesh Khan
1304098,2022,2022-05-07,Punjab Kings,Rajasthan Royals,"Wankhede Stadium, Mumbai",Rajasthan Royals,YBK Jaiswal
1304100,2022,2022-05-08,Royal Challengers Bengaluru,Sunrisers Hyderabad,"Wankhede Stadium, Mumbai",Royal Challengers Bengaluru,PWH de Silva
1304101,2022,2022-05-08,Chennai Super Kings,Delhi Capitals,"Dr DY Patil Sports Academy, Mumbai",Chennai Super Kings,DP Conway
1304102,2022,2022-05-09,Kolkata Knight Riders,Mumbai Indians,"Dr DY Patil Sports Academy, Mumbai",Kolkata Knight Riders,JJ Bumrah
1304103,2022,2022-05-10,Gujarat Titans,Lucknow Super Giants,"Maharashtra Cricket Association Stadium, Pune",Gujarat Titans,Shubman Gill
1304104,2022,2022-05-11,Rajasthan Royals,Delhi Capitals,"Dr DY Patil Sports Academy, Mumbai",Delhi Capitals,MR Marsh
1304105,2022,2022-05-12,Chennai Super Kings,Mumbai Indians,"Wankhede Stadium, Mumbai",Mumbai Indians,DR Sams
1304106,2022,2022-05-13,Punjab Kings,Royal Challengers Bengaluru,"Brabourne Stadium, Mumbai",Punjab Kings,JM Bairstow
1304107,2022,2022-05-14,Kolkata Knight Riders,Sunrisers Hyderabad,"Maharashtra Cricket Association Stadium, Pune",Kolkata Knight Riders,AD Russell
1304108,2022,2022-05-15,Chennai Super Kings,Gujarat Titans,"Wankhede Stadium, Mumbai",Gujarat Titans,WP Saha
1304109,2022,2022-05-15,Rajasthan Royals,Lucknow Super Giants,"Brabourne Stadium, Mumbai",Rajasthan Royals,TA Boult
1304110,2022,2022-05-16,Delhi Capitals,Punjab Kings,"Dr DY Patil Sports Academy, Mumbai",Delhi Capitals,SN Thakur
1304111,2022,2022-05-17,Sunrisers Hyderabad,Mumbai Indians,"Wankhede Stadium, Mumbai",Sunrisers Hyderabad,RA Tripathi
1304112,2022,2022-05-18,Lucknow Super Giants,Kolkata Knight Riders,"Dr DY Patil Sports Academy, Mumbai",Lucknow Super Giants,Q de Kock
1304113,2022,2022-05-19,Gujarat Titans,Royal Challengers Bengaluru,"Wankhede Stadium, Mumbai",Royal Challengers Bengaluru,V Kohli
1304114,2022,2022-05-20,Chennai Super Kings,Rajasthan Royals,"Brabourne Stadium, Mumbai",Rajasthan Royals,R Ashwin
1304115,2022,2022-05-21,Delhi Capitals,Mumbai Indians,"Wankhede Stadium, Mumbai",Mumbai Indians,JJ Bumrah
1304116,2022,2022-05-22,Sunrisers Hyderabad,Punjab Kings,"Wankhede Stadium, Mumbai",Punjab Kings,Harpreet Brar
1312197,2022,2022-05-24,Rajasthan Royals,Gujarat Titans,"Eden Gardens, Kolkata",Gujarat Titans,DA Miller
1312198,2022,2022-05-25,Royal Challengers Bengaluru,Lucknow Super Giants,"Eden Gardens, Kolkata",Royal Challengers Bengaluru,RM Patidar
1312199,2022,2022-05-27,Royal Challengers Bengaluru,Rajasthan Royals,"Narendra Modi Stadium, Ahmedabad",Rajasthan Royals,JC Buttler
1312200,2022,2022-05-29,Rajasthan Royals,Gujarat Titans,"Narendra Modi Stadium, Ahmedabad",Gujarat Titans,HH Pandya
1359475,2023,2023-03-31,Chennai Super Kings,Gujarat Titans,"Narendra Modi Stadium, Ahmedabad",Gujarat Titans,Rashid Khan
1359476,2023,2023-04-01,Punjab Kings,Kolkata Knight Riders,"Punjab Cricket Association IS Bindra Stadium, Mohali, Chandigarh",Punjab Kings,Arshdeep Singh
1359477,2023,2023-04-01,Lucknow Super Giants,Delhi Capitals,"Bharat Ratna Shri Atal Bihari Vajpayee Ekana Cricket Stadium, Lucknow",Lucknow Super Giants,MA Wood
1359478,2023,2023-04-02,Rajasthan Royals,Sunrisers Hyderabad,"Rajiv Gandhi International Stadium, Uppal, Hyderabad",Rajasthan Royals,JC Buttler
1359479,2023,2023-04-02,Mumbai Indians,Royal Challengers Bengaluru,"M Chinnaswamy Stadium, Bengaluru",Royal Challengers Bengaluru,F du Plessis
1359480,2023,2023-04-03,Chennai Super Kings,Lucknow Super Giants,"MA Chidambaram Stadium, Chepauk, Chennai",Chennai Super Kings,MM Ali
1359481,2023,2023-04-04,Delhi Capitals,Gujarat Titans,"Arun Jaitley Stadium, Delhi",Gujarat Titans,B Sai Sudharsan
1359482,2023,2023-04-05,Punjab Kings,Rajasthan Royals,"Barsapara Cricket Stadium, Guwahati",Punjab Kings,NT Ellis
1359483,2023,2023-04-06,Kolkata Knight Riders,Royal Challengers Bengaluru,"Eden Gardens, Kolkata",Kolkata Knight Riders,SN Thakur
1359484,2023,2023-04-07,Sunrisers Hyderabad,Lucknow Super Giants,"Bharat Ratna Shri Atal Bihari Vajpayee Ekana Cricket Stadium, Lucknow",Lucknow Super Giants,KH Pandya
1359486,2023,2023-04-08,Mumbai Indians,Chennai Super Kings,"Wankhede Stadium, Mumbai",Chennai Super Kings,RA Jadeja
1359485,2023,2023-04-08,Rajasthan Royals,Delhi Capitals,"Barsapara Cricket Stadium, Guwahati",Rajasthan Royals,YBK Jaiswal
1359487,2023,2023-04-09,Gujarat Titans,Kolkata Knight Riders,"Narendra Modi Stadium, Ahmedabad",Kolkata Knight Riders,RK Singh
1359488,2023,2023-04-09,Punjab Kings,Sunrisers Hyderabad,"Rajiv Gandhi International Stadium, Uppal, Hyderabad",Sunrisers Hyderabad,S Dhawan
1359489,2023,2023-04-10,Royal Challengers Bengaluru,Lucknow Super Giants,"M Chinnaswamy Stadium, Bengaluru",Lucknow Super Giants,N Pooran
1359490,2023,2023-04-11,Delhi Capitals,Mumbai Indians,"Arun Jaitley Stadium, Delhi",Mumbai Indians,RG Sharma
1359491,2023,2023-04-12,Rajasthan Royals,Chennai Super Kings,"MA Chidambaram Stadium, Chepauk, Chennai",Rajasthan Royals,R Ashwin
1359492,2023,2023-04-13,Punjab Kings,Gujarat Titans,"Punjab Cricket Association IS Bindra Stadium, Mohali, Chandigarh",Gujarat Titans,MM Sharma
1359493,2023,2023-04-14,Sunrisers Hyderabad,Kolkata Knight Riders,"Eden Gardens, Kolkata",Sunrisers Hyderabad,HC Brook
1359495,2023,2023-04-15,Lucknow Super Giants,Punjab Kings,"Bharat Ratna Shri Atal Bihari Vajpayee Ekana Cricket Stadium, Lucknow",Punjab Kings,Sikandar Raza
1359494,2023,2023-04-15,Royal Challengers Bengaluru,Delhi Capitals,"M Chinnaswamy Stadium, Bengaluru",Royal Challengers Bengaluru,V Kohli
1359496,2023,2023-04-16,Kolkata Knight Riders,Mumbai Indians,"Wankhede Stadium, Mumbai",Mumbai Indians,VR Iyer
1359497,2023,2023-04-16,Gujarat Titans,Rajasthan Royals,"Narendra Modi Stadium, Ahmedabad",Rajasthan Royals,SO Hetmyer
1359498,2023,2023-04-17,Chennai Super Kings,Royal Challengers Bengaluru,"M Chinnaswamy Stadium, Bengaluru",Chennai Super Kings,DP Conway
1359499,2023,2023-04-18,Mumbai Indians,Sunrisers Hyderabad,"Rajiv Gandhi International Stadium, Uppal, Hyderabad",Mumbai Indians,C Green
1359500,2023,2023-04-19,Lucknow Super Giants,Rajasthan Royals,"Sawai Mansingh Stadium, Jaipur",Lucknow Super Giants,MP Stoinis
1359502,2023,2023-04-20,Kolkata Knight Riders,Delhi Capitals,"Arun Jaitley Stadium, Delhi",Delhi Capitals,I Sharma
1359501,2023,2023-04-20,Royal Challengers Bengaluru,Punjab Kings,"Punjab Cricket Association IS Bindra Stadium, Mohali, Chandigarh",Royal Challengers Bengaluru,Mohammed Siraj
1359503,2023,2023-04-21,Sunrisers Hyderabad,Chennai Super Kings,"MA Chidambaram Stadium, Chepauk, Chennai",Chennai Super Kings,RA Jadeja
1359504,2023,2023-04-22,Gujarat Titans,Lucknow Super Giants,"Bharat Ratna Shri Atal Bihari Vajpayee Ekana Cricket Stadium, Lucknow",Gujarat Titans,MM Sharma
1359505,2023,2023-04-22,Punjab Kings,Mumbai Indians,"Wankhede Stadium, Mumbai",Punjab Kings,SM Curran
1359507,2023,2023-04-23,Chennai Super Kings,Kolkata Knight Riders,"Eden Gardens, Kolkata",Chennai Super Kings,AM Rahane
1359506,2023,2023-04-23,Royal Challengers Bengaluru,Rajasthan Royals,"M Chinnaswamy Stadium, Bengaluru",Royal Challengers Bengaluru,GJ Maxwell
1359508,2023,2023-04-24,Delhi Capitals,Sunrisers Hyderabad,"Rajiv Gandhi International Stadium, Uppal, Hyderabad",Delhi Capitals,AR Patel
1359509,2023,2023-04-25,Gujarat Titans,Mumbai Indians,"Narendra Modi Stadium, Ahmedabad",Gujarat Titans,A Manohar
1359510,2023,2023-04-26,Kolkata Knight Riders,Royal Challengers Bengaluru,"M Chinnaswamy Stadium, Bengaluru",Kolkata Knight Riders,CV Varun
1359511,2023,2023-04-27,Rajasthan Royals,Chennai Super Kings,"Sawai Mansingh Stadium, Jaipur",Rajasthan Royals,YBK Jaiswal
1359512,2023,2023-04-28,Lucknow Super Giants,Punjab Kings,"Punjab Cricket Association IS Bindra Stadium, Mohali, Chandigarh",Lucknow Super Giants,MP Stoinis
1359513,2023,2023-04-29,Kolkata Knight Riders,Gujarat Titans,"Eden Gardens, Kolkata",Gujarat Titans,J Little
1359514,2023,2023-04-29,Sunrisers Hyderabad,Delhi Capitals,"Arun Jaitley Stadium, Delhi",Sunrisers Hyderabad,MR Marsh
1359515,2023,2023-04-30,Chennai Super Kings,Punjab Kings,"MA Chidambaram Stadium, Chepauk, Chennai",Punjab Kings,DP Conway
1359516,2023,2023-04-30,Rajasthan Royals,Mumbai Indians,"Wankhede Stadium, Mumbai",Mumbai Indians,YBK Jaiswal
1359517,2023,2023-05-01,Royal Challengers Bengaluru,Lucknow Super Giants,"Bharat Ratna Shri Atal Bihari Vajpayee Ekana Cricket Stadium, Lucknow",Royal Challengers Bengaluru,F du Plessis
1359518,2023,2023-05-02,Delhi Capitals,Gujarat Titans,"Narendra Modi Stadium, Ahmedabad",Delhi Capitals,Mohammed Shami
1359519,2023,2023-05-03,Lucknow Super Giants,Chennai Super Kings,"Bharat Ratna Shri Atal Bihari Vajpayee Ekana Cricket Stadium, Lucknow",No Result,Unknown
1359520,2023,2023-05-03,Punjab Kings,Mumbai Indians,"Punjab Cricket Association IS Bindra Stadium, Mohali, Chandigarh",Mumbai Indians,Ishan Kishan
1359521,2023,2023-05-04,Kolkata Knight Riders,Sunrisers Hyderabad,"Rajiv Gandhi International Stadium, Uppal, Hyderabad",Kolkata Knight Riders,CV Varun
1359522,2023,2023-05-05,Rajasthan Royals,Gujarat Titans,"Sawai Mansingh Stadium, Jaipur",Gujarat Titans,Rashid Khan
1359523,2023,2023-05-06,Mumbai Indians,Chennai Super Kings,"MA Chidambaram Stadium, Chepauk, Chennai",Chennai Super Kings,M Pathirana
1359524,2023,2023-05-06,Royal Challengers Bengaluru,Delhi Capitals,"Arun Jaitley Stadium, Delhi",Delhi Capitals,PD Salt
1359525,2023,2023-05-07,Gujarat Titans,Lucknow Super Giants,"Narendra Modi Stadium, Ahmedabad",Gujarat Titans,Shubman Gill
1359526,2023,2023-05-07,Rajasthan Royals,Sunrisers Hyderabad,"Sawai Mansingh Stadium, Jaipur",Sunrisers Hyderabad,GD Phillips
1359527,2023,2023-05-08,Punjab Kings,Kolkata Knight Riders,"Eden Gardens, Kolkata",Kolkata Knight Riders,AD Russell
1359528,2023,2023-05-09,Royal Challengers Bengaluru,Mumbai Indians,"Wankhede Stadium, Mumbai",Mumbai Indians,SA Yadav
1359529,2023,2023-05-10,Chennai Super Kings,Delhi Capitals,"MA Chidambaram Stadium, Chepauk, Chennai",Chennai Super Kings,RA Jadeja
1359530,2023,2023-05-11,Kolkata Knight Riders,Rajasthan Royals,"Eden Gardens, Kolkata",Rajasthan Royals,YBK Jaiswal
1359531,2023,2023-05-12,Mumbai Indians,Gujarat Titans,"Wankhede Stadium, Mumbai",Mumbai Indians,SA Yadav
1359533,2023,2023-05-13,Punjab Kings,Delhi Capitals,"Arun Jaitley Stadium, Delhi",Punjab Kings,P Simran Singh
1359532,2023,2023-05-13,Sunrisers Hyderabad,Lucknow Super Giants,"Rajiv Gandhi International Stadium, Uppal, Hyderabad",Lucknow Super Giants,PN Mankad
1359535,2023,2023-05-14,Chennai Super Kings,Kolkata Knight Riders,"MA Chidambaram Stadium, Chepauk, Chennai",Kolkata Knight Riders,RK Singh
1359534,2023,2023-05-14,Royal Challengers Bengaluru,Rajasthan Royals,"Sawai Mansingh Stadium, Jaipur",Royal Challengers Bengaluru,WD Parnell
1359536,2023,2023-05-15,Gujarat Titans,Sunrisers Hyderabad,"Narendra Modi Stadium, Ahmedabad",Gujarat Titans,Shubman Gill
1359537,2023,2023-05-16,Lucknow Super Giants,Mumbai Indians,"Bharat Ratna Shri Atal Bihari Vajpayee Ekana Cricket Stadium, Lucknow",Lucknow Super Giants,MP Stoinis
1359538,2023,2023-05-17,Delhi Capitals,Punjab Kings,"Himachal Pradesh Cricket Association Stadium, Dharamsala",Delhi Capitals,RR Rossouw
1359539,2023,2023-05-18,Sunrisers Hyderabad,Royal Challengers Bengaluru,"Rajiv Gandhi International Stadium, Uppal, Hyderabad",Royal Challengers Bengaluru,V Kohli
1359540,2023,2023-05-19,Punjab Kings,Rajasthan Royals,"Himachal Pradesh Cricket Association Stadium, Dharamsala",Rajasthan Royals,D Padikkal
1359542,2023,2023-05-20,Lucknow Super Giants,Kolkata Knight Riders,"Eden Gardens, Kolkata",Lucknow Super Giants,N Pooran
1359541,2023,2023-05-20,Chennai Super Kings,Delhi Capitals,"Arun Jaitley Stadium, Delhi",Chennai Super Kings,RD Gaikwad
1359544,2023,2023-05-21,Royal Challengers Bengaluru,Gujarat Titans,"M Chinnaswamy Stadium, Bengaluru",Gujarat Titans,Shubman Gill
1359543,2023,2023-05-21,Sunrisers Hyderabad,Mumbai Indians,"Wankhede Stadium, Mumbai",Mumbai Indians,C Green
1370350,2023,2023-05-23,Chennai Super Kings,Gujarat Titans,"MA Chidambaram Stadium, Chepauk, Chennai",Chennai Super Kings,RD Gaikwad
1370351,2023,2023-05-24,Mumbai Indians,Lucknow Super Giants,"MA Chidambaram Stadium, Chepauk, Chennai",Mumbai Indians,Akash Madhwal
1370352,2023,2023-05-26,Gujarat Titans,Mumbai Indians,"Narendra Modi Stadium, Ahmedabad",Gujarat Titans,Shubman Gill
1370353,2023,2023-05-29,Gujarat Titans,Chennai Super Kings,"Narendra Modi Stadium, Ahmedabad",Chennai Super Kings,DP Conway
1422119,2024,2024-03-22,Royal Challengers Bengaluru,Chennai Super Kings,"MA Chidambaram Stadium, Chepauk, Chennai",Chennai Super Kings,Mustafizur Rahman
1422120,2024,2024-03-23,Delhi Capitals,Punjab Kings,"Maharaja Yadavindra Singh International Cricket Stadium, Mullanpur",Punjab Kings,SM Curran
1422121,2024,2024-03-23,Kolkata Knight Riders,Sunrisers Hyderabad,"Eden Gardens, Kolkata",Kolkata Knight Riders,AD Russell
1422122,2024,2024-03-24,Rajasthan Royals,Lucknow Super Giants,"Sawai Mansingh Stadium, Jaipur",Rajasthan Royals,SV Samson
1422123,2024,2024-03-24,Gujarat Titans,Mumbai Indians,"Narendra Modi Stadium, Ahmedabad",Gujarat Titans,B Sai Sudharsan
1422124,2024,2024-03-25,Punjab Kings,Royal Challengers Bengaluru,"M Chinnaswamy Stadium, Bengaluru",Royal Challengers Bengaluru,V Kohli
1422125,2024,2024-03-26,Chennai Super Kings,Gujarat Titans,"MA Chidambaram Stadium, Chepauk, Chennai",Chennai Super Kings,S Dube
1422126,2024,2024-03-27,Sunrisers Hyderabad,Mumbai Indians,"Rajiv Gandhi International Stadium, Uppal, Hyderabad",Sunrisers Hyderabad,Abhishek Sharma
1422127,2024,2024-03-28,Rajasthan Royals,Delhi Capitals,"Sawai Mansingh Stadium, Jaipur",Rajasthan Royals,R Parag
1422128,2024,2024-03-29,Royal Challengers Bengaluru,Kolkata Knight Riders,"M Chinnaswamy Stadium, Bengaluru",Kolkata Knight Riders,SP Narine
1422129,2024,2024-03-30,Lucknow Super Giants,Punjab Kings,"Bharat Ratna Shri Atal Bihari Vajpayee Ekana Cricket Stadium, Lucknow",Lucknow Super Giants,MP Yadav
1422131,2024,2024-03-31,Delhi Capitals,Chennai Super Kings,"Dr. Y.S. Rajasekhara Reddy ACA-VDCA Cricket Stadium, Visakhapatnam",Delhi Capitals,KK Ahmed
1422130,2024,2024-03-31,Sunrisers Hyderabad,Gujarat Titans,"Narendra Modi Stadium, Ahmedabad",Gujarat Titans,MM Sharma
1422132,2024,2024-04-01,Mumbai Indians,Rajasthan Royals,"Wankhede Stadium, Mumbai",Rajasthan Royals,TA Boult
1422133,2024,2024-04-02,Lucknow Super Giants,Royal Challengers Bengaluru,"M Chinnaswamy Stadium, Bengaluru",Lucknow Super Giants,MP Yadav
1422134,2024,2024-04-03,Kolkata Knight Riders,Delhi Capitals,"Dr. Y.S. Rajasekhara Reddy ACA-VDCA Cricket Stadium, Visakhapatnam",Kolkata Knight Riders,SP Narine
1422135,2024,2024-04-04,Gujarat Titans,Punjab Kings,"Narendra Modi Stadium, Ahmedabad",Punjab Kings,Shashank Singh
1422136,2024,2024-04-05,Chennai Super Kings,Sunrisers Hyderabad,"Rajiv Gandhi International Stadium, Uppal, Hyderabad",Sunrisers Hyderabad,Abhishek Sharma
1422137,2024,2024-04-06,Royal Challengers Bengaluru,Rajasthan Royals,"Sawai Mansingh Stadium, Jaipur",Rajasthan Royals,JC Buttler
1422139,2024,2024-04-07,Lucknow Super Giants,Gujarat Titans,"Bharat Ratna Shri Atal Bihari Vajpayee Ekana Cricket Stadium, Lucknow",Lucknow Super Giants,Yash Thakur
1422138,2024,2024-04-07,Mumbai Indians,Delhi Capitals,"Wankhede Stadium, Mumbai",Mumbai Indians,R Shepherd
1426260,2024,2024-04-08,Kolkata Knight Riders,Chennai Super Kings,"MA Chidambaram Stadium, Chepauk, Chennai",Chennai Super Kings,RA Jadeja
1426261,2024,2024-04-09,Sunrisers Hyderabad,Punjab Kings,"Maharaja Yadavindra Singh International Cricket Stadium, Mullanpur",Sunrisers Hyderabad,Nithish Kumar Reddy
1426262,2024,2024-04-10,Rajasthan Royals,Gujarat Titans,"Sawai Mansingh Stadium, Jaipur",Gujarat Titans,Rashid Khan
1426263,2024,2024-04-11,Royal Challengers Bengaluru,Mumbai Indians,"Wankhede Stadium, Mumbai",Mumbai Indians,JJ Bumrah
1426264,2024,2024-04-12,Lucknow Super Giants,Delhi Capitals,"Bharat Ratna Shri Atal Bihari Vajpayee Ekana Cricket Stadium, Lucknow",Delhi Capitals,Kuldeep Yadav
1426265,2024,2024-04-13,Punjab Kings,Rajasthan Royals,"Maharaja Yadavindra Singh International Cricket Stadium, Mullanpur",Rajasthan Royals,SO Hetmyer
1426266,2024,2024-04-14,Lucknow Super Giants,Kolkata Knight Riders,"Eden Gardens, Kolkata",Kolkata Knight Riders,PD Salt
1426267,2024,2024-04-14,Chennai Super Kings,Mumbai Indians,"Wankhede Stadium, Mumbai",Chennai Super Kings,M Pathirana
1426268,2024,2024-04-15,Sunrisers Hyderabad,Royal Challengers Bengaluru,"M Chinnaswamy Stadium, Bengaluru",Sunrisers Hyderabad,TM Head
1426269,2024,2024-04-16,Kolkata Knight Riders,Rajasthan Royals,"Eden Gardens, Kolkata",Rajasthan Royals,JC Buttler
1426270,2024,2024-04-17,Gujarat Titans,Delhi Capitals,"Narendra Modi Stadium, Ahmedabad",Delhi Capitals,RR Pant
1426271,2024,2024-04-18,Mumbai Indians,Punjab Kings,"Maharaja Yadavindra Singh International Cricket Stadium, Mullanpur",Mumbai Indians,JJ Bumrah
1426272,2024,2024-04-19,Chennai Super Kings,Lucknow Super Giants,"Bharat Ratna Shri Atal Bihari Vajpayee Ekana Cricket Stadium, Lucknow",Lucknow Super Giants,KL Rahul
1426273,2024,2024-04-20,Sunrisers Hyderabad,Delhi Capitals,"Arun Jaitley Stadium, Delhi",Sunrisers Hyderabad,TM Head
1426275,2024,2024-04-21,Punjab Kings,Gujarat Titans,"Maharaja Yadavindra Singh International Cricket Stadium, Mullanpur",Gujarat Titans,R Sai Kishore
1426274,2024,2024-04-21,Kolkata Knight Riders,Royal Challengers Bengaluru,"Eden Gardens, Kolkata",Kolkata Knight Riders,AD Russell
1426276,2024,2024-04-22,Mumbai Indians,Rajasthan Royals,"Sawai Mansingh Stadium, Jaipur",Rajasthan Royals,Sandeep Sharma
1426277,2024,2024-04-23,Chennai Super Kings,Lucknow Super Giants,"MA Chidambaram Stadium, Chepauk, Chennai",Lucknow Super Giants,MP Stoinis
1426278,2024,2024-04-24,Delhi Capitals,Gujarat Titans,"Arun Jaitley Stadium, Delhi",Delhi Capitals,RR Pant
1426279,2024,2024-04-25,Royal Challengers Bengaluru,Sunrisers Hyderabad,"Rajiv Gandhi International Stadium, Uppal, Hyderabad",Royal Challengers Bengaluru,RM Patidar
1426280,2024,2024-04-26,Kolkata Knight Riders,Punjab Kings,"Eden Gardens, Kolkata",Punjab Kings,JM Bairstow
1426281,2024,2024-04-27,Delhi Capitals,Mumbai Indians,"Arun Jaitley Stadium, Delhi",Delhi Capitals,J Fraser-McGurk
1426282,2024,2024-04-27,Lucknow Super Giants,Rajasthan Royals,"Bharat Ratna Shri Atal Bihari Vajpayee Ekana Cricket Stadium, Lucknow",Rajasthan Royals,SV Samson
1426283,2024,2024-04-28,Gujarat Titans,Royal Challengers Bengaluru,"Narendra Modi Stadium, Ahmedabad",Royal Challengers Bengaluru,WG Jacks
1426284,2024,2024-04-28,Chennai Super Kings,Sunrisers Hyderabad,"MA Chidambaram Stadium, Chepauk, Chennai",Chennai Super Kings,RD Gaikwad
1426285,2024,2024-04-29,Delhi Capitals,Kolkata Knight Riders,"Eden Gardens, Kolkata",Kolkata Knight Riders,CV Varun
1426286,2024,2024-04-30,Mumbai Indians,Lucknow Super Giants,"Bharat Ratna Shri Atal Bihari Vajpayee Ekana Cricket Stadium, Lucknow",Lucknow Super Giants,MP Stoinis
1426287,2024,2024-05-01,Chennai Super Kings,Punjab Kings,"MA Chidambaram Stadium, Chepauk, Chennai",Punjab Kings,Harpreet Brar
1426288,2024,2024-05-02,Sunrisers Hyderabad,Rajasthan Royals,"Rajiv Gandhi International Stadium, Uppal, Hyderabad",Sunrisers Hyderabad,B Kumar
1426289,2024,2024-05-03,Kolkata Knight Riders,Mumbai Indians,"Wankhede Stadium, Mumbai",Kolkata Knight Riders,VR Iyer
1426290,2024,2024-05-04,Gujarat Titans,Royal Challengers Bengaluru,"M Chinnaswamy Stadium, Bengaluru",Royal Challengers Bengaluru,Mohammed Siraj
1426291,2024,2024-05-05,Chennai Super Kings,Punjab Kings,"Himachal Pradesh Cricket Association Stadium, Dharamsala",Chennai Super Kings,RA Jadeja
1426292,2024,2024-05-05,Kolkata Knight Riders,Lucknow Super Giants,"Bharat Ratna Shri Atal Bihari Vajpayee Ekana Cricket Stadium, Lucknow",Kolkata Knight Riders,SP Narine
1426293,2024,2024-05-06,Sunrisers Hyderabad,Mumbai Indians,"Wankhede Stadium, Mumbai",Mumbai Indians,SA Yadav
1426294,2024,2024-05-07,Delhi Capitals,Rajasthan Royals,"Arun Jaitley Stadium, Delhi",Delhi Capitals,Kuldeep Yadav
1426295,2024,2024-05-08,Lucknow Super Giants,Sunrisers Hyderabad,"Rajiv Gandhi International Stadium, Uppal, Hyderabad",Sunrisers Hyderabad,TM Head
1426296,2024,2024-05-09,Royal Challengers Bengaluru,Punjab Kings,"Himachal Pradesh Cricket Association Stadium, Dharamsala",Royal Challengers Bengaluru,V Kohli
1426297,2024,2024-05-10,Gujarat Titans,Chennai Super Kings,"Narendra Modi Stadium, Ahmedabad",Gujarat Titans,Shubman Gill
1426298,2024,2024-05-11,Kolkata Knight Riders,Mumbai Indians,"Eden Gardens, Kolkata",Kolkata Knight Riders,CV Varun
1426300,2024,2024-05-12,Royal Challengers Bengaluru,Delhi Capitals,"M Chinnaswamy Stadium, Bengaluru",Royal Challengers Bengaluru,C Green
1426299,2024,2024-05-12,Rajasthan Royals,Chennai Super Kings,"MA Chidambaram Stadium, Chepauk, Chennai",Chennai Super Kings,Simarjeet Singh
1426302,2024,2024-05-14,Delhi Capitals,Lucknow Super Giants,"Arun Jaitley Stadium, Delhi",Delhi Capitals,I Sharma
1426303,2024,2024-05-15,Rajasthan Royals,Punjab Kings,"Barsapara Cricket Stadium, Guwahati",Punjab Kings,SM Curran
1426305,2024,2024-05-17,Lucknow Super Giants,Mumbai Indians,"Wankhede Stadium, Mumbai",Lucknow Super Giants,N Pooran
1426306,2024,2024-05-18,Royal Challengers Bengaluru,Chennai Super Kings,"M Chinnaswamy Stadium, Bengaluru",Royal Challengers Bengaluru,F du Plessis
1426307,2024,2024-05-19,Punjab Kings,Sunrisers Hyderabad,"Rajiv Gandhi International Stadium, Uppal, Hyderabad",Sunrisers Hyderabad,Abhishek Sharma
1426309,2024,2024-05-21,Sunrisers Hyderabad,Kolkata Knight Riders,"Narendra Modi Stadium, Ahmedabad",Kolkata Knight Riders,MA Starc
1426310,2024,2024-05-22,Royal Challengers Bengaluru,Rajasthan Royals,"Narendra Modi Stadium, Ahmedabad",Rajasthan Royals,R Ashwin
1426311,2024,2024-05-24,Sunrisers Hyderabad,Rajasthan Royals,"MA Chidambaram Stadium, Chepauk, Chennai",Sunrisers Hyderabad,Shahbaz Ahmed
1426312,2024,2024-05-26,Sunrisers Hyderabad,Kolkata Knight Riders,"MA Chidambaram Stadium, Chepauk, Chennai",Kolkata Knight Riders,MA Starc
1473438,2025,2025-03-22,Kolkata Knight Riders,Royal Challengers Bengaluru,"Eden Gardens, Kolkata",Royal Challengers Bengaluru,KH Pandya
1473440,2025,2025-03-23,Mumbai Indians,Chennai Super Kings,"MA Chidambaram Stadium, Chepauk, Chennai",Chennai Super Kings,Noor Ahmad
1473439,2025,2025-03-23,Sunrisers Hyderabad,Rajasthan Royals,"Rajiv Gandhi International Stadium, Uppal, Hyderabad",Sunrisers Hyderabad,Ishan Kishan
1473441,2025,2025-03-24,Lucknow Super Giants,Delhi Capitals,"Dr. Y.S. Rajasekhara Reddy ACA-VDCA Cricket Stadium, Visakhapatnam",Delhi Capitals,Ashutosh Sharma
1473442,2025,2025-03-25,Punjab Kings,Gujarat Titans,"Narendra Modi Stadium, Ahmedabad",Punjab Kings,SS Iyer
1473443,2025,2025-03-26,Rajasthan Royals,Kolkata Knight Riders,"Barsapara Cricket Stadium, Guwahati",Kolkata Knight Riders,Q de Kock
1473444,2025,2025-03-27,Sunrisers Hyderabad,Lucknow Super Giants,"Rajiv Gandhi International Stadium, Uppal, Hyderabad",Lucknow Super Giants,SN Thakur
1473445,2025,2025-03-28,Royal Challengers Bengaluru,Chennai Super Kings,"MA Chidambaram Stadium, Chepauk, Chennai",Royal Challengers Bengaluru,RM Patidar
1473446,2025,2025-03-29,Gujarat Titans,Mumbai Indians,"Narendra Modi Stadium, Ahmedabad",Gujarat Titans,M Prasidh Krishna
1473448,2025,2025-03-30,Rajasthan Royals,Chennai Super Kings,"Barsapara Cricket Stadium, Guwahati",Rajasthan Royals,N Rana
1473447,2025,2025-03-30,Sunrisers Hyderabad,Delhi Capitals,"Dr. Y.S. Rajasekhara Reddy ACA-VDCA Cricket Stadium, Visakhapatnam",Delhi Capitals,MA Starc
1473449,2025,2025-03-31,Kolkata Knight Riders,Mumbai Indians,"Wankhede Stadium, Mumbai",Mumbai Indians,Ashwani Kumar
1473450,2025,2025-04-01,Lucknow Super Giants,Punjab Kings,"Bharat Ratna Shri Atal Bihari Vajpayee Ekana Cricket Stadium, Lucknow",Punjab Kings,P Simran Singh
1473451,2025,2025-04-02,Royal Challengers Bengaluru,Gujarat Titans,"M Chinnaswamy Stadium, Bengaluru",Gujarat Titans,Mohammed Siraj
1473452,2025,2025-04-03,Kolkata Knight Riders,Sunrisers Hyderabad,"Eden Gardens, Kolkata",Kolkata Knight Riders,VG Arora
1473453,2025,2025-04-04,Lucknow Super Giants,Mumbai Indians,"Bharat Ratna Shri Atal Bihari Vajpayee Ekana Cricket Stadium, Lucknow",Lucknow Super Giants,DS Rathi
1473454,2025,2025-04-05,Delhi Capitals,Chennai Super Kings,"MA Chidambaram Stadium, Chepauk, Chennai",Delhi Capitals,KL Rahul
1473455,2025,2025-04-05,Rajasthan Royals,Punjab Kings,"Maharaja Yadavindra Singh International Cricket Stadium, Mullanpur",Rajasthan Royals,JC Archer
1473457,2025,2025-04-06,Sunrisers Hyderabad,Gujarat Titans,"Rajiv Gandhi International Stadium, Uppal, Hyderabad",Gujarat Titans,Mohammed Siraj
1473458,2025,2025-04-07,Royal Challengers Bengaluru,Mumbai Indians,"Wankhede Stadium, Mumbai",Royal Challengers Bengaluru,RM Patidar
1473459,2025,2025-04-08,Punjab Kings,Chennai Super Kings,"Maharaja Yadavindra Singh International Cricket Stadium, Mullanpur",Punjab Kings,Priyansh Arya
1473456,2025,2025-04-08,Lucknow Super Giants,Kolkata Knight Riders,"Eden Gardens, Kolkata",Lucknow Super Giants,N Pooran
1473460,2025,2025-04-09,Gujarat Titans,Rajasthan Royals,"Narendra Modi Stadium, Ahmedabad",Gujarat Titans,B Sai Sudharsan
1473461,2025,2025-04-10,Royal Challengers Bengaluru,Delhi Capitals,"M Chinnaswamy Stadium, Bengaluru",Delhi Capitals,KL Rahul
1473462,2025,2025-04-11,Chennai Super Kings,Kolkata Knight Riders,"MA Chidambaram Stadium, Chepauk, Chennai",Kolkata Knight Riders,SP Narine
1473463,2025,2025-04-12,Gujarat Titans,Lucknow Super Giants,"Bharat Ratna Shri Atal Bihari Vajpayee Ekana Cricket Stadium, Lucknow",Lucknow Super Giants,AK Markram
1473464,2025,2025-04-12,Punjab Kings,Sunrisers Hyderabad,"Rajiv Gandhi International Stadium, Uppal, Hyderabad",Sunrisers Hyderabad,Abhishek Sharma
1473465,2025,2025-04-13,Rajasthan Royals,Royal Challengers Bengaluru,"Sawai Mansingh Stadium, Jaipur",Royal Challengers Bengaluru,PD Salt
1473466,2025,2025-04-13,Mumbai Indians,Delhi Capitals,"Arun Jaitley Stadium, Delhi",Mumbai Indians,KV Sharma
1473467,2025,2025-04-14,Lucknow Super Giants,Chennai Super Kings,"Bharat Ratna Shri Atal Bihari Vajpayee Ekana Cricket Stadium, Lucknow",Chennai Super Kings,MS Dhoni
1473468,2025,2025-04-15,Punjab Kings,Kolkata Knight Riders,"Maharaja Yadavindra Singh International Cricket Stadium, Mullanpur",Punjab Kings,YS Chahal
1473469,2025,2025-04-16,Delhi Capitals,Rajasthan Royals,"Arun Jaitley Stadium, Delhi",No Result,MA Starc
1473470,2025,2025-04-17,Sunrisers Hyderabad,Mumbai Indians,"Wankhede Stadium, Mumbai",Mumbai Indians,WG Jacks
1473471,2025,2025-04-18,Royal Challengers Bengaluru,Punjab Kings,"M Chinnaswamy Stadium, Bengaluru",Punjab Kings,TH David
1473473,2025,2025-04-19,Lucknow Super Giants,Rajasthan Royals,"Sawai Mansingh Stadium, Jaipur",Lucknow Super Giants,Avesh Khan
1473472,2025,2025-04-19,Delhi Capitals,Gujarat Titans,"Narendra Modi Stadium, Ahmedabad",Gujarat Titans,JC Buttler
1473474,2025,2025-04-20,Punjab Kings,Royal Challengers Bengaluru,"Maharaja Yadavindra Singh International Cricket Stadium, Mullanpur",Royal Challengers Bengaluru,V Kohli
1473475,2025,2025-04-20,Chennai Super Kings,Mumbai Indians,"Wankhede Stadium, Mumbai",Mumbai Indians,RG Sharma
1473476,2025,2025-04-21,Gujarat Titans,Kolkata Knight Riders,"Eden Gardens, Kolkata",Gujarat Titans,Shubman Gill
1473477,2025,2025-04-22,Lucknow Super Giants,Delhi Capitals,"Bharat Ratna Shri Atal Bihari Vajpayee Ekana Cricket Stadium, Lucknow",Delhi Capitals,Mukesh Kumar
1473478,2025,2025-04-23,Sunrisers Hyderabad,Mumbai Indians,"Rajiv Gandhi International Stadium, Uppal, Hyderabad",Mumbai Indians,TA Boult
1473479,2025,2025-04-24,Royal Challengers Bengaluru,Rajasthan Royals,"M Chinnaswamy Stadium, Bengaluru",Royal Challengers Bengaluru,JR Hazlewood
1473480,2025,2025-04-25,Chennai Super Kings,Sunrisers Hyderabad,"MA Chidambaram Stadium, Chepauk, Chennai",Sunrisers Hyderabad,HV Patel
1473481,2025,2025-04-26,Punjab Kings,Kolkata Knight Riders,"Eden Gardens, Kolkata",No Result,Unknown
1473482,2025,2025-04-27,Mumbai Indians,Lucknow Super Giants,"Wankhede Stadium, Mumbai",Mumbai Indians,WG Jacks
1473483,2025,2025-04-27,Delhi Capitals,Royal Challengers Bengaluru,"Arun Jaitley Stadium, Delhi",Royal Challengers Bengaluru,KH Pandya
1473484,2025,2025-04-28,Gujarat Titans,Rajasthan Royals,"Sawai Mansingh Stadium, Jaipur",Rajasthan Royals,V Suryavanshi
1473485,2025,2025-04-29,Kolkata Knight Riders,Delhi Capitals,"Arun Jaitley Stadium, Delhi",Kolkata Knight Riders,SP Narine
1473486,2025,2025-04-30,Chennai Super Kings,Punjab Kings,"MA Chidambaram Stadium, Chepauk, Chennai",Punjab Kings,SS Iyer
1473487,2025,2025-05-01,Mumbai Indians,Rajasthan Royals,"Sawai Mansingh Stadium, Jaipur",Mumbai Indians,RD Rickelton
1473488,2025,2025-05-02,Gujarat Titans,Sunrisers Hyderabad,"Narendra Modi Stadium, Ahmedabad",Gujarat Titans,M Prasidh Krishna
1473489,2025,2025-05-03,Royal Challengers Bengaluru,Chennai Super Kings,"M Chinnaswamy Stadium, Bengaluru",Royal Challengers Bengaluru,R Shepherd
1473490,2025,2025-05-04,Kolkata Knight Riders,Rajasthan Royals,"Eden Gardens, Kolkata",Kolkata Knight Riders,AD Russell
1473491,2025,2025-05-04,Punjab Kings,Lucknow Super Giants,"Himachal Pradesh Cricket Association Stadium, Dharamsala",Punjab Kings,P Simran Singh
1473492,2025,2025-05-05,Delhi Capitals,Sunrisers Hyderabad,"Rajiv Gandhi International Stadium, Uppal, Hyderabad",No Result,Unknown
1473493,2025,2025-05-06,Mumbai Indians,Gujarat Titans,"Wankhede Stadium, Mumbai",Gujarat Titans,Shubman Gill
1473494,2025,2025-05-07,Kolkata Knight Riders,Chennai Super Kings,"Eden Gardens, Kolkata",Chennai Super Kings,Noor Ahmad
1473495,2025,2025-05-08,Punjab Kings,Delhi Capitals,"Himachal Pradesh Cricket Association Stadium, Dharamsala",No Result,Unknown
1473498,2025,2025-05-18,Delhi Capitals,Gujarat Titans,"Arun Jaitley Stadium, Delhi",Gujarat Titans,B Sai Sudharsan
1473497,2025,2025-05-18,Punjab Kings,Rajasthan Royals,"Sawai Mansingh Stadium, Jaipur",Punjab Kings,Harpreet Brar
1473499,2025,2025-05-19,Lucknow Super Giants,Sunrisers Hyderabad,"Bharat Ratna Shri Atal Bihari Vajpayee Ekana Cricket Stadium, Lucknow",Sunrisers Hyderabad,Abhishek Sharma
1473500,2025,2025-05-20,Chennai Super Kings,Rajasthan Royals,"Arun Jaitley Stadium, Delhi",Rajasthan Royals,Akash Madhwal
1473501,2025,2025-05-21,Mumbai Indians,Delhi Capitals,"Wankhede Stadium, Mumbai",Mumbai Indians,SA Yadav
1473502,2025,2025-05-22,Lucknow Super Giants,Gujarat Titans,"Narendra Modi Stadium, Ahmedabad",Lucknow Super Giants,MR Marsh
1473503,2025,2025-05-23,Sunrisers Hyderabad,Royal Challengers Bengaluru,"Bharat Ratna Shri Atal Bihari Vajpayee Ekana Cricket Stadium, Lucknow",Sunrisers Hyderabad,Ishan Kishan
1485779,2025,2025-05-24,Punjab Kings,Delhi Capitals,"Sawai Mansingh Stadium, Jaipur",Delhi Capitals,Sameer Rizvi
1473504,2025,2025-05-25,Chennai Super Kings,Gujarat Titans,"Narendra Modi Stadium, Ahmedabad",Chennai Super Kings,D Brevis
1473505,2025,2025-05-25,Sunrisers Hyderabad,Kolkata Knight Riders,"Arun Jaitley Stadium, Delhi",Sunrisers Hyderabad,H Klaasen
1473506,2025,2025-05-26,Mumbai Indians,Punjab Kings,"Sawai Mansingh Stadium, Jaipur",Punjab Kings,JP Inglis
1473507,2025,2025-05-27,Lucknow Super Giants,Royal Challengers Bengaluru,"Bharat Ratna Shri Atal Bihari Vajpayee Ekana Cricket Stadium, Lucknow",Royal Challengers Bengaluru,JM Sharma
1473508,2025,2025-05-29,Punjab Kings,Royal Challengers Bengaluru,"Maharaja Yadavindra Singh International Cricket Stadium, Mullanpur",Royal Challengers Bengaluru,Suyash Sharma
1473509,2025,2025-05-30,Mumbai Indians,Gujarat Titans,"Maharaja Yadavindra Singh International Cricket Stadium, New Chandigarh",Mumbai Indians,RG Sharma
1473510,2025,2025-06-01,Mumbai Indians,Punjab Kings,"Narendra Modi Stadium, Ahmedabad",Punjab Kings,SS Iyer
1473511,2025,2025-06-03,Royal Challengers Bengaluru,Punjab Kings,"Narendra Modi Stadium, Ahmedabad",Royal Challengers Bengaluru,KH Pandya
1527674,2026,2026-03-28,Sunrisers Hyderabad,Royal Challengers Bengaluru,"M Chinnaswamy Stadium, Bengaluru",Royal Challengers Bengaluru,JA Duffy
1527675,2026,2026-03-29,Kolkata Knight Riders,Mumbai Indians,"Wankhede Stadium, Mumbai",Mumbai Indians,SN Thakur
1527676,2026,2026-03-30,Chennai Super Kings,Rajasthan Royals,"Barsapara Cricket Stadium, Guwahati",Rajasthan Royals,N Burger
1527677,2026,2026-03-31,Gujarat Titans,Punjab Kings,"Maharaja Yadavindra Singh International Cricket Stadium, New Chandigarh",Punjab Kings,C Connolly
1527678,2026,2026-04-01,Lucknow Super Giants,Delhi Capitals,"Bharat Ratna Shri Atal Bihari Vajpayee Ekana Cricket Stadium, Lucknow",Delhi Capitals,Sameer Rizvi
1527679,2026,2026-04-02,Sunrisers Hyderabad,Kolkata Knight Riders,"Eden Gardens, Kolkata",Sunrisers Hyderabad,Nithish Kumar Reddy
1527680,2026,2026-04-03,Chennai Super Kings,Punjab Kings,"MA Chidambaram Stadium, Chepauk, Chennai",Punjab Kings,Priyansh Arya
1527681,2026,2026-04-04,Mumbai Indians,Delhi Capitals,"Arun Jaitley Stadium, Delhi",Delhi Capitals,Sameer Rizvi
1527682,2026,2026-04-04,Rajasthan Royals,Gujarat Titans,"Narendra Modi Stadium, Ahmedabad",Rajasthan Royals,Ravi Bishnoi
1527683,2026,2026-04-05,Sunrisers Hyderabad,Lucknow Super Giants,"Rajiv Gandhi International Stadium, Uppal, Hyderabad",Lucknow Super Giants,Mohammed Shami
1527684,2026,2026-04-05,Royal Challengers Bengaluru,Chennai Super Kings,"M Chinnaswamy Stadium, Bengaluru",Royal Challengers Bengaluru,TH David
1527685,2026,2026-04-06,Kolkata Knight Riders,Punjab Kings,"Eden Gardens, Kolkata",No Result,Unknown
1527686,2026,2026-04-07,Rajasthan Royals,Mumbai Indians,"Barsapara Cricket Stadium, Guwahati",Rajasthan Royals,YBK Jaiswal
1527687,2026,2026-04-08,Gujarat Titans,Delhi Capitals,"Arun Jaitley Stadium, Delhi",Gujarat Titans,Rashid Khan
1527688,2026,2026-04-09,Kolkata Knight Riders,Lucknow Super Giants,"Eden Gardens, Kolkata",Lucknow Super Giants,MD Choudhary
1527689,2026,2026-04-10,Royal Challengers Bengaluru,Rajasthan Royals,"Barsapara Cricket Stadium, Guwahati",Rajasthan Royals,V Suryavanshi
1527690,2026,2026-04-11,Sunrisers Hyderabad,Punjab Kings,"Maharaja Yadavindra Singh International Cricket Stadium, New Chandigarh",Punjab Kings,SS Iyer
1527691,2026,2026-04-11,Chennai Super Kings,Delhi Capitals,"MA Chidambaram Stadium, Chepauk, Chennai",Chennai Super Kings,SV Samson
1527692,2026,2026-04-12,Lucknow Super Giants,Gujarat Titans,"Bharat Ratna Shri Atal Bihari Vajpayee Ekana Cricket Stadium, Lucknow",Gujarat Titans,M Prasidh Krishna
1527693,2026,2026-04-12,Royal Challengers Bengaluru,Mumbai Indians,"Wankhede Stadium, Mumbai",Royal Challengers Bengaluru,PD Salt
1529264,2026,2026-04-13,Sunrisers Hyderabad,Rajasthan Royals,"Rajiv Gandhi International Stadium, Uppal, Hyderabad",Sunrisers Hyderabad,PP Hinge
1529265,2026,2026-04-14,Chennai Super Kings,Kolkata Knight Riders,"MA Chidambaram Stadium, Chepauk, Chennai",Chennai Super Kings,Noor Ahmad
1529266,2026,2026-04-15,Lucknow Super Giants,Royal Challengers Bengaluru,"M Chinnaswamy Stadium, Bengaluru",Royal Challengers Bengaluru,JR Hazlewood
1529267,2026,2026-04-16,Mumbai Indians,Punjab Kings,"Wankhede Stadium, Mumbai",Punjab Kings,Arshdeep Singh
1529268,2026,2026-04-17,Kolkata Knight Riders,Gujarat Titans,"Narendra Modi Stadium, Ahmedabad",Gujarat Titans,Shubman Gill
1529270,2026,2026-04-18,Sunrisers Hyderabad,Chennai Super Kings,"Rajiv Gandhi International Stadium, Uppal, Hyderabad",Sunrisers Hyderabad,E Malinga
1529269,2026,2026-04-18,Royal Challengers Bengaluru,Delhi Capitals,"M Chinnaswamy Stadium, Bengaluru",Delhi Capitals,T Stubbs
1529272,2026,2026-04-19,Punjab Kings,Lucknow Super Giants,"Maharaja Yadavindra Singh International Cricket Stadium, New Chandigarh",Punjab Kings,Priyansh Arya
1529271,2026,2026-04-19,Rajasthan Royals,Kolkata Knight Riders,"Eden Gardens, Kolkata",Kolkata Knight Riders,CV Varun
1529273,2026,2026-04-20,Mumbai Indians,Gujarat Titans,"Narendra Modi Stadium, Ahmedabad",Mumbai Indians,Tilak Varma
1529274,2026,2026-04-21,Sunrisers Hyderabad,Delhi Capitals,"Rajiv Gandhi International Stadium, Uppal, Hyderabad",Sunrisers Hyderabad,Abhishek Sharma
1529275,2026,2026-04-22,Rajasthan Royals,Lucknow Super Giants,"Bharat Ratna Shri Atal Bihari Vajpayee Ekana Cricket Stadium, Lucknow",Rajasthan Royals,RA Jadeja
1529276,2026,2026-04-23,Chennai Super Kings,Mumbai Indians,"Wankhede Stadium, Mumbai",Chennai Super Kings,SV Samson
1529277,2026,2026-04-24,Gujarat Titans,Royal Challengers Bengaluru,"M Chinnaswamy Stadium, Bengaluru",Royal Challengers Bengaluru,V Kohli
1529279,2026,2026-04-25,Rajasthan Royals,Sunrisers Hyderabad,"Sawai Mansingh Stadium, Jaipur",Sunrisers Hyderabad,Ishan Kishan
1529278,2026,2026-04-25,Delhi Capitals,Punjab Kings,"Arun Jaitley Stadium, Delhi",Punjab Kings,KL Rahul
1529280,2026,2026-04-26,Chennai Super Kings,Gujarat Titans,"MA Chidambaram Stadium, Chepauk, Chennai",Gujarat Titans,K Rabada
1529281,2026,2026-04-26,Kolkata Knight Riders,Lucknow Super Giants,"Bharat Ratna Shri Atal Bihari Vajpayee Ekana Cricket Stadium, Lucknow",No Result,RK Singh
1529282,2026,2026-04-27,Delhi Capitals,Royal Challengers Bengaluru,"Arun Jaitley Stadium, Delhi",Royal Challengers Bengaluru,JR Hazlewood
1529283,2026,2026-04-28,Punjab Kings,Rajasthan Royals,"Maharaja Yadavindra Singh International Cricket Stadium, New Chandigarh",Rajasthan Royals,D Ferreira
1529284,2026,2026-04-29,Mumbai Indians,Sunrisers Hyderabad,"Wankhede Stadium, Mumbai",Sunrisers Hyderabad,H Klaasen
1529285,2026,2026-04-30,Royal Challengers Bengaluru,Gujarat Titans,"Narendra Modi Stadium, Ahmedabad",Gujarat Titans,JO Holder
1529286,2026,2026-05-01,Rajasthan Royals,Delhi Capitals,"Sawai Mansingh Stadium, Jaipur",Delhi Capitals,KL Rahul
1529287,2026,2026-05-02,Mumbai Indians,Chennai Super Kings,"MA Chidambaram Stadium, Chepauk, Chennai",Chennai Super Kings,RD Gaikwad
1529289,2026,2026-05-03,Punjab Kings,Gujarat Titans,"Narendra Modi Stadium, Ahmedabad",Gujarat Titans,JO Holder
1529288,2026,2026-05-03,Sunrisers Hyderabad,Kolkata Knight Riders,"Rajiv Gandhi International Stadium, Uppal, Hyderabad",Kolkata Knight Riders,CV Varun
1529290,2026,2026-05-04,Lucknow Super Giants,Mumbai Indians,"Wankhede Stadium, Mumbai",Mumbai Indians,RD Rickelton
1529291,2026,2026-05-05,Delhi Capitals,Chennai Super Kings,"Arun Jaitley Stadium, Delhi",Chennai Super Kings,SV Samson
1529292,2026,2026-05-06,Sunrisers Hyderabad,Punjab Kings,"Rajiv Gandhi International Stadium, Uppal, Hyderabad",Sunrisers Hyderabad,PJ Cummins
1529293,2026,2026-05-07,Lucknow Super Giants,Royal Challengers Bengaluru,"Bharat Ratna Shri Atal Bihari Vajpayee Ekana Cricket Stadium, Lucknow",Lucknow Super Giants,MR Marsh
1529294,2026,2026-05-08,Delhi Capitals,Kolkata Knight Riders,"Arun Jaitley Stadium, Delhi",Kolkata Knight Riders,FH Allen
1529295,2026,2026-05-09,Gujarat Titans,Rajasthan Royals,"Sawai Mansingh Stadium, Jaipur",Gujarat Titans,Rashid Khan
1529296,2026,2026-05-10,Lucknow Super Giants,Chennai Super Kings,"MA Chidambaram Stadium, Chepauk, Chennai",Chennai Super Kings,J Overton
1529297,2026,2026-05-10,Mumbai Indians,Royal Challengers Bengaluru,"Shaheed Veer Narayan Singh International Stadium, Raipur",Royal Challengers Bengaluru,B Kumar
1529298,2026,2026-05-11,Punjab Kings,Delhi Capitals,"Himachal Pradesh Cricket Association Stadium, Dharamsala",Delhi Capitals,M Tiwari
1529299,2026,2026-05-12,Gujarat Titans,Sunrisers Hyderabad,"Narendra Modi Stadium, Ahmedabad",Gujarat Titans,K Rabada
1529300,2026,2026-05-13,Kolkata Knight Riders,Royal Challengers Bengaluru,"Shaheed Veer Narayan Singh International Stadium, Raipur",Royal Challengers Bengaluru,V Kohli
1529301,2026,2026-05-14,Punjab Kings,Mumbai Indians,"Himachal Pradesh Cricket Association Stadium, Dharamsala",Mumbai Indians,Tilak Varma
1529302,2026,2026-05-15,Chennai Super Kings,Lucknow Super Giants,"Bharat Ratna Shri Atal Bihari Vajpayee Ekana Cricket Stadium, Lucknow",Lucknow Super Giants,MR Marsh
1529303,2026,2026-05-16,Kolkata Knight Riders,Gujarat Titans,"Eden Gardens, Kolkata",Kolkata Knight Riders,SP Narine
1529305,2026,2026-05-17,Rajasthan Royals,Delhi Capitals,"Arun Jaitley Stadium, Delhi",Delhi Capitals,MA Starc
1529304,2026,2026-05-17,Royal Challengers Bengaluru,Punjab Kings,"Himachal Pradesh Cricket Association Stadium, Dharamsala",Royal Challengers Bengaluru,VR Iyer
1529306,2026,2026-05-18,Chennai Super Kings,Sunrisers Hyderabad,"MA Chidambaram Stadium, Chepauk, Chennai",Sunrisers Hyderabad,Ishan Kishan
1529307,2026,2026-05-19,Lucknow Super Giants,Rajasthan Royals,"Sawai Mansingh Stadium, Jaipur",Rajasthan Royals,V Suryavanshi
1529308,2026,2026-05-20,Mumbai Indians,Kolkata Knight Riders,"Eden Gardens, Kolkata",Kolkata Knight Riders,MK Pandey
1529309,2026,2026-05-21,Gujarat Titans,Chennai Super Kings,"Narendra Modi Stadium, Ahmedabad",Gujarat Titans,Mohammed Siraj
1529310,2026,2026-05-22,Sunrisers Hyderabad,Royal Challengers Bengaluru,"Rajiv Gandhi International Stadium, Uppal, Hyderabad",Sunrisers Hyderabad,Ishan Kishan
1529311,2026,2026-05-23,Lucknow Super Giants,Punjab Kings,"Bharat Ratna Shri Atal Bihari Vajpayee Ekana Cricket Stadium, Lucknow",Punjab Kings,SS Iyer
1529312,2026,2026-05-24,Rajasthan Royals,Mumbai Indians,"Wankhede Stadium, Mumbai",Rajasthan Royals,JC Archer
1529313,2026,2026-05-24,Delhi Capitals,Kolkata Knight Riders,"Eden Gardens, Kolkata",Delhi Capitals,Kuldeep Yadav
1535462,2026,2026-05-26,Royal Challengers Bengaluru,Gujarat Titans,"Himachal Pradesh Cricket Association Stadium, Dharamsala",Royal Challengers Bengaluru,RM Patidar
1535463,2026,2026-05-27,Rajasthan Royals,Sunrisers Hyderabad,"Maharaja Yadavindra Singh International Cricket Stadium, New Chandigarh",Rajasthan Royals,V Suryavanshi
1535464,2026,2026-05-29,Rajasthan Royals,Gujarat Titans,"Maharaja Yadavindra Singh International Cricket Stadium, New Chandigarh",Gujarat Titans,Shubman Gill
1535465,2026,2026-05-31,Gujarat Titans,Royal Challengers Bengaluru,"Narendra Modi Stadium, Ahmedabad",Royal Challengers Bengaluru,V Kohli
